latitude,longitude,store_id,store_name,pincode,address,dc_blinkit_internal_city,dc_blinkit_internal_city_id,scraping_enabled,pluscode,last_active_dt,discovery_dt
28.674685,77.30319,29581,Super Store - Delhi Jhilmil ES1,110095,,delhi,229702738,0,7JWVM8F3+V7G6XMG,2100-01-01,2025-01-01
28.510794,77.02068,29650,Super Store - Gurgaon Sector 112 ES14,110077,,gurgaon,227138302,0,7JWVG26C+877QPG7,2100-01-01,2025-01-01
22.603031,88.40449,29859,Super Store - Kolkata Laketown ES1,700089,,kolkata,229248797,0,7MJCJC33+6Q98734,2100-01-01,2025-01-01
23.126696,72.557014,29861,Super Store - Ahmedabad Chandkheda ES1,380016,,ahmedabad,225912447,0,7JMJ4HG4+MRCW76F,2100-01-01,2025-01-01
18.954624,72.83971,30024,Super Store - Mumbai Mazgaon ES2,400012,,mumbai,223525546,0,7JCJXR3Q+RVWWWXQ,2100-01-01,2025-01-01
28.712389,77.15527,30175,Super Store - Delhi Shalimar Bagh ES10,110088,,delhi,229702738,0,7JWVP564+X42GPR3,2100-01-01,2025-01-01
12.895992,77.55438,30248,Super Store - Bengaluru Kanakpura ES4,560041,,bengaluru,225966022,0,7J4VVHW3+9QRMF3C,2100-01-01,2025-01-01
28.743301,77.15414,30299,Super Store - Delhi Badli ES19,110032,,delhi,229702738,0,7JWVP5V3+8MC3967,2100-01-01,2025-01-01
28.674564,77.329025,30303,Super Store - UPNCR Gyani Border ES11,201014,,ghaziabad,229764213,0,7JWVM8FH+RJCHW3R,2100-01-01,2025-01-01
28.3501,77.316734,30308,Super Store - Faridabad Arjun Vatika ES6,121006,,faridabad,223106950,0,7JWV9828+2MQ,2026-07-29,2025-01-01
28.590866,77.3054,30315,Super Store - Delhi Maaldev Market ES27,110096,,delhi,229702738,0,7JWVH8R4+85R,2026-07-29,2025-01-01
28.48636,77.53471,30320,Super Store - UPNCR Sakipur ES16,201311,,ghaziabad,229764213,0,7JWVFGPM+GVWH72J,2100-01-01,2025-01-01
28.441917,77.33518,30322,Super Store - Faridabad New DLF ES7,121013,,faridabad,223106950,0,7JWVC8RP+Q37QG5Q,2100-01-01,2025-01-01
28.495869,77.1018,30375,Super Store - Gurgaon DLF Phase 3 ES28,122018,,gurgaon,227138302,0,7JWVF4W2+8PVPJ66,2100-01-01,2025-01-01
12.949708,77.60332,30377,Super Store - Bengaluru Kormangala ES14,560030,,bengaluru,225966022,0,7J4VWJX3+V8P6J95,2100-01-01,2025-01-01
13.009331,77.65271,30378,Super Store - Bengaluru NR Layout ES3,560055,,bengaluru,225966022,0,7J5V2M53+P3P839Q,2100-01-01,2025-01-01
28.500172,77.43452,30415,Super Store - UPNCR Sector 143 ES17,110080,,delhi,229702738,0,7JWVGC2M+3R6V989,2100-01-01,2025-01-01
26.88431,75.75217,30421,Super Store - Jaipur Nirman Nagar ES2,302033,,jaipur,226506314,0,7JRQVQM2+PVF7VJX,2100-01-01,2025-01-01
26.912031,75.837875,30422,Super Store - Jaipur Adarsh Nagar ES5,302016,,jaipur,226506314,0,7JRQWR6Q+R49949F,2100-01-01,2025-01-01
18.54803,73.936066,30442,Super Store - Pune Wadgaon Sheri ES3,412207,,pune,222422410,0,7JCMGWXP+6C795QX,2100-01-01,2025-01-01
22.445274,88.30843,30446,Super Store - Kolkata Joka ES17,700103,,kolkata,229248797,0,7MJCC8W5+493XWR2,2100-01-01,2025-01-01
26.91423,75.76684,30471,Super Store - Jaipur Bais Godam ES6,302017,,jaipur,226506314,0,7JRQWQ78+MPW9236,2100-01-01,2025-01-01
28.515665,77.136665,30474,Super Store - Delhi Vasant Kunj ES35,110074,,delhi,229702738,0,7JWVG48P+7M7FVM3,2100-01-01,2025-01-01
26.86485,80.96991,30484,Super Store - Lucknow Nishatganj ES4,226020,,lucknow,223714189,0,7MR2VX79+WXMRR52,2100-01-01,2025-01-01
26.858433,80.99548,30485,Super Store - Lucknow Vivek Khand ES6,226028,,lucknow,223714189,0,7MR2VX5W+95H7GXJ,2100-01-01,2025-01-01
22.57052,88.383606,30492,Super Store - Kolkata Canal Circular Rd ES18,700085,,kolkata,229248797,0,7MJCH9CM+6C5V48F,2100-01-01,2025-01-01
18.523209,73.91908,30513,Super Store - Pune Hadapsar ES5,411006,,pune,222422410,0,7JCMGWF9+7JP8RGF,2100-01-01,2025-01-01
22.43146,88.388756,30548,Super Store - Kolkata Kamalgazi ES12,700104,,kolkata,229248797,0,7MJCC9JQ+HGJ6WJP,2100-01-01,2025-01-01
22.510742,88.43005,30549,Super Store - Kolkata Nazirabad ES9,700053,,kolkata,229248797,0,7MJCGC6J+72VQ6WF,2100-01-01,2025-01-01
22.542877,88.38842,30551,Super Store - Kolkata Tangra ES16,700052,,kolkata,229248797,0,7MJCG9VQ+5933H7R,2100-01-01,2025-01-01
12.99867,77.73715,30558,Super Store - Bengaluru Kadugodi ES7,560067,,bengaluru,225966022,0,7J4VXPXP+FV6QW64,2100-01-01,2025-01-01
12.9416,77.6594,30559,Super Store - Bengaluru HAL ES10,560037,,bengaluru,225966022,0,7J4VWMR5+JQJ,2026-07-29,2025-01-01
23.028675,72.53561,30560,Super Store - Ahmedabad Satellite ES6,380024,,ahmedabad,225912447,0,7JMJ2GHP+F6H35G7,2100-01-01,2025-01-01
17.3835,78.415436,30563,Super Store - Hyderabad Toli Chowki ES6,500008,,hyderabad,227188707,0,7J9W9CM8+95V,2026-07-29,2025-01-01
12.983489,77.531715,30566,Super Store - Bengaluru Kamakshipalya ES15,560077,,bengaluru,225966022,0,7J4VXGMJ+9MWHMXR,2100-01-01,2025-01-01
18.568092,73.808815,30579,Super Store - Pune Aundh ES4,411057,,pune,222422410,0,7JCMHR95+6GMQQ8H,2100-01-01,2025-01-01
28.661627,77.36637,30608,Super Store - UPNCR Vasundhara ES15,201010,,ghaziabad,229764213,0,7JWVM968+MG5,2026-07-29,2025-01-01
12.881313,77.658356,30614,Super Store - Bengaluru Haralur ES25,560035,,bengaluru,225966022,0,7J4VVMJ5+G8HFFXF,2100-01-01,2025-01-01
18.477993,73.90082,30615,Super Store - Pune Kondhwa ES6,411021,,pune,222422410,0,7JCMFWH2+58WJH6M,2100-01-01,2025-01-01
12.988562,77.69099,30622,Super Store - Bengaluru Mahadevpura ES24,560092,,bengaluru,225966022,0,7J4VXMQR+C9HF976,2100-01-01,2025-01-01
12.879879,77.62583,30638,Super Store - Bengaluru Hongasandra ES30 LD,560078,,bengaluru,225966022,0,7J4VVJHG+X844W62,2100-01-01,2025-01-01
12.904987,80.228,30644,Super Store - Chennai Sholinganallur ES4,600077,,chennai,226774846,0,7M42W63H+X5XHH9X,2100-01-01,2025-01-01
13.008266,77.6844,30647,Super Store - Bengaluru Anandpura ES12,560016,,bengaluru,225966022,0,7J5V2M5M+8Q2,2026-07-29,2025-01-01
17.412607,78.40687,30650,Super Store - Hyderabad Film Nagar ES8,500008,,hyderabad,227188707,0,7J9WCC74+2PX987C,2026-07-29,2025-01-01
18.983334,72.816666,30660,Super Store - Mumbai Worli ES15,400034,,mumbai,223525546,0,7JCJXRM8+8MM,2026-07-29,2025-01-01
22.5631,88.32497,30663,Super Store - Kolkata Shibpur ES19,711102,,howrah,223312066,0,7MJCH87F+6XW,2026-07-29,2025-01-01
12.962414,77.6323,30664,Super Store - Bengaluru Indiranagar ES27,560033,,bengaluru,225966022,0,7J4VXJ6J+XW7GPR9,2100-01-01,2025-01-01
18.60497,73.7793,30667,Super Store - Pune Pimple Saudagar ES10,412101,,pune,222422410,0,7JCMJQ3H+XPMV56V,2100-01-01,2025-01-01
22.610119,88.36962,30668,Super Store - Kolkata Gallif Street ES21,711206,,kolkata,229248797,0,7MJCJ969+2RXQJ4J,2100-01-01,2025-01-01
19.037956,72.91116,30673,Super Store - Mumbai Govandi Chembur ES9,410218,,mumbai,223525546,0,7JFJ2WQ6+5FM73F3,2100-01-01,2025-01-01
28.471167,77.02866,30677,Super Store - Gurgaon Sector 5 ES37,122001,,gurgaon,227138302,0,7JWVF2CH+FF7,2026-07-29,2025-01-01
18.5015,73.847336,30681,Super Store - Pune Kasturi Chowk ES8,411030,,pune,222422410,0,7JCMGR2W+HWW,2026-07-29,2025-01-01
28.608433,77.4084,30691,Super Store - UPNCR Gaur City 1 ES23,201009,,delhi,229702738,0,7JWVJC55+99C,2026-07-29,2025-01-01
28.67058,77.09076,30693,Super Store - Delhi Paschim Vihar ES32,110034,,delhi,229702738,0,7JWVM3CR+68J3V4W,2100-01-01,2025-01-01
13.096103,80.24545,30697,Super Store - Chennai Perambur ES6,600049,,chennai,226774846,0,7M5236WW+C5W3GP6,2100-01-01,2025-01-01
28.540867,77.34707,30699,Super Store - UPNCR Noida Sector 45 ES20,201304,,noida,225639721,0,7JWVG8RW+8RW,2026-07-29,2025-01-01
28.570837,77.27641,30708,Super Store - Delhi NFC ES48 PR,110077,,delhi,229702738,0,7JWVH7CG+8HMFC53,2100-01-01,2025-01-01
19.12992,72.86461,30710,Super Store - Mumbai Mahakali Caves ES26 (LA),400601,,mumbai,223525546,0,7JFJ4VH7+XR9MQJM,2100-01-01,2025-01-01
12.836048,77.65609,30720,Super Store -  Bengaluru Electronic City ES18 PR,560100,,bengaluru,225966022,0,7J4VRMP4+CC8XM3Q,2100-01-01,2025-01-01
28.557142,77.21589,30724,Super Store - Delhi Gautam Nagar ES15,110019,,delhi,229702738,0,7JWVH648+V92MG9C,2100-01-01,2025-01-01
28.413313,77.32136,30725,Super Store - Faridabad Sector 16 ES9,110049,,faridabad,223106950,0,7JWVC87C+8GHFF44,2100-01-01,2025-01-01
17.407084,78.36934,30729,Super Store - Hyderabad Lanco Hills ES22,500033,,hyderabad,227188707,0,7J9WC949+RPP9MWX,2100-01-01,2025-01-01
17.475302,78.29091,30741,Super Store - Hyderabad Nalagandla ES3,500050,,hyderabad,227188707,0,7J9WF7GR+49C5HHR,2100-01-01,2025-01-01
22.519423,88.344795,30752,Super Store - Kolkata Kalighat ES23,700033,,kolkata,229248797,0,7MJCG89V+QW7VF83,2026-07-29,2025-01-01
17.533398,78.488525,30765,Super Store - Hyderabad Kompally ES27,500055,,hyderabad,227188707,0,7J9WGFMQ+9C2X8QC,2100-01-01,2025-01-01
12.94349,77.68936,30771,Super Store - Bengaluru Bellandur ES38,560048,,bengaluru,225966022,0,7J4VWMVQ+9PXP356,2100-01-01,2025-01-01
28.687765,77.201294,30775,Super Store - Delhi Rana Pratap Bagh ES46,110036,,delhi,229702738,0,7JWVM6Q2+4G3M44W,2100-01-01,2025-01-01
28.573505,77.25592,30779,Super Store - Delhi Ashram ES24 PR,110091,,delhi,229702738,0,7JWVH7F4+C934RP5,2100-01-01,2025-01-01
28.469326,77.09795,30782,Super Store - Gurgaon DLF Phase 1 ES13,110046,,gurgaon,227138302,0,7JWVF39X+P5P38Q3,2100-01-01,2025-01-01
28.49421,77.08727,30786,Super Store - Gurgaon DLF Phase 2 ES36,110047,,gurgaon,227138302,0,7JWVF3VP+MWJ8X4J,2100-01-01,2025-01-01
12.883168,77.59002,30788,Super Store - Bengaluru Arekere ES33,560113,,bengaluru,225966022,0,7J4VVHMR+726PJFF,2100-01-01,2025-01-01
28.641483,77.20811,30790,Super Store - Delhi Jhandewalan ES75,122010,,delhi,229702738,0,7JWVJ6R5+H6X7P7P,2100-01-01,2025-01-01
12.871178,77.637344,30792,Super Store - Bengaluru Manipal County Rd ES20,560033,,bengaluru,225966022,0,7J4VVJCP+FWH2CP3,2100-01-01,2025-01-01
19.15462,72.834984,30795,Super Store - Mumbai Goregaon West ES21,400053,,mumbai,223525546,0,7JFJ5R3M+RXXPRXJ,2026-07-29,2025-01-01
22.482462,88.34007,30801,Super Store - Kolkata Haridevpur ES13,700084,,kolkata,229248797,0,7MJCF8JR+X2PFF73,2100-01-01,2025-01-01
28.5242,77.37207,30802,Super Store - UPNCR Noida Sector 93 ES12 PR,201304,,noida,225639721,0,7JWVG9FC+MRP,2026-07-29,2025-01-01
22.531042,88.31446,30817,Super Store - Kolkata Mominpore ES8 PR,700016,,kolkata,229248797,0,7MJCG8J7+CQ8Q6G6,2100-01-01,2025-01-01
22.627916,88.33729,30819,Super Store - Kolkata Liluah ES22 PR,711101,,howrah,223312066,0,7MJCJ8HP+5W7M2XX,2100-01-01,2025-01-01
18.584599,73.7367,30821,Super Store - Pune Hinjawadi Phase 1 ES11,411023,,pune,222422410,0,7JCMHPMP+RMPWCWV,2100-01-01,2025-01-01
13.077042,77.64209,30832,Super Store - Bengaluru Thanisandra ES13,560087,,bengaluru,225966022,0,7J5V3JGR+RR8Q8W6,2100-01-01,2025-01-01
28.538994,77.218956,30836,Super Store - Delhi Panchsheel Vihar ES64,110093,,delhi,229702738,0,7JWVG6Q9+HHWPQC5,2100-01-01,2025-01-01
28.718937,77.13892,30850,Super Store - Delhi Prashant Vihar ES63,110024,,delhi,229702738,0,7JWVP49Q+HHFGG2C,2100-01-01,2025-01-01
19.083763,72.88749,30860,Super Store - Mumbai Kurla West ES24,400070,,mumbai,223525546,0,7JFJ3VMP+GX5GP3F,2100-01-01,2025-01-01
28.639935,77.336876,30865,Super Store - UPNCR Vaishali Sec1 ES38,110025,,vaishali,224067052,0,7JWVJ8QP+XQC6PJX,2100-01-01,2025-01-01
30.703407,76.801834,30868,Super Store - Chandigarh Industrial Area ES1,160022,,chandigarh,224638299,0,8J2RPR32+9P88HVV,2100-01-01,2025-01-01
22.601511,88.40039,30872,Super Store - Kolkata Belgachia ES25,700048,,kolkata,229248797,0,7MJCJC22+J52G675,2100-01-01,2025-01-01
18.559834,73.889,30874,Super Store - Pune Dhanori ES13,411006,,pune,222422410,0,7JCMHV5Q+WHQ,2026-07-29,2025-01-01
17.390093,78.40923,30881,Super Store - Hyderabad Shaikpet ES11,500006,,hyderabad,227188707,0,7J9W9CR5+2MQMHVJ,2100-01-01,2025-01-01
28.531725,77.30022,30900,Super Store - Delhi Sarita Vihar ES81,110017,,delhi,229702738,0,7JWVG8J2+M3PXXXC,2100-01-01,2025-01-01
26.80906,80.88251,30902,Super Store - Lucknow Krishna Nagar ES15,226003,,lucknow,223714189,0,7MR2RV5M+J2C6X49,2100-01-01,2025-01-01
28.59305,77.21184,30908,Super Store - Delhi Defence Colony ES71,110097,,delhi,229702738,0,7JWVH6V6+6P8XVX7,2100-01-01,2025-01-01
28.670162,77.39593,30909,Super Store - UPNCR Shyam Park ES39 PR,201007,,ghaziabad,229764213,0,7JWVM9CW+397,2026-07-29,2025-01-01
28.621378,77.44273,30912,Super Store - UPNCR Crossings Republik ES13,201001,,ghaziabad,229764213,0,7JWVJCCV+H353M9J,2100-01-01,2025-01-01
19.22569,72.85168,30930,Super Store - Mumbai Borivali West ES17,400097,,mumbai,223525546,0,7JFJ6VG2+7MFP376,2100-01-01,2025-01-01
28.509283,77.29092,30940,Super Store - Delhi Prahladpur ES79,121013,,delhi,229702738,0,7JWVG75R+P977PQ3,2100-01-01,2025-01-01
28.552853,77.24941,30942,Super Store - Delhi Sant Nagar ES70,110080,,delhi,229702738,0,7JWVH63X+4QV3CH8,2100-01-01,2025-01-01
28.646166,77.112,30985,Super Store - Delhi Rajouri Garden ES62,110027,,delhi,229702738,0,7JWVJ4W6+FQ9,2026-07-29,2025-01-01
28.64135,77.107895,30987,Super Store - Delhi Tilak Nagar ES45,110024,,delhi,229702738,0,7JWVJ4R5+G5R44Q9,2100-01-01,2025-01-01
12.924933,77.74274,30993,Super Store - Bengaluru Balagere Road ES36,560087,,bengaluru,225966022,0,7J4VWPFV+X3H,2026-07-29,2025-01-01
13.0083685,77.60381,30995,Super Store - Bengaluru Frazer Town ES43,560036,,bengaluru,225966022,0,7J5V2J53+8GVQPQP,2100-01-01,2025-01-01
26.936487,80.99263,30998,Super Store - Lucknow Gudamba ES21,226016,,lucknow,223714189,0,7MR2WXPV+H3RC9H9,2100-01-01,2025-01-01
26.909279,80.99915,31000,Super Store - Lucknow Manas Enclave ES12,226021,,lucknow,223714189,0,7MR2WX5X+PM65CXV,2100-01-01,2025-01-01
28.407166,77.05874,31004,Super Store - Gurgaon Sector 49 ES3,122018,,gurgaon,227138302,0,7JWVC345+VF9P4QG,2100-01-01,2025-01-01
12.974934,77.67606,31007,Super Store - Bengaluru Malleshpalya ES11,560075,,bengaluru,225966022,0,7J4VXMFG+XCG,2026-07-29,2025-01-01
17.49507,78.388275,31012,Super Store - Hyderabad KPHB-V ES28,500103,,hyderabad,227188707,0,7J9WF9WQ+28CQW9C,2100-01-01,2025-01-01
28.428108,77.087715,31014,Super Store - Gurgaon Sector 57 ES49,122002,,gurgaon,227138302,0,7JWVC3HQ+63W9QJM,2100-01-01,2025-01-01
22.581627,88.38262,31015,Super Store - Kolkata Maniktala ES15,700101,,kolkata,229248797,0,7MJCH9JM+M322672,2100-01-01,2025-01-01
12.926118,77.67188,31021,Super Store - Bengaluru Bellandur 2 ES34,560103,,bengaluru,225966022,0,7J4VWMGC+CQRMFM2,2100-01-01,2025-01-01
12.848947,77.64763,31025,Super Store - Bengaluru E-City Phase1 ES46,560098,,bengaluru,225966022,0,7J4VRJXX+H3CR6FQ,2100-01-01,2025-01-01
18.509047,73.78374,31026,Super Store - Pune Bavdhan ES24,411016,,pune,222422410,0,7JCMGQ5M+JF9WF6G,2100-01-01,2025-01-01
12.817388,77.70883,31033,Super Store - Bengaluru E-City Phase-2 ES47,560001,,bengaluru,225966022,0,7J4VRP85+XG4GG8V,2100-01-01,2025-01-01
19.037685,73.00865,31038,Super Store - Mumbai Seawoods ES30,410221,,thane,229135531,0,7JFM22Q5+3FCH4R2,2100-01-01,2025-01-01
28.642931,77.178154,31045,Super Store - Delhi Rajendra Place ES83,201014,,delhi,229702738,0,7JWVJ5VH+57C99JP,2100-01-01,2025-01-01
12.926178,80.11126,31054,Super Store - Chennai Chitlapakkam ES5,600045,,chennai,226774846,0,7M42W4G6+FGC,2026-07-29,2025-01-01
17.533398,78.406944,31058,Super Store - Hyderabad Pragathinagar ES30,500055,,hyderabad,227188707,0,7J9WGCM4+9Q4R8MF,2100-01-01,2025-01-01
22.636217,88.39688,31059,Super Store - Kolkata Dumdum ES32,711109,,kolkata,229248797,0,7MJCJ9PW+FQJMCPC,2100-01-01,2025-01-01
26.917473,75.73327,31068,Super Store - Jaipur Vaishali Nagar ES9,302003,,jaipur,226506314,0,7JRQWP8M+X8JW6VM,2100-01-01,2025-01-01
22.735825,88.37398,31072,Super Store - Kolkata Khardaha ES29,700113,,kolkata,229248797,0,7MJCP9PF+8HHVRCQ,2100-01-01,2025-01-01
22.589827,88.48504,31076,Super Store - Kolkata New Town ES35,700103,,kolkata,229248797,0,7MJCHFQP+W2M37M3,2100-01-01,2025-01-01
28.725252,77.18516,31084,Super Store - Delhi Model Town ES113,110052,,delhi,229702738,0,7JWVP5GP+4332GVR,2100-01-01,2025-01-01
28.680286,77.11295,31086,Super Store - Delhi Punjabi Bagh West ES93,110095,,delhi,229702738,0,7JWVM4J7+458G7X5,2100-01-01,2025-01-01
30.883127,75.8619,31090,Super Store - Ludhiana Model Town ES3,141116,,ludhiana,224908432,0,8J2QVVM6+7Q25FJX,2026-07-29,2025-01-01
30.925962,75.806725,31092,Super Store - Ludhiana Civil Lines ES1,141003,,ludhiana,224908432,0,8J2QWRG4+9MQCH59,2100-01-01,2025-01-01
18.953257,72.82747,31102,Super Store - Mumbai Marine Lines ES37,400013,,mumbai,223525546,0,7JCJXR3G+8X56C2P,2100-01-01,2025-01-01
12.872814,77.58645,31108,Super Store - Bengaluru JP Nagar 8th Phase ES56,560026,,bengaluru,225966022,0,7J4VVHFP+4HGFRQG,2100-01-01,2025-01-01
28.621166,77.162,31115,Super Store - Delhi Naraina Phase-2 ES96,110012,,delhi,229702738,0,7JWVJ5C6+FR6,2026-07-29,2025-01-01
28.67194,77.34909,31118,Super Store - UPNCR Chander Nagar ES36,201020,,ghaziabad,229764213,0,7JWVM8CX+QJGHV7R,2100-01-01,2025-01-01
28.641768,77.36673,31126,Super Store - UPNCR Kaveri Marg ES3,201014,,ghaziabad,229764213,0,7JWVJ9R8+PM5,2026-07-29,2025-01-01
12.927641,77.70057,31130,Super Store - Bengaluru Kadubeesanahalli ES50,560100,,bengaluru,225966022,0,7J4VWPH2+364J5G6,2100-01-01,2025-01-01
26.879847,81.016594,31135,Super Store - Lucknow Ismailganj ES8,226022,,lucknow,223714189,0,7MR3V2H8+WJPX8FJ,2100-01-01,2025-01-01
22.484194,88.37317,31166,Super Store - Kolkata Jadavpur ES40,700002,,kolkata,229248797,0,7MJCF9MF+M7FMGWG,2100-01-01,2025-01-01
28.541594,77.12942,31178,Super Store - Delhi Mahipalpur ES34,110022,,delhi,229702738,0,7JWVG4RH+JQMMFWP,2100-01-01,2025-01-01
22.452972,88.368614,31189,Super Store - Kolkata NSC Bose Road ES30,700032,,kolkata,229248797,0,7MJCF939+5CQW8J6,2100-01-01,2025-01-01
18.438389,73.84459,31214,Super Store - Pune Ambegaon ES17,411047,,pune,222422410,0,7JCMCRQV+9R4HX2P,2100-01-01,2025-01-01
26.761944,80.97329,31220,Super Store - Lucknow Vrindavan Sec 12 ES23,226022,,vrindavan,225103568,0,7MR2QX6F+Q8FMRCG,2100-01-01,2025-01-01
19.11716,72.91006,31225,Super Store - Mumbai Powai ES41,400007,,mumbai,223525546,0,7JFJ4W86+V27H9CW,2100-01-01,2025-01-01
12.924933,77.5594,31228,Super Store - Bengaluru Basavanagudi ES51,560085,,bengaluru,225966022,0,7J4VWHF5+XQC,2026-07-29,2025-01-01
17.389208,78.474754,31237,Super Store - Hyderabad Himayatnagar ES32,500018,,hyderabad,227188707,0,7J9W9FQF+MWJ6FWH,2100-01-01,2025-01-01
13.040951,77.77213,31244,Super Store - Bengaluru Kannamangala ES58,560113,,bengaluru,225966022,0,7J5V2QRC+9VJ292H,2100-01-01,2025-01-01
28.663475,77.16501,31245,Super Store - Delhi West Patel Nagar ES132,201012,,delhi,229702738,0,7JWVM578+92JVV5H,2100-01-01,2025-01-01
12.876028,77.67656,31250,Super Store - Bengaluru Hosa Road 2 ES52,560099,,bengaluru,225966022,0,7J4VVMGG+CJ75GQC,2100-01-01,2025-01-01
28.399622,77.30496,31252,Super Store - Faridabad NIT-5 ES21,201305,,faridabad,223106950,0,7JWV98X3+RXWWGW5,2100-01-01,2025-01-01
28.613455,77.3328,31260,Super Store - Delhi Mayur Vihar Phase-3 ES110,201014,,delhi,229702738,0,7JWVJ87M+94M4XFH,2100-01-01,2025-01-01
28.501593,77.18192,31264,Super Store - Delhi SSN Marg ES82,201304,,delhi,229702738,0,7JWVG52J+JQMPJ5M,2100-01-01,2025-01-01
19.045433,73.07357,31267,Super Store - Mumbai Kharghar ES39,400601,,panvel,226054644,0,7JFM23WF+5CG6HVR,2100-01-01,2025-01-01
26.890423,81.05006,31275,Super Store - Lucknow Chinhat ES11,226015,,lucknow,223714189,0,7MR3V3R2+527XFXM,2100-01-01,2025-01-01
12.992089,77.544815,31277,Super Store - Bengaluru Rajaji Nagar ES63,560026,,bengaluru,225966022,0,7J4VXGRV+RWPCX76,2100-01-01,2025-01-01
22.312067,73.1852,31283,Super Store - Vadodara Gorwa ES2,390007,,vadodara,224145248,0,7JJM856P+R3G,2026-07-29,2025-01-01
19.160952,72.93693,31287,Super Store - Mumbai Nahur ES42,400603,,mumbai,223525546,0,7JFJ5W6P+9QM4F8P,2100-01-01,2025-01-01
18.613548,73.76258,31298,Super Store - Pune Bhumkar Chowk ES35,411044,,pune,222422410,0,7JCMJQ77+C28WPG7,2100-01-01,2025-01-01
12.904802,77.682106,31304,Super Store - Bengaluru Hosa Road ES37,560035,,bengaluru,225966022,0,7J4VWM3J+WRH3G85,2026-07-29,2025-01-01
28.411816,77.28947,31306,Super Store - Faridabad Sector 21 ES14,110066,,faridabad,223106950,0,7JWVC76Q+PQHJ653,2100-01-01,2025-01-01
28.366575,76.95385,31307,Super Store - Gurgaon Sector 82 ES52,122505,,gurgaon,227138302,0,7JWR9X83+JGHRWVW,2100-01-01,2025-01-01
22.48335,88.395905,31316,Super Store - Kolkata Mukundapur ES34,700074,,kolkata,229248797,0,7MJCF9MW+89R58M3,2100-01-01,2025-01-01
12.997789,77.73029,31320,Super Store - Bengaluru Hoodi ES72,560103,,bengaluru,225966022,0,7J4VXPXJ+447FRV7,2100-01-01,2025-01-01
28.653273,77.28668,31322,Super Store - Delhi Krishna Nagar ES91,201006,,krishna nagar,224932755,0,7JWVM73P+8M3XC6H,2100-01-01,2025-01-01
12.974934,77.7594,31336,Super Store - Bengaluru Chhanasandra ES67,560066,,bengaluru,225966022,0,7J4VXQF5+XQC,2026-07-29,2025-01-01
28.970146,77.74071,31344,Super Store - Meerut Mangal Pandey ES1,250001,,meerut,229503551,0,7JWVXPCR+374W884,2026-07-29,2025-01-01
28.701334,77.12403,31348,Super Store - Delhi Naharpur ES130,110033,,delhi,229702738,0,7JWVP42F+GJJ9XHG,2100-01-01,2025-01-01
22.287067,73.22687,31351,Super Store - Vadodara Sayaji Park Society ES1,390004,,vadodara,224145248,0,7JJM76PG+RPH,2026-07-29,2025-01-01
28.454746,77.0445,31357,Super Store - Gurgaon Sector 15 ES43,122505,,gurgaon,227138302,0,7JWVF23V+VRRR48M,2100-01-01,2025-01-01
18.570412,73.98918,31364,Super Store - Pune Wagholi 2 ES38,411042,,pune,222422410,0,7JCMHXCQ+5M7G96G,2100-01-01,2025-01-01
28.643047,77.28051,31372,Super Store - Delhi Laxmi Nagar ES57,201014,,delhi,229702738,0,7JWVJ7VJ+666VG3J,2100-01-01,2025-01-01
28.604582,77.47195,31377,Super Store - UPNCR Noida Panchsheel Green ES59,201002,,noida,225639721,0,7JWVJF3C+RQP7758,2100-01-01,2025-01-01
22.597736,88.40441,31390,Super Store - Kolkata Salt Lake Sector-1 ES50,700097,,kolkata,229248797,0,7MJCHCX3+3QVC84F,2026-07-29,2025-01-01
28.653576,77.461205,31392,Super Store - UPNCR Ghaziabad Shastri Nagar ES44,201003,,ghaziabad,229764213,0,7JWVMF36+CFP4683,2100-01-01,2025-01-01
28.45457,77.28161,31394,Super Store - Faridabad Green Field ES11,121001,,faridabad,223106950,0,7JWVF73J+RJHV8FX,2100-01-01,2025-01-01
26.925234,80.946175,31396,Super Store - Lucknow Jankipuram ES33,226010,,lucknow,223714189,0,7MR2WWGW+3FV8PR8,2100-01-01,2025-01-01
28.472725,77.04442,31398,Super Store - Gurgaon Sector 14 ES64,110078,,gurgaon,227138302,0,7JWVF2FV+3QV3542,2100-01-01,2025-01-01
22.607487,88.41825,31404,Super Store - Kolkata Baguihati ES46,712311,,kolkata,229248797,0,7MJCJC49+X8RC82F,2100-01-01,2025-01-01
30.761452,76.783035,31406,Super Store - Chandigarh Sector 17 ES4,160062,,chandigarh,224638299,0,8J2RQQ6M+H6M28PJ,2100-01-01,2025-01-01
28.633867,77.30959,31408,Super Store - Delhi IP Extension ES78,110092,,delhi,229702738,0,7JWVJ8M5+GRWQGMF,2026-07-29,2025-01-01
13.0916,77.576065,31414,Super Store - Bengaluru Yelahanka ES49,560065,,bengaluru,225966022,0,7J5V3HRG+JCW,2026-07-29,2025-01-01
17.408854,78.498856,31424,Super Store - Hyderabad Zamistanpur ES41,500013,,hyderabad,227188707,0,7J9WCF5X+GGX3JW4,2026-07-29,2025-01-01
12.996517,77.66407,31434,Super Store - Bengaluru Pai Layout ES57,560100,,bengaluru,225966022,0,7J4VXMW7+JJ4MCCH,2100-01-01,2025-01-01
28.421167,77.00367,31438,Super Store - Gurgaon Sector 48 ES50,122004,,gurgaon,227138302,0,7JWVC2C3+FF7,2026-07-29,2025-01-01
18.559147,73.94982,31445,Super Store - Pune Kharadi ES37,411040,,pune,222422410,0,7JCMHW5X+MW4R8GX,2100-01-01,2025-01-01
28.534254,77.37008,31446,Super Store - UPNCR Noida Sector 104 ES31,121003,,noida,225639721,0,7JWVG9MC+P244M82,2100-01-01,2025-01-01
26.41254,80.41576,31448,Super Store - Kanpur Lal Bangla ES8,208025,,kanpur,223072848,0,7MR2CC78+286J53P,2100-01-01,2025-01-01
28.479874,77.30234,31454,Super Store - Faridabad Sector 37 ES13,122002,,faridabad,223106950,0,7JWVF8H2+WWWXM3R,2100-01-01,2025-01-01
12.877306,77.61324,31462,Super Store - Bengaluru DLF - Akshay Nagar ES73,560017,,bengaluru,225966022,0,7J4VVJG7+W7H94CX,2100-01-01,2025-01-01
18.573633,73.91439,31466,Super Store - Pune Viman Nagar ES42,411027,,pune,222422410,0,7JCMHWF7+FQ28JPM,2100-01-01,2025-01-01
22.59942,88.43141,31468,Super Store - Kolkata Kestopur ES51,700135,,kolkata,229248797,0,7MJCHCXJ+QH7R5WX,2100-01-01,2025-01-01
26.4555,80.2698,31476,Super Store - Kanpur Barra-2 ES6,208022,,kanpur,223072848,0,7MR2F749+5WV,2026-07-29,2025-01-01
19.026009,72.87625,31482,Super Store - Mumbai Wadala ES27,400603,,mumbai,223525546,0,7JFJ2VGG+CF59HXQ,2100-01-01,2025-01-01
18.553944,73.770386,31486,Super Store - Pune Baner ES29,411057,,pune,222422410,0,7JCMHQ3C+H5CMPPQ,2100-01-01,2025-01-01
28.578632,77.390854,31490,Super Store - UPNCR Noida Sector 73 ES51,201304,,noida,225639721,0,7JWVH9HR+F857J4C,2026-07-29,2025-01-01
28.553545,77.185555,31494,Super Store - Delhi Green Park Extn ES97,110047,,delhi,229702738,0,7JWVH53P+C67X25J,2100-01-01,2025-01-01
28.634459,77.38629,31498,Super Store - UPNCR Ghaziabad Niti Khand-2 ES32,110092,,ghaziabad,229764213,0,7JWVJ9MP+QGM7M7Q,2100-01-01,2025-01-01
17.472935,78.368546,31514,Super Store - Hyderabad Kondapur ES45,500100,,hyderabad,227188707,0,7J9WF9F9+5CF7MXQ,2100-01-01,2025-01-01
18.434834,73.864,31518,Super Store - Pune Gokul Nagar ES27,411046,,pune,222422410,0,7JCMCVM7+WHQ,2026-07-29,2025-01-01
28.726944,77.40721,31522,Super Store - UPNCR Ghaziabad Raj Nagar Extn ES28,201012,,ghaziabad,229764213,0,7JWVPCG4+QVGQMMP,2100-01-01,2025-01-01
12.921449,77.64215,31530,Super Store - Bengaluru Jakkasandra ES65,560087,,bengaluru,225966022,0,7J4VWJCR+HVCXR2J,2100-01-01,2025-01-01
12.937739,77.580986,31532,Super Store - Bengaluru Jayanagar 4th Block ES71,560011,,bengaluru,225966022,0,7J4VWHQJ+39XFX5C,2100-01-01,2025-01-01
19.096329,73.011635,31547,Super Store - Mumbai Kopar Khairane ES49,400074,,mumbai,223525546,0,7JFM32W6+GMJ3M55,2100-01-01,2025-01-01
28.485443,76.9707,31552,Super Store - Gurgaon Sector 102 ES67,122017,,gurgaon,227138302,0,7JWRFXPC+57GPJ46,2100-01-01,2025-01-01
26.93905,75.75935,31588,Super Store - Jaipur Jhotwara ES24,302017,,jaipur,226506314,0,7JRQWQQ5+JPH2938,2100-01-01,2025-01-01
28.626524,77.053635,31589,Super Store - Delhi Uttam Nagar ES59,110046,,delhi,229702738,0,7JWVJ3G3+JF2VVFX,2100-01-01,2025-01-01
17.3835,78.4571,31592,Super Store - Hyderabad Vijay Nagar ES35,500028,,hyderabad,227188707,0,7J9W9FM4+9RX,2026-07-29,2025-01-01
28.548515,77.199684,31606,Super Store - Delhi Hauz Khas ES106,110012,,delhi,229702738,0,7JWVG5XX+CV3Q593,2100-01-01,2025-01-01
28.5616,77.165764,31642,Super Store - Delhi Basant Gaon ES154,110057,,delhi,229702738,0,7JWVH568+J8JVV8C,2026-07-29,2025-01-01
28.570187,77.17055,31645,Super Store - Delhi RK Puram Sector-12 ES117,110027,,delhi,229702738,0,7JWVH5CC+36FGC9G,2100-01-01,2025-01-01
28.691177,77.32004,31648,Super Store - Delhi Nand Nagari ES124,110031,,delhi,229702738,0,7JWVM8RC+F2F2G78,2100-01-01,2025-01-01
19.199675,72.87823,31654,Super Store - Mumbai Kandivali East ES50,400065,,mumbai,223525546,0,7JFJ5VXH+V79VJXR,2100-01-01,2025-01-01
28.486261,77.5169,31661,Super Store - UPNCR Gr. Noida Beta 1 ES80,201312,,noida,225639721,0,7JWVFGP8+GQ2G4QR,2100-01-01,2025-01-01
28.590866,77.33873,31664,Super Store - UPNCR Noida Sector 22 ES57,201307,,noida,225639721,0,7JWVH8RQ+8FX,2026-07-29,2025-01-01
12.982075,80.24704,31669,Super Store - Chennai Velachery ES3,600093,,chennai,226774846,0,7M42X6JW+RRM2538,2100-01-01,2025-01-01
28.621359,77.416954,31675,Super Store - UPNCR Rani Laxmibai Nagar ES81,201014,,ghaziabad,229764213,0,7JWVJCC8+GQW7P9G,2100-01-01,2025-01-01
12.958266,77.717735,31679,Super Store - Bengaluru Brookefield ES64,560066,,bengaluru,225966022,0,7J4VXP59+835,2026-07-29,2025-01-01
28.421997,77.052505,31717,Super Store - Gurgaon Sector 47 ES63,122098,,gurgaon,227138302,0,7JWVC3C3+Q2RR976,2100-01-01,2025-01-01
28.409504,77.07735,31719,Super Store - Gurgaon Nirvana Country ES44,121001,,gurgaon,227138302,0,7JWVC35G+RW52JC2,2100-01-01,2025-01-01
13.0303335,80.25767,31755,Super Store - Chennai RK Salai ES8,600018,,chennai,226774846,0,7M5227J5+43M,2026-07-29,2025-01-01
13.091798,80.176056,31757,Super Store - Chennai Mogappair ES9,600053,,chennai,226774846,0,7M5235RG+PC7XFJ6,2100-01-01,2025-01-01
13.032716,80.20054,31791,Super Store - Chennai Ashok Nagar ES10,600088,,chennai,226774846,0,7M5226M2+36MJ5QR,2100-01-01,2025-01-01
19.291666,72.85,31793,Super Store - Mumbai Mira Bhayandar 2 ES44,401101,,mira bhayandar,227944129,0,7JFJ7RRX+MX9,2026-07-29,2025-01-01
13.071669,80.211754,31861,Super Store - Chennai Choolaimedu ES11,600099,,chennai,226774846,0,7M5236C6+MP6JR29,2100-01-01,2025-01-01
13.026019,80.1508,31862,Super Store - Chennai Mugalivakkam ES12,600125,,chennai,226774846,0,7M5225G2+C83PW5F,2100-01-01,2025-01-01
26.834402,80.952324,31931,Super Store - Lucknow Burlington ES32,226003,,lucknow,223714189,0,7MR2RXM2+QW83FX2,2100-01-01,2025-01-01
28.671167,77.187,31966,Super Store - Delhi Ashok Vihar Phase-2 ES111,110007,,delhi,229702738,0,7JWVM5CP+FQ9,2026-07-29,2025-01-01
28.43362,77.08623,31967,Super Store - Gurgaon Ardee City ES77,122018,,gurgaon,227138302,0,7JWVC3MP+CFXV22P,2100-01-01,2025-01-01
26.427917,80.32039,32002,Super Store - Kanpur Kidwai Nagar ES9,208014,,kanpur,223072848,0,7MR2C8HC+556,2026-07-29,2025-01-01
28.72452,77.072716,32036,Super Store - Delhi Rohini Sector 23 ES143,110085,,delhi,229702738,0,7JWVP3FF+R34QW9M,2100-01-01,2025-01-01
28.629587,77.08447,32038,Super Store - Delhi New Krishna Park ES163,110037,,delhi,229702738,0,7JWVJ3HM+RQQCG4H,2100-01-01,2025-01-01
19.168825,73.0744,32072,Super Store - Mumbai Lodha Palava ES51,421202,,mumbai,223525546,0,7JFM539F+GQJ5239,2100-01-01,2025-01-01
18.4765,73.847336,32254,Super Store - Pune Satara Road ES51,411043,,pune,222422410,0,7JCMFRGW+HWW,2026-07-29,2025-01-01
17.4335,78.49043,32288,Super Store - Hyderabad Marredpally ES52,500003,,hyderabad,227188707,0,7J9WCFMR+C53,2026-07-29,2025-01-01
18.484833,73.789,32360,Super Store - Pune Kothrud ES52,411058,,pune,222422410,0,7JCMFQMQ+WJJ,2026-07-29,2025-01-01
18.528206,73.87255,32398,Super Store - Pune Bundgarden ES53,411021,,pune,222422410,0,7JCMGVHF+72M8343,2100-01-01,2025-01-01
17.441833,78.42377,32502,Super Store - Hyderabad Erragada ES53,500045,,hyderabad,227188707,0,7J9WCCRF+PGJ,2026-07-29,2025-01-01
22.5381,88.3583,32504,Super Store - Kolkata Trivoli Court ES72,700020,,kolkata,229248797,0,7MJCG9Q5+68M,2026-07-29,2025-01-01
28.407751,77.34349,32571,Super Store - Greater Faridabad ES30,110024,,faridabad,223106950,0,7JWVC85V+49547V4,2100-01-01,2025-01-01
12.922,80.232666,32573,Super Store - Chennai Thoraipakkam ES16,600097,,chennai,226774846,0,7M42W6CM+Q3V,2026-07-29,2025-01-01
28.48761,77.183754,32607,Super Store - Delhi Chattarpur ES181,110024,,chattarpur,227643817,0,7JWVF5QM+2GRC22Q,2100-01-01,2025-01-01
28.58208,77.429,32611,Super Store - UP-NCR E Noida Ace City ES87,201301,,noida,225639721,0,7JWVHCJH+RHQ984Q,2100-01-01,2025-01-01
28.592178,77.44075,32647,Super Store - UPNCR E Noida Ithera ES86,201318,,noida,225639721,0,7JWVHCRR+V7H5QX8,2026-07-29,2025-01-01
28.52341,77.168686,32681,Super Store - Delhi Kishangarh ES182,110030,,kishangarh,224045233,0,7JWVG5F9+9F8C28Q,2026-07-29,2025-01-01
28.589624,77.057495,32748,Super Store - Delhi Chander Vihar ES180,110038,,delhi,229702738,0,7JWVH3Q4+RXXXV4F,2100-01-01,2025-01-01
28.635677,77.458725,32750,Super Store - UPNCR Crossings Republik ES218,201002,,ghaziabad,229764213,0,7JWVJFP5+7FH28W8,2100-01-01,2025-01-01
19.013706,73.1153,32783,Super Store - Mumbai Panvel ES55,410210,,panvel,226054644,0,7JFM2478+F4M92CR,2100-01-01,2025-01-01
28.44912,77.097595,32819,Super Store - Gurgaon Sector 53 ES92,122012,,gurgaon,227138302,0,7JWVC3XX+J2WX58P,2100-01-01,2025-01-01
17.350166,78.4071,32853,Super Store Hyderabad Attapur ES54,500048,,hyderabad,227188707,0,7J9W9C24+3R9,2026-07-29,2025-01-01
31.653122,74.82645,32889,Super Store Amritsar Shastri Nagar ES6,143001,,amritsar,227552331,0,8J3PMR3G+6HWV7PQ,2100-01-01,2025-01-01
31.61816,74.8769,32925,Super Store Amritsar Mohan Nagar ES9,143006,,amritsar,227552331,0,8J3PJV9G+7Q69RFH,2026-07-29,2025-01-01
30.686817,76.853455,32959,Super Store Panchkula Sector 14 ES7,134112,,panchkula,222634616,0,8J2RMVP3+P9GPCJJ,2026-07-29,2025-01-01
30.750607,76.661964,32993,Super Store Punjab Kharar ES11,140301,,kharar,223165075,0,8J2RQM26+6QW98M8,2026-07-29,2025-01-01
28.425001,76.99704,33027,Super Store Gurgaon Sector 10 ES91,122011,,gurgaon,227138302,0,7JWRCXGW+2R324VG,2100-01-01,2025-01-01
30.655798,76.816475,33063,Super Store Punjab Zirakpur ES5,140603,,zirakpur,223271982,0,8J2RMR48+8H9VCM4,2026-07-29,2025-01-01
23.161171,77.44431,33097,Super Store Bhopal Ecocity ES1,462026,,bhopal,223762919,0,7JMV5C6V+FP8R6W6,2100-01-01,2025-01-01
28.517366,77.37336,33099,Super Store UP-NCR Noida Sector 128 ES88,201014,,noida,225639721,0,7JWVG98F+W8XP862,2100-01-01,2025-01-01
23.172333,77.455765,33101,Super Store Bhopal Hoshangabad ES2,462039,,bhopal,223762919,0,7JMV5FC4+W8J,2026-07-29,2025-01-01
17.402216,78.57624,33135,Super Store Hyderabad Uppal ES56,500056,,hyderabad,227188707,0,7J9WCH2G+VFQP57R,2100-01-01,2025-01-01
22.68,75.84167,33203,Super Store Indore Manik Bagh ES1,452012,,indore,228689270,0,7JJQMRJR+2M3,2026-07-29,2025-01-01
22.720476,75.8652,33205,Super Store Indore Bhandari Marg ES2,452007,,indore,228689270,0,7JJQPVC8+53W3662,2026-07-29,2025-01-01
26.820168,81.01397,33207,Super Store Lucknow Gomti Nagar ES40,226010,,lucknow,223714189,0,7MR3R2C7+3H9,2026-07-29,2025-01-01
26.96147,75.77136,33209,Super Store Jaipur Vidhyadhar ES29,302039,,jaipur,226506314,0,7JRQXQ6C+HGQW29G,2100-01-01,2025-01-01
28.401632,76.95245,33243,Super Store Gurgaon Sector 84 ES100,122413,,gurgaon,227138302,0,7JWRCX22+MX479PG,2100-01-01,2025-01-01
12.8220005,80.224335,33277,Super Store Chennai Padur ES18,603103,,chennai,226774846,0,7M42R6CF+RP4,2026-07-29,2025-01-01
19.24748,72.863464,33313,Super Store Mumbai Dahisar ES57,400068,,mumbai,223525546,0,7JFJ6VW7+X9W92HH,2100-01-01,2025-01-01
28.46607,77.085014,33315,Super Store Gurgaon Chakkarpur ES90,110045,,gurgaon,227138302,0,7JWVF38P+C2CW73C,2100-01-01,2025-01-01
12.902554,80.177666,33317,Super Store Chennai Medavakkam ES17,600087,,chennai,226774846,0,7M42W53H+23F3W43,2100-01-01,2025-01-01
28.507504,77.23211,33353,Super Store Delhi Sangam Vihar ES183,122017,,delhi,229702738,0,7JWVG65J+2R54FV3,2100-01-01,2025-01-01
28.45459,77.07511,33389,Super Store Gurgaon Sushant Lok ES95,122001,,gurgaon,227138302,0,7JWVF33G+R2QFXQ7,2100-01-01,2025-01-01
28.653519,77.28536,33391,Super Store Delhi Geeta Colony ES185,201014,,delhi,229702738,0,7JWVM73P+C45PJW5,2100-01-01,2025-01-01
28.447742,76.95389,33393,Super Store Gurgaon Sector 95 ES93,110075,,gurgaon,227138302,0,7JWRCXX3+3HRMM89,2100-01-01,2025-01-01
28.452082,77.05874,33395,Super Store Gurgaon Sector 31 ES97,122018,,gurgaon,227138302,0,7JWVF325+RFQ88H8,2100-01-01,2025-01-01
28.493176,77.07872,33397,Super Store Gurgaon Udhyog Vihar ES98,110074,,gurgaon,227138302,0,7JWVF3VH+7FH24JH,2100-01-01,2025-01-01
28.53659,77.25293,33401,Super Store Delhi Kalkaji ES184,110034,,delhi,229702738,0,7JWVG7P3+J5MP893,2100-01-01,2025-01-01
23.214,77.3891,33405,Super Store Bhopal Malviya Nagar ES4,462003,,bhopal,223762919,0,7JMV697Q+JJ5,2026-07-29,2025-01-01
28.4045,76.928665,33407,Super Store Gurgaon Sector 90 ES101,122505,,gurgaon,227138302,0,7JWRCW3H+QFV,2026-07-29,2025-01-01
18.48564,73.95336,33409,Super Store Pune Infocity ES55,412308,,pune,222422410,0,7JCMFXP3+785GWRC,2100-01-01,2025-01-01
28.574883,77.366974,33411,Super Store UP-NCR Sector 51 ES95,201309,,delhi,229702738,0,7JWVH9F8+XQ567Q7,2100-01-01,2025-01-01
30.37276,78.08526,33413,Super Store Dehradun Canal Road ES2,248008,,dehradun,222029625,0,8J2W93FP+4427VW8,2100-01-01,2025-01-01
12.909172,77.53735,33415,Super Store Bengaluru Uttarahali ES85,560059,,bengaluru,225966022,0,7J4VWG5P+MW9VC5C,2100-01-01,2025-01-01
28.558598,77.37729,33417,Super Store UP-NCR Sector 49 ES97,201010,,delhi,229702738,0,7JWVH95G+CWMVCQ3,2100-01-01,2025-01-01
28.357128,77.369125,33419,Super Store Faridabad Sector 76 ES29,121008,,faridabad,223106950,0,7JWV9949+VJ55QV5,2100-01-01,2025-01-01
28.69899,77.138725,33421,Super Store Delhi Pitampura ES197,110034,,delhi,229702738,0,7JWVM4XQ+HFXCXVF,2100-01-01,2025-01-01
22.728354,75.92857,33423,Super Store Indore Bicholi ES3,452005,,indore,228689270,0,7JJQPWHH+8CW3M94,2100-01-01,2025-01-01
22.78198,75.912155,33425,Super Store Indore Mahalaxmi Nagar ES4,452010,,indore,228689270,0,7JJQQWJ6+QVR9358,2100-01-01,2025-01-01
26.473295,80.255615,33427,Super Store Kanpur Kalyanpur ES11,208006,,kanpur,223072848,0,7MR2F7F4+869W3GF,2100-01-01,2025-01-01
12.963667,80.19933,33429,Super Store Chennai Adambakkam ES19,600091,,chennai,226774846,0,7M42X57X+FP8,2026-07-29,2025-01-01
28.392473,77.09635,33431,Super Store Gurgaon Sector 62 ES94,122007,,gurgaon,227138302,0,7JWV93RW+XGQRQ3G,2100-01-01,2025-01-01
28.541204,77.27687,33433,Super Store Delhi New Okhla Phase 2 ES198,121004,,delhi,229702738,0,7JWVG7RG+FPQ5WVW,2100-01-01,2025-01-01
19.081455,72.907036,33503,Super Store Mumbai Ghatkopar ES61,400614,,mumbai,223525546,0,7JFJ3WJ4+HRM637Q,2100-01-01,2025-01-01
18.597313,73.69561,33507,Super Store Pune Hinjawadi Phase 2 ES57,411057,,pune,222422410,0,7JCMHMWW+W6HFGPH,2026-07-29,2025-01-01
13.047081,77.63987,33509,Super Store Bengaluru Thanisandra ES90,560013,,bengaluru,225966022,0,7J5V2JWQ+RWQ987C,2100-01-01,2025-01-01
17.409168,78.47381,33513,Super Store Hyderabad Somajiguda ES60,500052,,hyderabad,227188707,0,7J9WCF5F+MG7QW4V,2100-01-01,2025-01-01
28.67058,77.41872,33515,Super Store UPNCR Patel Nagar ES99,201009,,delhi,229702738,0,7JWVMCC9+6FP9598,2100-01-01,2025-01-01
17.44881,78.54398,33525,Super Store Hyderabad Malkajgiri ES58,500032,,hyderabad,227188707,0,7J9WCGXV+GHHG28W,2100-01-01,2025-01-01
26.881533,75.7045,33527,Super Store Jaipur Amarpali Nagar ES30,302021,,jaipur,226506314,0,7JRQVPJ3+JQ9,2026-07-29,2025-01-01
28.605043,77.07003,33529,Super Store Delhi Bindapur ES192,110007,,delhi,229702738,0,7JWVJ34C+226QHGW,2100-01-01,2025-01-01
17.350489,78.54925,33531,Super Store Hyderabad Nagole ES62,500064,,hyderabad,227188707,0,7J9W9G2X+5MXHM7F,2100-01-01,2025-01-01
18.458696,73.8124,33535,Super Store Pune Manik Baug ES56,411009,,pune,222422410,0,7JCMFR56+FXCX745,2100-01-01,2025-01-01
28.373186,77.07516,33537,Super Store Gurgaon Sector 64 ES105,122016,,gurgaon,227138302,0,7JWV93FG+73CH8GH,2100-01-01,2025-01-01
28.435942,77.54516,33539,Super Store UP-NCR Omega ES98,201312,,delhi,229702738,0,7JWVCGPW+93FJC5G,2100-01-01,2025-01-01
28.49273,77.00104,33541,Super Store Gurgaon Sector 103 ES103,122007,,gurgaon,227138302,0,7JWVF2V2+3CV2VMQ,2100-01-01,2025-01-01
26.791527,75.81721,33543,Super Store Jaipur Pratap Nagar ES32,302017,,jaipur,226506314,0,7JRQQRR8+JV848W7,2100-01-01,2025-01-01
28.577705,77.45138,33545,Super Store UP-NCR Sector 2 ES100,201305,,delhi,229702738,0,7JWVHFH2+3GQ5XHF,2100-01-01,2025-01-01
22.579842,88.35148,33547,Super Store Kolkata New Bara Bazar ES79,711103,,kolkata,229248797,0,7MJCH9H2+WHQM7MF,2100-01-01,2025-01-01
28.421167,77.045334,33626,Super Store Gurgaon Sector 33 ES104,122018,,gurgaon,227138302,0,7JWVC2CW+F48,2026-07-29,2025-01-01
19.27723,72.87672,33628,Super Store Mumbai New Mira Bhayandar ES70,401101,,mira bhayandar,227944129,0,7JFJ7VGG+VMW943F,2100-01-01,2025-01-01
19.208334,72.96667,33664,Super Store Mumbai Upper Thane ES65,400606,,thane,229135531,0,7JFJ6X58+8MM,2026-07-29,2025-01-01
13.015532,77.62708,33666,Super Store Bengaluru Kalyan Nagar ES93,560011,,bengaluru,225966022,0,7J5V2J8G+6R889C3,2100-01-01,2025-01-01
22.594793,88.333496,33668,Super Store Kolkata New Howrah ES78,700102,,howrah,223312066,0,7MJCH8VM+W99QFFX,2100-01-01,2025-01-01
28.638826,77.35119,33672,Super Store UP-NCR New Indirapuram ES103,201014,,indirapuram,226364662,0,7JWVJ9Q2+GFP276G,2100-01-01,2025-01-01
28.551054,77.30022,33674,Super Store Delhi Jamia Nagar ES200,110091,,delhi,229702738,0,7JWVH822+C3G5PWQ,2100-01-01,2025-01-01
26.912096,80.97754,33676,Super Store Lucknow New Vikas Nagar ES42,225001,,lucknow,223714189,0,7MR2WX6H+R2MR833,2100-01-01,2025-01-01
28.509436,77.198,33680,Super Store Delhi New Neb Sarai ES203,122003,,delhi,229702738,0,7JWVG55X+Q6C6RRG,2100-01-01,2025-01-01
28.349115,77.30543,33682,Super Store Faridabad Sector 22 ES31,121003,,faridabad,223106950,0,7JWV88X4+J5VP5F5,2100-01-01,2025-01-01
19.137358,72.83438,33684,Super Store Mumbai New Azad Nagar Andheri ES71,400024,,mumbai,223525546,0,7JFJ4RPM+WQR6GGC,2100-01-01,2025-01-01
23.024221,72.47195,33686,Super Store Ahmedabad New Bopal ES19,380058,,ahmedabad,225912447,0,7JMJ2FFC+MQP,2026-07-29,2025-01-01
12.950742,77.668335,33720,Super Store Bengaluru Marathahalli ES88,560062,,bengaluru,225966022,0,7J4VXM29+78WPG5H,2100-01-01,2025-01-01
19.07234,72.86915,33722,Super Store Mumbai BKC Kalina ES66,400088,,mumbai,223525546,0,7JFJ3VC9+WMJQ24M,2100-01-01,2025-01-01
12.959736,77.54724,33724,Super Store Bengaluru Vijay Nagar ES92,560026,,bengaluru,225966022,0,7J4VXG5W+VVXG4R5,2100-01-01,2025-01-01
28.654074,77.138725,33758,Super Store Delhi Kirti Nagar ES199,110034,,delhi,229702738,0,7JWVM43Q+JFHRX3M,2100-01-01,2025-01-01
30.328781,78.0554,33796,Super Store Dehradun Dalanwala ES3,248171,,dehradun,222029625,0,8J2W83H4+G5692X9,2100-01-01,2025-01-01
30.295904,77.99641,33798,Super Store Dehradun Shewala Kala ES1,248171,,dehradun,222029625,0,8J2V7XWW+9H65XGF,2026-07-29,2025-01-01
26.90885,80.910576,33802,Super Store Lucknow Triveni Nagar ES43,226021,,lucknow,223714189,0,7MR2WW56+G6PVXWC,2100-01-01,2025-01-01
30.890545,75.879135,33804,Super Store Ludhiana Shobha ES4,141010,,ludhiana,224908432,0,8J2QVVRH+6M6V3QH,2100-01-01,2025-01-01
13.065335,77.50285,33838,Super Store Bengaluru Hasarghatta ES86,560005,,bengaluru,225966022,0,7J5V3G83+44Q7WR6,2100-01-01,2025-01-01
22.9826,72.52673,33872,Super Store Ahmedabad New Paldi ES18,380055,,ahmedabad,225912447,0,7JJJXGMG+2MQ,2026-07-29,2025-01-01
17.464437,78.4609,33874,Super Store Hyderabad Bowenpally ES59,500041,,hyderabad,227188707,0,7J9WFF76+Q9CGH6R,2100-01-01,2025-01-01
19.008333,72.816666,33910,Super Store Mumbai Prabhadevi ES58,400030,,mumbai,223525546,0,7JFJ2R58+8MM,2026-07-29,2025-01-01
28.61057,77.081375,33912,Super Store Delhi New Janakpuri ES204,110074,,delhi,229702738,0,7JWVJ36J+6GHX9QR,2100-01-01,2025-01-01
28.598907,77.372635,33914,Super Store UP-NCR Noida Sector 67 ES105,201014,,noida,225639721,0,7JWVH9XF+H367GP7,2100-01-01,2025-01-01
19.08794,72.835304,33918,Super Store Mumbai Santacruz West ES72,400003,,mumbai,223525546,0,7JFJ3RQP+54FGVXF,2100-01-01,2025-01-01
27.161604,77.92693,33920,Super Store Agra Sikandra ES2,282006,,agra,223877491,0,7JVV5W6G+JQV5MRX,2100-01-01,2025-01-01
30.735695,76.752045,33922,Super Store Chandigarh Sector 37 ES14,140301,,chandigarh,224638299,0,8J2RPQP2+7RFMVJM,2100-01-01,2025-01-01
30.32652,77.98018,33924,Super Store Dehradun GMS Road ES5,248003,,dehradun,222029625,0,8J2V8XGJ+J33X3CV,2100-01-01,2025-01-01
13.050976,77.64699,33926,Super Store Bengaluru Hennur Road ES94,560032,,bengaluru,225966022,0,7J5V3J2W+9QX43W5,2100-01-01,2025-01-01
26.805841,75.87201,33928,Super Store Jaipur Jagatpura Central ES33,302039,,jaipur,226506314,0,7JRQRV4C+8RJM6R4,2100-01-01,2025-01-01
30.703854,76.70768,33962,Super Store Mohali Sector 70 ES15,160071,,mohali,227364413,0,8J2RPP35+G3V4GW2,2100-01-01,2025-01-01
28.45741,77.00717,33964,Super Store Gurgaon Sector 7 ES110,110046,,gurgaon,227138302,0,7JWVF244+XV7F86M,2100-01-01,2025-01-01
12.975751,77.60089,33966,Super Store Bengaluru Richmond Town ES96,560071,,bengaluru,225966022,0,7J4VXJG2+89244J8,2100-01-01,2025-01-01
27.122,78.041336,33968,Super Store Agra Shamsabad ES3,282004,,agra,223877491,0,7JVW42CR+QGW,2026-07-29,2025-01-01
15.558276,73.81334,33970,Super Store Goa Porvorim ES1,403710,,goa,229603657,0,7J7MHR57+888586G,2100-01-01,2025-01-01
28.945333,77.70379,33972,Super Store Meerut Subedar Narendra Singh ES110,250103,,meerut,229503551,0,7JWVWPW3+4GM7J8W,2100-01-01,2025-01-01
13.021637,77.57739,33974,Super Store Bengaluru New Sanjay Nagar ES98,560078,,bengaluru,225966022,0,7J5V2HCG+MX2F9PR,2100-01-01,2025-01-01
22.62702,88.45502,33976,Super Store Kolkata Rajarhat ES82,700055,,kolkata,229248797,0,7MJCJFG4+R22V5JV,2100-01-01,2025-01-01
22.650736,88.36645,33978,Super Store Kolkata New Baranagar ES81,711302,,kolkata,229248797,0,7MJCM928+7HWF8M6,2100-01-01,2025-01-01
28.432127,77.11316,33980,Super Store Gurgaon Sector 54 ES108,110003,,gurgaon,227138302,0,7JWVC4J7+V7327F9,2100-01-01,2025-01-01
28.539341,77.2112,33982,Super Store Delhi New Malviya Nagar ES205,110057,,delhi,229702738,0,7JWVG6Q6+PFPM3GQ,2100-01-01,2025-01-01
22.77723,88.373566,33986,Super Store Kolkata Barrackpur ES83,712203,,kolkata,229248797,0,7MJCQ9GF+VCW2V3J,2100-01-01,2026-03-26
13.031152,80.13628,33988,Super Store Chennai Iyyappanthangal ES24,600056,,chennai,226774846,0,7M5224JP+FG657W6,2026-07-29,2025-01-01
28.58194,77.072296,33990,Super Store Delhi Palam ES208,122003,,delhi,229702738,0,7JWVH3JC+QWFFXGR,2100-01-01,2025-01-01
12.898271,77.60845,33992,Super Store Bengaluru BTM Layout ES95,560030,,bengaluru,225966022,0,7J4VVJX5+894V496,2100-01-01,2025-01-01
17.525002,78.34643,33994,Super Store Hyderabad Bachupally ES63,500085,,hyderabad,227188707,0,7J9WG8GW+2H348RJ,2100-01-01,2025-01-01
28.707836,77.21154,33996,Super Store Delhi Mukherjee Nagar ES207,110006,,delhi,229702738,0,7JWVP656+4JMF6GX,2100-01-01,2025-01-01
23.16696,72.551926,33998,Super Store Ahmedabad Shantigram ES20,380057,,ahmedabad,225912447,0,7JMJ5H82+QQMG4P6,2100-01-01,2025-01-01
28.4795,77.137,34000,Super Store Delhi Ghitorni ES211,110047,,delhi,229702738,0,7JWVF4HP+QRR,2026-07-29,2025-01-01
15.5703335,73.74333,34002,Super Store Goa Vagator Anjuna ES2,403509,,goa,229603657,0,7J7MHPCV+48P,2026-07-29,2025-01-01
28.6295,77.170334,34006,Super Store Delhi East Patel Nagar ES213,110012,,delhi,229702738,0,7JWVJ5HC+Q4W,2026-07-29,2025-01-01
17.358868,78.40186,34008,Super Store Hyderabad Suncity ES65,500023,,hyderabad,227188707,0,7J9W9C52+GPXPQ6W,2100-01-01,2025-01-01
18.530258,73.93067,34010,Super Store Pune Keshav Nagar ES58,411006,,pune,222422410,0,7JCMGWJJ+4737PXF,2100-01-01,2025-01-01
26.84613,81.06514,34012,Super Store Lucknow Malhaur ES44,226017,,lucknow,223714189,0,7MR3R3W8+F323XWM,2100-01-01,2025-01-01
28.469866,77.53727,34014,Super Store UP-NCR Gr. Noida Pi ES114,201315,,noida,225639721,0,7JWVFG9P+WWR,2026-07-29,2025-01-01
30.64056,76.857796,34016,Super Store Zirakpur Peer Muchalla ES17,134112,,zirakpur,223271982,0,8J2RJVR5+64FF4X7,2100-01-01,2025-01-01
28.479122,77.558495,34018,Super Store UP-NCR Gr. Noida Omicron ES116,201318,,noida,225639721,0,7JWVFHH5+J9XW9PF,2100-01-01,2025-01-01
28.65068,77.06287,34020,Super Store Delhi Vikaspuri ES212,110031,,delhi,229702738,0,7JWVM327+74H88G3,2100-01-01,2025-01-01
22.312067,73.14353,34022,Super Store Vadodara Gotri ES4,390007,,vadodara,224145248,0,7JJM846V+RCF,2026-07-29,2025-01-01
23.051157,72.67549,34024,Super Store Ahmedabad Nava Naroda ES23,380024,,ahmedabad,225912447,0,7JMJ3M2G+F599CJ6,2100-01-01,2025-01-01
22.998444,72.606476,34026,Super Store Ahmedabad Maninagar ES21,380006,,ahmedabad,225912447,0,7JJJXJX4+9HHJGVG,2100-01-01,2025-01-01
22.263895,73.125114,34028,Super Store Vadodara Bhayli ES5,390009,,vadodara,224145248,0,7JJM747G+H25W298,2100-01-01,2025-01-01
23.120844,72.61675,34030,Super Store Ahmedabad Motera ES24,380009,,ahmedabad,225912447,0,7JMJ4JC8+8PJJW4X,2100-01-01,2025-01-01
28.452955,76.99216,34032,Super Store Gurgaon Sector 37 ES115,122018,,gurgaon,227138302,0,7JWRFX3R+5VM636J,2100-01-01,2025-01-01
17.48713,78.59184,34034,Super Store Hyderabad Dammaiguda ES64,500087,,hyderabad,227188707,0,7J9WFHPR+VP45PF9,2100-01-01,2025-01-01
19.45075,72.79741,34036,Super Store Mumbai Virar ES73,401303,,mumbai,223525546,0,7JFJFQ2W+8X324CG,2100-01-01,2025-01-01
28.607246,77.43612,34070,Super Store UP-NCR New Gaur City 1 ES112,110095,,ghaziabad,229764213,0,7JWVJC4P+VCXW92P,2100-01-01,2025-01-01
18.523209,73.837036,34104,Super Store Pune Shivaji Nagar ES59,411006,,pune,222422410,0,7JCMGRFP+7RM6RGG,2100-01-01,2025-01-01
15.473135,73.81544,34106,Super Store Goa Panjim ES3,403114,,goa,229603657,0,7J7MFRF8+754C259,2100-01-01,2025-01-01
28.454632,77.4515,34108,Super Store UP-NCR Noida Sector 150 ES107,201318,,noida,225639721,0,7JWVFF32+VJ26794,2100-01-01,2025-01-01
28.412834,77.14533,34110,Super Store Gurgaon New Gwal Pahari ES114,122011,,gurgaon,227138302,0,7JWVC47W+44P,2026-07-29,2025-01-01
22.986311,72.50018,34112,Super Store Ahmedabad Makarba ES22,382435,,ahmedabad,225912447,0,7JJJXGP2+G3FH4M2,2100-01-01,2025-01-01
31.330088,75.60694,34114,Super Store Jalandhar Bashirpura ES20,144009,,jalandhar,221605022,0,8J3Q8JJ4+2QPCPGH,2100-01-01,2025-01-01
19.158566,73.12086,34116,Super Store Mumbai Lodha Palava 2 ES74,400078,,mumbai,223525546,0,7JFM545C+C8HGRVJ,2100-01-01,2025-01-01
28.572458,77.32011,34118,Super Store UP-NCR Noida Sector 4 ES108,201009,,noida,225639721,0,7JWVH8CC+X2Q8JJ6,2100-01-01,2025-01-01
30.695591,76.78853,34120,Super Store Chandigarh Sector 45 ES19,140301,,chandigarh,224638299,0,8J2RMQWQ+6CJQ99F,2100-01-01,2025-01-01
31.289236,75.56,34122,Super Store Jalandhar Wadala Road ES16,144001,,jalandhar,221605022,0,8J3Q7HQ5+MXXH53X,2100-01-01,2025-01-01
17.375166,78.373764,34124,Super Store Hyderabad Alkapur ES69,500055,,hyderabad,227188707,0,7J9W99GF+3G6,2026-07-29,2025-01-01
28.407743,77.00292,34126,Super Store Gurgaon Sector 69 ES109,110047,,gurgaon,227138302,0,7JWVC253+35VPJMV,2100-01-01,2025-01-01
30.6821,76.6725,34128,Super Store Mohali Sector 105 ES21,140307,,mohali,227364413,0,8J2RMMJF+R2R,2026-07-29,2025-01-01
28.501272,77.384514,34130,Super Store UP-NCR Noida Sector 135 ES113,110051,,noida,225639721,0,7JWVG92M+GR2VG6X,2100-01-01,2025-01-01
13.12027,77.643326,34134,Super Store Bengaluru Bagalur ES100,560064,,bengaluru,225966022,0,7J5V4JCV+484V54C,2026-07-29,2025-01-01
22.550615,88.35961,34136,Super Store Kolkata New Park Street ES80,700045,,kolkata,229248797,0,7MJCH925+6RXM956,2100-01-01,2025-01-01
19.017141,73.10366,34138,Super Store Mumbai Ashish ES76,400706,,panvel,226054644,0,7JFM2483+VF3J4P4,2100-01-01,2025-01-01
17.493643,78.35164,34140,Super Store Hyderabad Hafeezpet ES74,500110,,hyderabad,227188707,0,7J9WF9V2+FM2MPQ7,2100-01-01,2025-01-01
28.453253,77.09335,34142,Super Store Gurgaon Sector 27 ES118,110017,,gurgaon,227138302,0,7JWVF33V+8853MM6,2100-01-01,2025-01-01
28.681461,77.06295,34144,Super Store Delhi Nangloi ES218,110004,,delhi,229702738,0,7JWVM3J7+H5PF6H2,2100-01-01,2025-01-01
18.580662,73.80997,34146,Super Store Pune Pimple Gurav ES60,411044,,pune,222422410,0,7JCMHRJ5+7X9C6RF,2100-01-01,2025-01-01
28.618483,76.99095,34180,Super Store Delhi Najafgarh ES215,110043,,delhi,229702738,0,7JWRJX9R+99W7GX4,2100-01-01,2025-01-01
17.407084,78.45087,34184,Super Store Hyderabad Banjara Hills ES71,500033,,hyderabad,227188707,0,7J9WCF42+R8Q9MRW,2100-01-01,2025-01-01
28.44506,77.05899,34218,Super Store Gurgaon Sector 45 ES116,122011,,gurgaon,227138302,0,7JWVC3W5+2HHG4VJ,2100-01-01,2025-01-01
28.571428,77.18989,34220,Super Store Delhi RK Puram Sector 13 ES206,110048,,delhi,229702738,0,7JWVH5CQ+HXC4JJ5,2100-01-01,2025-01-01
26.945377,75.799644,34222,Super Store Jaipur Bani Park ES34,302005,,jaipur,226506314,0,7JRQWQWX+5V24FVV,2100-01-01,2025-01-01
26.497168,80.26147,34224,Super Store Kanpur Indira Nagar ES13,208024,,kanpur,223072848,0,7MR2F7W6+VH8,2026-07-29,2025-01-01
23.08797,72.56792,34258,Super Store Ahmedabad New Ranip ES25,380009,,ahmedabad,225912447,0,7JMJ3HQ9+55MV738,2100-01-01,2025-01-01
23.011278,72.649414,34260,Super Store Ahmedabad Vastral ES28,380057,,ahmedabad,225912447,0,7JMJ2J6X+GQ72P88,2100-01-01,2025-01-01
12.903657,77.63198,34262,Super Store Bengaluru ITI Layout ES105,560103,,bengaluru,225966022,0,7J4VWJ3J+FQ977MG,2100-01-01,2025-01-01
28.506298,77.214424,34264,Super Store Delhi Sainik Farm ES219,122003,,delhi,229702738,0,7JWVG647+GQ7WJVG,2100-01-01,2025-01-01
19.041002,72.85284,34268,Super Store Mumbai Mahim ES59,400028,,mumbai,223525546,0,7JFJ2VR3+C444HXV,2026-07-29,2025-01-01
22.671688,88.3789,34270,Super Store Kolkata Belghoria ES86,712203,,kolkata,229248797,0,7MJCM9CH+MHCHM8M,2100-01-01,2025-01-01
19.129713,72.93168,34272,Super Store Mumbai Vikhroli ES85,400601,,mumbai,223525546,0,7JFJ4WHJ+VMMGGXW,2100-01-01,2025-01-01
18.459356,73.9178,34274,Super Store Pune Undri ES61,411041,,pune,222422410,0,7JCMFW59+P4V84HX,2100-01-01,2025-01-01
17.422981,78.52075,34276,Super Store Hyderabad Padmarao Nagar ES75,500067,,hyderabad,227188707,0,7J9WCGFC+58R687R,2100-01-01,2025-01-01
28.557407,77.2404,34278,Super Store Delhi Zamrudpur ES220,121003,,delhi,229702738,0,7JWVH64R+X569GVP,2100-01-01,2025-01-01
28.557476,77.15067,34280,Super Store Delhi New Basant Gaon ES210,110034,,delhi,229702738,0,7JWVH542+X7V425C,2100-01-01,2025-01-01
19.377464,72.824844,34282,Super Store Mumbai Vasai ES77,401202,,mumbai,223525546,0,7JFJ9RGF+XWQCW72,2100-01-01,2025-01-01
17.382063,78.34986,34284,Super Store Hyderabad Kokapet ES67,500006,,hyderabad,227188707,0,7J9W98JX+RWHFG5X,2100-01-01,2025-01-01
19.220795,73.14127,34286,Super Store Mumbai Kalyan East ES79,421203,,mumbai,223525546,0,7JFM64CR+8G6W56F,2100-01-01,2025-01-01
12.843847,77.768906,34288,Super Store Bengaluru Sarjapura ES103,560102,,bengaluru,225966022,0,7J4VRQV9+GHJX8WV,2100-01-01,2025-01-01
28.642593,77.39459,34290,Super Store UP-NCR Siddharth Vihar ES119,121009,,ghaziabad,229764213,0,7JWVJ9VV+2RPQP36,2100-01-01,2025-01-01
19.141895,72.83443,34292,Super Store Mumbai Lower Oshiwara ES88,400102,,mumbai,223525546,0,7JFJ4RRM+QQ3W72F,2100-01-01,2025-01-01
18.591158,73.93488,34294,Super Store Pune New Lohegaon ES62,412105,,pune,222422410,0,7JCMHWRM+FX66QPC,2100-01-01,2025-01-01
23.039389,72.55002,34296,Super Store Ahmedabad Navrangpura ES26,380015,,ahmedabad,225912447,0,7JMJ2HQ2+Q22GW9Q,2026-07-29,2025-01-01
28.732899,77.17123,34300,Super Store Delhi Adarsh Nagar ES223,110052,,delhi,229702738,0,7JWVP5MC+5F5RQPX,2100-01-01,2025-01-01
17.502558,78.54263,34302,Super Store Hyderabad Sainikpuri ES68,500062,,hyderabad,227188707,0,7J9WGG3V+23C7CWP,2100-01-01,2025-01-01
17.517271,78.46207,34304,Super Store Hyderabad Suchitra ES76,500072,,hyderabad,227188707,0,7J9WGF86+WR4R37P,2100-01-01,2025-01-01
17.338287,78.52245,34338,Super Store Hyderabad Saroornagar ES73,500023,,hyderabad,227188707,0,7J9W8GQC+8X8FG5C,2100-01-01,2025-01-01
28.968042,77.03181,34340,Super Store Sonipat Sector 12 ES1,131001,,sonipat,223608867,0,7JWVX29J+6P7QFXG,2100-01-01,2025-01-01
25.15951,75.82885,34342,Super Store Kota Talwandi ES2,324001,,kota,221423618,0,7JQQ5R5H+RG5C5G5,2100-01-01,2025-01-01
15.394303,73.86569,34344,Super Store Goa Dabolim ES6,403712,,goa,229603657,0,7J7M9VV8+P7G2Q9F,2026-07-29,2025-01-01
28.479467,77.49594,34346,Super Store UP-NCR Gr. Noida Knowledge Park 3 ES123,121003,,noida,225639721,0,7JWVFFHW+Q9PJJ7C,2100-01-01,2025-01-01
12.865643,77.603325,34348,Super Store Bengaluru Hulimavu ES106,560036,,bengaluru,225966022,0,7J4VVJ83+784MM22,2100-01-01,2025-01-01
12.933702,77.60931,34350,Super Store Bengaluru Madiwala ES102,560102,,bengaluru,225966022,0,7J4VWJM5+FPM4HM8,2100-01-01,2025-01-01
30.864716,75.79936,34352,Super Store Ludhiana SBS Nagar ES22,141002,,ludhiana,224908432,0,8J2QVQ7X+VPQP8GM,2100-01-01,2025-01-01
28.196293,76.82154,34354,Super Store Bhiwadi Khanpur ES1,301018,,bhiwadi,222406420,0,7JWR5RWC+GJ7MP87,2100-01-01,2025-01-01
19.116667,72.85,34356,Super Store Mumbai Jogeshwari East ES89,400053,,mumbai,223525546,0,7JFJ4R8X+MX9,2026-07-29,2025-01-01
29.04317,77.699036,34358,Super Store Meerut Pallavpuram ES124,250001,,meerut,229503551,0,7JXV2MVX+7J7R5G7,2100-01-01,2025-01-01
28.582598,77.34927,34360,Super Store UP-NCR Noida Sector 31 ES109,110014,,noida,225639721,0,7JWVH8MX+2PJXFP2,2100-01-01,2025-01-01
19.035858,73.019684,34394,Super Store Mumbai Nerul ES82,400094,,thane,229135531,0,7JFM22P9+8VV9J32,2100-01-01,2025-01-01
30.347816,76.36187,34396,Super Store Patiala Prem Nagar ES23,147001,,patiala,226552836,0,8J2R89X6+4PHQ7W9,2100-01-01,2025-01-01
26.475552,80.29651,34398,Super Store Kanpur Fazalganj ES14,208027,,kanpur,223072848,0,7MR2F7GW+6JC2GHW,2100-01-01,2025-01-01
28.50529,77.03145,34400,Super Store Gurgaon Chauma Village ES117,110062,,gurgaon,227138302,0,7JWVG24J+4H8FQ74,2100-01-01,2025-01-01
23.049267,72.535065,34402,Super Store Ahmedabad New Gurukul ES29,380052,,ahmedabad,225912447,0,7JMJ2GXP+P24,2026-07-29,2025-01-01
28.581839,77.053566,34404,Super Store Delhi Dwarka Sector 19 ES229,110075,,delhi,229702738,0,7JWVH3J3+PCPCPQF,2100-01-01,2025-01-01
17.39641,78.553276,34406,Super Store Hyderabad Ramanthapur ES66,500061,,hyderabad,227188707,0,7J9W9HW3+H86G5HC,2100-01-01,2025-01-01
28.491121,77.11426,34408,Super Store Gurgaon DLF Phase 3 ES119,122002,,gurgaon,227138302,0,7JWVF4R7+CPRR9Q5,2026-07-29,2025-01-01
19.139412,72.92743,34410,Super Store Mumbai Bhandup ES84,400078,,mumbai,223525546,0,7JFJ4WQG+QX7G9VF,2100-01-01,2025-01-01
27.215164,78.00898,34412,Super Store Agra Indrapuri ES5,282004,,agra,223877491,0,7JVW6285+3H9FMX8,2100-01-01,2025-01-01
28.39653,77.53471,34414,Super Store UP-NCR Gr. Noida Chi-5 ES118,201311,,noida,225639721,0,7JWV9GWM+JV85VJ2,2100-01-01,2025-01-01
28.674068,77.468575,34416,Super Store UP-NCR Govindpuram ES117,201204,,ghaziabad,229764213,0,7JWVMFF9+JCGMGCG,2100-01-01,2025-01-01
28.543358,77.03646,34418,Super Store Delhi Pochanpur ES233,110034,,delhi,229702738,0,7JWVG2VP+8HW9MQG,2100-01-01,2025-01-01
28.610094,77.02662,34420,Super Store Delhi Kakrola ES227,110077,,delhi,229702738,0,7JWVJ26G+2JQPQ7X,2100-01-01,2025-01-01
28.626383,77.117584,34422,Super Store Delhi Rajouri Garden 2 ES228,110063,,delhi,229702738,0,7JWVJ4G9+H249J26,2100-01-01,2025-01-01
26.794264,80.90418,34424,Super Store Lucknow Ruchi Khand ES48,226004,,lucknow,223714189,0,7MR2QWV3+PM3HVJJ,2100-01-01,2025-01-01
19.189121,72.83995,34492,Super Store Mumbai Malad West ES92,400091,,mumbai,223525546,0,7JFJ5RQQ+JXWV7G9,2100-01-01,2025-01-01
28.627314,77.02919,34527,Super Store Delhi Razapurkhurd ES239,110047,,delhi,229702738,0,7JWVJ2GH+WMGCFR8,2100-01-01,2025-01-01
19.0219,73.03124,34529,Super Store Mumbai Belapur ES81,400086,,thane,229135531,0,7JFM22CJ+QF9452G,2100-01-01,2025-01-01
30.332842,76.40973,34530,Super Store Patiala Mall Road ES24,147002,,patiala,226552836,0,8J2R8CM5+4VQM3XR,2100-01-01,2025-01-01
19.196789,73.103165,34532,Super Store Mumbai Dombivali ES83,400615,,mumbai,223525546,0,7JFM54W3+P77CPHV,2100-01-01,2025-01-01
30.749983,76.640785,34536,Super Store Kharar Shivjot Enclave ES25,140301,,kharar,223165075,0,8J2RPJXR+X8V6JHG,2100-01-01,2025-01-01
13.012583,80.26165,34538,Super Store Chennai Adyar ES20,600033,,chennai,226774846,0,7M522776+2MJ9C9V,2100-01-01,2025-01-01
13.057356,77.559235,34540,Super Store Bengaluru Vidyaranyapura ES112,560032,,bengaluru,225966022,0,7J5V3H45+WMX74X2,2100-01-01,2025-01-01
12.908267,77.7344,34542,Super Store Bengaluru Gunjur ES111,560087,,bengaluru,225966022,0,7J4VWP5M+8Q2,2026-07-29,2025-01-01
12.911955,77.49651,34544,Super Store Bengaluru Mailasandra ES117,560091,,bengaluru,225966022,0,7J4VWF6W+QJJ4RG9,2100-01-01,2025-01-01
12.924795,77.54602,34546,Super Store Bengaluru Banashankari ES113,560078,,bengaluru,225966022,0,7J4VWGFW+WC6PWWR,2100-01-01,2025-01-01
17.504293,78.2999,34552,Super Store Hyderabad Chanda Nagar ES79,500085,,hyderabad,227188707,0,7J9WG73X+PX6PMVR,2100-01-01,2025-01-01
28.52378,77.13817,34554,Super Store Delhi Vasant Kunj B Block ES231,110041,,delhi,229702738,0,7JWVG4FQ+G7778PJ,2100-01-01,2025-01-01
19.068045,72.89486,34556,Super Store Mumbai Tilak Nagar ES90,400017,,mumbai,223525546,0,7JFJ3V9V+6W9PVWQ,2100-01-01,2025-01-01
19.209497,72.81813,34558,Super Store Mumbai New Charkop ES91,400060,,mumbai,223525546,0,7JFJ6R59+Q7RR9R6,2100-01-01,2025-01-01
15.553533,73.755135,34594,Super Store Goa Calangute ES5,403006,,goa,229603657,0,7J7MHQ34+C367CV8,2100-01-01,2025-01-01
28.518467,77.241356,34596,Super Store Delhi Madangir ES225,110024,,delhi,229702738,0,7JWVG69R+9GQMH28,2100-01-01,2025-01-01
28.527716,77.52319,34600,Super Store UP-NCR Gr. Noida Zeta 1 ES120,110076,,noida,225639721,0,7JWVGGHF+37PJ42X,2100-01-01,2025-01-01
13.051638,80.195724,34602,Super Store Chennai Saligramam ES31,600016,,chennai,226774846,0,7M52352W+M75CGR7,2100-01-01,2025-01-01
26.755373,80.91048,34604,Super Store Lucknow Eldeco ES47,226005,,lucknow,223714189,0,7MR2QW46+45XRHRP,2100-01-01,2025-01-01
17.366,78.42525,34606,Super Store Hyderabad Upperpally ES80,500003,,hyderabad,227188707,0,7J9W9C8G+C35544H,2100-01-01,2025-01-01
22.408468,88.414635,34608,Super Store Kolkata Baruipur ES95,711102,,kolkata,229248797,0,7MJCCC57+9VJMCQ9,2100-01-01,2025-01-01
12.942997,77.47832,34610,Super Store Bengaluru Kengeri ES115,560060,,bengaluru,225966022,0,7J4VWFVH+58WRC4H,2026-07-29,2025-01-01
12.902563,77.52516,34612,Super Store Bengaluru RR Nagar ES104,560060,,bengaluru,225966022,0,7J4VWG3G+23FCQ4W,2026-07-29,2025-01-01
28.65372,77.36026,34614,Super Store UP-NCR Vasundhara ES131,110095,,ghaziabad,229764213,0,7JWVM936+F4JV79G,2100-01-01,2025-01-01
30.576904,76.843765,34616,Super Store Dera Bassi Shivpuri Colony ES29,160036,,dera bassi,226450722,0,8J2RHRGV+QG63XJW,2100-01-01,2025-01-01
19.159222,72.99111,34652,Super Store Mumbai Airoli ES80,400066,,mumbai,223525546,0,7JFJ5X5R+MCQVH4X,2100-01-01,2025-01-01
19.166044,72.86946,34654,Super Store Mumbai Goregaon East ES111,400081,,mumbai,223525546,0,7JFJ5V89+CQ8W53P,2100-01-01,2025-01-01
22.656939,88.3483,34656,Super Store Kolkata Uttarpara ES92,711107,,kolkata,229248797,0,7MJCM84X+Q8FFHXR,2100-01-01,2025-01-01
12.983965,77.56702,34658,Super Store Bengaluru Magadi Road ES114,560049,,bengaluru,225966022,0,7J4VXHM8+HRJGVJW,2100-01-01,2025-01-01
17.468184,78.34513,34660,Super Store Hyderabad Masjid Banda ES78,500046,,hyderabad,227188707,0,7J9WF89W+73C7J2Q,2026-07-29,2025-01-01
26.789879,80.96712,34662,Super Store Lucknow Golf City ES45,226025,,lucknow,223714189,0,7MR2QXQ8+XR54GVP,2100-01-01,2025-01-01
17.503498,78.371506,34664,Super Store Hyderabad Nizampet ES70,500034,,hyderabad,227188707,0,7J9WG93C+9JRRPXP,2100-01-01,2025-01-01
23.17531,72.65236,34666,Super Store Ahmedabad Gandhinagar ES27,380006,,gandhinagar,229926774,0,7JMJ5MG2+4WHG2W6,2100-01-01,2025-01-01
22.664253,88.428764,34668,Super Store Kolkata Birati ES85,700051,,kolkata,229248797,0,7MJCMC7H+PG23HXH,2100-01-01,2025-01-01
18.970789,73.0358,34670,Super Store Mumbai Ulwe ES87,400614,,panvel,226054644,0,7JCMX2CP+887GV7P,2100-01-01,2025-01-01
19.255424,72.987114,34672,Super Store Mumbai Thane Hiranandani ES93,400607,,mumbai,223525546,0,7JFJ7X4P+5RH4353,2100-01-01,2025-01-01
22.577492,88.42337,34674,Super Store Kolkata Salt Lake Sector 5 ES89,700015,,kolkata,229248797,0,7MJCHCGF+X8XQH3C,2100-01-01,2025-01-01
23.043821,72.57984,34676,Super Store Ahmedabad ShahiBaug ES30,380004,,ahmedabad,225912447,0,7JMJ2HVH+GWGXF34,2100-01-01,2025-01-01
19.045116,72.819756,34679,Super Store Mumbai Bandra West ES86,400005,,mumbai,223525546,0,7JFJ2RW9+2WRM62W,2100-01-01,2025-01-01
28.889473,76.61995,34680,Super Store Rohtak Kamal Colony ES2,124021,,rohtak,221599613,0,7JWRVJQ9+QXPVCM2,2100-01-01,2025-01-01
28.922955,77.12343,34682,Super Store Kundli Sector 62 ES1,131029,,kundli,222177122,0,7JWVW4FF+59M5JRX,2100-01-01,2025-01-01
28.5001,77.4084,34684,Super Store UP-NCR Noida Sector 141 ES130,201304,,noida,225639721,0,7JWVGC25+29J,2026-07-29,2025-01-01
28.5144,77.18637,34686,Super Store Delhi Mehrauli ES235,110075,,delhi,229702738,0,7JWVG57P+QG954G2,2100-01-01,2025-01-01
21.120794,72.76323,34688,Super Store Surat Vesu ES1,395017,,surat,225663524,0,7JHJ4QC7+879MRVC,2100-01-01,2025-01-01
28.616766,77.37507,34722,Super Store UP-NCR Noida Sector 63 ES132,201305,,noida,225639721,0,7JWVJ98G+P24,2026-07-29,2025-01-01
28.662834,76.912,34724,Super Store Bahadurgarh Sector 6 ES1,124508,,bahadurgarh,228796415,0,7JWRMW76+4RJ,2026-07-29,2025-01-01
22.468285,88.40449,34726,Super Store Kolkata Garia ES88,700089,,kolkata,229248797,0,7MJCFC93+8Q98MMG,2100-01-01,2025-01-01
22.511274,88.30552,34728,Super Store Kolkata Behala Airport ES90,711103,,kolkata,229248797,0,7MJCG864+G62WQRP,2100-01-01,2025-01-01
28.554142,77.46804,34730,Super Store UP-NCR Gr. Noida Sector 1 ES128,121013,,noida,225639721,0,7JWVHF39+M63M6VV,2100-01-01,2025-01-01
28.514288,76.975105,34732,Super Store Gurgaon Sector 108 ES122,110078,,gurgaon,227138302,0,7JWRGX7G+P29FFM4,2100-01-01,2025-01-01
13.048425,77.60683,34734,Super Store Bengaluru New Amruthalli ES99,560075,,bengaluru,225966022,0,7J5V2JX4+9P8VVHP,2100-01-01,2025-01-01
26.883715,75.76612,34736,Super Store Jaipur Vivek Vihar ES36,302017,,jaipur,226506314,0,7JRQVQM8+FCQHWMV,2100-01-01,2025-01-01
26.85637,80.88849,34738,Super Store Lucknow Chowk ES50,226011,,lucknow,223714189,0,7MR2VV4Q+G9XW84W,2100-01-01,2025-01-01
13.02685,77.5489,34742,Super Store Bengaluru Yeshwanthpur ES121,560057,,bengaluru,225966022,0,7J5V2GGX+PHJXR9W,2100-01-01,2025-01-01
12.887874,77.63249,34744,Super Store Bengaluru Hosur Road ES126,560061,,bengaluru,225966022,0,7J4VVJQJ+4XXWQVH,2100-01-01,2025-01-01
28.519747,77.25425,34746,Super Store Delhi Tughlakabad Extn ES234,201306,,delhi,229702738,0,7JWVG793+VMXX9RJ,2100-01-01,2025-01-01
28.616194,77.21659,34748,Super Store Delhi Connaught Place ES209,110082,,delhi,229702738,0,7JWVJ688+FJGQVHW,2100-01-01,2025-01-01
18.944462,72.79504,34750,Super Store Mumbai Grant Road ES100,400072,,mumbai,223525546,0,7JCJWQVW+Q2MCFPM,2100-01-01,2025-01-01
12.875595,77.65959,34752,Super Store Bengaluru Sobha Oasis ES120,560085,,bengaluru,225966022,0,7J4VVMG5+6RPX4F2,2100-01-01,2025-01-01
12.981977,77.71895,34754,Super Store Bengaluru Hoodi 2 ES109,560024,,bengaluru,225966022,0,7J4VXPJ9+QHW3F28,2100-01-01,2025-01-01
13.063422,77.71986,34756,Super Store Bengaluru Budigere ES108,560113,,bengaluru,225966022,0,7J5V3P79+9W9VC93,2100-01-01,2025-01-01
30.63142,76.82935,34758,Super Store Zirakpur Nagla Road ES26,160004,,zirakpur,223271982,0,8J2RJRJH+HP9R5MG,2100-01-01,2025-01-01
30.658937,76.70768,34760,Super Store Mohali ISB Road ES30,160071,,mohali,227364413,0,8J2RMP55+H3FGG46,2100-01-01,2025-01-01
28.686365,77.21022,34762,Super Store Delhi Malkaganj ES238,110007,,delhi,229702738,0,7JWVM6P6+G3XJ364,2026-07-29,2025-01-01
19.105915,72.82856,34764,Super Store Mumbai Vile Parle West ES104,400008,,mumbai,223525546,0,7JFJ4R4H+9C7Q3QF,2100-01-01,2025-01-01
13.029974,77.723976,34766,Super Store Bengaluru KR Puram ES118,560049,,bengaluru,225966022,0,7J5V2PHF+XHQRPX9,2100-01-01,2025-01-01
18.464512,73.88722,34768,Super Store Pune Gokul Nagar ES65,411048,,pune,222422410,0,7JCMFV7P+RV5C9FC,2100-01-01,2025-01-01
30.34108,76.42512,34770,Super Store Patiala Urban Estate ES28,147004,,patiala,226552836,0,8J2R8CRG+C2Q4XVF,2100-01-01,2025-01-01
26.824171,75.83277,34772,Super Store Jaipur Rabindra Nagar ES37,302018,,jaipur,226506314,0,7JRQRRFM+M46W737,2100-01-01,2025-01-01
30.64059,76.81135,34774,Super Store Zirakpur VIP Road ES27,134102,,zirakpur,223271982,0,8J2RJRR6+6GQJ86X,2100-01-01,2025-01-01
17.415922,78.36971,34776,Super Store Hyderabad Chitrapuri Colony ES84,500015,,hyderabad,227188707,0,7J9WC989+9V8XFPF,2100-01-01,2025-01-01
19.165524,73.24342,34778,Super Store Mumbai Badlapur ES107,421503,,mumbai,223525546,0,7JFM568V+693WFM5,2100-01-01,2026-03-26
13.009001,77.6784,34780,Super Store Bengaluru Horamavu ES125,560091,,bengaluru,225966022,0,7J5V2M5H+J9245P4,2100-01-01,2025-01-01
28.4795,77.07867,34782,Super Store Gurgaon Chakkarpur 2 ES124,122001,,gurgaon,227138302,0,7JWVF3HH+QFV,2026-07-29,2025-01-01
19.20972,72.860756,34784,Super Store Mumbai Thakur Village ES97,400095,,mumbai,223525546,0,7JFJ6V56+V8JR3WR,2100-01-01,2025-01-01
28.370672,76.925385,34786,Super Store Gurgaon Manesar Sector 1 ES125,122012,,gurgaon,227138302,0,7JWR9WCG+756RGXX,2100-01-01,2025-01-01
22.643753,88.42388,34790,Super Store Kolkata Rajbari Dum Dum ES99,700110,,kolkata,229248797,0,7MJCJCVF+GH23MR6,2100-01-01,2025-01-01
13.08159,80.25167,34792,Super Store Chennai Egmore ES27,600018,,chennai,226774846,0,7M5237J2+JMMGVRX,2100-01-01,2025-01-01
12.972834,80.12659,34826,Super Store Chennai Pammal ES26,600042,,chennai,226774846,0,7M42X4FG+4JP9JRX,2100-01-01,2025-01-01
17.470749,78.418655,34828,Super Store Hyderabad Moosapet ES81,500034,,hyderabad,227188707,0,7J9WFCC9+7FRXV5V,2100-01-01,2025-01-01
28.699142,77.2718,34830,Super Store Delhi Bhajanpura ES241,110028,,delhi,229702738,0,7JWVM7XC+MP3M9QF,2100-01-01,2025-01-01
19.125,72.816666,34833,Super Store Mumbai Versova ES98,400061,,mumbai,223525546,0,7JFJ4RF8+XMV,2026-07-29,2025-01-01
12.973565,77.732864,34835,Super Store Bengaluru Whitefield Nallurhalli ES122,560049,,bengaluru,225966022,0,7J4VXPFM+C4HP5G9,2100-01-01,2025-01-01
28.395018,77.24868,34836,Super Store Faridabad Badkhal Road ES32,201303,,faridabad,223106950,0,7JWV96WX+2F3QFX3,2100-01-01,2025-01-01
28.45244,77.08789,34870,Super Store Gurgaon Sector 52A ES127,121010,,gurgaon,227138302,0,7JWVF32Q+X5CM48R,2100-01-01,2025-01-01
22.504614,88.36452,34872,Super Store Kolkata Jadavpur ES98,700096,,kolkata,229248797,0,7MJCG937+RRRGVC8,2100-01-01,2025-01-01
22.521433,88.36663,34874,Super Store Kolkata New Ballygunge ES93,700019,,kolkata,229248797,0,7MJCG9C8+HMC,2026-07-29,2025-01-01
18.993301,72.83878,34878,Super Store Mumbai New Parel ES78,400058,,mumbai,223525546,0,7JCJXRVQ+8GF282G,2100-01-01,2025-01-01
26.46341,80.35934,34912,Super Store Kanpur Phoolbagh ES16,208001,,kanpur,223072848,0,7MR2F975+9P8H39G,2100-01-01,2025-01-01
13.03531,80.22583,34946,Super Store Chennai T Nagar ES35,600117,,chennai,226774846,0,7M5226PG+48GF555,2100-01-01,2025-01-01
26.48592,80.29848,34948,Super Store Kanpur New Arya Nagar ES12,208011,,kanpur,223072848,0,7MR2F7PX+999MV9M,2100-01-01,2025-01-01
28.256735,77.0692,34950,Super Store Gurgaon Sohna ES123,122103,,gurgaon,227138302,0,7JWV7349+MMWC552,2100-01-01,2025-01-01
22.718185,88.49551,34986,Super Store Kolkata Barasat ES100,700130,,kolkata,229248797,0,7MJCPF9W+76CC96V,2100-01-01,2025-01-01
28.644308,77.53235,34988,Super Store UP-NCR Wave City ES127,201010,,ghaziabad,229764213,0,7JWVJGVJ+PWH6HP6,2100-01-01,2025-01-01
28.493488,77.02415,34990,Super Store Gurgaon Palam Vihar ES126,110077,,gurgaon,227138302,0,7JWVF2VF+9MRGPG9,2100-01-01,2025-01-01
28.484953,77.00764,34992,Super Store Gurgaon Sector 4 ES132,122018,,gurgaon,227138302,0,7JWVF2M5+X3J3GGP,2100-01-01,2025-01-01
12.90389,77.62366,34994,Super Store Bengaluru Bommanahalli ES129,560011,,bengaluru,225966022,0,7J4VWJ3F+HF3CWCV,2100-01-01,2025-01-01
28.447935,77.027855,34996,Super Store Gurgaon Sector 11 ES128,110097,,gurgaon,227138302,0,7JWVC2XH+54H7RVR,2100-01-01,2025-01-01
15.280347,73.980064,35000,Super Store Goa Margaon ES8,403601,,goa,229603657,0,7J7M7XJJ+42PR7J2,2100-01-01,2025-01-01
19.0621,72.879555,35002,Super Store Mumbai Chembur West ES96,400053,,mumbai,223525546,0,7JFJ3V6H+RRMWQP2,2100-01-01,2025-01-01
31.627695,74.86935,35004,Super Store Amritsar White Avenue ES32,143002,,amritsar,227552331,0,8J3PJVH9+3PHR4CP,2026-07-29,2025-01-01
28.906067,76.56834,35006,Super Store Rohtak Shastri Nagar ES3,124010,,rohtak,221599613,0,7JWRWH49+C8GPG89,2100-01-01,2025-01-01
28.680195,77.2903,35008,Super Store Delhi Grand Trunk ES243,110032,,delhi,229702738,0,7JWVM7JR+34FMX42,2100-01-01,2025-01-01
28.36378,76.97528,35010,Super Store Gurgaon Sector 79 ES121,122102,,gurgaon,227138302,0,7JWR9X7G+G465X2V,2100-01-01,2025-01-01
28.594656,77.4866,35012,Super Store UP-NCR Gr. Noida Sector 10 ES129,201316,,noida,225639721,0,7JWVHFVP+VJ969FC,2100-01-01,2025-01-01
22.559233,88.472534,35014,Super Store Kolkata Shapoorji ES87,700091,,kolkata,229248797,0,7MJCHF5F+M2V6GR2,2100-01-01,2025-01-01
22.526764,88.36424,35016,Super Store Kolkata Trivoli Court ES94,700055,,kolkata,229248797,0,7MJCG9G7+PM5HVQH,2100-01-01,2025-01-01
19.42238,72.824844,35018,Super Store Mumbai Nalasopara East ES99,401202,,mumbai,223525546,0,7JFJCRCF+XW52WVR,2100-01-01,2025-01-01
19.183332,72.958336,35020,Super Store Mumbai Thane Waghle Estate ES94,400604,,mumbai,223525546,0,7JFJ5XM5+88P,2026-07-29,2025-01-01
26.85102,80.8646,35022,Super Store Lucknow Rajajipuram ES52,226030,,lucknow,223714189,0,7MR2VV27+CR5R84C,2100-01-01,2025-01-01
28.408434,77.36673,35024,Super Store Faridabad Sector 88 ES33,121007,,faridabad,223106950,0,7JWVC958+9MH,2026-07-29,2025-01-01
19.266197,72.96411,35026,Super Store Mumbai Thane Hawaiian Village ES106,401107,,mumbai,223525546,0,7JFJ7X87+FJHWG3H,2100-01-01,2025-01-01
23.121645,72.53131,35028,Super Store Ahmedabad Gota ES31,380004,,ahmedabad,225912447,0,7JMJ4GCJ+MG3X4HX,2100-01-01,2025-01-01
19.11695,72.88626,35030,Super Store Mumbai Marol ES105,400078,,mumbai,223525546,0,7JFJ4V8P+QGCVVC6,2100-01-01,2025-01-01
23.020594,72.52564,35032,Super Store Ahmedabad Jodhpur Village ES32,380009,,ahmedabad,225912447,0,7JMJ2GCG+67JPP52,2100-01-01,2025-01-01
18.624737,73.80516,35034,Super Store Pune Nehru Nagar ES64,411014,,pune,222422410,0,7JCMJRF4+V3VC6FG,2100-01-01,2025-01-01
12.950313,80.11331,35036,Super Store Chennai Thirumudivakkam ES28,600132,,chennai,226774846,0,7M42X427+48F,2026-07-29,2025-01-01
28.560339,77.384,35038,Super Store UP-NCR Noida Sector 116 ES138,121013,,noida,225639721,0,7JWVH96M+4JJCRGM,2100-01-01,2025-01-01
12.956273,80.17914,35040,Super Store Chennai Keelkattalai ES36,600117,,chennai,226774846,0,7M42X54H+GM2VGJC,2100-01-01,2025-01-01
22.997112,88.45133,35042,Super Store Kolkata Kalyani ES104,741245,,kolkata,229248797,0,7MJCXFW2+RGWGJ93,2100-01-01,2026-03-26
19.172049,72.95037,35076,Super Store Mumbai Mulund West ES108,400049,,mumbai,223525546,0,7JFJ5XC2+R49XHMP,2100-01-01,2025-01-01
22.607119,88.44676,35078,Super Store Kolkata Chinar Park ES101,700157,,kolkata,229248797,0,7MJCJC4W+RPRMMC3,2100-01-01,2025-01-01
26.85448,75.86668,35080,Super Store Jaipur JNU Jagatpura ES35,302020,,jaipur,226506314,0,7JRQVV38+QMV873Q,2100-01-01,2025-01-01
22.51713,88.38041,35082,Super Store Kolkata Kasba ES103,700108,,kolkata,229248797,0,7MJCG98J+V532W5H,2100-01-01,2025-01-01
13.095839,80.219536,35084,Super Store Chennai Anna Nagar ES29,600039,,chennai,226774846,0,7M5236W9+8RMFJJ8,2100-01-01,2025-01-01
26.861834,80.9973,35086,Super Store Lucknow Vibhuti Khand ES53,226010,,lucknow,223714189,0,7MR2VX6W+PWM,2026-07-29,2025-01-01
12.956506,77.64053,35088,Super Store Bengaluru Indiranagar ES132,560026,,bengaluru,225966022,0,7J4VXJ4R+J636625,2100-01-01,2025-01-01
22.486824,88.31962,35122,Super Store Kolkata Behala Shakerbazar ES97,700023,,kolkata,229248797,0,7MJCF8P9+PRHXJ7Q,2100-01-01,2025-01-01
28.549955,77.21476,35156,Super Store Delhi Shahpurjat ES248,110020,,delhi,229702738,0,7JWVG6X7+XWJ74QF,2100-01-01,2025-01-01
28.659508,77.38712,35158,Super Store UP-NCR Ahinsa Khand 2 ES137,201014,,ghaziabad,229764213,0,7JWVM95P+RV26CJ9,2026-07-29,2025-01-01
28.621143,77.04267,35160,Super Store Delhi Mohan Garden ES250,110018,,delhi,229702738,0,7JWVJ2CV+F33MQ3G,2100-01-01,2025-01-01
26.8035,80.98897,35194,Super Store Lucknow Arjun Ganj ES54,226002,,lucknow,223714189,0,7MR2RX3Q+9HW,2026-07-29,2025-01-01
22.776106,75.87482,35228,Super Store Indore Sukhlia ES5,453556,,indore,228689270,0,7JJQQVGF+CWW668M,2100-01-01,2025-01-01
18.61873,73.75367,35262,Super Store Pune Ravet ES70,411033,,pune,222422410,0,7JCMJQ93+FFV74H2,2100-01-01,2025-01-01
13.083314,77.64768,35264,Super Store Bengaluru Bhartiya City ES130,560113,,bengaluru,225966022,0,7J5V3JMX+83FHPR8,2100-01-01,2025-01-01
28.670683,77.18906,35298,Super Store Delhi Kishan Ganj ES251,110075,,kishanganj,229399731,0,7JWVM5CQ+7JF9J47,2100-01-01,2025-01-01
23.183308,72.61283,35300,Super Store Ahmedabad Kudasan ES34,382721,,gandhinagar,229926774,0,7JMJ5JM7+84G8C9X,2100-01-01,2025-01-01
28.71108,77.42685,35302,Super Store UP-NCR Raj Nagar Extn ES133,110054,,ghaziabad,229764213,0,7JWVPC6G+CPQ7632,2100-01-01,2025-01-01
26.845167,80.96397,35304,Super Store Lucknow Civil Lines ES51,226001,,lucknow,223714189,0,7MR2RXW7+3H8,2026-07-29,2025-01-01
30.71812,76.652824,35306,Super Store Kharar Sector 115 ES35,140301,,kharar,223165075,0,8J2RPM93+64WMVR7,2100-01-01,2025-01-01
22.561548,88.48566,35308,Super Store Kolkata Tata Medical ES91,700095,,kolkata,229248797,0,7MJCHF6P+J77RCQX,2100-01-01,2025-01-01
17.434738,78.31976,35310,Super Store Hyderabad Financial District ES82,500019,,hyderabad,227188707,0,7J9WC8M9+VWRFFRP,2100-01-01,2025-01-01
18.61352,73.77921,35312,Super Store Pune Thergaon ES67,411015,,pune,222422410,0,7JCMJQ7H+CM4QWPR,2100-01-01,2025-01-01
30.280815,78.025246,35314,Super Store Dehradun Saraswati Vihar ES6,248121,,dehradun,222029625,0,8J2W72JG+83HQ43C,2100-01-01,2025-01-01
30.334541,77.9497,35316,Super Store Dehradun Prem Nagar ES7,248001,,vikasnagar,225867792,0,8J2V8WMX+RV8M47X,2100-01-01,2025-01-01
23.28657,77.3819,35318,Super Store Bhopal Lalghati ES5,462010,,bhopal,223762919,0,7JMV79PJ+JQCQJRF,2100-01-01,2025-01-01
28.587461,77.36699,35320,Super Store UP-NCR Noida Sector 53 ES134,201102,,noida,225639721,0,7JWVH9P8+XQQG8F5,2100-01-01,2025-01-01
12.858503,77.695984,35322,Super Store Bengaluru Rayasandra ES128,560100,,bengaluru,225966022,0,7J4VVM5W+C954M44,2100-01-01,2025-01-01
28.699978,77.096504,35324,Super Store Delhi Naharpur ES240,110039,,delhi,229702738,0,7JWVM3XW+XJR2F3R,2100-01-01,2025-01-01
12.933874,80.207855,35326,Super Store Chennai Pallikaranai ES32,600042,,chennai,226774846,0,7M42W6M5+G4XVR7P,2100-01-01,2025-01-01
28.711157,77.263374,35328,Super Store Delhi Karawal Nagar ES237,110084,,delhi,229702738,0,7JWVP767+F8999VW,2100-01-01,2025-01-01
28.591486,77.01286,35330,Super Store Delhi Dwarka Sector 17 ES249,110015,,delhi,229702738,0,7JWVH2R7+H4XG6FV,2100-01-01,2025-01-01
28.600433,77.098656,35332,Super Store Delhi Manglapuri ES256,122006,,delhi,229702738,0,7JWVJ32X+5FC9FX3,2100-01-01,2025-01-01
28.422976,77.061874,35334,Super Store Gurgaon Sector 51 ES129,122018,,gurgaon,227138302,0,7JWVC3F6+5PQXWVC,2100-01-01,2025-01-01
26.881533,75.8045,35336,Super Store Jaipur Raja Park ES39,302015,,jaipur,226506314,0,7JRQVRJ3+JQ9,2026-07-29,2025-01-01
29.014744,77.69332,35338,Super Store Meerut Kankerkhera ES139,201201,,meerut,229503551,0,7JXV2M7V+V8WMJJQ,2100-01-01,2025-01-01
17.458601,78.37491,35372,Super Store Hyderabad Kothaguda ES77,500040,,hyderabad,227188707,0,7J9WF95F+CXV22V3,2100-01-01,2025-01-01
28.503294,77.247986,35374,Super Store Delhi Sangam Vihar 2 ES255,110015,,delhi,229702738,0,7JWVG63X+859MQVW,2100-01-01,2025-01-01
19.269426,72.94364,35376,Super Store Mumbai Thane Bhayandarpada ES112,400069,,mumbai,223525546,0,7JFJ7W9V+QFC43RG,2100-01-01,2025-01-01
26.826729,75.7408,35378,Super Store Jaipur Mansarovar ES38,302018,,jaipur,226506314,0,7JRQRPGR+M8V3QG6,2100-01-01,2025-01-01
26.93184,80.92697,35380,Super Store Lucknow IIM Road ES56,226028,,lucknow,223714189,0,7MR2WWJG+PQQJ3C8,2100-01-01,2025-01-01
18.674957,73.777115,35382,Super Store Pune Nigdi ES72,412101,,pune,222422410,0,7JCMMQFG+XRQ8FFQ,2100-01-01,2025-01-01
31.615253,74.81637,35384,Super Store Amritsar GT Road ES36,143401,,amritsar,227552331,0,8J3PJR88+4G55CQ9,2100-01-01,2025-01-01
18.676163,73.82278,35386,Super Store Pune Chikali ES68,411018,,pune,222422410,0,7JCMMRGF+F46HMG9,2100-01-01,2025-01-01
13.066051,77.57639,35388,Super Store Bengaluru Sahakar Nagar ES134,560060,,bengaluru,225966022,0,7J5V3H8G+CHC44X9,2100-01-01,2025-01-01
28.626144,77.10658,35390,Super Store Delhi Tihar Village ES253,110041,,delhi,229702738,0,7JWVJ4G4+FJ4W44G,2100-01-01,2025-01-01
21.157562,72.78905,35392,Super Store Surat Athwa Gate ES3,395007,,surat,225663524,0,7JHJ5Q5Q+2JFGF52,2100-01-01,2025-01-01
28.391306,77.05579,35426,Super Store Gurgaon Sector 66 ES131,122012,,gurgaon,227138302,0,7JWV93R4+G8F796Q,2100-01-01,2025-01-01
28.536608,77.072525,35460,Super Store Delhi Kapashera ES261,110078,,delhi,229702738,0,7JWVG3PF+J2R96VP,2100-01-01,2025-01-01
12.962898,77.66821,35494,Super Store Bengaluru LBS Nagar ES136,560048,,bengaluru,225966022,0,7J4VXM79+574WQ5V,2100-01-01,2025-01-01
23.035955,72.48677,35528,Super Store Ahmedabad Thaltej ES33,380001,,ahmedabad,225912447,0,7JMJ2FPP+9PJ5RJ6,2100-01-01,2025-01-01
18.659927,73.73165,35530,Super Store Pune Mukai Nagar ES71,411019,,pune,222422410,0,7JCMMP5J+XMC4HG4,2100-01-01,2025-01-01
18.437412,73.827614,35532,Super Store Pune Narhe ES73,411041,,pune,222422410,0,7JCMCRPH+X29GH5G,2026-07-29,2025-01-01
18.585955,73.68224,35534,Super Store Pune Hinjawadi Phase 3 ES75,411057,,pune,222422410,0,7JCMHMPJ+9VQ,2026-07-29,2025-01-01
26.889242,80.93885,35536,Super Store Lucknow Aliganj ES55,226011,,lucknow,223714189,0,7MR2VWQQ+MGXJHV7,2100-01-01,2025-01-01
17.419773,78.44721,35538,Super Store Hyderabad Banjara Hills Rd 2 ES85,500068,,hyderabad,227188707,0,7J9WCC9W+WV4XMV8,2100-01-01,2025-01-01
28.637787,77.22782,35540,Super Store Delhi Asaf Ali Road ES252,110002,,delhi,229702738,0,7JWVJ6QH+448FFC3,2100-01-01,2025-01-01
22.481007,88.27559,35542,Super Store Kolkata Sarsuna ES102,700066,,kolkata,229248797,0,7MJCF7JG+C6499F9,2100-01-01,2025-01-01
13.070935,80.1508,35546,Super Store Chennai Nolambur ES30,600125,,chennai,226774846,0,7M5235C2+98F8WX7,2100-01-01,2025-01-01
13.113538,80.207855,35548,Super Store Chennai Korattur ES37,600042,,chennai,226774846,0,7M524675+C49FC7W,2100-01-01,2025-01-01
21.202562,72.78908,35550,Super Store Surat Pankaj Nagar ES2,395007,,surat,225663524,0,7JHJ6Q3Q+2JGF7H8,2100-01-01,2025-01-01
12.902204,80.1956,35552,Super Store Chennai Perumbakkam ES25,600078,,chennai,226774846,0,7M42W52W+V6Q3JMG,2100-01-01,2025-01-01
28.564825,77.24109,35554,Super Store Delhi Lajpat Nagar ES259,121009,,delhi,229702738,0,7JWVH67R+WCP55F3,2100-01-01,2025-01-01
12.874933,77.5344,35556,Super Store Bengaluru Subramanyapura ES116,560062,,bengaluru,225966022,0,7J4VVGFM+XQC,2026-07-29,2025-01-01
12.958756,77.70218,35558,Super Store Bengaluru Silver Springs Layout ES139,560100,,bengaluru,225966022,0,7J4VXP52+GV38977,2100-01-01,2025-01-01
17.442772,78.302605,35560,Super Store Hyderabad Nallagandla ES86,500084,,hyderabad,227188707,0,7J9WC8V3+425VG87,2100-01-01,2025-01-01
12.856074,80.22152,35562,Super Store Chennai Navalur ES34,600129,,chennai,226774846,0,7M42V64C+CJCWMWW,2100-01-01,2025-01-01
28.361624,77.059326,35564,Super Store Gurgaon Maruti Kunj ES133,122015,,gurgaon,227138302,0,7JWV9365+JPWVPJ5,2100-01-01,2025-01-01
19.098059,72.89741,35566,Super Store Mumbai Chandivali ES118,400097,,mumbai,223525546,0,7JFJ3VXW+6XF6VJ4,2100-01-01,2025-01-01
12.955603,77.71958,35568,Super Store Bengaluru Tubrahalli ES131,560032,,bengaluru,225966022,0,7J4VXP49+6RW4GMP,2100-01-01,2025-01-01
12.953892,77.72345,35570,Super Store Bengaluru Siddapura ES123,560103,,bengaluru,225966022,0,7J4VXP3F+H94MC89,2100-01-01,2025-01-01
12.977561,77.69924,35572,Super Store Bengaluru Doddanekundi ES138,560017,,bengaluru,225966022,0,7J4VXMHX+2MHG4V6,2100-01-01,2025-01-01
28.545605,77.24219,35574,Super Store Delhi CR Park ES265,110046,,delhi,229702738,0,7JWVG6WR+6VW2R45,2100-01-01,2025-01-01
28.716278,77.43887,35576,Super Store UP-NCR Morta ES141,201001,,ghaziabad,229764213,0,7JWVPC8Q+GH62C5V,2100-01-01,2025-01-01
12.944363,77.705185,35578,Super Store Bengaluru Marathahalli 14th Cross ES135,560100,,bengaluru,225966022,0,7J4VWPV4+P3VHGCV,2100-01-01,2025-01-01
22.812963,75.93342,35580,Super Store Indore Talawali Chanda ES6,452012,,indore,228689270,0,7JJQRW7M+59MFPWG,2100-01-01,2025-01-01
28.511839,77.39128,35582,Super Store UP-NCR Sector 93 ES142,110014,,delhi,229702738,0,7JWVG96R+PGJHP2G,2100-01-01,2025-01-01
28.666462,77.15874,35584,Super Store Delhi Moti Nagar ES264,110012,,delhi,229702738,0,7JWVM585+HFQG6V8,2100-01-01,2025-01-01
23.012844,72.445145,35586,Super Store Ahmedabad Shela Road ES40,380057,,ahmedabad,225912447,0,7JMJ2C7W+43JPP7H,2026-07-29,2025-01-01
28.423433,76.91421,35588,Super Store Gurgaon Sector 92 ES130,122052,,gurgaon,227138302,0,7JWRCWF7+9MG8M2V,2100-01-01,2025-01-01
26.905039,75.74559,35590,Super Store Jaipur Chitrakoot ES41,302042,,jaipur,226506314,0,7JRQWP4W+268HJG9,2100-01-01,2025-01-01
28.50075,77.06464,35592,Super Store Gurgaon Sector 23 ES137,122003,,gurgaon,227138302,0,7JWVG327+8V23488,2100-01-01,2025-01-01
22.494858,88.3903,35594,Super Store Kolkata Kasba Garfa ES107,711109,,kolkata,229248797,0,7MJCF9VR+W4V86XP,2100-01-01,2025-01-01
26.843224,75.76106,35596,Super Store Jaipur New Kalyanpura ES45,302019,,jaipur,226506314,0,7JRQRQV6+7CPRM7Q,2100-01-01,2025-01-01
17.427074,78.405556,35630,Super Store Hyderabad Kavuri Hills ES88,500049,,hyderabad,227188707,0,7J9WCCG4+R6FXMJX,2100-01-01,2025-01-01
28.378437,76.97841,35632,Super Store Gurgaon Sector 77 ES134,122006,,gurgaon,227138302,0,7JWR9XHH+99FCJ35,2100-01-01,2025-01-01
28.474283,77.12065,35634,Super Store Delhi Aya Nagar ES260,110043,,delhi,229702738,0,7JWVF4FC+P768HWF,2100-01-01,2025-01-01
28.721909,77.08776,35636,Super Store Delhi Rohini Sector 24 ES262,110039,,delhi,229702738,0,7JWVP3CQ+Q467W66,2100-01-01,2025-01-01
28.442123,77.29224,35638,Super Store Faridabad Sector 46 ES34,121009,,faridabad,223106950,0,7JWVC7RR+RVXVHV8,2100-01-01,2025-01-01
19.226637,72.86757,35640,Super Store Mumbai Borivali East ES120,400066,,mumbai,223525546,0,7JFJ6VG9+M24FC84,2100-01-01,2025-01-01
26.824865,75.84759,35642,Super Store Jaipur Kusum Vihar Jagatpura ES44,302022,,jaipur,226506314,0,7JRQRRFX+W2WP5P8,2100-01-01,2025-01-01
28.6082,77.275444,35644,Super Store Delhi UNA Enclave ES258,110042,,delhi,229702738,0,7JWVJ75G+75P24CR,2100-01-01,2025-01-01
17.36574,78.454056,35646,Super Store Hyderabad Gudimalkapur ES89,500027,,hyderabad,227188707,0,7J9W9F83+7JVHVXR,2100-01-01,2025-01-01
18.456547,73.78249,35647,Super Store Pune Nanded ES69,411041,,pune,222422410,0,7JCMFQ4J+JX9X7XW,2100-01-01,2025-01-01
23.037474,72.518974,35648,Super Store Ahmedabad Vastrapur ES36,380013,,ahmedabad,225912447,0,7JMJ2GP9+XHQVR62,2100-01-01,2025-01-01
19.094803,72.91031,35654,Super Store Mumbai Amruthnagar ES117,400088,,mumbai,223525546,0,7JFJ3WV6+W4F5FCX,2100-01-01,2026-03-26
28.60299,77.443,35656,Super Store UP-NCR Itehra ES143,110003,,ghaziabad,229764213,0,7JWVJC3V+55XHP8G,2100-01-01,2025-01-01
28.735935,77.21932,35658,Super Store Delhi Wazirabad ES273,131030,,delhi,229702738,0,7JWVP6P9+9PG7VQR,2100-01-01,2025-01-01
28.734377,77.01105,35660,Super Store Delhi Begumpur ES254,110081,,delhi,229702738,0,7JWVP2M6+QC347CH,2100-01-01,2025-01-01
17.484747,78.413994,35662,Super Store Hyderabad Kukatpally ES91,500004,,hyderabad,227188707,0,7J9WFCM7+VHXW9JV,2100-01-01,2025-01-01
19.250748,72.8545,35664,Super Store Mumbai Dahisar West ES126,400603,,mumbai,223525546,0,7JFJ7V23+7QXXH37,2100-01-01,2025-01-01
30.834927,75.860374,35668,Super Store Ludhiana Shimlapuri ES40,141016,,ludhiana,224908432,0,8J2QRVM6+X4H597J,2100-01-01,2025-01-01
12.858278,80.06861,35670,Super Store Chennai Guduvanchery ES41,603210,,chengalpattu,227374418,0,7M42V359+8C9,2026-07-29,2025-01-01
12.95915,80.14951,35672,Super Store Chennai Pallavaram ES42,600078,,chennai,226774846,0,7M42X45X+MR634FQ,2100-01-01,2025-01-01
26.854988,75.79759,35674,Super Store Jaipur Gopalpura ES42,302012,,jaipur,226506314,0,7JRQVQ3X+X2WHFGV,2100-01-01,2025-01-01
18.624866,73.728874,35676,Super Store Pune Life Republic ES84,411057,,pune,222422410,0,7JCMJPFH+WGXQHC9,2100-01-01,2025-01-01
13.017346,77.75627,35680,Super Store Bengaluru Belathur ES141,560100,,bengaluru,225966022,0,7J5V2Q84+WGJW9R2,2100-01-01,2025-01-01
19.178074,72.843414,35682,Super Store Mumbai Chincholi Malad ES121,400065,,mumbai,223525546,0,7JFJ5RHV+69FVJJF,2100-01-01,2025-01-01
16.520168,80.68303,35684,Super Store Vijayawada Currency Nagar ES2,520015,,vijayawada,229881017,0,7M82GMCM+366QQPG,2100-01-01,2025-01-01
16.506952,80.71345,35686,Super Store Vijayawada Kanuru ES4,520013,,vijayawada,229881017,0,7M82GP47+Q9P3P5Q,2100-01-01,2025-01-01
23.28657,77.46659,35688,Super Store Bhopal Minal ES6,462010,,bhopal,223762919,0,7JMV7FP8+JJHJJVF,2100-01-01,2025-01-01
28.7489,77.19596,35690,Super Store Delhi Burari ES277,110004,,delhi,229702738,0,7JWVP5XW+H94XRWW,2100-01-01,2025-01-01
15.653247,73.76604,35694,Super Store Goa Siolim ES9,403515,,goa,229603657,0,7J7MMQ38+7CVR9VF,2100-01-01,2025-01-01
22.601562,88.532814,35696,Super Store Kolkata Rajarhat Chowmata ES110,700135,,kolkata,229248797,0,7MJCJG2M+J4G,2026-07-29,2025-01-01
26.971537,80.996506,35698,Super Store Lucknow Integral Kursi Road ES58,226024,,lucknow,223714189,0,7MR2XXCW+JJ6CHF6,2100-01-01,2025-01-01
28.114645,76.80387,35700,Super Store Bhiwadi Thara ES6,301019,,bhiwadi,222406420,0,7JWR4R73+VG5X5GH,2100-01-01,2025-01-01
28.56462,77.38633,35702,Super Store UP-NCR Noida Sector 76 ES145,121013,,noida,225639721,0,7JWVH97P+RGWMXJJ,2100-01-01,2025-01-01
13.14036,77.57453,35704,Super Store Bengaluru Yelahanka ES142,560015,,bengaluru,225966022,0,7J5V4HRF+4RRH43W,2100-01-01,2025-01-01
29.94899,78.14716,35706,Super Store Haridwar Jwalapur ES1,249407,,haridwar,228457542,0,7JXWW4XW+HVVFRXC,2100-01-01,2025-01-01
28.416504,79.445076,35708,Super Store Bareilly Delapeer ES1,243002,,bareilly,226514847,0,7JWXCC8W+J243V6G,2100-01-01,2025-01-01
30.234217,74.97759,35710,Super Store Bathinda Chandsar Basti ES37,151001,,bathinda,224177564,0,8J2P6XMH+M2PQ8MX,2100-01-01,2025-01-01
26.476149,74.6609,35748,Super Store Ajmer Vaishali Nagar ES7,305004,,ajmer,221576763,0,7JRPFMG6+F92WQM7,2100-01-01,2025-01-01
30.77951,76.65264,35750,Super Store Kharar Jalvayu Vihar ES39,160030,,kharar,223165075,0,8J2RQMH3+R328WR6,2100-01-01,2025-01-01
26.289505,73.032295,35754,Super Store Jodhpur Ratanada ES2,342001,,jodhpur,227342754,0,7JRM72QJ+RW375M5,2026-07-29,2025-01-01
9.988428,76.319885,35756,Super Store Kochi Kaloor ES1,682020,,kochi,222868740,0,6JXRX8Q9+9XC3PFG,2026-07-29,2025-01-01
28.455667,77.06093,35792,Super Store Gurgaon Sector 30 ES138,122011,,gurgaon,227138302,0,7JWVF346+797QF2J,2100-01-01,2025-01-01
22.51141,88.328636,35794,Super Store Kolkata Buroshibtala ES114,700104,,kolkata,229248797,0,7MJCG86H+HF67W6X,2100-01-01,2025-01-01
28.60392,77.30259,35798,Super Store Delhi Trilokpuri ES276,110046,,delhi,229702738,0,7JWVJ833+H28X46H,2100-01-01,2025-01-01
22.58707,88.41656,35832,Super Store Kolkata Karunamoyee ES115,700028,,kolkata,229248797,0,7MJCHCP8+RJFX2J7,2100-01-01,2025-01-01
22.629604,88.39042,35834,Super Store Kolkata South Sinthee ES108,711109,,kolkata,229248797,0,7MJCJ9HR+R5V4R2G,2100-01-01,2025-01-01
23.132511,72.54864,35836,Super Store  Ahmedabad Nirma Tragad ES38,380016,,ahmedabad,225912447,0,7JMJ4GMX+2F2F3CW,2100-01-01,2025-01-01
28.67045,77.10536,35838,Super Store Delhi Jwalaheri ES272,110003,,delhi,229702738,0,7JWVM4C4+54Q35P6,2100-01-01,2025-01-01
28.631735,77.09631,35840,Super Store Delhi Tilak Nagar ES280,110059,,delhi,229702738,0,7JWVJ3JW+MGWC2PC,2100-01-01,2025-01-01
17.44865,78.39023,35842,Super Store Hyderabad Madhapur ES87,500010,,hyderabad,227188707,0,7J9WC9XR+F3933RG,2100-01-01,2025-01-01
22.962366,72.5854,35844,Super Store Ahmedabad Narol ES43,382350,,ahmedabad,225912447,0,7JJJXH6P+W5RQ2H9,2100-01-01,2025-01-01
21.136791,79.054085,35846,Super Store Nagpur Dharmpeth ES2,440010,,nagpur,228245816,0,7JHX43P3+PJ8,2026-07-29,2025-01-01
22.977314,72.60626,35848,Super Store Ahmedabad Samrat Nagar ES46,382345,,ahmedabad,225912447,0,7JJJXJG4+WGCFMG2,2100-01-01,2025-01-01
19.141666,73.075,35850,Super Store Mumbai Nilije Pada ES119,421204,,thane,229135531,0,7JFM43RF+MX9,2026-07-29,2025-01-01
10.015741,76.34555,35852,Super Store Kochi Kakkanad ES2,682025,,kochi,222868740,0,7J2R288W+76VP9J7,2100-01-01,2025-01-01
22.493698,88.33753,35886,Super Store Kolkata Shibtalla ES109,700081,,kolkata,229248797,0,7MJCF8VQ+F2FRFMQ,2100-01-01,2025-01-01
18.626652,73.793,35888,Super Store Pune Chinchwad ES79,411058,,pune,222422410,0,7JCMJQGV+M5954XV,2100-01-01,2025-01-01
28.920576,77.065445,35890,Super Store Sonipat Levan ES57,131001,,sonipat,223608867,0,7JWVW3C8+65P2987,2100-01-01,2025-01-01
18.467869,73.8307,35892,Super Store Pune Ambegaon Budruk ES88,411006,,pune,222422410,0,7JCMFR9J+47WMXCP,2100-01-01,2025-01-01
13.103103,77.60518,35894,Super Store Bengaluru Surabhi Layout ES143,560064,,bengaluru,225966022,0,7J5V4J34+63V4HW4,2100-01-01,2025-01-01
10.0191345,76.27323,35896,Super Store Kochi Pachalam ES3,682025,,kochi,222868740,0,7J2R279F+M757V57,2100-01-01,2025-01-01
17.317007,78.42023,35898,Super Store Hyderabad Shivrampally ES95,500053,,hyderabad,227188707,0,7J9W8C8C+R356Q24,2100-01-01,2025-01-01
12.256124,76.6213,35900,Super Store Mysore JP Nagar ES3,570007,,mysore,222187563,0,7J4R7J4C+CGVVQ9X,2100-01-01,2025-01-01
18.559093,73.980385,35902,Super Store Pune Baif Road ES82,411028,,pune,222422410,0,7JCMHX5J+J5JMGFR,2100-01-01,2025-01-01
28.405708,77.10422,35904,Super Store Gurgaon Sector 59 ES136,110071,,gurgaon,227138302,0,7JWVC443+7MP9PJP,2100-01-01,2025-01-01
23.036043,72.63013,35906,Super Store Ahmedabad Bapunagar ES42,380049,,ahmedabad,225912447,0,7JMJ2JPJ+C36JJWC,2100-01-01,2025-01-01
22.500029,88.41217,35908,Super Store Kolkata Purbalok ES113,700047,,kolkata,229248797,0,7MJCGC26+2V73PW4,2100-01-01,2025-01-01
18.503668,73.919495,35910,Super Store Pune Magarpatta ES92,411013,,pune,222422410,0,7JCMGW39+FQ9QFX3,2100-01-01,2025-01-01
27.60564,76.62538,35912,Super Store Alwar Lajpat Nagar ES3,301001,,alwar,227854785,0,7JVRJJ4G+752J3G6,2100-01-01,2025-01-01
22.999924,72.563644,35914,Super Store Ahmedabad Gujarat College ES48,380021,,ahmedabad,225912447,0,7JJJXHX7+XF6VXHH,2100-01-01,2025-01-01
27.22943,78.01993,35916,Super Store Agra Dayal Bagh ES6,282003,,agra,223877491,0,7JVW62H9+QXF8548,2100-01-01,2025-01-01
28.498528,77.34047,35918,Super Store Delhi Shakti Vihar ES274,121012,,delhi,229702738,0,7JWVF8XR+C592C6Q,2100-01-01,2025-01-01
28.586826,77.30539,35920,Super Store Delhi New Ashok Nagar ES268,201020,,delhi,229702738,0,7JWVH8P4+P5J472Q,2100-01-01,2025-01-01
25.299866,82.9692,35922,Super Store Varanasi Ranipur ES2,221103,,varanasi,227297401,0,7MQ47XX9+WMWM9CC,2100-01-01,2025-01-01
17.729422,83.30143,35924,Super Store Visakhapatnam Akkayyapalem ES1,530016,,visakhapatnam,228251945,0,7M95P8H2+QH7X72G,2100-01-01,2025-01-01
16.494467,80.61082,35926,Super Store Vijayawada Tadepalli ES5,522501,,vijayawada,229881017,0,7M82FJV6+Q8PJC52,2100-01-01,2025-01-01
22.998528,72.53042,35928,Super Store Ahmedabad Prahlad Nagar ES39,380055,,ahmedabad,225912447,0,7JJJXGXJ+C573G84,2100-01-01,2025-01-01
16.502174,80.63592,35930,Super Store Vijayawada Benzcircle ES7,520012,,vijayawada,229881017,0,7M82GJ2P+V97VPPG,2100-01-01,2025-01-01
29.66042,77.011444,35932,Super Store Karnal Sector 5 ES1,132001,,karnal,227591094,0,7JXVM266+5H8MJM4,2100-01-01,2025-01-01
22.26601,70.74019,35934,Super Store Rajkot Nana Mava ES2,360001,,rajkot,228275857,0,7JJG7P8R+C34C3P2,2100-01-01,2025-01-01
21.252413,72.77919,35936,Super Store Surat Dahin Nagar ES4,395004,,surat,225663524,0,7JHJ7Q2H+XM8CG9P,2100-01-01,2025-01-01
23.359564,85.35088,35938,Super Store Ranchi Kantatoli ES1,834001,,ranchi,224316037,0,7MM79952+R9CCQ3G,2100-01-01,2025-01-01
25.10366,75.85164,35942,Super Store Kota Rangbari ES4,324005,,kota,221423618,0,7JQQ4V32+FM6F822,2100-01-01,2025-01-01
23.357506,85.31137,35944,Super Store Ranchi Harmu ES2,834002,,ranchi,224316037,0,7MM79856+2G594RF,2100-01-01,2025-01-01
22.79455,86.16632,35946,Super Store Jamshedpur Bistupur ES2,831005,,jamshedpur,223357421,0,7MJ8Q5V8+RG8,2026-07-29,2025-01-01
23.489437,87.31969,35948,Super Store  Durgapur Bidhannagar ES117,713201,,durgapur,223513389,0,7MM9F8Q9+QVF,2026-07-29,2025-01-01
21.135809,72.81846,35950,Super Store Surat Bhimrad ES6,395001,,surat,225663524,0,7JHJ4RP9+89G8RQM,2100-01-01,2025-01-01
16.52018,80.64226,35952,Super Store Vijayawada Governerpet ES8,520003,,vijayawada,229881017,0,7M82GJCR+3WC2W22,2100-01-01,2025-01-01
11.037394,76.98122,35954,Super Store Coimbatore Nava India ES3,641045,,coimbatore,225281991,0,7J3R2XPJ+XF4QPQ9,2100-01-01,2025-01-01
11.036216,76.9398,35956,Super Store Coimbatore Saibaba Colony ES2,641037,,coimbatore,225281991,0,7J3R2WPQ+FWMM5XC,2100-01-01,2025-01-01
28.195787,76.63269,35958,Super Store Rewari Model Town ES1,301019,,rewari,221262099,0,7JWR5JWM+838CG5R,2100-01-01,2025-01-01
17.721554,83.33026,35960,Super Store Visakhapatnam Ram Nagar ES3,530003,,visakhapatnam,228251945,0,7M95P8CJ+J4C3VJF,2100-01-01,2025-01-01
22.542267,88.403,35994,Super Store Kolkata Topsia ES111,700070,,kolkata,229248797,0,7MJCGCR3+W55QH2X,2100-01-01,2025-01-01
30.367323,76.40262,35996,Super Store Patiala Azad Nagar ES48,147002,,patiala,226552836,0,8J2R9C83+W2HXM5M,2100-01-01,2025-01-01
28.695597,77.33072,35998,Super Store UP-NCR Gagan Vihar ES135,110001,,ghaziabad,229764213,0,7JWVM8WJ+67PX9JV,2100-01-01,2025-01-01
18.521265,73.93633,36000,Super Store Pune Amanora Park Town ES87,411061,,pune,222422410,0,7JCMGWCP+GG4GW8P,2100-01-01,2025-01-01
18.493166,73.830666,36002,Super Store Pune Rambaug Colony ES89,411030,,pune,222422410,0,7JCMFRVJ+777,2026-07-29,2025-01-01
26.845205,80.91048,36004,Super Store Lucknow Aishbagh ES60,226005,,lucknow,223714189,0,7MR2RWW6+35Q2XC8,2100-01-01,2025-01-01
23.362646,85.31825,36006,Super Store Ranchi MG Road ES3,834004,,ranchi,224316037,0,7MM79879+382R6WW,2100-01-01,2025-01-01
26.4555,80.31147,36008,Super Store Kanpur Raipurwa ES17,208006,,kanpur,223072848,0,7MR2F846+5HX,2026-07-29,2025-01-01
13.0206585,77.55858,36010,Super Store Bengaluru Mathikere ES140,560023,,bengaluru,225966022,0,7J5V2HC5+7C87QHX,2100-01-01,2025-01-01
21.144531,79.07547,36012,Super Store Nagpur Dhantoli ES4,440035,,nagpur,228245816,0,7JHX43VG+R58957X,2100-01-01,2025-01-01
12.750897,79.998024,36014,Super Store Chennai Mahindra City ES44,603204,,chengalpattu,227374418,0,7J4XQX2X+962XC73,2100-01-01,2025-01-01
15.392078,73.80841,36024,Super Store Goa Vasco Da Gama ES11,403401,,goa,229603657,0,7J7M9RR5+R9M2M87,2100-01-01,2025-01-01
26.187506,78.22544,36026,Super Store Gwalior Govindpuri ES1,474002,,gwalior,227619679,0,7JRW56QG+25463GP,2100-01-01,2025-01-01
26.906784,75.70002,36028,Super Store Jaipur Rangoli Greens ES47,302039,,jaipur,226506314,0,7JRQWP42+P268P2X,2100-01-01,2025-01-01
22.319458,73.104774,36030,Super Store Vadodara Alkapuri ES9,390016,,vadodara,224145248,0,7JJM8493+QWJ9CCF,2100-01-01,2025-01-01
18.61654,73.73145,36032,Super Store Pune Punawale ES80,411033,,pune,222422410,0,7JCMJP8J+JH8,2026-07-29,2025-01-01
28.652073,77.307396,36034,Super Store Delhi Karkardooma ES267,201318,,delhi,229702738,0,7JWVM824+RXCWQC4,2100-01-01,2025-01-01
22.528893,88.34019,36036,Super Store Kolkata Alipore ES112,700037,,alipore,221051091,0,7MJCG8HR+H33Q8XH,2100-01-01,2025-01-01
26.777824,80.95405,36038,Super Store Lucknow Akash Enclave ES59,226005,,lucknow,223714189,0,7MR2QXH3+4JFVX3M,2100-01-01,2025-01-01
31.33415,75.559975,36040,Super Store Jalandhar Canal Road ES49,144001,,jalandhar,221605022,0,8J3Q8HM5+MX932VP,2100-01-01,2025-01-01
19.073076,72.9901,36044,Super Store Mumbai Vashi Sector 28 ES133,400703,,thane,229135531,0,7JFJ3XFR+62Q2G24,2026-07-29,2025-01-01
19.477207,72.8015,36046,Super Store Mumbai Virar North ES134,401201,,mumbai,223525546,0,7JFJFRG2+VJJ6J4H,2100-01-01,2025-01-01
28.414202,77.01366,36048,Super Store Gurgaon Sector 72 ES142,122101,,gurgaon,227138302,0,7JWVC277+MFM23VC,2100-01-01,2025-01-01
26.9232,75.8295,36052,Super Store Jaipur Shankar Nagar ES46,302002,,jaipur,226506314,0,7JRQWRFH+7QQ,2026-07-29,2025-01-01
29.877438,77.86046,36054,Super Store Roorkee Moja ES1,247667,,roorkee,221280153,0,7JXVVVG6+X5GGGVM,2100-01-01,2025-01-01
22.702316,75.83597,36056,Super Store Indore Gopur Square ES7,452012,,indore,228689270,0,7JJQPR2P+W9GQ79V,2100-01-01,2025-01-01
27.18067,77.9514,36058,Super Store Agra Ram Nagar ES7,282010,,agra,223877491,0,7JVV5XJ2+7H6X475,2100-01-01,2025-01-01
28.56402,77.07142,36060,Super Store Delhi Dwarka sector 8 ES282,110022,,delhi,229702738,0,7JWVH37C+JH3MRQ9,2100-01-01,2025-01-01
26.842842,75.830536,36062,Super Store Jaipur Malviya Nagar ES43,302042,,jaipur,226506314,0,7JRQRRVJ+46MJF76,2100-01-01,2025-01-01
26.874428,81.059166,36064,Super Store Lucknow Uttardhauna ES62,226006,,lucknow,223714189,0,7MR3V3F5+QMF2H2F,2100-01-01,2025-01-01
30.360332,78.04196,36066,Super Store Dehradun Rajpur Road ES11,248005,,dehradun,222029625,0,8J2W926R+4QP9C3G,2100-01-01,2025-01-01
28.607105,77.45149,36068,Super Store UP-NCR Noida Bhangel ES147,201318,,noida,225639721,0,7JWVJF42+RHX5V9R,2100-01-01,2025-01-01
28.612898,77.05223,36070,Super Store Delhi Dwarka Sector 3 ES269,110052,,delhi,229702738,0,7JWVJ372+5V5VPQ4,2100-01-01,2025-01-01
28.4501,77.2834,36072,Super Store Faridabad Green Field ES36,121010,,faridabad,223106950,0,7JWVF72M+29J,2026-07-29,2025-01-01
18.586237,73.87513,36074,Super Store Pune Tingre Nagar ES90,411014,,pune,222422410,0,7JCMHVPG+F3RC9F6,2100-01-01,2025-01-01
30.714138,76.83452,36076,Super Store Chandigarh Mani Majra ES44,160059,,chandigarh,224638299,0,8J2RPR7M+MR2GM9V,2100-01-01,2025-01-01
31.219585,75.76852,36078,Super Store Phagwara Hargobind Nagar ES46,144401,,phagwara,221349905,0,8J3Q6Q99+RCJ,2026-07-29,2025-01-01
31.282194,75.59171,36080,Super Store Jalandhar Heights ES50,144001,,jalandhar,221605022,0,8J3Q7HJR+VMGPXC7,2100-01-01,2025-01-01
23.054996,72.459785,36082,Super Store Ahmedabad Sindhu Bhawan 2 ES44,382345,,ahmedabad,225912447,0,7JMJ3F35+XWVRHH3,2100-01-01,2025-01-01
22.298819,73.16077,36084,Super Store Vadodara Tandalja ES7,390018,,vadodara,224145248,0,7JJM75X6+G8CPMR3,2100-01-01,2025-01-01
30.722319,76.70572,36086,Super Store Mohali Sector 60 ES42,160047,,mohali,227364413,0,8J2RPPC4+W7GQQ3J,2100-01-01,2025-01-01
12.985586,77.74079,36154,Super Store Bengaluru Hope Farm Whitefield ES148,562114,,bengaluru,225966022,0,7J4VXPPR+68MF72J,2100-01-01,2025-01-01
30.647165,76.87262,36189,Super Store Panchkula Sector 26 ES47,140604,,panchkula,222634616,0,8J2RJVWF+V29Q34H,2100-01-01,2026-03-26
13.084371,80.102005,36220,Super Store Chennai Avadi ES43,600040,,chennai,226774846,0,7M5234M2+PRRR644,2100-01-01,2025-01-01
12.926525,77.69035,36222,Super Store Bengaluru Adarsh Palm ES145,560037,,bengaluru,225966022,0,7J4VWMGR+J492559,2100-01-01,2025-01-01
17.738485,83.25899,36224,Super Store Visakhapatnam Parvathi Nagar ES6,530007,,visakhapatnam,228251945,0,7M95P7Q5+9HXG2J5,2100-01-01,2025-01-01
22.629148,88.430954,36226,Super Store Kolkata Mall Road ES118,700037,,kolkata,229248797,0,7MJCJCHJ+M94WCXR,2100-01-01,2025-01-01
17.771046,83.30837,36228,Super Store Visakhapatnam Seethammadara ES10,530016,,visakhapatnam,228251945,0,7M95Q8C5+C89X6HW,2100-01-01,2025-01-01
28.365858,77.32232,36230,Super Store Faridabad Sector 10 ES38,110044,,faridabad,223106950,0,7JWV988C+8WW7J23,2100-01-01,2025-01-01
9.968284,76.333755,36232,Super Store Kochi Tripunithura ES4,682015,,kochi,222868740,0,6JXRX89M+8G66R58,2100-01-01,2025-01-01
26.869669,75.760086,36253,Super Store Jaipur Triveni Nagar ES48,302013,,jaipur,226506314,0,7JRQVQ96+V28PW92,2100-01-01,2025-01-01
22.290272,70.79205,36255,Super Store Rajkot Trikonbaug ES1,360004,,rajkot,228275857,0,7JJG7QRR+4R3WGHV,2100-01-01,2025-01-01
19.298508,72.86632,36257,Super Store Mumbai Mira Road Ramdev Park ES129,400068,,mumbai,223525546,0,7JFJ7VX8+CG46P7X,2100-01-01,2025-01-01
25.608543,85.05032,36259,Super Store Patna Priyadarshi ES3,800024,,patna,225657296,0,7MQ7J352+C48MQVG,2100-01-01,2025-01-01
31.364992,75.56314,36261,Super Store Jalandhar Moti Nagar ES51,144002,,jalandhar,221605022,0,8J3Q9H77+X7RMHHP,2100-01-01,2025-01-01
19.219404,72.963806,36263,Super Store Mumbai Thane Manpada ES131,400066,,mumbai,223525546,0,7JFJ6X97+QG74QG6,2100-01-01,2025-01-01
28.540339,77.228,36267,Super Store Delhi Chirag Delhi ES283,110025,,delhi,229702738,0,7JWVG6RH+45QHR42,2100-01-01,2025-01-01
19.14874,72.84312,36269,Super Store Mumbai Ram Mandir ES127,400064,,mumbai,223525546,0,7JFJ4RXV+F6XQ22Q,2100-01-01,2025-01-01
29.38043,76.93529,36286,Super Store Panipat Model Town ES1,132108,,panipat,221317514,0,7JXR9WJP+54F65G7,2100-01-01,2025-01-01
18.455135,73.85617,36288,Super Store Pune Katraj ES97,411033,,pune,222422410,0,7JCMFV44+3F3F5J3,2100-01-01,2025-01-01
31.66464,74.90767,36290,Super Store Amritsar Friends Colony ES31,143006,,amritsar,227552331,0,8J3PMW75+V33FWWW,2100-01-01,2025-01-01
28.224487,77.064545,36292,Super Store Gurgaon Sohna 2 ES141,122012,,gurgaon,227138302,0,7JWV63F7+QRVGCJH,2100-01-01,2025-01-01
25.442001,81.82726,36294,Super Store Prayagraj Malviya Nagar ES2,211003,,prayagraj,227394327,0,7MQ3CRRG+RW234CC,2100-01-01,2025-01-01
21.077734,79.10923,36296,Super Store Nagpur Besa ES6,440025,,nagpur,228245816,0,7JHX34H5+3MX7X44,2100-01-01,2025-01-01
28.195938,76.83655,36298,Super Store Bhiwadi Ashiana Village ES8,301019,,bhiwadi,222406420,0,7JWR5RWP+9JFFQ73,2100-01-01,2025-01-01
26.84999,81.02258,36300,Super Store Lucknow Vineet Khand ES64,226012,,lucknow,223714189,0,7MR3R2XF+X2WP37F,2100-01-01,2025-01-01
28.58205,77.16738,36302,Super Store Delhi Moti Bagh ES286,110099,,delhi,229702738,0,7JWVH5J8+RXC2823,2100-01-01,2025-01-01
24.545458,73.680984,36304,Super Store Udaipur Gordhan Vilas ES1,313002,,udaipur,222452646,0,7JPMGMWJ+59Q8C8G,2100-01-01,2025-01-01
30.72806,76.73168,36306,Super Store Chandigarh Sector 41 ES53,160015,,chandigarh,224638299,0,8J2RPPHJ+6MF9RGW,2100-01-01,2025-01-01
10.026214,76.318436,36310,Super Store Kochi Edapally ES5,682030,,kochi,222868740,0,7J2R28G9+F9PCJ8M,2100-01-01,2025-01-01
22.6574,75.83597,36312,Super Store Indore Silicon City ES9,452012,,indore,228689270,0,7JJQMR4P+X9853Q3,2100-01-01,2025-01-01
26.901861,80.94776,36314,Super Store Lucknow Engineering College Rd ES61,226024,,lucknow,223714189,0,7MR2WW2X+P4RFG24,2100-01-01,2025-01-01
28.653746,77.02936,36319,Super Store Delhi New Razapurkhurd ES294,110015,,delhi,229702738,0,7JWVM23H+FPXV4M3,2100-01-01,2025-01-01
17.809256,83.35964,36321,Super Store Visakhapatnam Madurawada ES9,530009,,visakhapatnam,228251945,0,7M95R955+PV275CW,2100-01-01,2025-01-01
23.207064,77.477066,36323,Super Store Bhopal Awadhpuri ES7,462011,,bhopal,223762919,0,7JMV6F4G+RRGCMP7,2100-01-01,2025-01-01
29.018866,77.7681,36325,Super Store Meerut Ganga Nagar ES146,250001,,meerut,229503551,0,7JXV2Q99+G6XJ28H,2100-01-01,2025-01-01
23.189,77.43076,36327,Super Store Bhopal Sai Board ES10,462039,,bhopal,223762919,0,7JMV5CQJ+H8R,2026-07-29,2025-01-01
19.104527,72.8553,36329,Super Store Mumbai Vile Parle East ES135,400051,,mumbai,223525546,0,7JFJ4V34+R4742PX,2100-01-01,2025-01-01
22.746344,75.885345,36333,Super Store Indore Vijay Nagar ES10,452011,,indore,228689270,0,7JJQPVWP+G4QJM74,2100-01-01,2025-01-01
26.830868,81.006004,36335,Super Store Lucknow Gomti Nagar Extn ES63,226010,,lucknow,223714189,0,7MR3R2J4+8CRJHGH,2100-01-01,2025-01-01
23.19103,77.506065,36339,Super Store Bhopal Katara Hills ES8,462023,,bhopal,223762919,0,7JMV5GR4+CC82RX7,2100-01-01,2025-01-01
28.436651,77.05789,36341,Super Store Gurgaon Sector 39 ES143,122101,,gurgaon,227138302,0,7JWVC3P5+M5647Q6,2100-01-01,2025-01-01
25.600985,85.175514,36343,Super Store Patna Kankarbagh ES6,800001,,patna,225657296,0,7MQ7J52G+96R7V8C,2100-01-01,2025-01-01
22.862988,86.20295,36345,Super Store Jamshedpur Mango ES1,831019,,jamshedpur,223357421,0,7MJ8V673+55WFCMX,2100-01-01,2025-01-01
26.415047,80.34248,36347,Super Store Kanpur Shyam Nagar ES19,208027,,kanpur,223072848,0,7MR2C88R+2X9V898,2100-01-01,2025-01-01
24.601791,73.73367,36349,Super Store Udaipur Ganpati Nagar ES4,313001,,udaipur,222452646,0,7JPMJP2M+PF7P2X9,2100-01-01,2025-01-01
17.73328,83.34166,36351,Super Store Visakhapatnam Waltair Road ES11,530044,,visakhapatnam,228251945,0,7M95P8MR+8M764M6,2100-01-01,2025-01-01
26.956253,75.71824,36353,Super Store Jaipur Mayfair Heights ES49,302034,,jaipur,226506314,0,7JRQXP49+G754PCR,2100-01-01,2025-01-01
22.297695,73.20378,36355,Super Store Vadodara Sultanpura ES11,390001,,vadodara,224145248,0,7JJM76X3+3GFJVF4,2100-01-01,2025-01-01
28.565378,77.337135,36357,Super Store UP-NCR Noida Sector 18 ES151,110024,,noida,225639721,0,7JWVH88P+5V23FPV,2100-01-01,2025-01-01
19.999924,73.80183,36359,Super Store Nashik Mumbai Naka ES5,422003,,mumbai,223525546,0,7JFMXRX2+XP8VP45,2100-01-01,2025-01-01
24.554295,73.733894,36363,Super Store Udaipur Hiran Magri ES2,313001,,udaipur,222452646,0,7JPMHP3M+PH6PQVF,2100-01-01,2025-01-01
23.378405,85.322014,36365,Super Store Ranchi Lalpur ES6,834004,,ranchi,224316037,0,7MM798HC+9R64RRG,2100-01-01,2025-01-01
22.704695,88.35224,36367,Super Store Kolkata Konnagar ES122,700044,,kolkata,229248797,0,7MJCP932+VVHQRG4,2100-01-01,2025-01-01
25.600554,85.02787,36369,Super Store Patna Lekha Nagar ES4,801505,,patna,225657296,0,7MQ7J22H+64H5CVV,2100-01-01,2025-01-01
13.061927,80.23416,36371,Super Store Chennai Nungabakkam ES50,600040,,chennai,226774846,0,7M52366M+QMF27C8,2100-01-01,2025-01-01
13.066198,77.64325,36375,Super Store Bengaluru Narayanpura ES151,560048,,bengaluru,225966022,0,7J5V3J8V+F8CRM4P,2100-01-01,2025-01-01
12.899933,77.5844,36377,Super Store Bengaluru JP Nagar ES161,560078,,bengaluru,225966022,0,7J4VVHXM+XQC,2026-07-29,2025-01-01
25.207954,75.827835,36379,Super Store Kota Kunhadi ES9,324001,,kota,221423618,0,7JQQ6R5H+54P4VX7,2100-01-01,2025-01-01
25.471836,81.8442,36381,Super Store Prayagraj Civil Lines ES5,211002,,prayagraj,227394327,0,7MQ3FRCV+PMP,2026-07-29,2025-01-01
28.65568,77.18746,36383,Super Store Delhi Karol Bagh ES301,110005,,delhi,229702738,0,7JWVM54P+7XG4X8F,2100-01-01,2025-01-01
12.919105,77.620964,36385,Super Store Bengaluru Madiwala 8th Cross ES156,560098,,bengaluru,225966022,0,7J4VWJ9C+J9W5RC8,2100-01-01,2025-01-01
28.687595,77.15888,36387,Super Store Delhi Keshavpuram ES296,110063,,delhi,229702738,0,7JWVM5Q5+2HJJXJW,2100-01-01,2025-01-01
15.622213,73.824265,36389,Super Store Goa Mapusa ES10,403001,,goa,229603657,0,7J7MJRCF+VPJFP2X,2100-01-01,2025-01-01
25.623016,85.071,36418,Super Store Patna Rukanpura ES5,801505,,patna,225657296,0,7MQ7J3FC+6C2JC3R,2100-01-01,2025-01-01
22.81988,86.17916,36420,Super Store Jamshedpur Sonari ES5,831006,,jamshedpur,223357421,0,7MJ8R59H+XM32WX9,2100-01-01,2025-01-01
26.875713,80.87381,36422,Super Store Lucknow Balaganj ES65,226002,,lucknow,223714189,0,7MR2VVGF+7GMHHCC,2100-01-01,2025-01-01
28.624178,77.130035,36424,Super Store Delhi Naraina Phase 1 ES291,110086,,delhi,229702738,0,7JWVJ4FJ+M2F2QPH,2100-01-01,2025-01-01
28.649529,77.090096,36426,Super Store Delhi Vikaspuri ES300,110068,,delhi,229702738,0,7JWVJ3XR+R292J64,2100-01-01,2025-01-01
28.429764,77.1049,36428,Super Store Gurgaon Sector 56 ES144,122002,,gurgaon,227138302,0,7JWVC4H3+WX2GQ88,2100-01-01,2025-01-01
13.134806,80.22831,36430,Super Store Chennai Madhavaram ES51,600110,,chennai,226774846,0,7M5246MH+W8F,2026-07-29,2025-01-01
28.58721,77.32583,36432,Super Store UP-NCR Noida Sector 11 ES152,201306,,noida,225639721,0,7JWVH8PG+V8P7QXW,2100-01-01,2025-01-01
28.751581,77.09869,36451,Super Store Delhi Rohini Sector 17 ES302,110036,,delhi,229702738,0,7JWVQ32X+JFM99RW,2100-01-01,2025-01-01
28.50795,77.12353,36455,Super Store Delhi Rajokri ES308,110014,,delhi,229702738,0,7JWVG45F+5CCXWX4,2100-01-01,2025-01-01
19.203005,72.98734,36457,Super Store Mumbai Majiwada ES137,400060,,mumbai,223525546,0,7JFJ6X3P+6W52RCP,2100-01-01,2025-01-01
19.250263,73.146385,36459,Super Store Mumbai Kalyan Godrej Hill ES136,421506,,mumbai,223525546,0,7JFM742W+4H2FFMJ,2100-01-01,2025-01-01
18.517393,73.83379,36461,Super Store Pune FC Rd Shivaji Nagar ES108,411004,,pune,222422410,0,7JCMGR8M+XG3MP98,2026-07-29,2025-01-01
19.997023,73.75024,36463,Super Store Nashik Gangapur Road ES3,422213,,nashik,222080499,0,7JFMXQW2+R35,2026-07-29,2025-01-01
19.0291,73.07351,36465,Super Store Mumbai Kharghar Sector 7 ES139,400603,,panvel,226054644,0,7JFM23HF+JCJRWX3,2100-01-01,2025-01-01
22.493542,88.39423,36467,Super Store Kolkata Baghajatin ES121,700001,,kolkata,229248797,0,7MJCF9VV+CM9P2W4,2100-01-01,2025-01-01
25.44945,81.866394,36469,Super Store Prayagraj George Town ES4,211011,,prayagraj,227394327,0,7MQ3CVX8+QHCWRFH,2100-01-01,2025-01-01
13.050425,80.15661,36473,Super Store Chennai Virungambakkam ES47,600107,,chennai,226774846,0,7M523524+5J9VWQ8,2100-01-01,2025-01-01
12.921689,77.64753,36475,Super Store Bengaluru Agara Village ES158,560030,,bengaluru,225966022,0,7J4VWJCX+M2FCR7C,2100-01-01,2025-01-01
29.945276,78.06197,36477,Super Store Haridwar Green Township ES2,249407,,haridwar,228457542,0,7JXWW3W6+4Q9366C,2100-01-01,2025-01-01
30.90399,75.83843,36479,Super Store Ludhiana Gurdev Nagar ES54,141015,,ludhiana,224908432,0,8J2QWR3Q+H9VQ2CJ,2100-01-01,2025-01-01
28.493975,77.19246,36481,Super Store Delhi Maidangarhi ES295,110068,,delhi,229702738,0,7JWVF5VR+HXPWPV5,2100-01-01,2025-01-01
22.28779,70.781296,36483,Super Store Rajkot KKV Chowk ES4,360001,,rajkot,228275857,0,7JJG7QQJ+4G7P22G,2100-01-01,2025-01-01
19.12038,72.84416,36517,Super Store Mumbai Andheri West Juhu ES144,400033,,mumbai,223525546,0,7JFJ4RCV+5M365FW,2100-01-01,2025-01-01
19.174513,72.86867,36519,Super Store Mumbai Dindoshi ES147,400066,,mumbai,223525546,0,7JFJ5VF9+RF3FH66,2100-01-01,2025-01-01
28.392473,76.99423,36521,Super Store Gurgaon Sector 70 ES145,122007,,gurgaon,227138302,0,7JWR9XRV+XMQWJ4G,2100-01-01,2025-01-01
28.41677,77.04854,36523,Super Store Gurgaon Sector 49 ES147,122002,,gurgaon,227138302,0,7JWVC28X+PC3V7V8,2100-01-01,2025-01-01
29.141747,75.734726,36525,Super Store Hisar Sector 13 ES1,125005,,hisar,228377754,0,7JXQ4PRM+MVXRHC4,2100-01-01,2025-01-01
12.921046,77.63319,36527,Super Store Bengaluru Koramangala Extn ES160,560011,,bengaluru,225966022,0,7J4VWJCM+C78R69F,2100-01-01,2025-01-01
30.750315,76.60941,36529,Super Store Kharar GBP Crest ES55,140901,,kharar,223165075,0,8J2RQJ25+4QFJ38W,2100-01-01,2025-01-01
22.519287,88.38909,36531,Super Store Kolkata Ruby ES126,712311,,kolkata,229248797,0,7MJCG99Q+PJ8HH82,2100-01-01,2025-01-01
12.924933,77.5094,36535,Super Store Bengaluru Prestige Bagmane ES164,560098,,bengaluru,225966022,0,7J4VWGF5+XQC,2026-07-29,2025-01-01
30.075,78.28333,36550,Super Store Rishikesh Pragati Vihar ES1,249201,,rishikesh,227625017,0,8J2W37GM+284,2026-07-29,2025-01-01
17.437216,78.3543,36552,Super Store Hyderabad TNGO Colony ES99,500067,,hyderabad,227188707,0,7J9WC9P3+VPMP3F5,2100-01-01,2025-01-01
22.479668,88.35065,36554,Super Store Kolkata Netaji Nagar ES138,711107,,kolkata,229248797,0,7MJCF9H2+V76PQ6G,2100-01-01,2025-01-01
21.180908,72.740295,36588,Super Store Surat Adajan Pal ES7,394510,,surat,225663524,0,7JHJ5PJR+9477QP4,2100-01-01,2025-01-01
10.021264,76.35768,36590,Super Store Kochi Info Park ES6,682033,,kochi,222868740,0,7J2R29C5+G33GXGF,2100-01-01,2025-01-01
17.669897,83.21195,36592,Super Store Visakhapatnam Gajuwaka ES12,530046,,visakhapatnam,228251945,0,7M95M696+XQ4WFRF,2100-01-01,2025-01-01
16.327887,80.45131,36594,Super Store Guntur Gorantla ES2,522003,,guntur,225564073,0,7M828FH2+5G4C6MR,2100-01-01,2025-01-01
17.764158,83.3587,36596,Super Store Visakhapatnam Yendada ES13,530041,,visakhapatnam,228251945,0,7M95Q975+MF88M5P,2100-01-01,2025-01-01
19.243483,73.14214,36598,Super Store Mumbai Kalyan Chikanghar ES149,421301,,mumbai,223525546,0,7JFM64VR+9VR8HJ3,2100-01-01,2025-01-01
30.644709,76.788475,36600,Super Store Zirakpur Bir Chatt ES58,160002,,zirakpur,223271982,0,8J2RJQVQ+V9Q6MVJ,2100-01-01,2025-01-01
12.993196,80.2556,36602,Super Store Chennai Thiruvanmiyur ES55,600077,,chennai,226774846,0,7M42X7V4+76HR599,2100-01-01,2025-01-01
30.696323,76.754776,36604,Super Store Mohali Sector 65A ES57,160003,,mohali,227364413,0,8J2RMQW3+GWCWQG7,2100-01-01,2025-01-01
23.111814,72.50104,36638,Super Store Ahmedabad Science City Sola ES49,382345,,ahmedabad,225912447,0,7JMJ4G62+PCFCQM4,2100-01-01,2025-01-01
30.358654,78.10869,36640,Super Store Dehradun Nagal ES10,248012,,dehradun,222029625,0,8J2W9455+FF82RJW,2100-01-01,2025-01-01
22.671127,88.45569,36674,Super Store Kolkata Ganganagar ES131,700132,,kolkata,229248797,0,7MJCMFC4+F742P7H,2100-01-01,2025-01-01
22.262129,73.19617,36676,Super Store Vadodara Manjalpur ES8,390025,,vadodara,224145248,0,7JJM756W+VF33X32,2100-01-01,2025-01-01
23.155666,77.40577,36678,Super Store Bhopal Kolar Road ES9,462042,,bhopal,223762919,0,7JMV5C44+786,2026-07-29,2025-01-01
22.563482,72.91653,36680,Super Store Anand Vallabh Vidyanagar ES1,388345,,anand,229759509,0,7JJJHW78+9JR9FGV,2100-01-01,2025-01-01
19.967106,73.78092,36682,Super Store Nashik Sonawane ES2,422010,,nashik,222080499,0,7JFMXQ8J+R9V7993,2100-01-01,2025-01-01
26.813765,80.94231,36688,Super Store Lucknow Alambagh ES66,226016,,lucknow,223714189,0,7MR2RW7R+GW3Q2F5,2100-01-01,2025-01-01
28.667183,77.26821,36690,Super Store Delhi Jheel Khurenja ES306,110041,,delhi,229702738,0,7JWVM789+V7G9CHV,2100-01-01,2025-01-01
10.998193,77.002495,36692,Super Store Coimbatore Maskalipalayam ES4,641012,,coimbatore,225281991,0,7J2VX2X2+7XHPHH6,2100-01-01,2025-01-01
22.816473,86.204,36726,Super Store Jamshedpur Sakchi ES4,831004,,jamshedpur,223357421,0,7MJ8R683+HJJRCW5,2100-01-01,2025-01-01
19.187267,72.819565,36728,Super Store Mumbai Jankalyan Nagar ES146,400095,,mumbai,223525546,0,7JFJ5RP9+WR3QHMG,2100-01-01,2025-01-01
12.895626,77.69484,36730,Super Store Bengaluru Doddakannelli ES154,560036,,bengaluru,225966022,0,7J4VVMWV+7W45772,2100-01-01,2025-01-01
28.677763,77.35549,36766,Super Store UP-NCR Rajendra Nagar ES161,201005,,ghaziabad,229764213,0,7JWVM9H4+455,2026-07-29,2025-01-01
26.275688,72.95994,36768,Super Store Jodhpur Baldeo Nagar ES3,342008,,jodhpur,227342754,0,7JRJ7XG5+7XG,2026-07-29,2025-01-01
27.504545,77.651726,36770,Super Store Mathura Goverdhan Crossing ES2,281004,,mathura,224572875,0,7JVVGM32+RM9,2026-07-29,2025-01-01
30.795294,76.69991,36772,Super Store New Chandigarh Mulanpur ES56,140901,,chandigarh,224638299,0,8J2RQMWX+4X7JW59,2100-01-01,2025-01-01
30.306332,78.01034,36774,Super Store Dehradun ITBP Road ES14,248171,,dehradun,222029625,0,8J2W8246+G4P85MC,2100-01-01,2025-01-01
28.571167,77.212,36776,Super Store Delhi South Extn ES312,110023,,delhi,229702738,0,7JWVH6C6+FQ9,2026-07-29,2025-01-01
28.598034,77.1992,36778,Super Store Delhi Malcha Marg ES303,110045,,delhi,229702738,0,7JWVH5XX+6M87WC5,2100-01-01,2025-01-01
28.631077,77.28723,36782,Super Store Delhi Sakarpur ES271,110032,,delhi,229702738,0,7JWVJ7JP+CVQ39RQ,2100-01-01,2025-01-01
27.215635,77.95184,36784,Super Store Agra Uma Kunj ES9,282006,,agra,223877491,0,7JVV6X82+7P5C72W,2100-01-01,2025-01-01
12.858957,77.639175,36818,Super Store Bengaluru Manipal County 2 ES152,560100,,bengaluru,225966022,0,7J4VVJ5Q+HMM8H5C,2100-01-01,2025-01-01
23.07444,72.52851,36852,Super Store Ahmedabad Chanakyapuri ES54,380028,,ahmedabad,225912447,0,7JMJ3GFH+QCCM3PC,2100-01-01,2025-01-01
22.643902,88.34725,36854,Super Store Kolkata Belur ES134,711109,,howrah,223312066,0,7MJCJ8VW+HW62667,2100-01-01,2025-01-01
18.46621,73.90872,36856,Super Store Pune Mohammedwadi ES110,411047,,pune,222422410,0,7JCMFW85+FFQ6PQ5,2100-01-01,2025-01-01
19.212694,72.85308,36858,Super Store Mumbai Kandivali West ES128,400063,,mumbai,223525546,0,7JFJ6V73+36GPR5V,2100-01-01,2025-01-01
17.372068,78.46794,36860,Super Store Hyderabad Charminar ES112,500114,,hyderabad,227188707,0,7J9W9FC9+R5GJP6W,2100-01-01,2025-01-01
23.043026,72.665535,36862,Super Store Ahmedabad Nikol Naroda ES53,380009,,ahmedabad,225912447,0,7JMJ2MV8+667256P,2100-01-01,2025-01-01
28.5742,77.3804,36864,Super Store UP-NCR Noida Sector 75 ES148,201316,,noida,225639721,0,7JWVH9FJ+M5C,2026-07-29,2025-01-01
21.119297,79.0707,36866,Super Store Nagpur Vivekanand ES7,440015,,nagpur,228245816,0,7JHX439C+P78,2026-07-29,2025-01-01
22.579294,72.97157,36868,Super Store Anand Indira Gandhi Marg ES2,388120,,anand,229759509,0,7JJJHXHC+PJ8MW2V,2100-01-01,2025-01-01
17.473845,78.38539,36870,Super Store Hyderabad Ashvita KPHB ES100,500085,,hyderabad,227188707,0,7J9WF9FP+G5JW24C,2100-01-01,2025-01-01
17.432457,78.35968,36872,Super Store Hyderabad Gachibowli ES98,500114,,hyderabad,227188707,0,7J9WC9J5+XVM977R,2100-01-01,2025-01-01
18.551723,73.78409,36906,Super Store Pune Baner ES117,411023,,pune,222422410,0,7JCMHQ2M+MJPXP88,2100-01-01,2025-01-01
28.555489,77.28936,36908,Super Store Delhi Jamia ES284,121012,,delhi,229702738,0,7JWVH74Q+5PXGCPW,2100-01-01,2025-01-01
26.239977,72.95329,36910,Super Store Jodhpur Pal Village ES4,342014,,jodhpur,227342754,0,7JRJ6XQ3+X8V36Q2,2026-07-29,2025-01-01
19.127762,73.01316,36912,Super Store Mumbai Ghansoli ES150,400076,,mumbai,223525546,0,7JFM42H7+473CC9C,2100-01-01,2025-01-01
28.437637,77.33286,36946,Super Store Faridabad Sector 29 ES148,121013,,faridabad,223106950,0,7JWVC8QM+345G7WP,2100-01-01,2025-01-01
24.57582,73.68147,36980,Super Store Udaipur Malla Talai ES6,313001,,udaipur,222452646,0,7JPMHMGJ+8HHR54C,2100-01-01,2025-01-01
28.690125,77.10411,37014,Super Store Delhi Pushpanjali Enclave ES310,110018,,delhi,229702738,0,7JWVM4R3+3J5446X,2100-01-01,2025-01-01
25.37292,82.94047,37016,Super Store Varanasi Shivpur Bypass ES6,221002,,varanasi,227297401,0,7MQ49WFR+558QPXJ,2026-07-29,2025-01-01
21.269062,81.675186,37018,Super Store Raipur Adarsh Nagar ES4,493332,,raipur,222731525,0,7MH37M9G+J3FW,2026-07-29,2025-01-01
16.984818,82.24773,37020,Super Store Kakinada Jayendra Nagar ES1,533005,,kakinada,223478144,0,7M84X6MX+W3HMJF7,2100-01-01,2025-01-01
12.955334,80.216,37022,Super Store Chennai Perungudi ES57,600100,,chennai,226774846,0,7M42X648+4CJ,2026-07-29,2025-01-01
22.717712,88.3241,37024,Super Store Kolkata Serampore ES132,743144,,kolkata,229248797,0,7MJCP89F+3JQCC2J,2100-01-01,2026-03-26
28.576385,77.23975,37026,Super Store Delhi Lajpat Nagar ES304,201014,,delhi,229702738,0,7JWVH6GQ+HW26WXP,2100-01-01,2025-01-01
27.006386,75.77136,37028,Super Store Jaipur Jamunapuri ES54,302039,,jaipur,226506314,0,7JVQ2Q4C+HG5G658,2100-01-01,2025-01-01
26.836407,75.71654,37030,Super Store Jaipur Jaisinghpura ES51,302017,,jaipur,226506314,0,7JRQRPP8+HJ767VW,2100-01-01,2025-01-01
19.268951,72.870964,37032,Super Store Mumbai Mira Road East ES132,400615,,mumbai,223525546,0,7JFJ7V9C+H9P579G,2100-01-01,2025-01-01
28.494642,77.29182,37066,Super Store Faridabad Charmswood ES39,110068,,faridabad,223106950,0,7JWVF7VR+VP4J7XV,2100-01-01,2025-01-01
30.91699,75.87548,37068,Super Store Ludhiana Naulakha Road ES61,141008,,ludhiana,224908432,0,8J2QWV8G+Q5XFXJ5,2100-01-01,2025-01-01
18.983795,72.83243,37070,Super Store Mumbai Agripada ES157,400078,,mumbai,223525546,0,7JCJXRMJ+GX7QRJX,2100-01-01,2025-01-01
18.752354,73.40758,37076,Super Store Lonavala Tungarli ES1,410401,,lonavala,222939572,0,7JCMQC25+W2W3GX5,2100-01-01,2025-01-01
18.552975,73.83027,37078,Super Store Pune Bopodi ES109,412308,,pune,222422410,0,7JCMHR3J+54JWQJV,2100-01-01,2025-01-01
31.250109,75.69441,37080,Super Store Phagwara Law Gate ES62,144005,,phagwara,221349905,0,8J3Q7M2V+2QV6PJ3,2100-01-01,2025-01-01
31.30545,75.596344,37082,Super Store Jalandhar Choti Baradari ES59,144005,,jalandhar,221605022,0,8J3Q8H4W+5GHRRQV,2100-01-01,2025-01-01
26.745827,83.35709,37084,Super Store Gorakhpur Bauxipur ES1,273013,,gorakhpur,221021903,0,7MR5P9W4+8RP5975,2100-01-01,2025-01-01
12.855609,80.175964,37086,Super Store Chennai Mambakkam ES60,600059,,chennai,226774846,0,7M42V54G+69W9MRX,2100-01-01,2025-01-01
17.362436,78.529366,37088,Super Store Hyderabad Kothapet ES111,500048,,hyderabad,227188707,0,7J9W9G6H+XPHHC5F,2100-01-01,2025-01-01
18.966585,72.82701,37122,Super Store Mumbai Tardeo ES141,400049,,mumbai,223525546,0,7JCJXR8G+JRJF22F,2100-01-01,2025-01-01
21.247652,72.87137,37124,Super Store Surat Mota Varachha ES5,395004,,surat,225663524,0,7JHJ6VXC+3G956V9,2100-01-01,2025-01-01
13.106842,80.15429,37126,Super Store Chennai Venkatapuram ES61,600040,,chennai,226774846,0,7M524543+PPMJH85,2100-01-01,2025-01-01
12.328893,76.61178,37128,Super Store Mysore Vijay Nagar ES4,570004,,mysore,222187563,0,7J4R8JH6+HP2QP5G,2100-01-01,2025-01-01
30.39716,78.081856,37162,Super Store Dehradun Musoorie Road ES9,248001,,dehradun,222029625,0,8J2W93WJ+VP97JQR,2100-01-01,2025-01-01
12.8220005,80.191,37164,Super Store Chennai Siruseri ES49,603103,,chennai,226774846,0,7M42R5CR+RC2,2026-07-29,2025-01-01
21.231083,72.82046,37166,Super Store Surat Katargram ES10,395009,,surat,225663524,0,7JHJ6RJC+C5P8Q2X,2100-01-01,2025-01-01
18.56934,73.768105,37168,Super Store Pune Balewadi ES111,411052,,pune,222422410,0,7JCMHQ99+P6QM2GG,2100-01-01,2025-01-01
12.978977,77.50844,37170,Super Store Bengaluru Mallathalli Lake ES168,560026,,bengaluru,225966022,0,7J4VXGH5+H9V5G57,2100-01-01,2025-01-01
21.2371,81.64731,37172,Super Store Raipur Civil lines ES2,492001,,raipur,222731525,0,7MH36JPW+RWMXRRH,2100-01-01,2025-01-01
12.966366,77.64203,37208,Super Store Bengaluru Thippasandra ES173,560102,,bengaluru,225966022,0,7J4VXJ8R+GRRQ5MV,2100-01-01,2025-01-01
18.598,73.95617,37210,Super Store Pune Alpha Homes ES113,410501,,pune,222422410,0,7JCMHXX4+5FVVJX2,2100-01-01,2025-01-01
27.974371,76.40852,37244,Super Store Alwar Neemrana ES10,301705,,alwar,227854785,0,7JVRXCF5+PCR,2026-07-29,2025-01-01
19.182964,72.86554,37246,Super Store Mumbai Goregaon East Churiwadi ES152,400079,,mumbai,223525546,0,7JFJ5VM8+56MCX7F,2100-01-01,2025-01-01
28.597565,77.41177,37280,Super Store UP-NCR Noida Sector 122 ES158,201309,,noida,225639721,0,7JWVHCX6+2PCHJXJ,2100-01-01,2025-01-01
22.698013,88.384766,37282,Super Store Kolkata Sodepur ES135,711204,,kolkata,229248797,0,7MJCM9XM+6W2FGPP,2100-01-01,2025-01-01
18.633066,73.87134,37284,Super Store Pune Dighi ES122,412105,,pune,222422410,0,7JCMJVMC+6GGQ7JJ,2100-01-01,2025-01-01
23.33062,85.30652,37286,Super Store Ranchi Doranda ES4,834011,,ranchi,224316037,0,7MM788J4+6JRW3GM,2100-01-01,2025-01-01
28.641163,77.414085,37288,Super Store UP-NCR Noida Rani Laxmi Bai ES149,201012,,noida,225639721,0,7JWVJCR7+FJ8HM33,2100-01-01,2025-01-01
29.907944,78.107895,37290,Super Store Haridwar Durga Chowk ES3,249403,,haridwar,228457542,0,7JXWW455+55CPWP3,2026-07-29,2025-01-01
26.757484,75.89115,37292,Super Store Jaipur Ramchandrapura ES56,302022,,jaipur,226506314,0,7JRQQV4R+XFRG59W,2100-01-01,2025-01-01
13.318933,74.80988,37328,Super Store Manipal Vidyaratna Nagar ES1,576102,,manipal,221031882,0,7J5P8R95+HXC7FWV,2100-01-01,2025-01-01
12.892823,77.57358,37330,Super Store Bengaluru RBI Layout ES144,560072,,bengaluru,225966022,0,7J4VVHVF+4CGVHWX,2100-01-01,2025-01-01
12.861294,77.62929,37332,Super Store Bengaluru Yelenahalli Gate ES167,560011,,bengaluru,225966022,0,7J4VVJ6H+GP7JQ6R,2100-01-01,2025-01-01
28.823875,78.74644,37334,Super Store Moradabad Parashuram Chowk ES1,244105,,moradabad,228469992,0,7JWWRPFW+GHVXWXM,2100-01-01,2025-01-01
25.631008,85.09346,37336,Super Store Patna Keshari Nagar ES9,800024,,patna,225657296,0,7MQ7J3JV+C949J4H,2100-01-01,2025-01-01
20.959665,72.95183,37338,Super Store Navsari Lunsikui ES1,396450,,navsari,223132142,0,7JGJXX52+VP8P2MM,2100-01-01,2025-01-01
12.88129,74.833916,37340,Super Store Mangaluru Northern Sky Palm ES1,575013,,mangalore,226956622,0,7J4PVRJM+GH7CXWP,2100-01-01,2025-01-01
28.369886,79.4511,37342,Super Store Bareilly Pilibhit Bypass ES4,243006,,bareilly,226514847,0,7JWX9F92+XC5FC6G,2100-01-01,2025-01-01
32.744686,74.802185,37376,Super Store Jammu Akhnoor Road ES3,180002,,jammu,221204491,0,8J4PPRV2+VVF,2026-07-29,2025-01-01
32.69695,74.86964,37378,Super Store Jammu Trikuta Nagar ES1,180004,,jammu,221204491,0,8J4PMVW9+QVCVG7F,2100-01-01,2025-01-01
32.77298,74.80554,37380,Super Store Jammu Roopnagar ES2,181121,,jammu,221204491,0,8J4PQRF4+56V65QX,2026-07-29,2025-01-01
13.082512,77.5322,37414,Super Store Bengaluru Abbigere ES175,560034,,bengaluru,225966022,0,7J5V3GMJ+2V4GC84,2100-01-01,2025-01-01
30.793177,76.62075,37416,Super Store Kharar Nirwana Square One ES67,160022,,kharar,223165075,0,8J2RQJVC+77H59M3,2100-01-01,2025-01-01
12.943794,79.14074,37418,Super Store Vellore VIT ES1,632007,,vellore,221417632,0,7J4XW4VR+G79PX9Q,2100-01-01,2025-01-01
26.795904,83.37435,37420,Super Store Gorakhpur Medical Road ES2,273004,,gorakhpur,221021903,0,7MR5Q9WF+9P93RQF,2100-01-01,2025-01-01
12.306438,76.651596,37422,Super Store Mysore Kuvempunagar ES5,570004,,mysore,222187563,0,7J4R8M42+HJHCJ5G,2100-01-01,2025-01-01
13.0956335,77.49527,37424,Super Store Bengaluru Chikkabanavara ES178,560096,,bengaluru,225966022,0,7J5V3FWW+7428QQC,2100-01-01,2025-01-01
17.529732,78.3045,37426,Super Store Hyderabad Ramachandrapuram ES114,500018,,hyderabad,227188707,0,7J9WG8H3+VQX996C,2100-01-01,2025-01-01
21.18923,72.85237,37428,Super Store Surat Parvat Patiya ES9,395001,,surat,225663524,0,7JHJ5VQ2+MWX5RQV,2100-01-01,2025-01-01
13.112099,77.64059,37430,Super Store Bengaluru Northridge Thanisandra ES183,560026,,bengaluru,225966022,0,7J5V4J6R+R6PXMQF,2100-01-01,2025-01-01
19.050833,73.10059,37432,Super Store Mumbai Kalamboli ES156,400043,,panvel,226054644,0,7JFM3422+86Q6JJ4,2100-01-01,2025-01-01
21.122023,79.02563,37434,Super Store Nagpur Trimurti Nagar ES5,440025,,nagpur,228245816,0,7JHX42CG+R72RG5C,2100-01-01,2025-01-01
12.351354,76.651596,37470,Super Store Mysore Gokulam Extn ES6,570004,,mysore,222187563,0,7J4R9M22+GJX2JX8,2100-01-01,2025-01-01
19.010574,72.841194,37472,Super Store Mumbai Dadar East ES164,400070,,mumbai,223525546,0,7JFJ2R6R+6FGVR6J,2100-01-01,2025-01-01
17.384495,78.50184,37474,Super Store Hyderabad Moosarambagh ES117,500004,,hyderabad,227188707,0,7J9W9GM2+QPWQQRF,2100-01-01,2025-01-01
18.46827,73.915054,37476,Super Store Pune Undri ES118,411018,,pune,222422410,0,7JCMFW98+823PPMW,2100-01-01,2025-01-01
19.102549,72.889496,37478,Super Store Mumbai Saki Vihar Road ES158,400055,,mumbai,223525546,0,7JFJ4V3Q+2Q9XR84,2100-01-01,2025-01-01
19.116234,72.84944,37480,Super Store Mumbai Chakala Andheri ES162,400069,,mumbai,223525546,0,7JFJ4R8X+FQW6PR3,2100-01-01,2025-01-01
12.812692,77.66461,37516,Super Store Bengaluru E-City GM ES153,560105,,bengaluru,225966022,0,7J4VRM77+3RHP7QR,2100-01-01,2025-01-01
23.667234,86.162895,37550,Super Store Bokaro Chira Chas ES1,827010,,bokaro,222913779,0,7MM8M587+V5R8JWH,2100-01-01,2025-01-01
12.870616,77.524315,37584,Super Store Bengaluru Talghattapura ES155,560045,,bengaluru,225966022,0,7J4VVGCF+6PWJ745,2100-01-01,2025-01-01
28.692371,77.29326,37586,Super Store Delhi West Jyoti Nagar ES307,110083,,shahdara,224408818,0,7JWVM7RV+W8RR9GJ,2100-01-01,2025-01-01
28.63313,77.37072,37588,Super Store UP-NCR Orange County ES155,201002,,ghaziabad,229764213,0,7JWVJ9MC+7745XRQ,2100-01-01,2025-01-01
21.236488,81.68711,37622,Super Store Raipur Avanti Vihar ES3,492001,,raipur,222731525,0,7MH36MPP+HRXGCXP,2100-01-01,2025-01-01
21.258936,81.638466,37624,Super Store Raipur Devendra Nagar ES5,492014,,raipur,222731525,0,7MH37J5Q+H9GH92V,2100-01-01,2025-01-01
17.497765,78.33169,37626,Super Store Hyderabad Madeenaguda ES113,500050,,hyderabad,227188707,0,7J9WF8XJ+4M3HXM3,2100-01-01,2025-01-01
21.176758,81.28768,37628,Super Store Durg Adarsh Nagar ES1,491001,,durg,224730825,0,7MH357GQ+P339JCC,2100-01-01,2025-01-01
12.949613,77.61326,37630,Super Store Bengaluru Longford Town ES171,560058,,bengaluru,225966022,0,7J4VWJX7+R8RFF96,2100-01-01,2025-01-01
22.739103,88.457596,37632,Super Store Kolkata Nabapally ES140,700049,,kolkata,229248797,0,7MJCPFQ5+J2X2M9P,2100-01-01,2026-03-26
21.172693,79.069496,37634,Super Store Nagpur Mankapur ES10,440002,,nagpur,228245816,0,7JHX53F9+3QHQM3X,2100-01-01,2025-01-01
22.68824,88.490715,37636,Super Store Kolkata Madhyamgram ES119,700157,,kolkata,229248797,0,7MJCMFQR+77WQ23J,2100-01-01,2025-01-01
25.64177,85.06231,37670,Super Store Patna Gola Road ES10,800012,,patna,225657296,0,7MQ7J3R6+PW3X495,2100-01-01,2025-01-01
27.028784,75.90237,37672,Super Store Jaipur Kukas ES55,302039,,jaipur,226506314,0,7JVQ2WH2+GW98PF4,2100-01-01,2025-01-01
12.984708,77.597885,37674,Super Store  Bengaluru Vasanth Nagar ES198,560021,,bengaluru,225966022,0,7J4VXHMX+V5J7FCV,2100-01-01,2025-01-01
13.013841,77.58767,37676,Super Store Bengaluru RT Nagar ES177,560006,,bengaluru,225966022,0,7J5V2H7Q+G3MM3FG,2026-07-29,2025-01-01
30.715574,76.779976,37678,Super Store Chandigarh Sector 34 ES78,160036,,chandigarh,224638299,0,8J2RPQ8H+6XHRW9X,2100-01-01,2025-01-01
30.70569,76.67245,37680,Super Store Kharar Sector 117 ES79,160055,,kharar,223165075,0,8J2RPM4C+7XGFRFV,2100-01-01,2025-01-01
19.349554,72.84572,37682,Super Store Mumbai Naigaon East ES159,400067,,mumbai,223525546,0,7JFJ8RXW+R7G5MQX,2100-01-01,2025-01-01
17.41216,78.38815,37684,Super Store Hyderabad Manikonda ES118,500037,,hyderabad,227188707,0,7J9WC96Q+V76H7CW,2100-01-01,2025-01-01
26.904533,75.80183,37686,Super Store Jaipur Hathroi ES53,302018,,jaipur,226506314,0,7JRQWR32+RP87V2X,2100-01-01,2025-01-01
12.967409,77.7536,37688,Super Store Bengaluru Hagadur Whitefield ES169,560048,,bengaluru,225966022,0,7J4VXQ83+XC96XCV,2100-01-01,2025-01-01
12.959128,77.5582,37690,Super Store Bengaluru Chickpet ES182,560099,,bengaluru,225966022,0,7J4VXH55+M743M9G,2100-01-01,2025-01-01
19.186409,73.1963,37692,Super Store Mumbai Ambernath East ES161,410218,,mumbai,223525546,0,7JFM55PW+HG77QCR,2100-01-01,2025-01-01
26.485207,80.39718,37694,Super Store Kanpur Shuklaganj ES21,209861,,kanpur,223072848,0,7MR2F9PW+3VM8H2G,2100-01-01,2025-01-01
9.966688,76.28701,37696,Super Store Kochi Kadavanthra ES7,682016,,kochi,222868740,0,6JXRX78P+MRCFM52,2100-01-01,2025-01-01
18.506714,73.97355,37698,Super Store Pune Solapur Road ES121,411023,,pune,222422410,0,7JCMGX4F+MCMGP83,2100-01-01,2025-01-01
13.030586,80.19566,37700,Super Store Chennai Ramapuram ES58,600096,,chennai,226774846,0,7M5225JW+67MC7HQ,2100-01-01,2025-01-01
23.377388,85.35331,37734,Super Store Ranchi Bariatu ES5,834001,,ranchi,224316037,0,7MM799G3+X83HP62,2100-01-01,2025-01-01
30.763262,76.910065,37738,Super Store Panchkula Amravati ES75,134112,,panchkula,222634616,0,8J2RQW76+824CFGJ,2100-01-01,2025-01-01
28.684206,77.32299,37740,Super Store Delhi Dilshad Garden ES313,110084,,delhi,229702738,0,7JWVM8MF+M5Q84H8,2100-01-01,2025-01-01
22.838936,86.2462,37742,Super Store Jamshedpur Hayat Nagar ES6,831004,,jamshedpur,223357421,0,7MJ8R6QW+HFGF976,2100-01-01,2025-01-01
29.958525,77.54712,37748,Super Store Saharanpur Haqikatnagar ES1,247001,,saharanpur,225139122,0,7JXVXG5W+CR5,2026-07-29,2025-01-01
20.325958,85.81172,37750,Super Store Bhubaneshwar Niladri Vihar ES2,751012,,bhubaneswar,221906627,0,7MG78RG6+9MQ6QR8,2100-01-01,2025-01-01
27.87873,78.0817,37752,Super Store Aligarh Marris Road ES1,202001,,aligarh,229608073,0,7JVWV3HJ+FMW74H7,2100-01-01,2025-01-01
28.324972,79.4511,37754,Super Store Bareilly Rampur Garden ES3,243001,,bareilly,226514847,0,7JWX8FF2+XCQV6CP,2026-07-29,2025-01-01
26.91224,81.179016,37756,Super Store Barabanki Civil Lines ES1,225001,,barabanki,221822025,0,7MR3W56H+VJRGV53,2100-01-01,2025-01-01
29.447844,77.721634,37758,Super Store Muzaffarnagar Civil Lines ES1,251002,,muzaffarnagar,223788354,0,7JXVCPXC+4MJMJHJ,2100-01-01,2025-01-01
21.199211,81.3294,37760,Super Store Durg Gandhi Nagar ES2,491001,,durg,224730825,0,7MH358XH+MQJH779,2100-01-01,2025-01-01
21.73329,73.024734,37794,Super Store Bharuch Zadeshwar ES1,393002,,bharuch,229854841,0,7JHMP2MF+8V9GV4W,2100-01-01,2025-01-01
21.072437,79.06307,37796,Super Store Nagpur Manish Nagar ES8,440002,,nagpur,228245816,0,7JHX33C7+X6GFG63,2100-01-01,2025-01-01
26.723751,83.37522,37802,Super Store Gorakhpur Taramandal ES3,273008,,gorakhpur,221021903,0,7MR5P9FG+G3455V9,2100-01-01,2025-01-01
22.309998,70.78168,37804,Super Store Rajkot Ratyadhar Road ES5,360003,,rajkot,228275857,0,7JJG8Q5J+XMVXC67,2100-01-01,2025-01-01
23.21843,72.63593,37806,Super Store Ahmedabad Gandhinagar Sec 11 ES50,382475,,gandhinagar,229926774,0,7JMJ6J9P+99F5V8H,2100-01-01,2025-01-01
12.765857,77.642204,37808,Super Store Bengaluru Surya Nagar ES181,560087,,bengaluru,225966022,0,7J4VQJ8R+8VW87F6,2100-01-01,2025-01-01
19.233305,73.16881,37810,Super Store Mumbai Ulhasnagar ES155,421002,,mumbai,223525546,0,7JFM65M9+8GF92M3,2100-01-01,2025-01-01
28.619797,77.366974,37812,Super Store UP-NCR Noida Sector 62 ES162,201309,,noida,225639721,0,7JWVJ998+WQ9RFH3,2100-01-01,2025-01-01
19.142351,72.819565,37814,Super Store Mumbai Andheri RTO Road ES163,400095,,mumbai,223525546,0,7JFJ4RR9+WRV59VP,2100-01-01,2025-01-01
29.210587,79.526794,37816,Super Store Haldwani Mukhani ES1,263139,,haldwani,228915454,0,7JXX6G6G+6PMG6JC,2100-01-01,2025-01-01
29.224411,79.54412,37818,Super Store Haldwani Shiv Puri ES2,263126,,haldwani,228915454,0,7JXX6GFV+QJ9H3M7,2100-01-01,2025-01-01
25.48488,78.57697,37854,Super Store Jhansi Indripuri ES3,284128,,jhansi,222947506,0,7JQWFHMG+XQ565CC,2100-01-01,2025-01-01
25.438742,78.60984,37856,Super Store Jhansi Bundelkhand ES2,284135,,jhansi,222947506,0,7JQWCJQ5+FWWQ8P3,2100-01-01,2025-01-01
29.021431,79.40133,37860,Super Store Rudrapur Jagatpura ES2,263153,,rudrapur,227145128,0,7JXX2CC2+HGG8799,2100-01-01,2025-01-01
23.220448,87.8491,37862,Super Store Bardhaman Sripally ES1,713103,,bardhaman,228641727,0,7MM96RCX+5JHRCMH,2100-01-01,2025-01-01
26.296333,73.0395,37864,Super Store Jodhpur Mandor Road ES1,342006,,jodhpur,227342754,0,7JRM72WQ+GQQ,2026-07-29,2025-01-01
30.351942,76.81912,37866,Super Store Ambala Cantonment ES63,134003,,ambala,224293390,0,8J2R9R29+QJHQHVH,2100-01-01,2025-01-01
14.47928,75.89406,37868,Super Store Davanagere MCC B Block ES188,577006,,davanagere,228927273,0,7J6QFVHV+PJ794M2,2100-01-01,2025-01-01
28.479733,77.06751,37870,Super Store Gurgaon Sector 17 ES146,110016,,gurgaon,227138302,0,7JWVF3H9+V2R79RW,2100-01-01,2025-01-01
25.598804,85.11258,37874,Super Store Patna Boring Road ES7,800004,,patna,225657296,0,7MQ7H4X7+G2G4WRR,2100-01-01,2025-01-01
15.489607,73.87786,37876,Super Store Goa Kadamba ES17,403005,,goa,229603657,0,7J7MFVQH+R4X86C4,2100-01-01,2025-01-01
22.562996,88.29898,37910,Super Store Kolkata Shalimar ES130,700010,,kolkata,229248797,0,7MJCH77X+5HXV787,2100-01-01,2025-01-01
25.333673,82.9967,37912,Super Store Varanasi Kachahri ES5,221005,,varanasi,227297401,0,7MQ48XMW+FM8VP37,2100-01-01,2025-01-01
26.149786,91.78717,37914,Super Store Guwahati Tarun Nagar ES1,781008,,guwahati,225040125,0,7MRH4QXP+WV7F8VP,2100-01-01,2025-01-01
26.184938,91.763435,37916,Super Store Guwahati Chandmari ES2,781015,,guwahati,225040125,0,7MRH5QM7+X99J,2026-07-29,2025-01-01
18.982471,73.033714,37918,Super Store Mumbai Ulwe Wahal ES151,400088,,panvel,226054644,0,7JCMX2JM+XFPXC5W,2100-01-01,2025-01-01
22.318783,87.2941,37952,Super Store Kharagpur IIT Kharagpur ES1,721301,,kharagpur,222447932,0,7MJ9879V+GJ96HVR,2100-01-01,2025-01-01
19.231247,73.05381,37986,Super Store Mumbai Dombivli West ES143,400066,,mumbai,223525546,0,7JFM63J3+FGVX9FP,2100-01-01,2025-01-01
22.986967,72.46378,38022,Super Store Ahmedabad Applewoods Bopal ES41,380004,,ahmedabad,225912447,0,7JJJXFP7+QGMJG4P,2100-01-01,2025-01-01
26.860176,75.57113,38024,Super Store Jaipur Manipal University ES58,302042,,jaipur,226506314,0,7JRQVH6C+3FC2675,2100-01-01,2026-03-26
19.078993,73.0744,38026,Super Store Mumbai Kharghar Sector 35 ES154,421202,,panvel,226054644,0,7JFM33HF+HQRQJFH,2100-01-01,2025-01-01
22.70364,88.27045,38028,Super Store Kolkata Dankuni ES142,711109,,kolkata,229248797,0,7MJCP73C+F54M4JX,2100-01-01,2025-01-01
28.546167,77.237,38030,Super Store Delhi Greater Kailash ES311,110048,,delhi,229702738,0,7JWVG6WP+FQ9,2026-07-29,2025-01-01
18.428726,73.891106,38032,Super Store Pune Yewalewadi ES120,411030,,pune,222422410,0,7JCMCVHR+FCX3943,2100-01-01,2025-01-01
30.690735,76.72406,38034,Super Store Mohali SAS Nagar Phase 9 ES76,134113,,sas nagar,224549222,0,8J2RMPRF+7JW6RWH,2100-01-01,2025-01-01
31.287615,75.63708,38036,Super Store Jalandhar New Defence Colony ES81,144005,,jalandhar,221605022,0,8J3Q7JQP+2RWFWQ5,2026-07-29,2025-01-01
25.234196,75.88167,38038,Super Store Kota Model Town ES12,324001,,kota,221423618,0,7JQQ6VMJ+MMFMRQX,2026-07-29,2025-01-01
28.998966,79.35686,38040,Super Store Rudrapur Malik Colony ES1,263153,,kichha,225881303,0,7JWXX9X4+HPQM937,2100-01-01,2025-01-01
28.598291,77.38029,38042,Super Store UP-NCR Noida Sector 70 ES156,110019,,noida,225639721,0,7JWVH9XJ+847M678,2100-01-01,2025-01-01
10.823518,78.681,38044,Super Store Tiruchirappalli Thillai Nagar ES1,620018,,tiruchirappalli,229171421,0,7J2WRMFJ+CC2JCQ2,2100-01-01,2026-03-26
28.420506,77.07208,38078,Super Store Gurgaon Sushant Lok 3 ES149,110061,,gurgaon,227138302,0,7JWVC3CC+6R4869F,2100-01-01,2025-01-01
18.515398,73.89292,38080,Super Store Pune BT Kawade Rd ES124,411062,,pune,222422410,0,7JCMGV8V+553VGM2,2100-01-01,2025-01-01
15.428706,75.01501,38082,Super Store Dharwad Saptapur ES1,580029,,dharwad,224673658,0,7J7QC2H8+F2J68H6,2100-01-01,2025-01-01
12.932645,77.61941,38084,Super Store Bengaluru Ejipura Koramangala ES196,560017,,bengaluru,225966022,0,7J4VWJM9+3Q3R42H,2100-01-01,2025-01-01
17.002008,81.801605,38086,Super Store Rajahmundry Prakash Nagar ES1,533103,,rajahmundry,229226661,0,7M932R22+RJ57JJH,2100-01-01,2025-01-01
28.9919,77.06353,38087,Super Store Sonipat sector 8 ES3,131001,,sonipat,223608867,0,7JWVX3R7+QC2,2026-07-29,2025-01-01
22.883003,88.43291,38088,Super Store Kolkata Naihati ES139,743194,,kolkata,229248797,0,7MJCVCMM+6532P3C,2100-01-01,2026-03-26
26.508425,80.246315,38089,Super Store Kanpur IIT Kanpur ES20,208027,,kanpur,223072848,0,7MR2G65W+9G8RRF3,2100-01-01,2025-01-01
17.425367,78.63179,38090,Super Store Hyderabad Pocharam ES116,500098,,hyderabad,227188707,0,7J9WCJGJ+4PVJHX9,2100-01-01,2025-01-01
22.64491,88.46335,38091,Super Store Kolkata Siddha Town ES129,700129,,kolkata,229248797,0,7MJCJFV7+X89C857,2100-01-01,2025-01-01
28.532612,77.340645,38092,Super Store UP-NCR Noida Amity ES154,110091,,noida,225639721,0,7JWVG8MR+27RGF45,2100-01-01,2025-01-01
23.141146,79.92604,38102,Super Store Jabalpur Gupteshwar Nagar ES1,482001,,jabalpur,221933706,0,7JMX4WRG+FC3R94G,2100-01-01,2025-01-01
13.315681,74.72851,38104,Super Store Udupi UB Square ES1,576105,,udupi,224707893,0,7J5P8P8H+7CC786J,2100-01-01,2025-01-01
12.820305,80.02419,38106,Super Store Chennai Potheri ES65,600048,,chennai,226774846,0,7M42R2CF+4MG2WCR,2100-01-01,2025-01-01
20.33932,85.81829,38108,Super Store Bhubaneshwar Patia ES4,751015,,bhubaneswar,221906627,0,7MG78RQ9+P8FMJM8,2100-01-01,2025-01-01
30.776491,76.74697,38142,Super Store Chandigarh Dhanas ES82,160011,,chandigarh,224638299,0,8J2RQPGW+HQXJ7R2,2100-01-01,2025-01-01
30.945662,75.83296,38144,Super Store Ludhiana Gagandeep Colony ES80,141001,,ludhiana,224908432,0,8J2QWRWM+758H65W,2100-01-01,2025-01-01
13.230431,77.54922,38148,Super Store Bengaluru Provident Welworth ES157,562163,,bengaluru,225966022,0,7J5V6GJX+5MG956H,2100-01-01,2025-01-01
13.050542,77.47215,38150,Super Store Bengaluru Chikkabidrakallu ES165,560058,,bengaluru,225966022,0,7J5V3F2C+6V6QC95,2100-01-01,2025-01-01
28.634281,77.468544,38152,Super Store UP-NCR Lal Kuan Shahpur ES160,203207,,ghaziabad,229764213,0,7JWVJFM9+PC7776X,2100-01-01,2025-01-01
30.824453,76.741936,38186,Super Store New Chandigarh Ferozpur Banger ES60,160009,,chandigarh,224638299,0,8J2RRPFR+QQM5QM2,2100-01-01,2025-01-01
15.833365,74.51867,38188,Super Store Belgaum Tilakwadi ES1,590016,,belgaum,221156023,0,7J7PRGM9+8FVM5X6,2100-01-01,2025-01-01
22.6205,75.78488,38192,Super Store Indore Rau ES12,453331,,indore,228689270,0,7JJQJQCM+6X2,2026-07-29,2025-01-01
18.548288,73.941765,38194,Super Store Pune Thite Nagar ES127,411018,,pune,222422410,0,7JCMGWXR+8P6FHMC,2100-01-01,2025-01-01
19.175,72.96667,38196,Super Store Mumbai Mulund East ES169,400081,,mumbai,223525546,0,7JFJ5XF8+XMV,2026-07-29,2025-01-01
22.792538,75.85575,38198,Super Store Indore Bhawarsala ES11,453555,,indore,228689270,0,7JJQQVV4+286CCMR,2026-07-29,2025-01-01
21.170881,79.07743,38200,Super Store Nagpur Bezonbagh ES9,441111,,nagpur,228245816,0,7JHX53CG+9X389FQ,2100-01-01,2025-01-01
19.106216,72.92866,38202,Super Store Mumbai Kannamvar Nagar ES166,400070,,mumbai,223525546,0,7JFJ4W4H+FFJQ9C5,2100-01-01,2025-01-01
18.476446,73.94151,38204,Super Store Pune Handewadi Road ES129,411039,,pune,222422410,0,7JCMFWGR+HJCV796,2100-01-01,2025-01-01
15.8778,74.49359,38206,Super Store Belgaum Azam Nagar ES2,590006,,belgaum,221156023,0,7J7PVFHV+4CG5489,2100-01-01,2025-01-01
13.032898,77.61322,38208,Super Store Bengaluru Rashad Nagar ES194,560017,,bengaluru,225966022,0,7J5V2JM7+574XQ7Q,2100-01-01,2025-01-01
12.960837,77.70961,38210,Super Store Bengaluru Brookefield AECS Layout ES202,560087,,bengaluru,225966022,0,7J4VXP65+8RQF9RQ,2100-01-01,2025-01-01
12.895101,77.66601,38212,Super Store Bengaluru Haralur 2 ES193,560113,,bengaluru,225966022,0,7J4VVMW8+2CR33HH,2100-01-01,2025-01-01
25.446655,81.77486,38214,Super Store Prayagraj Sulem Sarai ES7,211006,,prayagraj,227394327,0,7MQ3CQWF+MW93VRF,2100-01-01,2025-01-01
25.288183,83.00525,38216,Super Store Varanasi Lanka ES7,221005,,varanasi,227297401,0,7MQ572Q4+73H9PMG,2100-01-01,2025-01-01
12.921005,77.56963,38218,Super Store Bengaluru Basavangudi 14th Cross ES186,560048,,bengaluru,225966022,0,7J4VWHC9+CV23VX5,2100-01-01,2025-01-01
28.646173,77.47861,38254,Super Store UP-NCR Aditya World City ES159,201013,,ghaziabad,229764213,0,7JWVJFWH+FC9VGPJ,2100-01-01,2025-01-01
15.467367,73.82132,38256,Super Store Goa Dona Paula ES15,403002,,goa,229603657,0,7J7MFR8C+WGWM6PC,2100-01-01,2025-01-01
22.579922,88.31146,38258,Super Store Kolkata Santragachi ES141,700149,,howrah,223312066,0,7MJCH8H6+XH8W9V5,2100-01-01,2025-01-01
12.862707,80.082,38260,Super Store Chennai Urapakkam ES64,603103,,chengalpattu,227374418,0,7M42V37J+3QQ9GM5,2100-01-01,2025-01-01
13.630268,79.41711,38262,Super Store Tirupati Tata Nagar ES1,517505,,tirupati,226376791,0,7J5XJCJ8+4R5MMHG,2100-01-01,2025-01-01
18.540405,73.79682,38264,Super Store Pune Pashan ES126,411021,,pune,222422410,0,7JCMGQRW+5P82WQH,2100-01-01,2025-01-01
23.178188,79.91144,38266,Super Store Jabalpur Vijay Nagar ES2,482001,,jabalpur,221933706,0,7JMX5WH6+7HG,2026-07-29,2025-01-01
28.480465,77.0222,38268,Super Store Gurgaon Sector 5 ES154,110061,,gurgaon,227138302,0,7JWVF2JC+5VPGRJJ,2100-01-01,2025-01-01
18.614948,73.91789,38270,Super Store Pune Pride World City ES125,411041,,pune,222422410,0,7JCMJW79+X5CVQ6F,2100-01-01,2025-01-01
17.433615,78.37535,38272,Super Store Hyderabad Telecom Nagar ES93,500072,,hyderabad,227188707,0,7J9WC9MG+C4XFVR6,2100-01-01,2025-01-01
19.177158,73.078896,38274,Super Store Mumbai Runwal Kalyan ES167,421202,,mumbai,223525546,0,7JFM53GH+VH68P87,2100-01-01,2025-01-01
12.985687,77.662186,38278,Super Store Bengaluru Pai Layout ES195,560093,,bengaluru,225966022,0,7J4VXMP6+7VF,2026-07-29,2025-01-01
12.911486,77.659096,38280,Super Store Bengaluru Fisherman's Warf Haralur ES170,560100,,bengaluru,225966022,0,7J4VWM65+HJXC3WV,2100-01-01,2025-01-01
12.955937,77.636314,38282,Super Store Bengaluru Domlur ES190,560071,,bengaluru,225966022,0,7J4VXJ4P+9GG,2026-07-29,2025-01-01
12.954892,77.59347,38284,Super Store Bengaluru Lakkasandra ES203,560030,,bengaluru,225966022,0,7J4VXH3V+X94QFGP,2026-07-29,2025-01-01
12.332125,76.685326,38286,Super Store Mysore Ansaar Hospital ES7,570019,,mysore,222187563,0,7J4R8MJP+R4WVXGG,2100-01-01,2025-01-01
20.259277,85.841064,38288,Super Store Bhubaneshwar Gautam Nagar ES5,751004,,bhubaneswar,221906627,0,7MG77R5R+PC82GFQ,2100-01-01,2025-01-01
25.316011,82.982414,38290,Super Store Varanasi Sigra ES8,221005,,varanasi,227297401,0,7MQ48X8J+CX3C85X,2100-01-01,2025-01-01
15.38795,75.104065,38324,Super Store Hubli Vidyanagar ES1,580001,,hubli,228597419,0,7J7Q94Q3+5JP226Q,2100-01-01,2025-01-01
12.90227,80.15497,38326,Super Store Chennai Rajakilpakkam ES52,600088,,chennai,226774846,0,7M42W523+WX4X549,2100-01-01,2025-01-01
28.578165,77.20552,38364,Super Store Delhi New Green Park ES298,122011,,delhi,229702738,0,7JWVH6H4+766GXMP,2100-01-01,2025-01-01
13.062234,80.26509,38366,Super Store Chennai Royapettah ES66,600102,,chennai,226774846,0,7M523768+V2W9W9Q,2100-01-01,2025-01-01
13.126131,80.2837,38368,Super Store Chennai Tondiarpet ES67,600009,,chennai,226774846,0,7M5247GM+FF474R9,2100-01-01,2025-01-01
30.861649,75.77782,38370,Super Store Ludhiana Palam Vihar ES66,141008,,ludhiana,224908432,0,8J2QVQ6H+M44RPHC,2100-01-01,2025-01-01
28.931719,77.732414,38404,Super Store Meerut Jagriti Vihar ES165,250002,,meerut,229503551,0,7JWVWPJJ+MXMMJ7M,2100-01-01,2025-01-01
10.541638,76.19286,38405,Super Store Thrissur Punkunnam ES1,680002,,thrissur,221282123,0,7J2RG5RV+M45GPV3,2100-01-01,2025-01-01
9.943349,78.09657,38406,Super Store Madurai SS Colony ES2,625003,,madurai,223901554,0,6JXWW3VW+8JPRQFW,2100-01-01,2025-01-01
26.201962,78.181274,38407,Super Store Gwalior Kushal Nagar ES4,474002,,gwalior,227619679,0,7JRW652J+QGJHC5C,2100-01-01,2025-01-01
23.228312,72.63692,38408,Super Store Ahmedabad Vavol ES55,382016,,gandhinagar,229926774,0,7JMJ6JHP+8QFFHC2,2100-01-01,2025-01-01
19.06769,73.10364,38409,Super Store Mumbai Taloja Phase 2 ES168,410210,,panvel,226054644,0,7JFM3493+3FCM375,2100-01-01,2025-01-01
15.329062,75.136566,38410,Super Store Hubli Keshwapur ES2,580024,,hubli,228597419,0,7J7Q84HP+JJG,2026-07-29,2025-01-01
28.49721,77.4045,38450,Super Store UP-NCR Noida Sector 168 ES163,201009,,noida,225639721,0,7JWVFCW3+VRJ6WR3,2100-01-01,2025-01-01
11.3367605,77.702286,38452,Super Store Erode Sampath Nagar ES3,638011,,erode,225879566,0,7J3V8PP2+PW3C274,2100-01-01,2025-01-01
17.31985,76.8758,38454,Super Store Gulbarga Dargah Road ES3,585101,,gulbarga,222673343,0,7J9R8V9G+W8V45VF,2100-01-01,2025-01-01
29.973995,76.90196,38456,Super Store Kurukshetra Pipli Road ES4,136131,,kurukshetra,223109986,0,7JXRXWF2+HQWQW87,2100-01-01,2025-01-01
30.14612,77.28756,38458,Super Store Yamunanagar Gaba Hospital ES5,135002,,yamunanagar,229746706,0,8J2V47WQ+C2VX593,2100-01-01,2025-01-01
19.965843,79.26249,38460,Super Store Chandrapur Civil Line ES1,442403,,chandrapur,222552019,0,7JFXX786+8XQQC7V,2100-01-01,2025-01-01
30.370687,77.970184,38464,Super Store Dehradun UPES Kandoli ES15,248007,,vikasnagar,225867792,0,8J2V9XCC+739,2026-07-29,2025-01-01
16.740606,74.24728,38466,Super Store Kolhapur Tarabai Park ES2,416006,,kolhapur,222949036,0,7J8PP6RW+6WR9G3C,2100-01-01,2025-01-01
16.306337,80.4014,38468,Super Store Guntur Stambala Garuvu ES3,522006,,guntur,225564073,0,7M828C42+GHJGH74,2026-07-29,2025-01-01
23.084438,72.59669,38470,Super Store Ahmedabad Motera 2 ES56,380005,,ahmedabad,225912447,0,7JMJ3HMW+QMF,2026-07-29,2025-01-01
17.507595,78.41044,38474,Super Store Hyderabad HMT Hills ES120,500114,,hyderabad,227188707,0,7J9WGC56+25PR4R7,2100-01-01,2025-01-01
14.4272175,80.01544,38476,Super Store Nellore Ramalinga Puram ES2,524001,,nellore,223984099,0,7M62C2G8+V5PJGFQ,2100-01-01,2025-01-01
30.182377,74.946495,38478,Super Store Bathinda Multania Road ES83,151001,,bathinda,224177564,0,8J2P5WJW+XH556P8,2100-01-01,2025-01-01
9.604951,76.58011,38514,Super Store Kottayam Collectorate ES3,686016,,kottayam,229434338,0,6JXRJH3J+X2Q35QH,2100-01-01,2025-01-01
13.913514,75.58781,38516,Super Store Shimoga Durgigudi ES4,577203,,durgigudi,229019262,0,7J5QWH7Q+C43HW92,2100-01-01,2025-01-01
27.558168,77.67891,38518,Super Store Vrindavan Chaitanya Vihar ES1,281121,,vrindavan,225103568,0,7JVVHM5H+7H7JP4H,2100-01-01,2025-01-01
26.221739,73.02734,38520,Super Store Jodhpur Basni ES5,342014,,jodhpur,227342754,0,7JRM62CG+MWXCJC4,2100-01-01,2025-01-01
19.157976,72.873726,38524,Super Store Mumbai Aarey Colony ES178,400053,,mumbai,223525546,0,7JFJ5V5F+5FX24V2,2100-01-01,2025-01-01
30.667643,76.69676,38526,Super Store Mohali Sector 88 ES84,160055,,mohali,227364413,0,8J2RMM9W+3P2MFCJ,2100-01-01,2025-01-01
26.223814,81.226135,38528,Super Store Raebareli Centroid ES1,229001,,raebareli,224159084,0,7MR366FG+GFCFMPG,2100-01-01,2025-01-01
17.921814,77.52181,38596,Super Store Bidar Devi Nagar ES5,585401,,bidar,228122211,0,7J9VWGCC+PPGCRC3,2100-01-01,2025-01-01
15.169244,76.94702,38598,Super Store Ballari Bhagat Singh Nagar ES6,583101,,ballari,224254616,0,7J7R5W9W+MRRPX36,2100-01-01,2025-01-01
12.978594,77.76897,38600,Super Store Bengaluru Channasandra ES200,560102,,bengaluru,225966022,0,7J4VXQH9+CHPQX4P,2100-01-01,2025-01-01
18.657888,73.890945,38602,Super Store Pune Chowsiwadi Alandi ES130,411057,,pune,222422410,0,7JCMMV5R+594FR62,2100-01-01,2025-01-01
23.039015,72.53813,38604,Super Store Ahmedabad Memnagar ES58,380027,,ahmedabad,225912447,0,7JMJ2GQQ+J72J544,2100-01-01,2025-01-01
11.257206,75.790924,38606,Super Store Kozhikode Nadakkavu ES2,673004,,kozhikode,229552144,0,7J3Q7Q4R+V9M83MH,2100-01-01,2025-01-01
28.337553,77.320305,38608,Super Store Faridabad Arjun Vatika ES40,121006,,faridabad,223106950,0,7JWV88QC+24F5J9R,2100-01-01,2025-01-01
28.72065,77.29296,38610,Super Store UP-NCR Indra Enclave ES167,201019,,delhi,229702738,0,7JWVP7CV+754WX8P,2100-01-01,2025-01-01
17.533312,78.43319,38612,Super Store Hyderabad Gajularamaram ES122,500055,,hyderabad,227188707,0,7J9WGCMM+87G,2026-07-29,2025-01-01
17.503458,78.48426,38646,Super Store Hyderabad Alwal ES119,501401,,hyderabad,227188707,0,7J9WGF3M+9PJ7GJ3,2100-01-01,2025-01-01
13.128187,77.55919,38682,Super Store Bengaluru New City Yelahanka ES187,560119,,bengaluru,225966022,0,7J5V4HH5+7MG,2026-07-29,2025-01-01
23.814732,86.47205,38716,Super Store Dhanbad Saraidhella ES1,826007,,dhanbad,223567019,0,7MM8RF7C+VRV8822,2100-01-01,2025-01-01
22.440022,88.433876,38720,Super Store Kolkata Sonarpur ES144,700091,,kolkata,229248797,0,7MJCCCRM+2H2R755,2100-01-01,2025-01-01
17.309458,78.56656,38722,Super Store Hyderabad Vanasthalipuram ES124,500076,,hyderabad,227188707,0,7J9W8H58+QJM9MQF,2100-01-01,2025-01-01
18.55849,73.753204,38724,Super Store Pune SUS Road ES115,411058,,pune,222422410,0,7JCMHQ53+97WP32R,2100-01-01,2025-01-01
29.360014,76.97007,38794,Super Store Panipat Sector 10 ES3,132106,,panipat,221317514,0,7JXR9X6C+224CW32,2100-01-01,2025-01-01
13.083757,80.24656,38830,Super Store  Chennai Purasaiwakkam ES54,600066,,chennai,226774846,0,7M5236MW+GJ39F55,2100-01-01,2025-01-01
28.59364,77.101685,38832,Super Store Delhi Indian Army Store ES315,110006,,delhi,229702738,0,7JWVH4V2+FM3HW6X,2100-01-01,2025-01-01
26.520464,80.283485,38834,Super Store Kanpur Indira Nagar ES22,209801,,kanpur,223072848,0,7MR2G7CM+59QFQV5,2100-01-01,2025-01-01
19.880098,75.31198,38836,Super Store Aurangabad Osmanpura ES6,431003,,aurangabad (maharashtra),225350266,0,7JFQV8J6+2QQVMG6,2100-01-01,2025-01-01
13.0912695,77.548355,38838,Super Store Bengaluru New Town Yelahanka ES211,560026,,bengaluru,225966022,0,7J5V3GRX+G85MRHG,2100-01-01,2025-01-01
18.91367,72.82623,38840,Super Store Mumbai Colaba ES180,400050,,mumbai,223525546,0,7JCJWR7G+FF9MX9G,2100-01-01,2025-01-01
29.421219,76.98774,38842,Super Store Panipat Sector 13 ES2,132103,,panipat,221317514,0,7JXRCXCQ+F3QPPG8,2100-01-01,2025-01-01
23.700985,86.92626,38876,Super Store Asansol Kumarpur ES1,713301,,asansol,222748188,0,7MM8PW2G+9GR7VQF,2100-01-01,2025-01-01
23.778782,86.415184,38878,Super Store Dhanbad Bank More ES2,826013,,dhanbad,223567019,0,7MM8QCH8+G37963M,2100-01-01,2025-01-01
26.891066,75.80183,38880,Super Store Jaipur Lal Kothi ES61,302016,,jaipur,226506314,0,7JRQVRR2+CPGM3CQ,2100-01-01,2025-01-01
20.395985,72.878845,38882,Super Store Vapi Chala ES2,396210,,vapi,225636491,0,7JGJ9VWH+9GW9QWC,2100-01-01,2025-01-01
26.116152,85.41378,38884,Super Store Muzaffarpur Musahri ES11,842003,,muzaffarpur,227974635,0,7MR74C87+FG72CJ9,2100-01-01,2025-01-01
23.264448,69.66116,38886,Super Store Bhuj City Mall ES3,370020,,bhuj,221080795,0,7JMF7M76+QFFRHFF,2100-01-01,2025-01-01
13.317175,77.120384,38922,Super Store Tumkur University ES2,572104,,tumkur,223770580,0,7J5V848C+V5C332J,2100-01-01,2025-01-01
25.586092,85.09346,38924,Super Store Patna Anisabad ES12,800024,,patna,225657296,0,7MQ7H3PV+C9PQC8Q,2100-01-01,2025-01-01
19.06208,73.008644,38960,Super Store Mumbai Sanpada ES174,400706,,thane,229135531,0,7JFM3265+RFJ83P8,2100-01-01,2025-01-01
19.195232,72.971275,38964,Super Store Mumbai Thane Naupada ES171,421005,,mumbai,223525546,0,7JFJ5XWC+3GR8HX2,2100-01-01,2025-01-01
26.783089,82.181915,38966,Super Store Ayodhya Saketpuri ES4,224001,,ayodhya,224708809,0,7MR4Q5MJ+6QMCQR2,2100-01-01,2025-01-01
20.666304,77.017456,38968,Super Store Akola Civil Line ES4,444005,,akola,222600546,0,7JGVM288+GXG4W7Q,2100-01-01,2025-01-01
28.60625,77.34967,39004,Super Store KS UP-NCR Noida Sector 62 KS16,201303,,noida,225639721,0,7JWVJ84X+GV33579,2026-07-29,2026-05-07
18.713514,73.68376,39040,Super Store Pune Talegaon Dabhade ES128,411057,,pune,222422410,0,7JCMPM7M+CG2FPQC,2100-01-01,2026-03-26
24.766766,85.00648,39042,Super Store Gaya JP Nagar ES14,823002,,gaya,229191462,0,7MP7Q284+PH5M79Q,2100-01-01,2025-01-01
11.931375,79.80703,39044,Super Store Puducherry Venkata Nagar ES1,605005,,puducherry,228689084,0,7J3XWRJ4+GRVRV63,2100-01-01,2025-01-01
28.730396,77.77968,39046,Super Store Hapur Tehsil Chauraha ES3,245101,,hapur,223662746,0,7JWVPQJH+5V3W7W3,2100-01-01,2025-01-01
11.051634,76.9917,39048,Super Store Coimbatore Saravanampatti ES5,641043,,coimbatore,225281991,0,7J3R3X2R+MM47JWG,2100-01-01,2026-03-26
31.387093,75.38369,39050,Super Store Kapurthala Mall Road ES89,144601,,kapurthala,227318918,0,8J3Q99PM+RFPJG53,2100-01-01,2025-01-01
16.671768,74.23041,39052,Super Store Kolhapur Jawahar Nagar ES5,416005,,kolhapur,222949036,0,7J8PM6CJ+P53JFM9,2100-01-01,2025-01-01
26.14776,91.82826,39054,Super Store Guwahati Bormotoria ES4,781025,,guwahati,225040125,0,7MRH4RXH+482F89Q,2100-01-01,2025-01-01
9.939807,76.257,39056,Super Store Kochi Chullickal ES8,682024,,kochi,222868740,0,6JXRW7Q4+WRC6H6F,2100-01-01,2025-01-01
12.901001,77.593575,39058,Super Store Bengaluru JP Nagar 5th Phase ES209,560085,,bengaluru,225966022,0,7J4VWH2V+CC4364G,2100-01-01,2025-01-01
19.080389,72.846855,39094,Super Store Mumbai Vakola ES182,400055,,mumbai,223525546,0,7JFJ3RJW+5P5FPHF,2100-01-01,2025-01-01
28.454802,77.51197,39096,Super Store UP-NCR Gr Noida Ansal Link 1 ES164,201310,,noida,225639721,0,7JWVFG36+WQG5HC7,2100-01-01,2025-01-01
26.809818,75.666016,39098,Super Store Jaipur Jhai Ashiana ES60,302015,,jaipur,226506314,0,7JRQRM58+WCCPV75,2100-01-01,2025-01-01
19.46529,72.81547,39100,Super Store Mumbai Virar East ES173,401203,,mumbai,223525546,0,7JFJFR88+458HV5W,2100-01-01,2026-03-26
26.837725,75.61473,39102,Super Store Jaipur Omaxcity ES57,302042,,jaipur,226506314,0,7JRQRJQ7+3VX3254,2100-01-01,2025-01-01
16.54718,80.60066,39104,Super Store Vijayawada Bhavanipuram ES15,520011,,vijayawada,229881017,0,7M82GJW2+V7F3R8W,2100-01-01,2025-01-01
16.566402,80.62582,39108,Super Store Vijayawada Singh Nagar ES17,520003,,vijayawada,229881017,0,7M82HJ8G+H8827R7,2100-01-01,2025-01-01
10.082725,76.34677,39110,Super Store Aluva Periyar Nagar ES9,682025,,aluva,226427567,0,7J2R38MW+3PJWVHR,2100-01-01,2025-01-01
21.227762,72.8865,39112,Super Store Surat Nana Varachha ES8,395005,,surat,225663524,0,7JHJ6VHP+4H5HQ39,2100-01-01,2025-01-01
13.035874,77.63355,39114,Super Store Bengaluru Classic Royal Hennur ES197,560027,,bengaluru,225966022,0,7J5V2JPM+8CVWW3M,2100-01-01,2025-01-01
23.40211,85.32597,39116,Super Store Ranchi Morabadi ES7,834012,,ranchi,224316037,0,7MM7C82G+R9X6PV6,2100-01-01,2025-01-01
28.543825,77.35721,39118,Super Store UP-NCR Noida Sector 46 ES169,201005,,noida,225639721,0,7JWVG9V4+GVP44C5,2100-01-01,2025-01-01
26.56552,80.484276,39160,Super Store Unnao Lok Nagar ES5,209801,,unnao,226637746,0,7MR2HF8M+6P2X24X,2100-01-01,2025-01-01
27.856565,78.06662,39162,Super Store Aligarh Sasni Gate ES2,202002,,aligarh,229608073,0,7JVWV348+JJHQ3JG,2100-01-01,2025-01-01
18.49068,73.81041,39166,Super Store Pune Karve Nagar ES132,411043,,pune,222422410,0,7JCMFRR6+75F64P7,2100-01-01,2025-01-01
12.732937,77.827644,39206,Super Store Hosur Thally Road ES4,560081,,hosur,229233302,0,7J4VPRMH+53CG7JH,2100-01-01,2025-01-01
15.836814,78.03024,39208,Super Store Kurnool Bhagya Nagar ES16,518005,,kurnool,221595947,0,7J7WR2PJ+P3HGQR5,2100-01-01,2025-01-01
28.109035,77.31692,39210,Super Store Palwal Panchwati Colony ES3,121102,,palwal,221343682,0,7JWV4858+JQ7F466,2100-01-01,2025-01-01
28.827374,79.02919,39212,Super Store Rampur Elahi Bagh ES4,244926,,rampur,225886271,0,7JWXR2GH+WMWRM38,2100-01-01,2025-01-01
26.437876,74.662285,39214,Super Store Ajmer Nagra ES14,305007,,ajmer,221576763,0,7JRPCMQ6+5W3278C,2100-01-01,2025-01-01
21.731258,72.14754,39216,Super Store Bhavnagar Atika Chowk ES5,364002,,bhavnagar,226501739,0,7JHJP4JX+G236P95,2100-01-01,2025-01-01
27.59025,75.18464,39250,Super Store Sikar Nawalgarh Road ES17,332001,,sikar,222794365,0,7JVQH5RM+4V24243,2100-01-01,2025-01-01
31.543148,75.91066,39252,Super Store Hoshiarpur Central Town ES87,146001,,hoshiarpur,223295134,0,8J3QGWV6+773RMQH,2100-01-01,2025-01-01
20.163057,85.700874,39256,Super Store Bhubaneshwar Jatni Road ES8,751028,,bhubaneswar,221906627,0,7MG75P72+68H9FQP,2100-01-01,2025-01-01
12.947479,77.52517,39290,Super Store Bengaluru Mudalapalya ES216,560060,,bengaluru,225966022,0,7J4VWGWG+X3V3QVM,2100-01-01,2025-01-01
26.897385,80.955635,39292,Super Store Lucknow Vikas Nagar Sec 9 ES68,226022,,lucknow,223714189,0,7MR2VXW4+X726QPH,2100-01-01,2025-01-01
19.236742,72.85463,39298,Super Store Mumbai Borivali West Eksar ES181,400091,,mumbai,223525546,0,7JFJ6VP3+MVRJHM2,2026-07-29,2025-01-01
23.602983,72.36663,39332,Super Store Mehsana Modhera Circle ES59,384002,,mehsana,226353884,0,7JMJJ938+5MR6PWC,2100-01-01,2025-01-01
23.092958,70.0765,39334,Super Store Gandhidham Adipur ES4,370203,,gandhidham,228777581,0,7JMG33VG+5JJ6R57,2100-01-01,2025-01-01
12.984869,77.67222,39340,Super Store Bengaluru Malleshpalaya ES217,560033,,bengaluru,225966022,0,7J4VXMMC+WVXJJP9,2100-01-01,2025-01-01
18.49637,73.79312,39342,Super Store Pune Kothrud Shastri Nagar ES131,411014,,pune,222422410,0,7JCMFQWV+G6XQRHH,2100-01-01,2025-01-01
19.133287,73.064545,39346,Super Store Mumbai Silphata ES177,421501,,mumbai,223525546,0,7JFM43M7+8R7FG8J,2100-01-01,2025-01-01
27.99799,73.360085,39348,Super Store Bikaner Sadulganj ES18,334001,,bikaner,224931128,0,7JVMX9X6+52WGX7F,2100-01-01,2025-01-01
28.99227,77.703026,39350,Super Store Meerut Sotiganj ES172,250001,,meerut,229503551,0,7JWVXPR3+W62X34G,2100-01-01,2026-03-26
28.594954,77.03967,39354,Super Store Delhi Dwarka Sector 12 ES316,110042,,delhi,229702738,0,7JWVH2VQ+XVM3Q6C,2100-01-01,2025-01-01
32.27162,75.663704,39356,Super Store Pathankot Patel Nagar ES90,145001,,pathankot,222556419,0,8J4Q7MC7+JFWWCMF,2100-01-01,2025-01-01
29.564432,75.06725,39358,Super Store Sirsa Agrasain Colony ES2,125055,,sirsa,223188479,0,7JXQH378+QWC6CC5,2100-01-01,2025-01-01
21.238312,81.60219,39360,Super Store Raipur Samta Colony ES7,493332,,raipur,222731525,0,7MH36JQ2+8VR8,2026-07-29,2025-01-01
30.96481,74.621666,39364,Super Store Firozpur Dhawan Colony ES88,152001,,firozpur,223383364,0,8J2PXJ7C+WMF7W7H,2100-01-01,2025-01-01
11.037404,77.02701,39366,Super Store Coimbatore Nehru Nagar ES6,641023,,coimbatore,225281991,0,7J3V22PG+XR63MRX,2100-01-01,2026-03-26
23.132511,72.646324,39368,Super Store Ahmedabad Nana Chiloda ES62,380016,,gandhinagar,229926774,0,7JMJ4JMW+2G4F2CW,2100-01-01,2025-01-01
12.813967,77.69212,39370,Super Store Bengaluru Chandapur ES208,635126,,bengaluru,225966022,0,7J4VRM7R+HRQQ7H4,2100-01-01,2025-01-01
19.700153,72.76988,39372,Super Store Mumbai Palghar West ES175,401404,,palghar,225669966,0,7JFJPQ29+3X63CV3,2100-01-01,2026-03-26
27.16205,77.97621,39374,Super Store Agra Rakabganj ES10,282003,,agra,223877491,0,7JVV5X6G+RF8WXJ9,2100-01-01,2025-01-01
20.243563,85.797935,39408,Super Store Bhubaneshwar HB Colony ES3,751019,,bhubaneswar,221906627,0,7MG76QVX+C5W,2026-07-29,2025-01-01
20.441853,85.91243,39410,Super Store Cuttack Bajrakabati Road ES7,753001,,cuttack,224769744,0,7MG7CWR6+PXV4PGC,2100-01-01,2025-01-01
29.929018,73.87311,39444,Super Store Sri Ganganagar Gagan Path ES15,335001,,sri ganganagar,221752717,0,7JXMWVHF+J65MQ33,2100-01-01,2025-01-01
26.265738,78.20773,39445,Super Store Gwalior Airport Road ES5,474011,,gwalior,227619679,0,7JRW7685+73XGM29,2100-01-01,2025-01-01
22.338963,73.20237,39447,Super Store Vadodara Sama ES13,390001,,vadodara,224145248,0,7JJM86Q2+HWQHG8R,2100-01-01,2025-01-01
25.599258,85.066315,39448,Super Store Patna Chitrasen Nagar ES16,800031,,patna,225657296,0,7MQ7H3X8+PG39QJG,2100-01-01,2025-01-01
25.568941,85.0537,39449,Super Store Patna AIIMS ES17,801503,,patna,225657296,0,7MQ7H393+HFGP6MM,2100-01-01,2025-01-01
12.930775,79.11251,39451,Super Store Vellore CMC ES5,632008,,vellore,221417632,0,7J4XW4J7+822VWH4,2100-01-01,2025-01-01
32.666283,74.89548,39452,Super Store Jammu Greater Kailash ES5,181152,,jammu,221204491,0,8J4PMV8W+G59683P,2100-01-01,2025-01-01
30.352491,78.03026,39453,Super Store Dehradun Ballupur ES18,248005,,dehradun,222029625,0,8J2W922J+X4RMC2H,2100-01-01,2025-01-01
18.52926,73.82512,39454,Super Store Pune SB Road ES114,411023,,pune,222422410,0,7JCMGRHG+P25G5VV,2100-01-01,2025-01-01
19.203524,73.15124,39455,Super Store Mumbai Ulhasnagar Kailash ES172,421306,,mumbai,223525546,0,7JFM6532+CF5WM6R,2026-07-29,2025-01-01
17.401852,78.36683,39456,Super Store Hyderabad Alkapur ES123,500019,,hyderabad,227188707,0,7J9WC928+PPW47JV,2100-01-01,2025-01-01
17.412928,78.43024,39457,Super Store Hyderabad MLA Colony ES128,500048,,hyderabad,227188707,0,7J9WCC7J+53H4M3V,2100-01-01,2025-01-01
29.170328,75.74878,39458,Super Store Hisar Vikas Nagar ES2,125005,,hisar,228377754,0,7JXQ5PCX+4GJ5PMR,2100-01-01,2025-01-01
12.906964,77.563644,39459,Super Store Bengaluru Kumaraswamy Layout ES215,560111,,bengaluru,225966022,0,7J4VWH47+QFJGWGV,2026-07-29,2025-01-01
30.361618,77.8409,39460,Super Store Dehradun Selakui ES17,248198,,vikasnagar,225867792,0,8J2V9R6R+J9RPPHH,2100-01-01,2026-03-26
25.60806,85.141235,39462,Super Store Patna Exhibition Road ES8,800024,,patna,225657296,0,7MQ7J45R+6FH7WXX,2100-01-01,2025-01-01
28.461842,77.0826,39463,Super Store Gurgaon Sushant Lok B Block ES152,110045,,gurgaon,227138302,0,7JWVF36M+P2QM72H,2100-01-01,2026-03-26
29.339346,76.29044,39464,Super Store Jind Gandhi Nagar ES1,126102,,jind,227911078,0,7JXR87QR+P5PR3C8,2100-01-01,2025-01-01
25.588125,85.13175,39465,Super Store Patna Gardanibagh ES13,800006,,patna,225657296,0,7MQ7H4QJ+7P222QC,2100-01-01,2025-01-01
12.898105,80.07026,39466,Super Store Chennai West Tambaram ES71,600048,,chennai,226774846,0,7M42V3XC+64R6453,2100-01-01,2025-01-01
23.128597,72.63593,39467,Super Store Ahmedabad Bhatt ES61,382475,,ahmedabad,225912447,0,7JMJ4JHP+C9MXFPX,2100-01-01,2025-01-01
12.954133,77.55936,39526,Super Store Bengaluru Srinagar ES219,560001,,bengaluru,225966022,0,7J4VXH35+MP57PGG,2100-01-01,2025-01-01
19.401451,72.83978,39564,Super Store Mumbai Golani Naka Vasai ES192,401202,,mumbai,223525546,0,7JFJCR2Q+HWM22G9,2100-01-01,2026-03-26
28.851007,77.581314,39565,Super Store Modinagar Rajendra Nagar ES168,201013,,modinagar,229516273,0,7JWVVH2J+CG46M9C,2100-01-01,2025-01-01
19.27561,72.88841,39566,Super Store Mumbai Kashigaon ES179,421302,,mumbai,223525546,0,7JFJ7VGQ+69V6W5F,2100-01-01,2025-01-01
19.150501,72.79761,39567,Super Store Mumbai Madh Island ES191,400058,,mumbai,223525546,0,7JFJ5Q2X+62539PF,2100-01-01,2025-01-01
18.653452,72.86927,39568,Super Store Mumbai Alibaug ES195,402201,,mumbai,223525546,0,7JCJMV39+9PJ48H2,2100-01-01,2026-03-26
24.576725,73.78991,39569,Super Store Udaipur Pratap Nagar ES8,313001,,udaipur,222452646,0,7JPMHQGQ+MXV25CR,2100-01-01,2025-01-01
30.725073,76.18593,39610,Super Store Khanna Samrala Chowk ES92,141401,,khanna,221181699,0,8J2RP5GP+29FWG68,2100-01-01,2025-01-01
28.631807,77.38699,39611,Super Store UP-NCR Noida Sector 63A ES174,201007,,noida,225639721,0,7JWVJ9JP+PQH88H8,2100-01-01,2025-01-01
25.244913,86.96873,39612,Super Store Bhagalpur Adampur ES1,812002,,bhagalpur,229385275,0,7MQ86XV9+XF9FJR4,2100-01-01,2025-01-01
18.109629,83.42502,39613,Super Store Vizianagaram Tank Bund Road ES19,535004,,vizianagaram,221479260,0,7MC54C5G+V224JF9,2100-01-01,2025-01-01
29.820438,76.41003,39614,Super Store Kaithal RK Puram ES6,136027,,kaithal,221168292,0,7JXRRCC6+52CHV4W,2100-01-01,2025-01-01
31.685072,76.52373,39654,Super Store Hamirpur Heera Heights ES3,177001,,hamirpur,229143896,0,8J3RMGPF+2FHV7C5,2100-01-01,2025-01-01
30.910343,77.10433,39655,Super Store Solan Rajgarh Road ES1,173211,,solan,224181955,0,8J2VW463+4PPPJ62,2026-07-29,2025-01-01
30.930897,76.830414,39656,Super Store Baddi Sai Road ES2,174103,,baddi,225208926,0,8J2RWRJJ+953RH5F,2100-01-01,2025-01-01
31.568682,76.90956,39660,Super Store Sundar Nagar Jawahar Nagar ES4,175019,,sundar nagar,225090932,0,8J3RHW95+FRG63R4,2100-01-01,2025-01-01
27.560724,76.62538,39661,Super Store Alwar Malviya Nagar ES20,301001,,alwar,227854785,0,7JVRHJ6G+75JRVPC,2100-01-01,2025-01-01
10.504491,76.19386,39824,Super Store Thrissur Kuriachira ES6,680005,,thrissur,221282123,0,7J2RG53V+QGXP94X,2100-01-01,2025-01-01
21.187687,81.659065,39825,Super Store Raipur Amlidih ES8,493332,,raipur,222731525,0,7MH35MQ5+3JF6,2026-07-29,2025-01-01
12.94838,80.136955,39826,Super Store Chennai Chitlapakkam ES68,600045,,chennai,226774846,0,7M42W4XP+9Q483F7,2100-01-01,2025-01-01
17.690454,83.16495,39827,Super Store Visakhapatnam Kurmannapalem ES18,530046,,visakhapatnam,228251945,0,7M95M5R7+5XP2XQF,2100-01-01,2025-01-01
26.143444,91.76559,39828,Super Store Guwahati Kahilipara ES7,781022,,guwahati,225040125,0,7MRH4QV8+96GQJX5,2100-01-01,2025-01-01
28.159653,76.61065,39829,Super Store Rewari Gurutek City ES2,301018,,rewari,221262099,0,7JWR5J56+V764P45,2100-01-01,2026-03-26
27.492176,77.659706,39830,Super Store Mathura Goverdhan Crossing ES5,281001,,mathura,224572875,0,7JVVFMR5+VVG43CC,2100-01-01,2025-01-01
22.323812,73.237434,39831,Super Store Vadodara Sayajipura ES12,390019,,vadodara,224145248,0,7JJM86FP+GXF,2026-07-29,2025-01-01
18.586918,73.79495,39832,Super Store Pune Pimple Nilakh ES134,411013,,pune,222422410,0,7JCMHQPV+QX8MPQG,2100-01-01,2025-01-01
26.815496,83.34039,39833,Super Store Gorakhpur Gorakhnath ES6,273003,,gorakhpur,221021903,0,7MR5R88R+55RW6JH,2100-01-01,2025-01-01
24.6432,73.72425,39834,Super Store Udaipur Bhuwana ES10,313011,,udaipur,222452646,0,7JPMJPVF+7MHXXMR,2026-07-29,2025-01-01
27.577814,80.65608,39835,Super Store Sitapur Civil Lines ES6,261001,,sitapur,227163702,0,7MV2HMH4+4CGGVMG,2100-01-01,2025-01-01
27.955444,80.78181,39836,Super Store Lakhimpur Khaprel Bazar ES7,262701,,lakhimpur,224776127,0,7MV2XQ4J+5PFQRJ4,2100-01-01,2025-01-01
31.467333,76.26168,39837,Super Store Una Hamirpur Road ES5,174303,,una,223609470,0,8J3RF786+WMM8P5C,2100-01-01,2025-01-01
21.26186,81.59373,39884,Super Store Raipur AIIMS Road ES6,492008,,raipur,222731525,0,7MH37H6V+PFXF2QR,2100-01-01,2025-01-01
28.850763,77.102394,39886,Super Store Delhi Narela ES322,110033,,delhi,229702738,0,7JWVV422+8X2GV85,2100-01-01,2025-01-01
26.729063,88.44481,39922,Super Store Siliguri Iskon Road ES147,734004,,siliguri,228999742,0,7MRCPCHV+JW3G,2026-07-29,2025-01-01
28.56423,77.366104,39924,Super Store UP-NCR Noida Sector 41 ES166,110080,,noida,225639721,0,7JWVH978+MCX73G6,2100-01-01,2025-01-01
22.786036,86.250145,39926,Super Store Jamshedpur Birsanagar ES7,831019,,jamshedpur,223357421,0,7MJ8Q7P2+C36G76G,2100-01-01,2025-01-01
25.615395,85.17388,39928,Super Store Patna Rajendra Nagar ES15,800025,,patna,225657296,0,7MQ7J58F+5H2JPM7,2100-01-01,2025-01-01
27.914478,78.08792,39932,Super Store Aligarh AMU Dhourra ES3,202001,,aligarh,229608073,0,7JVWW37Q+Q5V3PMR,2100-01-01,2025-01-01
13.0347805,77.51763,39934,Super Store Bengaluru Sobha Nagasandra ES210,560018,,bengaluru,225966022,0,7J5V2GM9+W3664RM,2100-01-01,2026-03-26
21.233728,81.337875,39936,Super Store Durg Nehru Nagar ES3,490011,,durg,224730825,0,7MH368MQ+F4X5HJV,2100-01-01,2025-01-01
26.796658,81.00877,39938,Super Store Lucknow Arjunganj ES67,226006,,lucknow,223714189,0,7MR3Q2W5+MG69CCF,2100-01-01,2025-01-01
19.027424,72.86916,39972,Super Store Mumbai GTB Nagar ES193,400088,,mumbai,223525546,0,7JFJ2VG9+XM7RW7V,2100-01-01,2025-01-01
19.279932,73.03789,39974,Super Store Mumbai Kamatghar Bhiwandi ES184,421004,,mumbai,223525546,0,7JFM72HQ+X5C76HX,2100-01-01,2025-01-01
19.160748,73.03336,39978,Super Store Mumbai Mumbra Kausa ES197,400086,,mumbai,223525546,0,7JFM526M+78XWC38,2100-01-01,2025-01-01
19.217201,72.97499,39980,Super Store Mumbai Pokhran ES183,400601,,mumbai,223525546,0,7JFJ6X8F+VXQ5F3R,2026-07-29,2025-01-01
19.289406,73.20253,39982,Super Store Mumbai Titwala ES186,421202,,mumbai,223525546,0,7JFM76Q3+Q26995M,2100-01-01,2025-01-01
25.635538,85.09393,39984,Super Store Patna Digha ES18,800017,,patna,225657296,0,7MQ7J3PV+6H7HFW9,2100-01-01,2025-01-01
21.154415,79.11628,39986,Super Store Nagpur Nandanvan ES12,440024,,nagpur,228245816,0,7JHX5438+QG7J239,2100-01-01,2025-01-01
28.529404,77.39948,39988,Super Store UP-NCR Noida Sector 82 ES171,201318,,noida,225639721,0,7JWVG9HX+QQ94JGQ,2100-01-01,2025-01-01
28.484266,77.55519,39990,Super Store UP-NCR Gr. Noida PI ES170,201009,,noida,225639721,0,7JWVFHM4+P34J3VV,2100-01-01,2025-01-01
23.156729,75.779366,39992,Super Store Ujjain Mahakal Vanijya ES1,456001,,ujjain,228561673,0,7JMQ5Q4H+MPX5RJ7,2100-01-01,2025-01-01
26.845613,81.016396,39996,Super Store Lucknow Vinay Khand ES73,225003,,lucknow,223714189,0,7MR3R2W8+6HRGV3F,2100-01-01,2025-01-01
26.843088,81.02456,39998,Super Store Lucknow Gomti Nagar Sec 6 ES69,226018,,lucknow,223714189,0,7MR3R2VF+6RMHJ86,2100-01-01,2025-01-01
22.727911,75.816315,40000,Super Store Indore Sanwariya Nagar ES13,453555,,indore,228689270,0,7JJQPRH8+5G8C8PP,2100-01-01,2025-01-01
26.135393,91.74743,40002,Super Store Guwahati Gopinath Nagar ES5,781011,,guwahati,225040125,0,7MRH4PPW+5X3QV36,2100-01-01,2025-01-01
28.584599,77.2414,40004,Super Store Delhi Jungpura ES325,110003,,delhi,229702738,0,7JWVH6MR+RHJXHJF,2026-07-29,2025-01-01
8.541985,76.95989,40038,Super Store Trivandrum Kowdiar ES5,695014,,trivandrum,227174343,0,6JWRGXR5+QXRG338,2100-01-01,2025-01-01
25.560642,85.1447,40040,Super Store Patna NTPC Colony ES17,800002,,patna,225657296,0,7MQ7H46V+7V4M8V2,2100-01-01,2025-01-01
17.833422,83.34331,40074,Super Store Visakhapatnam Madhurawada ES14,530011,,visakhapatnam,228251945,0,7M95R8MV+987WH8P,2100-01-01,2025-01-01
12.935621,77.62736,40076,Super Store Bengaluru Koramangala 1st Block ES223,560027,,bengaluru,225966022,0,7J4VWJPG+6WXV5WG,2100-01-01,2025-01-01
17.67563,74.030075,40078,Super Store Satara Powai Naka ES9,415002,,satara,224647978,0,7J9PM2GJ+724758C,2100-01-01,2025-01-01
17.602594,75.89406,40080,Super Store Solapur Konark Nagar ES8,413004,,solapur,221288008,0,7J9QJV3V+2JMQWM6,2100-01-01,2025-01-01
23.174204,79.95843,40082,Super Store Jabalpur Adhartal ES3,482005,,jabalpur,221933706,0,7JMX5XF5+M9M4M38,2100-01-01,2025-01-01
30.38497,76.77373,40084,Super Store Ambala Old Town ES93,133010,,ambala,224293390,0,8J2R9QMF+XFQJQXG,2100-01-01,2025-01-01
22.959312,76.065315,40086,Super Store Dewas Station Road ES2,455111,,dewas,222103712,0,7JJRX358+P45X,2026-07-29,2025-01-01
23.345913,85.34554,40088,Super Store Ranchi Samlong ES9,834009,,ranchi,224316037,0,7MM788WW+967FM68,2100-01-01,2025-01-01
24.631563,73.669815,40090,Super Store Udaipur Chamanpura ES9,313011,,udaipur,222452646,0,7JPMJMJ9+JWG,2026-07-29,2025-01-01
12.829187,77.503685,40092,Super Store Bengaluru Brigade Meadows ES226,560082,,bengaluru,225966022,0,7J4VRGH3+MFF,2026-07-29,2025-01-01
16.994137,82.21223,40094,Super Store Kakinada Sarpavaram ES2,533003,,kakinada,223478144,0,7M84X6V6+MV5C8VJ,2100-01-01,2025-01-01
27.436005,77.68797,40096,Super Store Mathura Anand Vihar Colony ES3,281001,,mathura,224572875,0,7JVVCMPQ+C556278,2100-01-01,2025-01-01
25.189539,75.90341,40098,Super Store Kota Borkheda ES19,324007,,kota,221423618,0,7JQQ5WQ3+R97CQ4R,2100-01-01,2025-01-01
23.31325,85.30761,40100,Super Store Ranchi Singh More ES8,834009,,ranchi,224316037,0,7MM78875+72XWR9H,2100-01-01,2025-01-01
12.920826,77.60998,40102,Super Store Bengaluru Tavarekere ES225,560024,,bengaluru,225966022,0,7J4VWJC5+8XQ3732,2100-01-01,2025-01-01
18.577549,73.7236,40104,Super Store Pune Nande Balewadi ES133,411030,,pune,222422410,0,7JCMHPHF+2C9RXX2,2100-01-01,2025-01-01
18.597124,73.73615,40106,Super Store Pune Hinjewadi Wakad ES138,411047,,pune,222422410,0,7JCMHPWP+RFRXXPQ,2100-01-01,2025-01-01
18.605473,73.76678,40108,Super Store Pune Wakad Mulshi ES136,411062,,pune,222422410,0,7JCMJQ48+5PJXHFR,2100-01-01,2025-01-01
12.998096,77.57272,40144,Super Store Bengaluru Malleshwaram ES227,560096,,bengaluru,225966022,0,7J4VXHXF+63QR3VV,2100-01-01,2025-01-01
18.949556,72.818115,40146,Super Store Mumbai Girgaon ES199,400079,,mumbai,223525546,0,7JCJWRX9+R6H89RM,2100-01-01,2025-01-01
23.379639,85.28675,40148,Super Store Ranchi Ratu Road ES10,834008,,ranchi,224316037,0,7MM797HP+VP2CJ9C,2100-01-01,2025-01-01
12.853832,77.45138,40150,Super Store Bengaluru Brigade Panorama ES204,560059,,bengaluru,225966022,0,7J4VVF32+GHJ6CGR,2100-01-01,2026-03-26
28.87988,78.73061,40152,Super Store Moradabad Ram Ganga Vihar ES3,244105,,moradabad,228469992,0,7JWWVPHJ+X65893C,2100-01-01,2025-01-01
13.024339,76.10847,40186,Super Store Hassan Gowrikopula Circle ES8,573202,,hassan,222025598,0,7J5R24F5+P9PHPR4,2100-01-01,2025-01-01
19.792921,85.799576,40188,Super Store Puri VIP Road ES21,752002,,puri,222069330,0,7MF7QQVX+5R8V578,2100-01-01,2025-01-01
11.690178,78.17574,40190,Super Store Salem LRN Colony ES6,636004,,salem,225893514,0,7J3WM5RG+37H5FHQ,2100-01-01,2025-01-01
23.233965,77.43545,40192,Super Store Bhopal MP Nagar ES11,462011,,bhopal,223762919,0,7JMV6CMP+H5PM5R3,2100-01-01,2025-01-01
30.36032,76.15519,40194,Super Store Patiala Nabha Town ES95,147201,,patiala,226552836,0,8J2R9564+43FQXP2,2100-01-01,2026-03-26
30.654732,76.79163,40196,Super Store Mohali City Center ES94,160036,,mohali,227364413,0,8J2RMQ3R+VMR7FG6,2100-01-01,2025-01-01
21.595991,73.04654,40200,Super Store Ankleshwar Kosamdi ES7,393002,,ankleshwar,228020959,0,7JHMH2WW+9JVJ8QV,2100-01-01,2025-01-01
22.265327,70.823326,40202,Super Store Rajkot Atika South ES6,360001,,rajkot,228275857,0,7JJG7R8F+48P46W3,2100-01-01,2025-01-01
17.335508,78.37199,40208,Super Store Hyderabad Bandlaguda ES125,500053,,hyderabad,227188707,0,7J9W89PC+6Q58J85,2100-01-01,2025-01-01
17.471941,78.55874,40246,Super Store Hyderabad AS Rao Nagar ES127,500098,,hyderabad,227188707,0,7J9WFHC5+QFHP257,2100-01-01,2025-01-01
17.412313,78.575516,40248,Super Store Hyderabad Boduppal ES132,500089,,hyderabad,227188707,0,7J9WCH6G+W6CGM29,2100-01-01,2025-01-01
17.486616,78.340904,40250,Super Store Hyderabad Serilingampalle ES126,502032,,hyderabad,227188707,0,7J9WF8PR+J9RQ5VM,2100-01-01,2025-01-01
28.697687,77.151566,40252,Super Store Delhi Pitampura ES323,110088,,delhi,229702738,0,7JWVM5X2+3JG,2026-07-29,2025-01-01
27.176233,78.366,40288,Super Store Firozabad Arya Nagar ES13,283203,,firozabad,229481734,0,7JVW59G8+FCR6CMG,2100-01-01,2025-01-01
27.979774,73.30136,40289,Super Store Bikaner Mangaram Colony ES21,334403,,bikaner,224931128,0,7JVMX8H2+WG93575,2100-01-01,2025-01-01
17.445404,78.50647,40324,Super Store Hyderabad Maredpally ES145,500056,,hyderabad,227188707,0,7J9WCGW4+5H92W6V,2100-01-01,2025-01-01
17.396044,78.338326,40327,Super Store Hyderabad Golden Mile Road ES131,500085,,hyderabad,227188707,0,7J9W98WQ+C88MM3W,2100-01-01,2025-01-01
17.315926,78.49248,40362,Super Store Hyderabad Barkas ES134,500023,,hyderabad,227188707,0,7J9W8F8R+9XH327Q,2100-01-01,2025-01-01
26.11219,85.36586,40363,Super Store Muzaffarpur Tilak Nagar ES21,842005,,muzaffarpur,227974635,0,7MR74968+V8HGRPH,2100-01-01,2025-01-01
29.237747,79.45803,40399,Super Store Haldwani Nutan Colony ES3,263139,,haldwani,228915454,0,7JXX6FQ5+36RX99H,2100-01-01,2026-03-26
32.214073,76.334785,40401,Super Store Dharamshala Jawahar Nagar ES6,176215,,dharamshala,226500052,0,8J4R687M+JWFRV72,2100-01-01,2025-01-01
25.409964,86.158905,40403,Super Store Begusarai Ratanpur ES20,851117,,begusarai,224237662,0,7MQ8C555+XHMCJ5Q,2100-01-01,2025-01-01
13.196819,80.192375,40405,Super Store Chennai Redhills ES78,600092,,chennai,226774846,0,7M5255WR+PWHQX2X,2100-01-01,2025-01-01
19.170841,72.98933,40439,Super Store Mumbai Digha ES198,400605,,mumbai,223525546,0,7JFJ5XCQ+8PPP76J,2026-07-29,2025-01-01
17.445988,78.256714,40443,Super Store Hyderabad Osman Nagar ES133,500090,,hyderabad,227188707,0,7J9WC7W4+9MWHFF5,2100-01-01,2025-01-01
30.666445,76.811,40484,Super Store Zirakpur CRPF Colony ES91,134112,,zirakpur,223271982,0,8J2RMR86+H9HX4HF,2100-01-01,2025-01-01
18.522366,73.96608,40520,Super Store Pune Manjri ES137,412105,,pune,222422410,0,7JCMGXC8+WCWM933,2100-01-01,2025-01-01
12.887826,77.72465,40523,Super Store Bengaluru Sarjapur Kodathi ES234,560061,,bengaluru,225966022,0,7J4VVPQF+4VJ43HJ,2100-01-01,2025-01-01
22.534378,72.97156,40524,Super Store Anand Irma Road ES3,388120,,anand,229759509,0,7JJJGXMC+QJ35QC7,2100-01-01,2025-01-01
13.225062,77.700066,40526,Super Store Bengaluru Devanahalli Orchards ES230,562110,,bengaluru,225966022,0,7J5V6PG2+22G,2026-07-29,2025-01-01
23.132906,72.6062,40527,Super Store Ahmedabad Zundal ES57,382345,,gandhinagar,229926774,0,7JMJ4JM4+5F8864W,2100-01-01,2025-01-01
12.890752,77.51789,40528,Super Store Bengaluru Subramanyapura ES220,560076,,bengaluru,225966022,0,7J4VVGR9+85247CW,2100-01-01,2026-03-26
28.56165,77.25429,40529,Super Store Delhi Sant Nagar Garhi ES320,121003,,delhi,229702738,0,7JWVH763+MP3VRCP,2100-01-01,2025-01-01
28.697224,76.88542,40530,Super Store Bahadurgarh Omaxe City ES2,110043,,bahadurgarh,228796415,0,7JWRMVWP+V5MVGMF,2100-01-01,2025-01-01
29.985195,77.545975,40531,Super Store Saharanpur Nawabganj ES2,247001,,saharanpur,225139122,0,7JXVXGPW+39HR579,2100-01-01,2025-01-01
12.887162,77.743866,40532,Super Store Bengaluru Sarjapur Dommasandra ES214,635109,,bengaluru,225966022,0,7J4VVPPV+VG9G8WR,2100-01-01,2025-01-01
12.933105,80.229004,40580,Super Store Chennai Thoraipakkam ES69,600077,,chennai,226774846,0,7M42W6MH+6JR63CP,2100-01-01,2025-01-01
22.24913,73.20237,40582,Super Store Vadodara Jawahar Nagar ES14,390001,,vadodara,224145248,0,7JJM66X2+MW594W6,2100-01-01,2025-01-01
17.258913,78.393166,40583,Super Store Hyderabad Shamshabad ES142,500080,,hyderabad,227188707,0,7J9W795V+H77FM65,2100-01-01,2025-01-01
17.555502,78.46367,40584,Super Store Hyderabad Suraram ES137,500015,,hyderabad,227188707,0,7J9WHF47+6F33CGP,2100-01-01,2025-01-01
28.552645,77.174614,40585,Super Store Delhi Munirka ES319,121003,,delhi,229702738,0,7JWVH53F+3R5PJXF,2100-01-01,2025-01-01
26.094446,91.793846,40586,Super Store Guwahati Beltola ES9,781008,,guwahati,225040125,0,7MRH3QVV+QGHR88F,2100-01-01,2025-01-01
21.184607,72.88022,40587,Super Store Surat Shakti Nagar ES13,395008,,surat,225663524,0,7JHJ5VMJ+R3X66C4,2100-01-01,2025-01-01
26.179054,91.806656,40588,Super Store Guwahati Grant ES8,781020,,guwahati,225040125,0,7MRH5RH4+JMF2MV2,2100-01-01,2025-01-01
12.900631,77.65019,40589,Super Store Bengaluru HSR Sector 2 ES179,560040,,bengaluru,225966022,0,7J4VWM22+7346689,2100-01-01,2025-01-01
32.68437,74.848495,40632,Super Store Jammu Digiana ES7,180016,,jammu,221204491,0,8J4PMRMX+P9XQR67,2100-01-01,2025-01-01
20.954084,77.76636,40666,Super Store Amravati Rathi Nagar ES10,444603,,amravati,229815194,0,7JGVXQ38+JGQ7W42,2100-01-01,2025-01-01
19.9921,73.85288,40668,Super Store Nashik Adgaon ES9,422003,,nashik,222080499,0,7JFMXVR3+R5JVVMG,2100-01-01,2025-01-01
19.03702,72.89065,40670,Super Store Mumbai Fertilizer Colony ES194,400058,,mumbai,223525546,0,7JFJ2VPR+R72PPR5,2100-01-01,2025-01-01
27.135206,81.96057,40672,Super Store Gonda Azad Nagar ES10,271003,,gonda,226658382,0,7MV34XP6+36P76HF,2100-01-01,2025-01-01
13.039345,77.57396,40674,Super Store Bengaluru Bhoopasandra ES236,560094,,bengaluru,225966022,0,7J5V2HQF+PHPX322,2100-01-01,2025-01-01
16.865929,75.702255,40678,Super Store Bijapur Gurukul Road ES9,586103,,bijapur,225991537,0,7J8QVP82+9WC2QVG,2100-01-01,2025-01-01
13.132736,77.62265,40680,Super Store Bengaluru Chikkajala  ES237,560005,,bengaluru,225966022,0,7J5V4JMF+33RH3VW,2100-01-01,2025-01-01
26.743727,88.41382,40686,Super Store Siliguri Junction ES156,734005,,siliguri,228999742,0,7MRCPCV7+FGW28P9,2100-01-01,2025-01-01
26.746355,83.43035,40721,Super Store Gorakhpur AIIMS ES5,273017,,gorakhpur,221021903,0,7MR5PCWJ+G4X2X64,2100-01-01,2025-01-01
26.435547,80.28911,40723,Super Store Kanpur Barra 5 ES25,208016,,kanpur,223072848,0,7MR2C7PQ+6J9W649,2100-01-01,2025-01-01
18.591082,73.91505,40725,Super Store Pune Dhanori Village ES135,411015,,pune,222422410,0,7JCMHWR8+C2M792X,2100-01-01,2025-01-01
32.73216,74.85188,40727,Super Store Jammu BC Road ES6,180011,,jammu,221204491,0,8J4PPVJ2+VQ6F3G3,2100-01-01,2025-01-01
32.711197,74.89548,40729,Super Store Jammu Bathindi ES8,181152,,jammu,221204491,0,8J4PPV6W+F5HR8VG,2100-01-01,2025-01-01
20.93824,77.73085,40731,Super Store Amravati Dastur Nagar ES14,444606,,amravati,229815194,0,7JGVWPQJ+78XJ3M5,2100-01-01,2025-01-01
22.534204,88.36609,40767,Super Store Kolkata Questmall ES154,700129,,kolkata,229248797,0,7MJCG9M8+MCP5XMC,2100-01-01,2025-01-01
30.257048,75.87518,40769,Super Store Sangrur Mehal Colony ES98,148001,,sangrur,222412102,0,8J2Q7V4G+R37XHWC,2100-01-01,2025-01-01
18.436926,79.12399,40771,Super Store Warangal Karimnagar ES2,505001,,karimnagar,225588909,0,7JCXC4PF+QHH534C,2026-07-29,2026-03-26
16.515335,81.494194,40773,Super Store Bhimavaram Nehru Peta ES1,534201,,bhimavaram,221608182,0,7M83GF8V+4MP6WXH,2100-01-01,2025-01-01
22.698856,72.862755,40775,Super Store Nadiad Shanti Nagar  ES8,387001,,nadiad,222001769,0,7JJJMVX7+G4R674H,2100-01-01,2025-01-01
12.910264,77.73036,40777,Super Store Bengaluru Gunjur Village ES222,560061,,bengaluru,225966022,0,7J4VWP6J+445GMV5,2100-01-01,2026-03-26
21.179941,72.78886,40811,Super Store Surat Choksi Wadi ES12,395003,,surat,225663524,0,7JHJ5QHQ+XGHM6QC,2100-01-01,2025-01-01
25.41303,81.84207,40813,Super Store Prayagraj Naini ES10,211018,,prayagraj,227394327,0,7MQ3CR7R+6R873HM,2100-01-01,2025-01-01
17.41186,78.41242,40817,Super Store Hyderabad Brindavan Colony ES130,500114,,hyderabad,227188707,0,7J9WCC66+PXVG387,2100-01-01,2025-01-01
26.480143,83.78115,40819,Super Store Deoria CC Road ES11,274001,,deoria,226368970,0,7MR5FQJJ+3F2QC6G,2100-01-01,2025-01-01
29.005833,76.98651,40821,Super Store Sonipat Vikas Nagar ES4,131001,,sonipat,223608867,0,7JXR2X4P+8JJ7J23,2100-01-01,2025-01-01
13.094586,80.18408,40823,Super Store Chennai Padi ES83,600053,,chennai,226774846,0,7M5235VM+RJPG5RJ,2100-01-01,2025-01-01
13.020488,80.225685,40861,Super Store Chennai Little Mount ES80,600122,,chennai,226774846,0,7M5226CG+57WCCWJ,2100-01-01,2025-01-01
20.285133,85.81884,40864,Super Store Bhubaneshwar Nayapally ES10,751016,,bhubaneswar,221906627,0,7MG77RP9+3G49GC7,2100-01-01,2025-01-01
22.599064,88.446014,40866,Super Store Kolkata Ghuni ES158,700023,,kolkata,229248797,0,7MJCHCXW+JCCGM7R,2100-01-01,2025-01-01
26.140432,85.89727,40870,Super Store Darbhanga Mirzapur Road ES1,846003,,darbhanga,222038146,0,7MR74VRW+5WC86Q3,2026-07-29,2025-01-01
30.474756,76.58198,40872,Super Store Rajpura Unilever Chowk ES99,140401,,rajpura,225056132,0,8J2RFHFJ+WQ572CF,2100-01-01,2025-01-01
17.442648,78.37532,40876,Super Store Hyderabad Whitefields ES150,500016,,hyderabad,227188707,0,7J9WC9VG+344VM3X,2100-01-01,2025-01-01
25.610996,85.18036,40878,Super Store Patna Bajrangpuri ES24,800006,,patna,225657296,0,7MQ7J56J+94XW693,2100-01-01,2025-01-01
17.35651,78.4598,40917,Super Store Hyderabad Nawab Saheb Kunta ES149,500008,,hyderabad,227188707,0,7J9W9F45+JW3G5MR,2100-01-01,2025-01-01
26.712053,88.42089,40919,Super Store Siliguri SF Road ES161,734010,,siliguri,228999742,0,7MRCPC6C+R9C4J8R,2100-01-01,2025-01-01
17.341768,78.5705,40921,Super Store Hyderabad Hayathnagar ES144,500097,,hyderabad,227188707,0,7J9W8HRC+P62JJ2X,2100-01-01,2025-01-01
25.573448,85.19345,40923,Super Store Patna Kumhrar ES23,800002,,patna,225657296,0,7MQ7H5FV+99GVG8C,2100-01-01,2025-01-01
28.43899,77.08163,40959,Super Store Gurgaon Ardee City ES156,122003,,gurgaon,227138302,0,7JWVC3QJ+HMRCVQH,2100-01-01,2025-01-01
22.659212,75.84202,40961,Super Store Indore Krishi Mandi ES14,452014,,indore,228689270,0,7JJQMR5R+MRJFHGJ,2026-07-29,2025-01-01
25.729683,82.68075,40963,Super Store Jaunpur Tarapur ES12,222001,,jaunpur,224767307,0,7MQ4PMHJ+V7H9MQ7,2100-01-01,2025-01-01
26.232422,78.22546,40966,Super Store Gwalior Morar Road ES6,474002,,gwalior,227619679,0,7JRW66JG+X58W86H,2100-01-01,2025-01-01
18.39806,76.57124,40968,Super Store Latur Kanheri ES17,413531,,latur,222930494,0,7JCR9HXC+6FH8XGH,2026-07-29,2025-01-01
29.743244,78.51317,40970,Super Store Kotdwar Sitabpur ES4,246149,,kotdwar,227008303,0,7JXWPGV7+77VMWCR,2100-01-01,2025-01-01
13.006977,80.133965,40972,Super Store Chennai Gerugambakkam ES82,600128,,chennai,226774846,0,7M52244M+QHW5C2H,2100-01-01,2025-01-01
22.52524,88.293755,40974,Super Store Kolkata Metiabruz ES151,700044,,howrah,223312066,0,7MJCG7GV+3GRJ4V8,2100-01-01,2025-01-01
22.81927,88.367424,40976,Super Store Kolkata Ichapur ES145,743133,,kolkata,229248797,0,7MJCR998+PX3PVM3,2100-01-01,2026-03-26
30.823997,75.21151,41012,Super Store  Moga Friends Colony ES96,142001,,moga,222763106,0,8J2QR6F6+HJRV6V4,2100-01-01,2025-01-01
22.74471,77.76906,41014,Super Store  Narmadapuram Malakhedi ES4,461111,,narmadapuram,226643867,0,7JJVPQV9+VJMH2VH,2100-01-01,2025-01-01
19.175064,77.2914,41016,Super Store  Nanded Gokul Nagar ES19,431604,,nanded,221147067,0,7JFV57GR+2HCGQVH,2100-01-01,2026-03-26
28.626322,77.14855,41018,Super Store  Delhi Inderpuri ES335,110012,,delhi,229702738,0,7JWVJ4GX+GCFW992,2100-01-01,2025-01-01
24.550621,80.8106,41020,Super Store  Satna Raghuraj Nagar ES3,485005,,satna,221250490,0,7MP2HR26+66XR8JH,2100-01-01,2025-01-01
25.742498,87.46772,41054,Super Store purnia Sarvodya Nagar ES19,854301,,purnia,227703165,0,7MQ9PFR9+X3XRCP9,2100-01-01,2025-01-01
23.135303,77.484535,41056,Super Store Bhopal Bhojpur Road ES13,462043,,bhopal,223762919,0,7JMV4FPM+4RF2HCJ,2100-01-01,2025-01-01
19.29191,72.85775,41058,Super Store Mumbai Mira Road Central ES203,400068,,thane,229135531,0,7JFJ7VR5+Q399XR8,2100-01-01,2026-03-26
17.953354,79.60194,41092,Super Store Warangal Sherpura ES3,506009,,warangal,227695659,0,7J9XXJ32+8QW2R5F,2100-01-01,2025-01-01
17.389174,78.387794,41094,Super Store Hyderabad Neknampur ES141,500028,,hyderabad,227188707,0,7J9W99QQ+M47WJCX,2100-01-01,2025-01-01
12.914631,77.59919,41096,Super Store Bengaluru BTM Layout 2nd Stage ES233,560024,,bengaluru,225966022,0,7J4VWH7X+VM464VF,2100-01-01,2025-01-01
18.586687,73.79831,41099,Super Store Pune Pimple Saudagar Village ES144,411027,,pune,222422410,0,7JCMHQPX+M8F,2026-07-29,2025-01-01
16.936367,82.23052,41101,Super Store Kakinada Cinema Road ES3,533003,,kakinada,223478144,0,7M84W6PJ+G6RP7P9,2100-01-01,2025-01-01
17.307922,78.46948,41103,Super Store Hyderabad Chandrayangutta ES151,500016,,hyderabad,227188707,0,7J9W8F59+5Q9WJ23,2100-01-01,2025-01-01
28.804825,78.79746,41105,Super Store Moradabad Shivpuri ES4,244105,,shivpuri,227574048,0,7JWWRQ3W+WXGXRP2,2100-01-01,2025-01-01
23.11071,79.91491,41108,Super Store Jabalpur Adarsh Nagar ES4,482002,,jabalpur,221933706,0,7JMX4W67+7XM6RF8,2100-01-01,2025-01-01
22.47803,70.05142,41109,Super Store Jamnagar Khodiyar Colony ES6,361002,,jamnagar,226457511,0,7JJGF3H2+6H73X52,2100-01-01,2026-03-26
26.46416,80.31296,41143,Super Store Kanpur Lajpat Nagar ES28,208012,,kanpur,223072848,0,7MR2F877+M58G2MH,2100-01-01,2025-01-01
25.920118,80.80979,41145,Super Store Fatehpur Civil Lines ES9,212601,,fatehpur,225036115,0,7MQ2WRC5+2WVJQ35,2100-01-01,2025-01-01
23.020876,72.46661,41147,Super Store Ahmedabad South Bopal ES67,380006,,ahmedabad,225912447,0,7JMJ2FC8+9J547FF,2100-01-01,2025-01-01
28.686821,77.3943,41149,Super Store UP-NCR Shyam Park ES176,201001,,ghaziabad,229764213,0,7JWVM9PV+PPFW48X,2100-01-01,2025-01-01
21.291824,81.69359,41151,Super Store Raipur Vidhan Sabha ES9,492001,,raipur,222731525,0,7MH37MRV+PCGWXPP,2100-01-01,2025-01-01
17.045454,81.80403,41153,Super Store Rajahmundry Kateru ES2,533103,,rajahmundry,229226661,0,7M932RW3+5JM2V48,2100-01-01,2025-01-01
17.697792,75.86963,41155,Super Store Solapur Murarji Peth ES11,413002,,solapur,221288008,0,7J9QMVX9+4V6J98W,2100-01-01,2025-01-01
18.626537,73.85908,41157,Super Store Pune Dhawade Wasti ES139,411018,,pune,222422410,0,7JCMJVG5+JJ8F9W7,2100-01-01,2025-01-01
20.251923,85.766174,41159,Super Store Bhubaneshwar Kalinga Nagar ES9,751021,,bhubaneswar,221906627,0,7MG77Q28+QF7WC2C,2100-01-01,2025-01-01
12.900154,77.59916,41161,Super Store Bengaluru Bilekahalli ES218,560032,,bengaluru,225966022,0,7J4VWH2X+3M72QMC,2100-01-01,2026-03-26
18.990828,72.81376,41163,Super Store Mumbai Lower Parel Lodha ES202,400031,,mumbai,223525546,0,7JCJXRR7+8GJ37P6,2100-01-01,2025-01-01
26.157858,91.7041,41165,Super Store Guwahati Athgaon ES6,781011,,guwahati,225040125,0,7MRH5P53+4JX7MC5,2100-01-01,2026-03-26
18.654247,73.805145,41168,Super Store Pune Vitthal Nagar  ES142,411039,,pune,222422410,0,7JCMMR34+M3RW6FP,2100-01-01,2025-01-01
23.021358,72.6221,41201,Super Store Ahmedabad Khokhra ES64,380004,,ahmedabad,225912447,0,7JMJ2JCC+GRX7JGG,2100-01-01,2025-01-01
30.282928,78.08526,41203,Super Store Dehradun Jagriti Vihar ES19,248008,,dehradun,222029625,0,8J2W73MP+54C3M8P,2100-01-01,2025-01-01
28.49921,77.133545,41205,Super Store Delhi Ghitorni ES317,122017,,delhi,229702738,0,7JWVF4XM+MCMF887,2100-01-01,2025-01-01
17.40248,78.58387,41207,Super Store Hyderabad Peerzadiguda ES129,500056,,hyderabad,227188707,0,7J9WCH2M+XGX5W8X,2100-01-01,2025-01-01
22.335552,73.14999,41209,Super Store Vadodara Chhani ES16,390016,,vadodara,224145248,0,7JJM84PX+6XH4GMC,2100-01-01,2025-01-01
28.79205,76.141335,41211,Super Store Bhiwani Adarsh Nagar Colony ES5,127021,,bhiwani,221247197,0,7JWRQ4RR+RGG4542,2100-01-01,2026-03-26
19.964989,73.82583,41213,Super Store Nashik Deolali Village ES10,422001,,nashik,222080499,0,7JFMXR7G+X8WGP2P,2100-01-01,2025-01-01
27.38581,79.593285,41215,Super Store Farrukhabad Kadrigate ES14,209601,,farrukhabad,229751469,0,7JVX9HPV+88FC8GQ,2100-01-01,2025-01-01
28.629313,77.29069,41217,Super Store Delhi Mandawali ES332,110092,,delhi,229702738,0,7JWVJ7HR+P7G,2026-07-29,2025-01-01
19.102404,72.878426,41219,Super Store Mumbai Andheri Kurla Road ES204,400708,,mumbai,223525546,0,7JFJ4V2H+X974GJG,2100-01-01,2025-01-01
26.472149,80.31778,41221,Super Store Kanpur Raipurwa ES26,208024,,kanpur,223072848,0,7MR2F8C9+V42XM3P,2100-01-01,2025-01-01
28.644527,77.13785,41223,Super Store Delhi Ramesh Nagar ES336,110039,,delhi,229702738,0,7JWVJ4VQ+R4926MJ,2100-01-01,2025-01-01
17.394014,78.413635,41225,Super Store Hyderabad Tolichowki ES154,500033,,hyderabad,227188707,0,7J9W9CV7+JF2J548,2100-01-01,2025-01-01
13.059756,80.2176,41228,Super Store Chennai Vadapalani ES74,600087,,chennai,226774846,0,7M523659+W25693J,2100-01-01,2025-01-01
22.481709,88.38116,41262,Super Store Kolkata Birnagar ES149,700044,,kolkata,229248797,0,7MJCF9JJ+MFM6M2G,2100-01-01,2025-01-01
30.258404,78.10167,41295,Super Store Dehradun Harrawal ES20,248012,,dehradun,222029625,0,8J2W7452+9M73M5H,2100-01-01,2025-01-01
28.71914,77.11209,41297,Super Store Delhi Rohini D Mall ES338,110033,,delhi,229702738,0,7JWVP496+MR5CJ64,2100-01-01,2025-01-01
16.728647,81.09158,41299,Super Store Eluru RR Peta ES1,534005,,eluru,224218490,0,7M83P3HR+FJ4W8R4,2100-01-01,2026-03-26
28.520555,77.2137,41301,Super Store Delhi Saket J Block ES333,110095,,delhi,229702738,0,7JWVG6C7+6FG7282,2100-01-01,2025-01-01
17.416225,78.536995,41303,Super Store Hyderabad Tarnaka ES143,500076,,hyderabad,227188707,0,7J9WCG8P+FQX5767,2026-07-29,2025-01-01
23.25192,72.49697,41305,Super Store Kalol Ambika Nagar ES11,382721,,kalol,221154956,0,7JMJ7F2W+QQ9R742,2100-01-01,2025-01-01
31.822374,75.19875,41307,Super Store Batala Lakkad Bazar ES97,143505,,batala,222942881,0,8J3QR5CX+XG2232H,2100-01-01,2026-03-26
22.564709,88.46485,41309,Super Store Kolkata Mahisbathan ES157,711109,,kolkata,229248797,0,7MJCHF77+VWQ6Q48,2100-01-01,2025-01-01
26.796658,80.908134,41311,Super Store Lucknow LDA Colony ES79,226006,,lucknow,223714189,0,7MR2QWW5+M767CHH,2100-01-01,2025-01-01
28.771437,77.175186,41313,Super Store Delhi Ibrahimpur ES337,110084,,delhi,229702738,0,7JWVQ5CG+H3F,2026-07-29,2025-01-01
19.91793,75.382065,41315,Super Store Aurangabad Harsool ES15,431006,,aurangabad (maharashtra),225350266,0,7JFQW99J+5RG637R,2100-01-01,2025-01-01
19.141365,74.739555,41317,Super Store Ahmednagar Savedi ES16,414001,,ahilyanagar,222348490,0,7JFP4PRQ+GRVHWVR,2100-01-01,2026-03-26
25.351593,83.00903,41319,Super Store Varanasi Saarnath ES9,221002,,varanasi,227297401,0,7MQ59225+JJMJP96,2100-01-01,2025-01-01
28.591948,77.0657,41321,Super Store Delhi Dwarka Sector 6 ES339,110078,,delhi,229702738,0,7JWVH3R8+Q7GVFR5,2100-01-01,2025-01-01
23.006243,72.59096,41357,Super Store Ahmedabad Kankaria ES65,380024,,ahmedabad,225912447,0,7JMJ2H4R+F9WP9RH,2100-01-01,2025-01-01
12.992937,77.72556,41359,Super Store Bengaluru Hoodi Shantiniketan ES238,560048,,bengaluru,225966022,0,7J4VXPVG+56G,2026-07-29,2025-01-01
25.302963,82.966255,41363,Super Store Varanasi Lahartara ES10,221001,,varanasi,227297401,0,7MQ48X38+5GJCPC8,2100-01-01,2025-01-01
22.593815,88.39423,41365,Super Store Kolkata Ultadanga ES146,700048,,kolkata,229248797,0,7MJCH9VV+GMHGVM2,2100-01-01,2025-01-01
26.43121,80.31435,41367,Super Store Kanpur Keshav Nagar ES24,208026,,kanpur,223072848,0,7MR2C8J7+FPQ6XRP,2100-01-01,2025-01-01
28.533312,77.25394,41371,Super Store Delhi CR Park L Block ES324,110019,,delhi,229702738,0,7JWVG7M3+8HF,2026-07-29,2025-01-01
22.807745,86.12854,41375,Super Store Jamshedpur Adityapur ES8,831011,,jamshedpur,223357421,0,7MJ8R45H+3CVR45R,2100-01-01,2025-01-01
32.239193,77.1924,41409,Super Store Manali Ranghari ES1,175131,,manali,223716317,0,8J4V65QR+MXCQJRF,2100-01-01,2025-01-01
18.534214,73.8875,41445,Super Store Pune Koregaon Park ES145,412105,,pune,222422410,0,7JCMGVMP+MXQHJPF,2100-01-01,2025-01-01
13.12489,77.59378,41447,Super Store Bengaluru Yelahanka Nitte ES232,560013,,bengaluru,225966022,0,7J5V4HFV+XG2HXVG,2100-01-01,2026-03-26
25.491604,81.87434,41451,Super Store Prayagraj Teliyarganj ES12,211006,,prayagraj,227394327,0,7MQ3FVRF+JPW5R3R,2100-01-01,2025-01-01
20.013773,73.77786,41453,Super Store Nashik Dindori Road ES11,422009,,nashik,222080499,0,7JGM2Q7H+G45WG9R,2100-01-01,2025-01-01
12.974066,80.18146,41455,Super Store Chennai Nanganallur ES87,600061,,chennai,226774846,0,7M42X5FJ+JHGP4GC,2100-01-01,2025-01-01
17.446764,78.48187,41457,Super Store Hyderabad Rasoolpura ES153,500060,,hyderabad,227188707,0,7J9WCFWJ+PP5HMHR,2100-01-01,2025-01-01
28.673111,77.36306,41459,Super Store UP-NCR Vasundhara Sector 5 ES181,110096,,ghaziabad,229764213,0,7JWVM9F7+66VH78V,2100-01-01,2025-01-01
22.679853,75.87812,41461,Super Store Indore Ranibaag ES15,452012,,indore,228689270,0,7JJQMVHH+W6X5GXR,2100-01-01,2025-01-01
27.607653,75.14625,41463,Super Store Sikar Clock Tower ES22,332001,,sikar,222794365,0,7JVQJ45W+3F95P64,2100-01-01,2025-01-01
22.633158,88.43922,41465,Super Store Kolkata Kaikhali ES148,700048,,kolkata,229248797,0,7MJCJCMQ+7M89F7C,2100-01-01,2025-01-01
23.98482,85.36013,41467,Super Store Hazaribagh Zulu Park ES1,825301,,hazaribagh,222525264,0,7MM7X9M6+W3CJWXG,2100-01-01,2026-03-26
12.875644,80.11015,41471,Super Store Chennai SSM Nagar ES81,600048,,chengalpattu,227374418,0,7M42V4G6+733JR3F,2100-01-01,2025-01-01
12.986172,77.460266,41473,Super Store Bengaluru Herohalli Byadarahalli ES240,560112,,bengaluru,225966022,0,7J4VXFP6+F46V9V3,2100-01-01,2025-01-01
17.982777,79.552864,41479,Super Store Warangal Hanamkonda ES1,506002,,warangal,227695659,0,7J9XXHM3+44946MH,2100-01-01,2025-01-01
12.812404,77.786156,41513,Super Store Bengaluru Sarjapur Bidaraguppe ES231,560099,,bengaluru,225966022,0,7J4VRQ6P+XF72JVC,2100-01-01,2025-01-01
21.009932,75.589005,41517,Super Store Jalgaon Ramdas Colony ES13,425002,,jalgaon,227130453,0,7JHQ2H5Q+XJC69J2,2100-01-01,2026-03-26
28.444462,77.09673,41519,Super Store Gurgaon Sector 53 ES160,122098,,gurgaon,227138302,0,7JWVC3VW+QMQG688,2100-01-01,2026-03-26
21.201208,79.14182,41521,Super Store Nagpur Binaki ES13,440014,,nagpur,228245816,0,7JHX642R+FPP7FWV,2100-01-01,2025-01-01
17.453617,78.40596,41523,Super Store Hyderabad Borabanda ES155,500049,,hyderabad,227188707,0,7J9WFC34+C9WPFG7,2100-01-01,2025-01-01
17.29842,78.522194,41525,Super Store Hyderabad Meerpet ES152,500012,,hyderabad,227188707,0,7J9W7GXC+9V8JVQP,2100-01-01,2025-01-01
19.219378,72.9816,41529,Super Store Mumbai Kolshet Road ES206,421202,,thane,229135531,0,7JFJ6X9J+QJ52J9J,2100-01-01,2026-03-26
22.751572,86.22498,41531,Super Store Jamshedpur Baghbera ES9,831006,,jamshedpur,223357421,0,7MJ8Q62F+JXHW6VR,2100-01-01,2025-01-01
23.154419,79.94549,41535,Super Store Jabalpur Civil Lines ES5,482004,,jabalpur,221933706,0,7JMX5W3W+Q59PXF6,2100-01-01,2025-01-01
23.248993,77.51542,41537,Super Store Bhopal Manak Vihar ES12,462008,,bhopal,223762919,0,7JMV6GX8+H5VMP47,2100-01-01,2025-01-01
12.820972,77.622475,41539,Super Store Bengaluru E-City Ajmera ES243,560078,,bengaluru,225966022,0,7J4VRJCC+9XQRGFX,2100-01-01,2025-01-01
28.464325,77.06523,41541,Super Store Gurgaon Sector 29 ES162,110017,,gurgaon,227138302,0,7JWVF378+P3Q3244,2100-01-01,2026-03-26
19.148037,72.8549,41542,Super Store Mumbai Goregaon JP Nagar ES214,400031,,mumbai,223525546,0,7JFJ4VX3+6X6G99V,2100-01-01,2025-01-01
29.831919,77.88692,41543,Super Store Roorkee Defence Colony ES3,247667,,roorkee,221280153,0,7JXVRVJP+QQ7MW56,2100-01-01,2025-01-01
25.460014,78.53201,41544,Super Store Jhansi Awas Vikas ES4,284003,,jhansi,222947506,0,7JQWFG6J+2R2M37H,2100-01-01,2025-01-01
26.785952,81.006004,41545,Super Store Lucknow Golf City ES76,226010,,lucknow,223714189,0,7MR3Q2P4+9CJ29PQ,2100-01-01,2025-01-01
13.062269,80.21676,41547,Super Store Chennai Trustpuram ES85,600094,,chennai,226774846,0,7M523668+WP2MJXH,2026-07-29,2025-01-01
24.545015,81.28492,41548,Super Store Rewa Samdariya ES5,486001,,rewa,221802580,0,7MP3G7WM+2X3FVM5,2100-01-01,2025-01-01
26.89022,80.98374,41549,Super Store Lucknow Meena Market ES78,226007,,lucknow,223714189,0,7MR2VXRM+3FQW5FR,2100-01-01,2025-01-01
23.643084,86.1027,41550,Super Store Bokaro Nayamore ES2,827004,,bokaro,222913779,0,7MM8J4V3+63P7M9M,2100-01-01,2026-03-26
25.457947,81.84207,41551,Super Store Prayagraj Mamfordganj ES13,211018,,prayagraj,227394327,0,7MQ3FR5R+5RGV79F,2100-01-01,2025-01-01
28.637688,77.21094,41553,Super Store Delhi Paharganj ES341,110001,,delhi,229702738,0,7JWVJ6Q6+39F,2026-07-29,2025-01-01
21.194857,72.82475,41601,Super Store Surat Gopipura ES15,395006,,surat,225663524,0,7JHJ5RVF+WWR664G,2100-01-01,2025-01-01
25.594358,85.21836,41603,Super Store Patna Sadikpur ES22,800006,,patna,225657296,0,7MQ7H6V9+P8X8JMV,2100-01-01,2026-03-26
16.499552,80.67186,41607,Super Store Vijayawada Patamata ES23,520011,,vijayawada,229881017,0,7M82FMXC+RPH473F,2100-01-01,2025-01-01
19.073992,72.886185,41649,Super Store Mumbai Kurla West ES210,400070,,mumbai,223525546,0,7JFJ3VFP+HFVQFMG,2100-01-01,2025-01-01
13.024636,77.50774,41651,Super Store Bengaluru Peenya ES248,560013,,bengaluru,225966022,0,7J5V2GF5+V35F9Q9,2100-01-01,2025-01-01
22.840431,88.37279,41653,Super Store Kolkata Chandan Nagar ES160,743144,,kolkata,229248797,0,7MJCR9RF+54F69J6,2100-01-01,2026-03-26
22.269001,73.15017,41655,Super Store Vadodara Atladara ES15,390024,,vadodara,224145248,0,7JJM7592+J33396H,2100-01-01,2026-03-26
28.508812,77.49045,41657,Super Store UP-NCR Gr Noida Surajpur ES180,201311,,noida,225639721,0,7JWVGF5R+G5GF6X9,2100-01-01,2025-01-01
18.6465,73.84644,41659,Super Store Pune Golden Cafe ES140,412105,,pune,222422410,0,7JCMJRWW+HHWRMM8,2100-01-01,2025-01-01
19.311111,84.78525,41661,Super Store Berhampur Hill Patna Rd ES12,760002,,brahmapur,226028069,0,7MF68Q6P+C3XH3V5,2100-01-01,2026-03-26
26.766748,83.41716,41695,Super Store Gorakhpur Bicchiya Bazaar ES7,273004,,gorakhpur,221021903,0,7MR5QC88+MVVRHV9,2100-01-01,2025-01-01
21.215508,81.62988,41697,Super Store Raipur Professor Colony ES10,492001,,raipur,222731525,0,7MH36J8H+6X27CJW,2100-01-01,2026-03-26
17.812332,83.2122,41699,Super Store Visakhapatnam Pendurthi ES22,530044,,visakhapatnam,228251945,0,7M95R666+WVP769C,2100-01-01,2026-03-26
28.65184,77.37151,41701,Super Store UP-NCR Niti Khand 1 ES173,110008,,ghaziabad,229764213,0,7JWVM92C+PJJM5HG,2100-01-01,2026-03-26
26.12273,91.78151,41703,Super Store Guwahati Bhetapara ES12,781038,,guwahati,225040125,0,7MRH4QFJ+3JR737G,2100-01-01,2025-01-01
16.300121,80.460526,41705,Super Store Guntur Central City ES4,522001,,guntur,225564073,0,7M828F26+26RX7Q2,2100-01-01,2025-01-01
18.558554,73.91981,41707,Super Store Pune Sainikwadi ES141,411037,,pune,222422410,0,7JCMHW59+CWF5P4R,2100-01-01,2025-01-01
26.863934,80.9978,41709,Super Store Lucknow Vibhuti Khand ES74,226021,,lucknow,223714189,0,7MR2VX7X+H4F8W4Q,2100-01-01,2026-03-26
26.161072,91.739105,41713,Super Store Guwahati Ulubari ES11,781021,,guwahati,225040125,0,7MRH5P6Q+CJHV3VJ,2100-01-01,2026-03-26
18.989765,73.10073,41717,Super Store Mumbai Karanjade ES207,410218,,panvel,226054644,0,7JCMX4Q2+W75FX8J,2100-01-01,2026-03-26
17.4566,78.3337,41721,Super Store Hyderabad Sudarshan Nagar Colony ES157,500114,,hyderabad,227188707,0,7J9WF84M+JFPVXG9,2100-01-01,2026-03-26
30.085777,78.270996,41723,Super Store Rishikesh Veerbhadra ES2,249204,,dehradun,222029625,0,8J2W37PC+8995CQQ,2100-01-01,2026-03-26
18.038115,79.54652,41725,Super Store Warangal Jagruthi Colony ES4,506002,,warangal,227695659,0,7JCX2GQW+6JRGMPW,2100-01-01,2025-01-01
20.273058,85.87838,41727,Super Store Bhubaneshwar Jayadurga Vihar ES11,751022,,bhubaneswar,221906627,0,7MG77VFH+69C6FPP,2100-01-01,2026-03-26
26.188374,91.743,41729,Super Store Guwahati Kharguli Hills ES10,781017,,guwahati,225040125,0,7MRH5PQV+85XXCMV,2100-01-01,2025-01-01
17.77081,83.21335,41731,Super Store Visakhapatnam Gopalapatam ES24,530046,,visakhapatnam,228251945,0,7M95Q6C7+88H6VPW,2100-01-01,2025-01-01
21.105324,79.111206,41735,Super Store Nagpur Ayodhya Nagar ES16,440002,,nagpur,228245816,0,7JHX4446+4FGWXJ6,2100-01-01,2026-03-26
19.21832,73.111885,41737,Super Store Mumbai Dombivli Vicco Naka ES208,410208,,mumbai,223525546,0,7JFM6496+8QCV62V,2100-01-01,2026-03-26
23.250755,77.41569,41739,Super Store Bhopal Naveen Nagar ES14,462008,,bhopal,223762919,0,7JMV7C28+8742RWH,2100-01-01,2026-03-26
12.856303,74.83609,41773,Super Store Mangaluru Attavar ES3,575001,,mangalore,226956622,0,7J4PVR4P+GCG5Q62,2100-01-01,2025-01-01
26.865276,81.02085,41777,Super Store Lucknow Vastu Khand ES80,226023,,lucknow,223714189,0,7MR3V28C+489373P,2100-01-01,2026-03-26
21.172724,79.0295,41779,Super Store Nagpur Friends Colony ES15,440013,,nagpur,228245816,0,7JHX52FH+3RJRV63,2100-01-01,2026-03-26
23.133162,79.872604,41781,Super Store Jabalpur Dhanvantri Nagar ES7,482002,,jabalpur,221933706,0,7JMX4VMF+729F9J9,2100-01-01,2026-03-26
12.979787,77.668434,41783,Super Store Bengaluru Malleshpalya Kaggadasapura ES246,560016,,bengaluru,225966022,0,7J4VXMH9+W97H7M7,2100-01-01,2026-03-26
22.801025,70.81192,41785,Super Store Morbi Sanala Road ES12,363641,,morbi,223990150,0,7JJGRR26+CQ73484,2100-01-01,2026-03-26
19.162825,73.233665,41787,Super Store Mumbai Shirgaon Badlapur ES211,421506,,mumbai,223525546,0,7JFM567M+4FFVV25,2100-01-01,2026-03-26
19.186005,72.851715,41789,Super Store Mumbai Malad East ES215,400092,,mumbai,223525546,0,7JFJ5VP2+CM494G9,2100-01-01,2026-03-26
23.289122,77.376434,41825,Super Store Bhopal Gandhi Nagar ES15,462010,,bhopal,223762919,0,7JMV79QG+JHVXC82,2100-01-01,2026-03-26
18.46083,73.86599,41827,Super Store Pune Sukhsagar Nagar ES150,411042,,pune,222422410,0,7JCMFV68+89Q88P6,2100-01-01,2026-03-26
18.439394,73.907104,41829,Super Store Pune Pisoli ES143,411023,,pune,222422410,0,7JCMCWQ4+QR5JX5J,2100-01-01,2025-01-01
13.045008,80.115685,41865,Super Store Chennai Poonamalee ES88,600056,,chennai,226774846,0,7M5224W8+2739FWG,2100-01-01,2025-01-01
30.655197,76.68566,41869,Super Store Mohali Mystic Arcs ES100,160036,,mohali,227364413,0,8J2RMM4P+37FR8VX,2100-01-01,2026-03-26
22.323956,73.17399,41873,Super Store Vadodara Jetalpur Road  ES17,390017,,vadodara,224145248,0,7JJM85FF+HHQ88G8,2100-01-01,2026-03-26
28.45741,77.211525,41877,Super Store Delhi Fatehpur Beri ES334,110046,,fatehpur,225036115,0,7JWVF646+XJ6G98Q,2100-01-01,2025-01-01
12.971711,77.71393,41913,Super Store Bengaluru Brookefield Kundalahalli ES249,560016,,bengaluru,225966022,0,7J4VXPC7+MHMH2JV,2100-01-01,2026-03-26
13.003938,77.529366,41915,Super Store Bengaluru Nandini Layout ES250,560040,,bengaluru,225966022,0,7J5V2G3H+HPHHCJ8,2100-01-01,2026-03-26
22.522491,88.37006,41955,Super Store Kolkata Picnic Garden  ES152,700047,,kolkata,229248797,0,7MJCG9CC+X2WJF5W,2100-01-01,2026-03-26
29.953901,78.0964,41957,Super Store Haridwar Shivalik Nagar ES5,249408,,haridwar,228457542,0,7JXWX33W+HH64H2R,2100-01-01,2026-03-26
28.569628,76.981926,41959,Super Store Delhi Shyam Vihar ES328,110078,,delhi,229702738,0,7JWRHX9J+VQ34QHJ,2100-01-01,2026-03-26
17.378187,78.46894,41961,Super Store Hyderabad Nampally ES156,500012,,hyderabad,227188707,0,7J9W9FH9+7HG,2026-07-29,2025-01-01
23.670727,86.98929,41963,Super Store Asansol Ushagram ES2,713303,,durgapur,223513389,0,7MM8MXCQ+7PV25XH,2100-01-01,2026-03-26
30.163849,77.262314,41967,Super Store Yamunanagar Prahlad Puri ES6,135001,,yamunanagar,229746706,0,8J2V5776+GWPRR9V,2100-01-01,2025-01-01
28.688047,77.352425,41969,Super Store UP-NCR Rajendra Nagar ES182,201014,,ghaziabad,229764213,0,7JWVM9Q2+6X7W8PR,2100-01-01,2026-03-26
13.095621,80.28074,41971,Super Store Chennai George Town ES76,600031,,chennai,226774846,0,7M5237WJ+67XW3XC,2100-01-01,2026-03-26
28.654284,77.171104,41973,Super Store Delhi East Patel Nagar ES350,110008,,delhi,229702738,0,7JWVM53C+PC97HJM,2026-07-29,2026-03-26
28.698854,77.06586,41975,Super Store Delhi Rohini Sector 21 ES340,110067,,delhi,229702738,0,7JWVM3X8+G8X739P,2100-01-01,2026-03-26
28.598911,77.08235,41977,Super Store Delhi Mahavir Enclave ES344,122009,,delhi,229702738,0,7JWVH3XJ+HW9C4VR,2100-01-01,2026-03-26
28.618763,77.11965,41979,Super Store Delhi Janakpuri ES346,110086,,delhi,229702738,0,7JWVJ499+GV2HCWG,2100-01-01,2026-03-26
22.773052,88.3306,41981,Super Store Kolkata Sheoraphuli ES166,743144,,kolkata,229248797,0,7MJCQ8FJ+66H2HF7,2100-01-01,2026-03-26
19.884706,75.35614,41983,Super Store Aurangabad Town Center CIDCO ES20,431003,,aurangabad (maharashtra),225350266,0,7JFQV9M4+VFJ8F4G,2100-01-01,2025-01-01
18.496908,73.727715,41985,Super Store Pune Bhugaon ES147,411045,,pune,222422410,0,7JCMFPWH+Q389X22,2100-01-01,2026-03-26
17.457869,78.434814,41987,Super Store Hyderabad Erragadda ES160,500112,,hyderabad,227188707,0,7J9WFC5M+4WWJFM6,2100-01-01,2026-03-26
15.403337,73.998344,41989,Super Store Goa Ponda ES18,403401,,goa,229603657,0,7J7MCX3X+88PH8XH,2100-01-01,2026-03-26
15.268093,73.93508,41991,Super Store Goa Cana Benaulim ES19,403602,,goa,229603657,0,7J7M7W9P+62PPFV2,2100-01-01,2025-01-01
15.584432,73.75367,42028,Super Store Goa Vagator Anjuna ES20,403509,,goa,229603657,0,7J7MHQM3+QFF78HC,2100-01-01,2026-03-26
17.454918,78.44789,42030,Super Store Hyderabad Ameerpet ES121,500033,,hyderabad,227188707,0,7J9WFC3X+X56PFMJ,2100-01-01,2026-03-26
28.65118,77.190186,42032,Super Store Delhi Old Rajendra Nagar ES345,110005,,delhi,229702738,0,7JWVM52R+F3F5VWG,2100-01-01,2026-03-26
17.558485,78.496796,42034,Super Store Hyderabad Gundlapochampalli ES158,500098,,medchal,224570454,0,7J9WHF5W+9PV8RQM,2100-01-01,2026-03-26
17.478289,78.3648,42036,Super Store Hyderabad Marthanda Nagar ES159,500049,,hyderabad,227188707,0,7J9WF9H7+8W7GJC6,2026-07-29,2025-01-01
12.981736,80.09958,42038,Super Store Chennai Thirumudivakkam ES86,600126,,chennai,226774846,0,7M42X3JX+MRWF9G8,2100-01-01,2026-03-26
22.548227,88.37013,42040,Super Store Kolkata CIT Road ES165,711203,,kolkata,229248797,0,7MJCG9XC+73R37CR,2100-01-01,2026-03-26
28.604374,77.09383,42046,Super Store Delhi Manglapuri ES349,110041,,delhi,229702738,0,7JWVJ33V+PGWVP4F,2100-01-01,2026-03-26
28.532446,77.21839,42048,Super Store Delhi Malviya Nagar ES351,110045,,delhi,229702738,0,7JWVG6J9+X9CV5GM,2100-01-01,2026-03-26
22.294529,73.24296,42052,Super Store Vadodara Waghodia ES19,390020,,vadodara,224145248,0,7JJM76VV+R584Q5P,2100-01-01,2026-03-26
30.6633,76.8566,42054,Super Store Panchkula Sector 20 ES102,134117,,panchkula,222634616,0,8J2RMV74+8JH2525,2100-01-01,2026-03-26
22.612022,88.51201,42056,Super Store Kolkata Rajarhat ES155,700129,,kolkata,229248797,0,7MJCJG66+RR2RP49,2100-01-01,2026-03-26
28.50423,77.151634,42058,Super Store Delhi Vasant Kunj D Block ES347,110017,,delhi,229702738,0,7JWVG532+MMR69C9,2100-01-01,2026-03-26
30.718252,76.743706,42094,Super Store Chandigarh Attawa Chowk ES101,140103,,mohali,227364413,0,8J2RPP9V+8F44GV8,2100-01-01,2026-03-26
28.419641,77.11418,42096,Super Store Gurgaon Sector 55 ES166,122004,,gurgaon,227138302,0,7JWVC497+VM3P9HC,2100-01-01,2026-03-26
28.396727,76.94969,42098,Super Store Gurgaon DLF Ultima ES167,122009,,gurgaon,227138302,0,7JWR9WWX+MVW24JH,2100-01-01,2026-03-26
28.640898,77.41327,42104,Super Store UP-NCR Pratap Vihar ES183,201309,,ghaziabad,229764213,0,7JWVJCR7+982WCC9,2100-01-01,2026-03-26
23.292273,77.42314,42112,Super Store Bhopal Karond Circle ES16,462041,,bhopal,223762919,0,7JMV7CRF+W72WCGF,2100-01-01,2026-03-26
22.294964,73.122574,42114,Super Store  Vadodara Vasant Vihar ES18,390020,,vadodara,224145248,0,7JJM74VF+X2PFJ33,2026-07-29,2026-03-26
30.683798,76.70479,42116,Super Store Mohali Sector 79 ES103,140308,,mohali,227364413,0,8J2RMPM3+GW7VCG4,2100-01-01,2026-03-26
21.139729,79.091255,42118,Super Store  Nagpur Ganeshpeth ES17,440032,,nagpur,228245816,0,7JHX43QR+VGR2P7H,2026-07-29,2026-03-26
28.541704,77.188095,42120,Super Store Delhi Kalu Sarai ES348,110062,,delhi,229702738,0,7JWVG5RQ+M6P9532,2100-01-01,2026-03-26
13.129611,80.22516,42122,Super Store Chennai Paper Mills Road ES89,600102,,chennai,226774846,0,7M5246HG+R3VC827,2100-01-01,2026-03-26
16.874979,74.60522,42158,Super Store Sangli Vishrambagh ES21,416436,,sangli,228589500,0,7J8PVJF4+X3X2JV2,2100-01-01,2026-03-26
21.500074,70.4167,42160,Super Store Junagadh Sonvatika ES1,362001,,junagadh,226030631,0,7JHGGC28+2MGVX3F,2100-01-01,2026-03-26
27.250103,79.07925,42162,Super Store Mainpuri Devpura ES15,205001,,mainpuri,226197632,0,7JVX732H+2MX5QQX,2100-01-01,2025-01-01
19.310062,72.85261,42164,Super Store Mumbai Bhayander East ES217,400097,,thane,229135531,0,7JFJ8V63+22HG6FC,2100-01-01,2026-03-26
30.274666,77.978294,42166,Super Store Dehradun Graphic Era ES22,248002,,dehradun,222029625,0,8J2V7XFH+V87FRXG,2026-07-29,2026-03-26
30.26008,78.04898,42170,Super Store Dehradun Doon University  ES21,248005,,dehradun,222029625,0,8J2W726X+2HQ74G4,2100-01-01,2026-03-26
13.063321,77.60245,42172,Super Store Bengaluru Jakkur ES253,562114,,bengaluru,225966022,0,7J5V3J72+8XGV868,2100-01-01,2026-03-26
30.732962,76.63336,42174,Super Store Kharar Gillco Valley ES104,160036,,mohali,227364413,0,8J2RPJMM+58QG8WM,2100-01-01,2026-03-26
29.193157,78.974075,42178,Super Store Kashipur Tehsil Road ES6,244713,,kashipur,222947032,0,7JXW5XVF+7J87F2F,2100-01-01,2026-03-26
20.392607,85.83988,42182,Super Store Bhubaneswar Raghunathpur ES13,753001,,bhubaneswar,221906627,0,7MG79RVQ+2XR76MP,2100-01-01,2026-03-26
17.349216,78.35714,42184,Super Store Hyderabad Pbel City ES161,500049,,hyderabad,227188707,0,7J9W89X4+MVJP7MF,2100-01-01,2026-03-26
28.451817,77.09965,42218,Super Store Gurgaon Sector 42 ES157,110062,,gurgaon,227138302,0,7JWVF32X+PVCP92R,2100-01-01,2026-05-07
29.718987,77.02153,42220,Super Store Karnal Model Town ES6,132001,,karnal,227591094,0,7JXVP29C+HJRH9MV,2100-01-01,2026-03-26
26.491894,80.32472,42222,Super Store Kanpur Tilak Nagar ES27,208017,,kanpur,223072848,0,7MR2F8RF+QV5JWJ4,2100-01-01,2025-01-01
13.015989,77.63668,42260,Super Store Bengaluru HRBR Layout ES254,560113,,bengaluru,225966022,0,7J5V2J8P+9MVHV69,2100-01-01,2026-03-26
28.648542,77.449104,42294,Super Store UP-NCR Nehru Nagar ES189,201318,,ghaziabad,229764213,0,7JWVJCXX+CJ9M8QR,2100-01-01,2026-03-26
25.708162,85.21973,42298,Super Store Patna Hajipur ES25,804453,,patna,225657296,0,7MQ7P659+7V9F77W,2100-01-01,2026-03-26
26.39966,80.3227,42300,Super Store Kanpur Rbi Colony ES28,208019,,kanpur,223072848,0,7MR298XF+V38F3RW,2100-01-01,2026-03-26
28.595177,77.45161,42302,Super Store UP-NCR Noida Ithera ES191,110076,,noida,225639721,0,7JWVHFW2+3JH3G87,2100-01-01,2026-03-26
19.420374,72.81547,42304,Super Store Mumbai Nalasopara West ES218,401203,,mumbai,223525546,0,7JFJCRC8+45WXMH4,2100-01-01,2026-03-26
26.385605,80.40948,42306,Super Store Kanpur Ramadevi ES29,208001,,kanpur,223072848,0,7MR29CP5+6QX732V,2100-01-01,2026-03-26
12.9939,77.6244,42312,Super Store  Bengaluru Cox Town ES257,560078,,bengaluru,225966022,0,7J4VXJVF+HQ6442M,2100-01-01,2025-01-01
23.422052,85.31106,42314,Super Store Ranchi Kanke ES13,835222,,ranchi,224316037,0,7MM7C8C6+RCF57QX,2100-01-01,2026-03-26
22.301489,73.249756,42316,Super Store Vadodara Sayaji Park ES21,390007,,vadodara,224145248,0,7JJM862X+HWRCQV3,2100-01-01,2026-03-26
17.426891,78.35714,42318,Super Store Hyderabad Nanakramguda ES163,500104,,hyderabad,227188707,0,7J9WC9G4+QV2M9PP,2100-01-01,2026-05-07
17.551653,78.35797,42320,Super Store Hyderabad Mallampet ES164,500011,,hyderabad,227188707,0,7J9WH925+M592P27,2100-01-01,2026-03-26
28.388988,77.318085,42388,Super Store Faridabad Sector 15 ES43,121007,,faridabad,223106950,0,7JWV98Q9+H6WGPH2,2100-01-01,2026-03-26
29.966629,76.82097,42422,Super Store Kurukshetra University ES5,136119,,kurukshetra,223109986,0,7JXRXR8C+M952R22,2100-01-01,2026-03-26
19.85329,75.38068,42456,Super Store Aurangabad Vijayant Nagar ES22,431001,,aurangabad (maharashtra),225350266,0,7JFQV93J+877P79Q,2100-01-01,2026-03-26
12.873992,77.56779,42458,Super Store Bengaluru Konanakunte ES259,560100,,bengaluru,225966022,0,7J4VVHF9+H4VMC9H,2100-01-01,2026-03-26
28.911636,76.574165,42462,Super Store Rohtak Suncity ES5,124001,,rohtak,221599613,0,7JWRWH6F+MM3F3G3,2100-01-01,2026-03-26
30.750605,76.76295,42464,Super Store Chandigarh Sector 24 ES105,160055,,chandigarh,224638299,0,8J2RQQ27+65W739M,2100-01-01,2026-03-26
28.534288,77.15292,42466,Super Store Delhi Vasant Kunj Sector C ES354,110038,,delhi,229702738,0,7JWVG5M3+P57GM33,2100-01-01,2026-03-26
30.696281,76.871735,42468,Super Store Panchkula Sector 4 ES108,134104,,panchkula,222634616,0,8J2RMVWC+GM987XP,2100-01-01,2026-03-26
22.607847,88.31914,42470,Super Store Kolkata Tikiapara ES168,700066,,howrah,223312066,0,7MJCJ859+4MJVF87,2100-01-01,2026-03-26
12.920535,77.579796,42474,Super Store Bengaluru Jayanagar Yediyur Lake ES258,560085,,bengaluru,225966022,0,7J4VWHCH+6W7F49V,2100-01-01,2026-03-26
18.48999,73.80525,42476,Super Store Pune Warje ES153,411014,,pune,222422410,0,7JCMFRQ4+X4RCW6P,2100-01-01,2026-03-26
21.70372,72.99734,42478,Super Store Bharuch Gayatri Nagar ES2,393002,,bharuch,229854841,0,7JHJPX3W+FWPX3RG,2100-01-01,2026-03-26
25.426073,81.91384,42480,Super Store Prayagraj Jhusi ES195,211006,,prayagraj,227394327,0,7MQ3CWG7+CGGXQ89,2100-01-01,2026-03-26
22.318089,73.14135,42482,Super Store Vadodara Gotri ES20,390014,,vadodara,224145248,0,7JJM849R+6GQFFCR,2100-01-01,2026-03-26
23.325577,75.05003,42484,Super Store Ratlam Katju Nagar ES7,457001,,ratlam,226311547,0,7JMQ83G2+62M268H,2100-01-01,2026-03-26
21.10017,79.16383,42486,Super Store Nagpur Telephone Nagar ES18,440025,,nagpur,228245816,0,7JHX4527+3G8PWX4,2100-01-01,2026-03-26
13.044484,77.654015,42488,Super Store Bengaluru Banjara Layout Horamavu ES260,560079,,bengaluru,225966022,0,7J5V2MV3+QJR8JWH,2100-01-01,2026-03-26
25.245478,86.960846,42522,Super Store Bhagalpur Vrindavan Colony ES3,812002,,bhagalpur,229385275,0,7MQ86XW6+58X2P2C,2100-01-01,2026-03-26
22.607418,88.27847,42524,Super Store Kolkata Kona Expressway ES169,700154,,howrah,223312066,0,7MJCJ74H+X99JFV7,2100-01-01,2026-03-26
19.073282,72.836334,42526,Super Store Mumbai Khar Bandra ES224,400001,,mumbai,223525546,0,7JFJ3RFP+8G88HCC,2100-01-01,2026-03-26
28.633657,77.35721,42528,Super Store UP-NCR Indirapuram ES193,201005,,indirapuram,226364662,0,7JWVJ9M4+FV888RQ,2100-01-01,2026-03-26
28.665571,77.26968,42574,Super Store Delhi East Azad Nagar ES355,110092,,shahdara,224408818,0,7JWVM789+6VFW6G6,2100-01-01,2026-03-26
28.577013,77.243805,42576,Super Store Delhi Lajpat Nagar 3 ES358,110068,,delhi,229702738,0,7JWVH6GV+RG3GG83,2100-01-01,2026-03-26
30.68531,76.64888,42582,Super Store Mohali Sector 91 ES106,134112,,mohali,227364413,0,8J2RMJPX+4HC6WF9,2100-01-01,2026-03-26
28.636404,77.32616,42584,Super Store UP-NCR Kaushambi ES192,201010,,delhi,229702738,0,7JWVJ8PG+HF65PM3,2100-01-01,2026-03-26
13.596702,79.409004,42618,Super Store Tirupati Tummalagunta ES2,517507,,tirupati,226376791,0,7J5XHCW5+MJJ29VM,2100-01-01,2026-03-26
30.819004,76.92397,42656,Super Store Pinjore Railway Crossing ES7,134104,,pinjore,227788298,0,8J2RRW9F+JH52WCR,2100-01-01,2026-03-26
27.416885,80.12515,42658,Super Store Hardoi Sadar Bazaar ES1,241001,,hardoi,226782377,0,7MV2C48G+Q329RW6,2100-01-01,2025-01-01
29.371296,78.13405,42660,Super Store Bijnor Geeta Nagri ES1,246701,,bijnor,225821510,0,7JXW94CM+GJ7W393,2100-01-01,2026-03-26
28.501934,77.09248,42664,Super Store Gurgaon Moulsari Avenue ES173,110003,,gurgaon,227138302,0,7JWVG32R+QXH7X4J,2100-01-01,2026-03-26
29.164284,79.49448,42736,Super Store Haldwani Dhanpuri ES4,263153,,haldwani,228915454,0,7JXX5F7V+PQ97RH2,2100-01-01,2026-03-26
28.484999,77.32337,42738,Super Store Faridabad Sehatpur ES42,110025,,faridabad,223106950,0,7JWVF8MF+X8XXQ4M,2100-01-01,2026-03-26
19.129519,72.847046,42740,Super Store Mumbai Jogeshwari West ES221,400071,,mumbai,223525546,0,7JFJ4RHW+RR3MP65,2100-01-01,2026-03-26
28.685259,77.09562,42746,Super Store Delhi Jwalaheri 2 ES364,110078,,delhi,229702738,0,7JWVM3PW+4659V48,2100-01-01,2026-03-26
29.68639,76.961395,42748,Super Store Karnal Friends Colony ES7,132001,,karnal,227591094,0,7JXRMXP6+HH2P3V6,2026-07-29,2026-03-26
26.857979,75.783264,42750,Super Store Jaipur Gopal Pura Mod ES65,302002,,jaipur,226506314,0,7JRQVQ5M+58R4R6X,2100-01-01,2026-03-26
15.5064,73.77147,42752,Super Store Goa Reis Margos ES22,403001,,goa,229603657,0,7J7MGQ4C+HH854FM,2100-01-01,2026-03-26
26.826294,80.871765,42805,Super Store Lucknow Bhavyapuram ES81,226017,,lucknow,223714189,0,7MR2RVGC+GP6MP6H,2100-01-01,2026-03-26
26.892103,80.95192,42806,Super Store Lucknow Purania Road ES82,226028,,lucknow,223714189,0,7MR2VXR2+RQV4J7C,2100-01-01,2026-03-26
17.515894,78.42692,42807,Super Store Hyderabad IDPL Colony ES169,500008,,hyderabad,227188707,0,7J9WGC8G+9Q3MW2C,2100-01-01,2026-03-26
27.904207,79.92844,42808,Super Store Shahjahanpur Sadar Bazar ES1,242001,,shahjahanpur,224511221,0,7JVXWW3H+M9P66CR,2100-01-01,2026-03-26
23.829647,86.42413,42810,Super Store Dhanbad Baromuri ES3,826005,,dhanbad,223567019,0,7MM8RCHF+VM2V6VM,2100-01-01,2026-03-26
28.6757,77.228615,42811,Super Store Delhi Civil Lines ES365,201006,,delhi,229702738,0,7JWVM6GH+7CHWQXG,2100-01-01,2026-03-26
28.563345,77.13908,42812,Super Store Delhi Mahipalpur ES367,110024,,delhi,229702738,0,7JWVH47Q+8JPMXG9,2100-01-01,2026-03-26
26.813978,75.77362,42813,Super Store Jaipur Mansarovar Hans Vihar ES66,302017,,jaipur,226506314,0,7JRQRQ7F+HCX5Q36,2100-01-01,2026-03-26
26.872784,80.92783,42815,Super Store Lucknow Nirala Nagar ES83,226017,,lucknow,223714189,0,7MR2VWFH+4488W7G,2100-01-01,2026-03-26
12.938803,77.56785,42816,Super Store Bengaluru Basavangudi Puttana Rd ES263,560098,,bengaluru,225966022,0,7J4VWHQ9+G4H2F66,2100-01-01,2026-03-26
12.982191,77.58716,42818,Super Store Bengaluru Anand Rao Circle ES265,560026,,bengaluru,225966022,0,7J4VXHJP+VVFJ2M9,2100-01-01,2026-03-26
23.052032,70.12458,42853,Super Store Gandhidham Gayatri Kunj ES14,370201,,gandhidham,228777581,0,7JMG342F+RR88GVH,2100-01-01,2026-03-26
21.148434,78.99925,42855,Super Store Nagpur Wadi ES19,440018,,nagpur,228245816,0,7JHW4XXX+9PC6FXV,2100-01-01,2026-03-26
17.266298,80.18014,42857,Super Store Khammam Dwarka Nagar ES1,507003,,khammam,224412130,0,7M92758J+G36VF9V,2100-01-01,2026-03-26
28.296585,77.549446,42863,Super Store UP-NCR Gr. Noida Gaur Yamuna ES186,201312,,noida,225639721,0,7JWV7GWX+JQPF723,2100-01-01,2026-03-26
24.492167,86.73068,42897,Super Store Deoghar Bus stand ES1,814157,,deoghar,222808603,0,7MP8FPRJ+V77P9X2,2100-01-01,2026-03-26
19.202848,72.98545,42931,Super Store Mumbai Kharegaon ES225,400080,,thane,229135531,0,7JFJ6X3P+45PWJPG,2100-01-01,2026-03-26
17.481192,78.49407,42933,Super Store Hyderabad Tirumalagiri ES168,500087,,hyderabad,227188707,0,7J9WFFJV+FJGJ9FV,2100-01-01,2026-03-26
19.34557,72.799,42937,Super Store Mumbai Vasai South ES229,401201,,mumbai,223525546,0,7JFJ8QWX+6JCJPRF,2100-01-01,2026-03-26
18.485981,73.86881,42943,Super Store Pune Satara Road ES154,411014,,pune,222422410,0,7JCMFVP9+9GV95JC,2100-01-01,2026-03-26
25.43423,81.81383,42945,Super Store Prayagraj Chakia ES14,211016,,prayagraj,227394327,0,7MQ3CRM7+MGW7594,2100-01-01,2026-03-26
26.798208,80.923874,42947,Super Store Lucknow Saleh Nagar ES84,226018,,lucknow,223714189,0,7MR2QWXF+7HJ6J3J,2100-01-01,2026-03-26
26.820614,83.39776,42949,Super Store Gorakhpur Raptinagar ES8,273015,,gorakhpur,221021903,0,7MR5R9CX+64RCXHC,2100-01-01,2026-03-26
18.64927,78.105125,42983,Super Store Nizamabad Khaleelwadi ES1,503002,,nizamabad,222821904,0,7JCWJ4X4+P25QXQ6,2100-01-01,2026-03-26
8.483968,76.94598,42985,Super Store Trivandrum Vazhuthacaud ES7,695023,,trivandrum,227174343,0,6JWRFWMW+H9QMCVG,2100-01-01,2026-03-26
28.448067,76.96353,42989,Super Store Gurgaon Sector 37 D ES171,122052,,gurgaon,227138302,0,7JWRCXX7+6CCQ5PX,2100-01-01,2026-03-26
26.78139,82.14091,42993,Super Store Ayodhya Ram Nagar ES1,224001,,ayodhya,224708809,0,7MR4Q4JR+H92HQMH,2100-01-01,2026-03-26
28.867022,76.664375,42995,Super Store Rohtak Omaxe City ES176,124021,,rohtak,221599613,0,7JWRVM87+RP5XG53,2100-01-01,2026-03-26
28.744831,77.11621,42997,Super Store Delhi Rohini Sector 16 ES366,110015,,delhi,229702738,0,7JWVP4V8+WFP88WM,2100-01-01,2026-03-26
19.25611,73.12601,42999,Super Store Mumbai Kalyan Raunak City ES231,421202,,mumbai,223525546,0,7JFM744G+CCR6X8V,2100-01-01,2026-03-26
28.61904,77.03829,43001,Super Store Delhi Patel Garden ES369,110045,,delhi,229702738,0,7JWVJ29Q+J87FV3H,2100-01-01,2026-03-26
28.469185,76.97781,43005,Super Store Gurgaon Sector 9A ES175,110077,,gurgaon,227138302,0,7JWRFX9H+M4G6W37,2100-01-01,2026-03-26
19.127678,72.86277,43041,Super Store Mumbai Sher-E- Punjab ES219,400088,,mumbai,223525546,0,7JFJ4VH7+34C4C4C,2100-01-01,2026-03-26
19.1878,72.83843,43043,Super Store Mumbai Orlem Malad ES223,400101,,mumbai,223525546,0,7JFJ5RQQ+497XVXJ,2100-01-01,2026-03-26
19.036182,72.923996,43045,Super Store Mumbai Govandi East ES226,400706,,mumbai,223525546,0,7JFJ2WPF+FHH97P5,2100-01-01,2026-03-26
22.102808,82.12313,43047,Super Store Bilaspur Minocha Colony ES1,495001,,bilaspur,228301195,0,7MJ4443F+47C7CF3,2100-01-01,2026-03-26
19.166082,72.846825,43053,Super Store  Mumbai Goregaon Belwalkar ES233,400061,,mumbai,223525546,0,7JFJ5R8W+CPP7FFH,2100-01-01,2026-03-26
17.733788,83.28371,43057,Super Store Visakhapatnam Dwarka Nagar ES25,530004,,visakhapatnam,228251945,0,7M95P7MM+GF8FH54,2100-01-01,2026-03-26
26.45317,80.353935,43059,Super Store Kanpur Bakar Ganj ES31,209801,,kanpur,223072848,0,7MR2F933+7H7X7HM,2100-01-01,2026-03-26
22.113,82.16232,43061,Super Store Bilaspur Sarkanda ES2,495004,,bilaspur,228301195,0,7MJ44576+6W439J7,2100-01-01,2026-03-26
13.031801,77.60043,43063,Super Store Bengaluru Kanaka Nagar ES268,560055,,bengaluru,225966022,0,7J5V2JJ2+P5F58H5,2100-01-01,2026-03-26
28.667297,77.16583,43099,Super Store Delhi Shastri Nagar ES360,110041,,delhi,229702738,0,7JWVM588+W88WM4F,2100-01-01,2026-03-26
28.685963,77.176025,43101,Super Store Delhi Ashok Vihar ES363,110069,,delhi,229702738,0,7JWVM5PG+9CJG9QV,2100-01-01,2026-03-26
22.497541,88.35065,43107,Super Store Kolkata Lake Garden ES170,711202,,kolkata,229248797,0,7MJCF9X2+276P96G,2100-01-01,2026-03-26
28.481121,77.51637,43111,Super Store UP-NCR Noida Delta 1 ES198,121003,,noida,225639721,0,7JWVFGJ8+CGXX73G,2100-01-01,2026-03-26
22.711754,88.4029,43189,Super Store Kolkata R N Avenue ES177,711103,,kolkata,229248797,0,7MJCPC63+P525Q2J,2100-01-01,2026-03-26
23.208656,72.62862,43191,Super Store Ahmedabad Sargasan ES74,382006,,gandhinagar,229926774,0,7JMJ6J5H+FC988HH,2100-01-01,2026-03-26
25.635092,85.10807,43192,Super Store Patna Patliputra Colony ES26,800014,,patna,225657296,0,7MQ7J4P5+26PJG48,2100-01-01,2026-03-26
28.689175,77.44062,43197,Super Strore UP-NCR Raj Nagar Extn ES196,110091,,ghaziabad,229764213,0,7JWVMCQR+M69XWQC,2100-01-01,2026-03-26
28.936977,77.64192,43198,Super Store Meerut Subharti University ES201,201201,,meerut,229503551,0,7JWVWJPR+QQV39CX,2100-01-01,2026-03-26
23.22155,77.460144,43199,Super Store Bhopal Habib Ganj ES17,462023,,bhopal,223762919,0,7JMV6FC6+J3C355M,2100-01-01,2026-03-26
28.802074,78.67936,43200,Super Store Moradabad Mangupura ES5,244105,,moradabad,228469992,0,7JWWRM2H+RPQ3553,2100-01-01,2026-03-26
28.464367,77.29094,43239,Super Store Faridabad Greenfield ES45,121010,,faridabad,223106950,0,7JWVF77R+P9WJCV9,2026-07-29,2026-03-26
30.78475,76.7827,43241,Super Store  Chandigarh Nayagaon ES115,160017,,chandigarh,224638299,0,8J2RQQMM+V3WVXM8,2100-01-01,2026-03-26
29.974985,77.50779,43277,Super Store Saharanpur Bijopuri ES3,247002,,saharanpur,225139122,0,7JXVXGF5+X4VF2R3,2100-01-01,2026-03-26
30.16378,78.14165,43399,Super Store Dehradun Airport Road ES24,249201,,dehradun,222029625,0,8J2W547R+GM685WF,2100-01-01,2026-05-07
28.441605,77.02628,43401,Super Store Gurgaon Sector 33 ES179,122102,,gurgaon,227138302,0,7JWVC2RG+JGV2W29,2100-01-01,2026-03-26
19.220333,72.86992,43435,Super Store Mumbai Devipada ES235,400063,,mumbai,223525546,0,7JFJ6VC9+4XM7GJ6,2100-01-01,2026-03-26
17.380249,78.486084,43439,Super Store Hyderabad Narayanaguda ES167,500028,,hyderabad,227188707,0,7J9W9FJP+3CWWM3G,2100-01-01,2026-03-26
23.377357,85.25545,43441,Super Store Ranchi Kathal More ES14,834001,,ranchi,224316037,0,7MM797G4+W5W6HJV,2100-01-01,2026-03-26
13.041499,77.71194,43443,Super Store Bengaluru Cheemasandra ES270,560045,,bengaluru,225966022,0,7J5V2PR6+HQVXWFH,2100-01-01,2026-03-26
15.595842,73.76881,43449,Super Store Goa Mapusa Khorlim ES23,403114,,goa,229603657,0,7J7MHQW9+8GMQF6C,2100-01-01,2026-03-26
28.470924,77.02068,43483,Super Store Gurgaon Sector 12 ES174,122012,,gurgaon,227138302,0,7JWVF2CC+977XWR9,2100-01-01,2026-03-26
12.946902,77.71452,43485,Super Store Bengaluru Munnekollal Thubarahalli ES267,560016,,bengaluru,225966022,0,7J4VWPW7+QR648RM,2100-01-01,2026-03-26
22.7703,75.95874,43491,Super Store Indore Nipania ES20,452009,,indore,228689270,0,7JJQQXC5+4F9WXR7,2100-01-01,2026-03-26
12.925102,77.59135,43493,Super Store Bengaluru Jayanagar 4th Block ES271,560059,,bengaluru,225966022,0,7J4VWHGR+2GX27WJ,2100-01-01,2026-05-07
23.140835,79.973114,43495,Super Store Jabalpur Tilhari ES8,482003,,jabalpur,221933706,0,7JMX4XRF+86Q8WJF,2100-01-01,2026-03-26
26.155346,91.768456,43499,Super Store Guwahati Lachit Nagar ES13,781020,,guwahati,225040125,0,7MRH5Q49+49PW283,2100-01-01,2026-03-26
25.271742,82.986465,43501,Super Store Varanasi Nandan Nagar ES11,221011,,varanasi,227297401,0,7MQ47XCP+MHWQ9X7,2100-01-01,2026-03-26
22.319458,73.18887,43503,Super Store Vadodara Karelibagh ES22,390016,,vadodara,224145248,0,7JJM859Q+QGQ9FGH,2100-01-01,2026-03-26
19.201403,72.8339,43505,Super Store Mumbai Kandivali Ganesh Nagar ES236,400059,,mumbai,223525546,0,7JFJ6R2M+HH65M6X,2100-01-01,2026-03-26
19.138834,72.80882,43507,Super Store Mumbai Yari Road ES237,400069,,mumbai,223525546,0,7JFJ4RQ5+GGP7JF3,2100-01-01,2026-03-26
12.986488,80.21773,43543,Super Store Chennai Adambakkam ES91,600099,,chennai,226774846,0,7M42X6P9+H3XCQW2,2100-01-01,2026-03-26
30.731518,76.81601,43545,Super Store Chandigarh Sector 26 ES114,160016,,chandigarh,224638299,0,8J2RPRJ8+JC2M6XV,2100-01-01,2026-03-26
12.791179,80.097046,43547,Super Store Chennai Guduvanchery ES90,600045,,chengalpattu,227374418,0,7M42Q3RW+FRF3M9F,2100-01-01,2026-03-26
30.936935,75.83501,43549,Super Store Ludhiana Hambran Road ES116,141008,,ludhiana,224908432,0,8J2QWRPP+Q2CF663,2100-01-01,2026-03-26
28.682056,77.01523,43551,Super Store Bahadurgarh Dharm Vihar ES3,110039,,bahadurgarh,228796415,0,7JWVM2J8+R3H78V7,2100-01-01,2026-03-26
26.187506,78.13875,43553,Super Store Gwalior Kampoo Road ES7,474002,,gwalior,227619679,0,7JRW54QQ+2F593GP,2100-01-01,2026-03-26
28.534937,77.261055,43555,Super Store Delhi Govindpuri ES342,110061,,delhi,229702738,0,7JWVG7M6+XCFHF33,2100-01-01,2026-03-26
12.940284,77.713234,43557,Super Store Bengaluru Balagere Sobha Dream ES272,560016,,bengaluru,225966022,0,7J4VWPR7+4797X5J,2100-01-01,2026-03-26
19.024242,72.83826,43559,Super Store Mumbai Dadar West ES243,400027,,mumbai,223525546,0,7JFJ2RFQ+M8RJG7W,2100-01-01,2026-03-26
28.747059,77.49139,43561,Super Store Muradnagar Brij Vihar ES208,201005,,ghaziabad,229764213,0,7JWVPFWR+RHC6Q99,2100-01-01,2026-03-26
16.98103,81.79165,43595,Super Store Rajahmundry Morampudi ES3,533105,,rajahmundry,229226661,0,7M83XQJR+CM65V6Q,2100-01-01,2026-03-26
17.401426,78.459816,43597,Super Store Hyderabad Vijay Nagar ES175,500008,,hyderabad,227188707,0,7J9WCF25+HWG26FP,2100-01-01,2026-03-26
22.464725,88.355865,43599,Super Store Kolkata Bansdroni ES178,700043,,kolkata,229248797,0,7MJCF974+V8X446Q,2100-01-01,2026-03-26
29.990765,78.189926,43633,Super Store Haridwar Har ki Pauri ES7,249411,,haridwar,228457542,0,7JXWX5RQ+8X3GQXC,2100-01-01,2026-03-26
30.304996,78.04896,43635,Super Store Dehradun Old Nehru Colony ES25,248005,,dehradun,222029625,0,8J2W823X+XHWX62V,2100-01-01,2026-03-26
31.64185,74.89305,43637,Super Store Amritsar Golden Avenue ES123,143001,,amritsar,227552331,0,8J3PJVRV+P6V4585,2100-01-01,2026-03-26
31.681498,74.87219,43639,Super Store Amritsar Gumtala ES125,143001,,amritsar,227552331,0,8J3PMVJC+HVWRFCX,2100-01-01,2026-03-26
29.417685,76.95012,43643,Super Store Panipat Desraj ES8,132103,,panipat,221317514,0,7JXRCX92+32H8QPV,2100-01-01,2026-03-26
30.645216,76.82836,43645,Super Store Zirakpur Expressway ES121,134113,,mohali,227364413,0,8J2RJRWH+38QM9GJ,2100-01-01,2026-03-26
23.024702,72.51219,43647,Super Store Ahmedabad Ramdevnagar ES75,380009,,ahmedabad,225912447,0,7JMJ2GF6+VVP2F8C,2100-01-01,2026-03-26
31.328245,75.586716,43651,Super Store Jalandhar Model Town ES120,144005,,jalandhar,221605022,0,8J3Q8HHP+7MWQX97,2100-01-01,2026-03-26
30.654953,76.75097,43653,Super Store Mohali Sector 66 ES124,160047,,mohali,227364413,0,8J2RMQ32+X9P5G8M,2100-01-01,2026-03-26
26.852127,80.98097,43655,Super Store Lucknow Vishal Khand ES90,226017,,lucknow,223714189,0,7MR2VX2J+V945H9Q,2100-01-01,2026-03-26
22.284946,70.74392,43657,Super store Rajkot Topland Residency ES7,360006,,rajkot,228275857,0,7JJG7PMV+XHFV5XC,2100-01-01,2026-03-26
26.769579,80.88138,43693,Super Store Lucknow Sarojini Nagar ES86,226002,,lucknow,223714189,0,7MR2QV9J+RHJ2JR8,2100-01-01,2026-03-26
25.38443,82.986534,43699,Super Store Varanasi Bhakti Nagar ES12,221007,,varanasi,227297401,0,7MQ49XMP+QJF63FP,2100-01-01,2026-03-26
26.480247,80.285126,43701,Super Store Kanpur Fazalganj 2 ES32,208019,,kanpur,223072848,0,7MR2F7JP+33RRG32,2100-01-01,2026-03-26
26.856867,80.90873,43703,Super Store Lucknow Raja Bazaar Road ES89,226003,,lucknow,223714189,0,7MR2VW45+PFXMGF5,2100-01-01,2026-03-26
26.472149,80.230865,43705,Super Store Kanpur Panki ES33,208024,,kanpur,223072848,0,7MR2F6CJ+V85XJ2P,2100-01-01,2026-03-26
25.251305,82.982124,43707,Super Store Varanasi BHU ES13,221007,,varanasi,227297401,0,7MQ47X2J+GVC62CC,2100-01-01,2026-03-26
22.702248,75.902954,43709,Super Store Indore Goyal Nagar ES17,452002,,indore,228689270,0,7JJQPW23+V5WWF7J,2100-01-01,2026-03-26
22.708195,75.88244,43713,Super Store Indore Chawni Road ES21,452001,,indore,228689270,0,7JJQPV5J+7XGR4FG,2100-01-01,2026-03-26
17.35376,78.434395,43715,Super Store Hyderabad Attapur ES166,500064,,hyderabad,227188707,0,7J9W9C3M+GQ28VHW,2026-07-29,2026-03-26
21.144133,72.889,43717,Super Store Surat  Dindoli ES16,395012,,surat,225663524,0,7JHJ4VVQ+MH59GQF,2100-01-01,2026-03-26
13.045323,77.587944,43721,Super Store Bengaluru Kodigehalli Devinagar ES266,560099,,bengaluru,225966022,0,7J5V2HWQ+45GRMQF,2100-01-01,2026-03-26
26.189592,85.399055,43723,Super Store Muzaffarpur Shekhpur ES28,842001,,muzaffarpur,227974635,0,7MR759QX+RJMP9RX,2100-01-01,2026-03-26
26.903002,81.0257,43725,Super Store Lucknow Lajwanti Nagar ES87,226004,,lucknow,223714189,0,7MR3W23G+67438H6,2100-01-01,2026-03-26
26.87492,80.912025,43727,Super Store Lucknow Muftiganj ES88,226022,,lucknow,223714189,0,7MR2VWF6+XR6QR3P,2100-01-01,2026-03-26
25.597496,85.145454,43729,Super Store Patna Mithapur ES27,800020,,patna,225657296,0,7MQ7H4WW+X5WWF52,2100-01-01,2026-03-26
23.107807,72.69246,43762,Super Store Ahmedabad Nava Naroda 2 ES76,380014,,ahmedabad,225912447,0,7JMJ4M5R+4XG878Q,2100-01-01,2026-03-26
21.099543,78.97105,43799,Super Store Nagpur Digdoh Hills ES20,440025,,nagpur,228245816,0,7JHW3XXC+RC7MG2P,2100-01-01,2026-03-26
23.570288,87.34602,43801,Super Store Durgapur City Center ES1,713202,,durgapur,223513389,0,7MM9H8CW+4C6HCQP,2100-01-01,2026-03-26
25.23972,87.03901,43803,Super Store Bhagalpur Zero Mile ES4,812006,,bhagalpur,229385275,0,7MQ962QQ+VJJMVV4,2100-01-01,2026-03-26
19.268976,72.966125,43805,Super Store Mumbai Thane Waghbil ES242,400615,,thane,229135531,0,7JFJ7X98+HFR23RG,2100-01-01,2026-03-26
22.790962,86.250175,43809,Super Store Jamshedpur Baridih ES11,832109,,jamshedpur,223357421,0,7MJ8Q7R2+93MGHMG,2100-01-01,2026-03-26
17.430159,78.37977,43811,Super Store Hyderabad Vittal Rao Nagar ES174,500064,,hyderabad,227188707,0,7J9WC9JH+3W67Q57,2100-01-01,2026-03-26
30.86142,75.92027,43849,Super Store Ludhiana Ambedkar Nagar ES119,141013,,ludhiana,224908432,0,8J2QVW6C+H46X275,2100-01-01,2026-03-26
28.40756,79.37883,43850,Super Store Bareilly Saidpur Hawkins ES5,243122,,bareilly,226514847,0,7JWXC95H+2GG8VH7,2100-01-01,2026-03-26
30.843983,75.84085,43851,Super Store Ludhiana Urban Estate Dugri ES117,141002,,ludhiana,224908432,0,8J2QRRVR+H8X6HHM,2100-01-01,2026-03-26
27.163168,78.07468,43895,Super Store Agra Shamsabad ES13,282001,,agra,223877491,0,7JVW537F+7V7PMCH,2100-01-01,2026-03-26
19.073795,74.746185,43897,Super Store Ahmednagar Maniknagar ES24,414111,,ahilyanagar,222348490,0,7JFP3PFW+GF7X3GG,2100-01-01,2026-03-26
30.308191,78.020454,43899,Super Store Dehradun Patel Nagar ES26,248005,,dehradun,222029625,0,8J2W825C+75GP6R6,2100-01-01,2026-03-26
32.69087,74.8433,43901,Super Store Jammu Old Sathwari ES10,180001,,jammu,221204491,0,8J4PMRRV+88VMX47,2100-01-01,2026-05-07
28.568783,77.4251,43937,Super Store UP-NCR Paramount Emotions ES206,110092,,ghaziabad,229764213,0,7JWVHC9G+G297GJ9,2100-01-01,2026-05-07
28.60765,77.29833,43939,Super Store Delhi Mayur Vihar Extn ES375,201005,,delhi,229702738,0,7JWVJ75X+384WVV5,2100-01-01,2026-03-26
26.845903,75.797554,43941,Super Store Jaipur Palika Bazar ES67,302029,,jaipur,226506314,0,7JRQRQWX+9274PGW,2100-01-01,2026-03-26
26.463337,74.596054,43943,Super Store Ajmer Gyan Vihar ES23,305022,,ajmer,221576763,0,7JRPFH7W+8CMH637,2100-01-01,2026-03-26
27.234983,78.05769,43945,Super Store Agra Trans Yamuna ES12,282005,,agra,223877491,0,7JVW63M5+X3W6HQQ,2100-01-01,2026-03-26
29.015062,77.651764,43947,Super Store Meerut Fazalpur ES202,250001,,meerut,229503551,0,7JXV2M82+2PCG6RW,2100-01-01,2026-03-26
28.503294,77.04354,43951,Super Store Gurgaon Sector 23 ES170,110015,,gurgaon,227138302,0,7JWVG23V+8C7MJVR,2100-01-01,2026-03-26
23.054691,72.49985,43987,Super Store Ahmedabad Thaltej GAM ES77,380016,,ahmedabad,225912447,0,7JMJ3F3X+VWHJ8PP,2100-01-01,2026-03-26
28.872927,76.57838,43989,Super Store Rohtak Mansarover Colony ES6,124001,,rohtak,221599613,0,7JWRVHFH+59C26GF,2100-01-01,2026-03-26
28.416525,77.0374,43993,Super Store Gurgaon Sector 48 ES180,122003,,gurgaon,227138302,0,7JWVC28P+JX2XVP9,2100-01-01,2026-03-26
28.57041,77.21522,43995,Super Store Delhi Southex ES370,110008,,delhi,229702738,0,7JWVH6C8+538H465,2100-01-01,2026-03-26
28.624056,77.416565,43997,Super Store UP-NCR Gr Noida Tigri ES178,201009,,noida,225639721,0,7JWVJCF8+JJG6272,2100-01-01,2026-03-26
19.07418,72.853424,44031,Super Store Mumbai Bandra East ES249,400071,,mumbai,223525546,0,7JFJ3VF3+M9F8873,2100-01-01,2026-03-26
19.11049,72.89725,44033,Super Store Mumbai Chandivali Milan Colony ES246,400072,,mumbai,223525546,0,7JFJ4V6W+5VXQ4X4,2026-07-29,2026-03-26
15.477667,73.84404,44043,Super Store Goa Santa Cruz ES24,403109,,goa,229603657,0,7J7MFRHV+3J7J9RR,2100-01-01,2026-03-26
12.854694,77.671745,44077,Super Store Bengaluru LHR Layout E-City ES274,560080,,bengaluru,225966022,0,7J4VVM3C+VMHQR25,2100-01-01,2026-03-26
12.977561,77.6194,44079,Super Store Bengaluru Shivaji Nagar ES275,560017,,bengaluru,225966022,0,7J4VXJH9+2QCH4W6,2100-01-01,2026-03-26
26.903755,75.68635,44081,Super Store Jaipur Sirsi Road ES70,302017,,jaipur,226506314,0,7JRQWM3P+GG56946,2100-01-01,2026-03-26
23.257042,77.47524,44119,Super Store Bhopal Indrapuri ES19,462011,,bhopal,223762919,0,7JMV7F4G+R39QCP3,2100-01-01,2026-03-26
13.0610075,77.772285,44121,Super Store Bengaluru Hoskote MV Extension ES277,560038,,bengaluru,225966022,0,7J5V3Q6C+CW36CH7,2100-01-01,2026-03-26
18.983452,72.836334,44123,Super Store Mumbai Cotton Green ES252,400001,,mumbai,223525546,0,7JCJXRMP+9GP45RR,2100-01-01,2026-03-26
27.094448,78.04091,44125,Super Store Agra Bardoli ES14,282009,,bardoli,221352906,0,7JVW32VR+Q9FRJPX,2100-01-01,2026-03-26
25.432318,78.584175,44129,Super Store Jhansi Khushipura ES5,284003,,jhansi,222947506,0,7JQWCHJM+WMFMHQ6,2100-01-01,2026-03-26
27.536848,77.66493,44131,Super Store Mathura Om Nagar Colony ES7,281001,,mathura,224572875,0,7JVVGMP7+PXMXPMX,2100-01-01,2026-03-26
31.520683,75.95629,44169,Super Store Hoshiarpur Gurdit Nagar ES126,146001,,hoshiarpur,223295134,0,8J3QGXC4+7GF7FJJ,2100-01-01,2026-03-26
28.478285,77.108894,44171,Super Store Gurgaon Sikanderpur ES178,122003,,gurgaon,227138302,0,7JWVF4H5+8H6G264,2100-01-01,2026-03-26
28.665382,77.22988,44173,Super Store Delhi Chandani Chowk ES381,110045,,delhi,229702738,0,7JWVM68H+5X268HX,2100-01-01,2026-03-26
19.837631,75.311134,44179,Super Store Aurangabad Nathapuram Colony ES23,431136,,aurangabad (maharashtra),225350266,0,7JFQR8Q6+3F2656H,2100-01-01,2026-03-26
26.921696,75.79806,44181,Super Store Jaipur Sindhi Camp ES68,302015,,jaipur,226506314,0,7JRQWQCX+M6FX739,2100-01-01,2026-03-26
23.55387,87.292915,44183,Super Store Durgapur Benachity ES2,713209,,durgapur,223513389,0,7MM9H73V+G5VMRRC,2100-01-01,2026-03-26
27.910664,78.036995,44187,Super Store Aligarh Krishna Vihar ES4,202001,,aligarh,229608073,0,7JVWW26P+7Q9GQP3,2100-01-01,2026-03-26
21.735172,72.08323,44255,Super Store Bhavnagar RTO Circle ES16,364003,,bhavnagar,226501739,0,7JHJP3PM+379V7R7,2100-01-01,2026-03-26
28.584158,77.33529,44257,Super Store UP-NCR Noida Sector 22 ES207,201313,,noida,225639721,0,7JWVH8MP+M477M36,2100-01-01,2026-03-26
22.327715,73.24324,44259,Super Store Vadodara Ajwa Chowk ES23,390001,,vadodara,224145248,0,7JJM86HV+37QGVP6,2100-01-01,2026-03-26
19.294981,72.83225,44261,Super Store Mumbai Bhayander West ES248,400078,,thane,229135531,0,7JFJ7RVJ+XWR623P,2100-01-01,2026-03-26
32.717644,74.81272,44263,Super Store Jammu Ambika Vihar ES11,180004,,jammu,221204491,0,8J4PPR97+335R45H,2100-01-01,2026-03-26
32.67448,74.91585,44265,Super Store Jammu Sainik Colony ES12,180004,,jammu,221204491,0,8J4PMWF8+Q8X64VP,2100-01-01,2026-03-26
26.752289,88.43346,44299,Super Store Siliguri Salugara ES184,734001,,siliguri,228999742,0,7MRCQC2M+W98GM9X,2100-01-01,2026-03-26
19.214857,72.83792,44301,Super Store Mumbai Charkop Sec 3 ES257,400104,,mumbai,223525546,0,7JFJ6R7Q+W5V7868,2100-01-01,2026-03-26
13.15606,80.256676,44303,Super Store Chennai Manali ES96,600077,,chennai,226774846,0,7M525744+CMFG2FW,2100-01-01,2026-03-26
22.821283,86.16037,44307,Super Store Jamshedpur Kadma ES12,831020,,jamshedpur,223357421,0,7MJ8R5C6+G499W3V,2100-01-01,2026-03-26
19.454508,72.800865,44309,Super Store Mumbai Virar Viva College ES253,401203,,mumbai,223525546,0,7JFJFR32+R858HCW,2100-01-01,2026-03-26
21.650928,73.02236,44313,Super Store Ankleshwar North ES19,393002,,bharuch,229854841,0,7JHMM22C+9WH3Q5V,2100-01-01,2026-03-26
19.290323,72.88496,44315,Super Store Mumbai Vinay Nagar ES254,400065,,thane,229135531,0,7JFJ7VRM+4XGWQFC,2100-01-01,2026-03-26
19.15448,72.9454,44317,Super Store Mumbai Bhandup West ES255,400042,,mumbai,223525546,0,7JFJ5W3W+Q5R85WM,2026-07-29,2026-03-26
12.944839,77.660095,44319,Super Store Bengaluru HAL Murugeshpalya ES278,560096,,bengaluru,225966022,0,7J4VWMV6+W2QCMH9,2100-01-01,2026-03-26
26.908987,80.960144,44321,Super Store Lucknow Tedhi Pulia ES91,226004,,lucknow,223714189,0,7MR2WX56+H3RG7WV,2100-01-01,2026-03-26
28.823402,76.15836,44325,Super Store Bhiwani Sector 13 ES9,127021,,bhiwani,221247197,0,7JWRR5F5+9894FQV,2100-01-01,2026-03-26
28.696096,77.190186,44327,Super Store Delhi Vijay Nagar ES380,110005,,delhi,229702738,0,7JWVM5WR+C3MX3P8,2100-01-01,2026-03-26
30.868073,75.92858,44329,Super Store Ludhiana Hari Nagar ES122,141003,,ludhiana,224908432,0,8J2QVW9H+6CGWFG4,2100-01-01,2026-03-26
29.060154,77.719215,44331,Super Store Meerut Akshardham Extension ES210,250002,,meerut,229503551,0,7JXV3P69+3M85X55,2100-01-01,2026-03-26
23.00713,72.68585,44335,Super Store Ahmedabad Vastral lake ES79,380022,,ahmedabad,225912447,0,7JMJ2M4P+V852WMH,2100-01-01,2026-03-26
30.71139,76.75097,44337,Super Store Chandigarh Sector 44 ES128,160014,,chandigarh,224638299,0,8J2RPQ62+H94HWW7,2100-01-01,2026-03-26
27.193207,78.00913,44371,Super Store Agra Civil Lines ES15,282006,,agra,223877491,0,7JVW52V5+7MJ6FQQ,2100-01-01,2026-03-26
15.491045,80.07654,44373,Super Store Ongole Gaddalagunta ES2,523002,,ongole,223556004,0,7M72F3RG+CJ7V33P,2100-01-01,2026-03-26
27.892014,78.13193,44375,Super Store Aligarh Bypass ES5,202001,,aligarh,229608073,0,7JVWV4RJ+RQ3GQXF,2100-01-01,2026-03-26
22.763632,75.88391,44377,Super Store Indore Scheme 136 ES23,452006,,indore,228689270,0,7JJQQV7M+FH36GP6,2100-01-01,2026-03-26
26.712301,88.389946,44379,Super Store Siliguri Uttarayan ES182,734001,,siliguri,228999742,0,7MRCP96Q+WXG33V8,2100-01-01,2026-03-26
28.549036,77.272575,44381,Super Store Delhi Kalkaji ES362,110001,,delhi,229702738,0,7JWVG7XF+J28G6GJ,2100-01-01,2026-03-26
22.750883,88.371544,44383,Super Store Kolkata Horishsaba Road ES180,700115,,kolkata,229248797,0,7MJCQ92C+9J37PQW,2100-01-01,2026-03-26
23.040453,72.467964,44385,Super Store Ahmedabad North Bopal ES78,380014,,ahmedabad,225912447,0,7JMJ2FR9+55P5M8J,2100-01-01,2026-03-26
30.883913,75.7703,44389,Super Store Ludhiana Southcity ES127,141013,,ludhiana,224908432,0,8J2QVQMC+H47GG6C,2100-01-01,2026-03-26
25.435585,81.87454,44391,Super Store Prayagraj Allahpur ES15,211015,,prayagraj,227394327,0,7MQ3CVPF+6RMF2QG,2100-01-01,2026-03-26
17.688272,75.91994,44393,Super Store Solapur Karnik Nagar ES26,413003,,solapur,221288008,0,7J9QMWQ9+8X3X9W6,2100-01-01,2026-03-26
17.71031,83.21345,44395,Super Store Visakhapatnam Sriharipuram ES26,530002,,visakhapatnam,228251945,0,7M95P667+49GC532,2100-01-01,2026-03-26
25.195398,85.52309,44464,Super Store Bihar Sharif Patel Nagar ES30,803101,,bihar sharif,222885746,0,7MQ75GWF+564WGHH,2100-01-01,2026-03-26
20.487215,85.87104,44502,Super Store Cuttack CDA Sec VI ES14,753004,,cuttack,224769744,0,7MG7FVPC+VCMM2WP,2100-01-01,2026-03-26
31.372026,75.59171,44504,Super Store Jalandhar Transport Nagar ES129,144001,,jalandhar,221605022,0,8J3Q9HCR+RM845RV,2100-01-01,2026-03-26
28.721441,77.18308,44539,Super Store Delhi Rameshwar Nagar ES385,110034,,delhi,229702738,0,7JWVP5CM+H6GP3FM,2100-01-01,2026-03-26
29.007345,77.09152,44574,Super Store Sonipat Nangal Khurd ES5,131001,,sonipat,223608867,0,7JXV234R+WJJQRFJ,2100-01-01,2026-03-26
24.792042,84.9778,44576,Super Store Gaya Aliganj ES31,823001,,gaya,229191462,0,7MP6QXRH+R47P872,2100-01-01,2026-03-26
28.646585,77.1255,44578,Super Store Delhi Bali Nagar ES386,110014,,delhi,229702738,0,7JWVJ4WG+J6JC494,2100-01-01,2026-03-26
28.545,77.34064,44580,Super Store UP-NCR Noida Sector 44 ES205,201006,,noida,225639721,0,7JWVG8WR+272338G,2100-01-01,2026-03-26
22.565403,88.384636,44582,Super Store Kolkata Chingrighata ES185,711227,,kolkata,229248797,0,7MJCH98M+5V63FFG,2100-01-01,2026-03-26
13.049093,80.25438,44616,Super Store Chennai Gopalapuram ES97,600116,,chennai,226774846,0,7M5227X3+JQJJCWV,2100-01-01,2026-03-26
19.97967,73.73218,44620,Super Store Nashik Kamatwade ES13,422002,,nashik,222080499,0,7JFMXPHJ+VV7QR9C,2100-01-01,2026-03-26
22.56406,88.41474,44622,Super Store Kolkata Broadway ES186,711102,,kolkata,229248797,0,7MJCHC77+JVHH29Q,2100-01-01,2026-03-26
25.619307,85.01917,44656,Super Store Patna Saguna More ES32,800012,,patna,225657296,0,7MQ7J299+PMF75WV,2100-01-01,2026-03-26
13.121446,80.25022,44660,Super Store Chennai Vyasarpadi ES94,600039,,chennai,226774846,0,7M5247C2+H3GX5XG,2100-01-01,2026-03-26
28.631092,77.343414,44662,Super Store  UP-NCR Mayur Vihar ES379,201014,,ghaziabad,229764213,0,7JWVJ8JV+C9MJG92,2100-01-01,2026-03-26
25.32674,83.010666,44664,Super Store Varanasi Kotwali ES14,221103,,varanasi,227297401,0,7MQ582G6+M7VM629,2100-01-01,2026-03-26
28.69288,77.153145,44666,Super Store Delhi Poorbi Shalimar ES384,110085,,delhi,229702738,0,7JWVM5V3+5724VXR,2100-01-01,2026-03-26
26.698154,83.39317,44668,Super Store Gorakhpur Lohiya Enclave ES9,273010,,gorakhpur,221021903,0,7MR5M9XV+777833X,2100-01-01,2026-03-26
26.852545,75.72997,44736,Super Store Jaipur Mansarovar ES72,302029,,jaipur,226506314,0,7JRQVP3H+2X9R265,2100-01-01,2026-03-26
30.733473,76.78425,44770,Super Store Chandigarh Sector 22B ES133,134102,,chandigarh,224638299,0,8J2RPQMM+9PJRCJG,2100-01-01,2026-03-26
20.012707,73.72619,44772,Super Store Nashik Gangapur Rd ES12,422012,,nashik,222080499,0,7JGM2P7G+3FM98HC,2100-01-01,2026-03-26
26.119343,85.90299,44774,Super Store Darbhanga Laheriasarai ES2,846001,,darbhanga,222038146,0,7MR74W93+P5QPGMF,2100-01-01,2026-03-26
28.622421,77.063446,44776,Super Store Delhi Janakpuri ES388,110041,,delhi,229702738,0,7JWVJ3C7+X98V4V6,2100-01-01,2026-03-26
26.75697,88.420906,44810,Super Store Siliguri Champasari ES183,734010,,siliguri,228999742,0,7MRCQC4C+Q9MJV3M,2100-01-01,2026-03-26
26.720234,88.44045,44812,Super Store Siliguri Ashram Para ES181,734006,,siliguri,228999742,0,7MRCPCCR+35W7PP3,2100-01-01,2026-03-26
29.017418,77.04933,44814,Super Store Sonipat Adarsh Nagar ES6,131001,,sonipat,223608867,0,7JXV228X+XP8PFFV,2100-01-01,2026-03-26
19.2134,73.20785,44816,Super Store Mumbai Amber Colony ES260,421002,,mumbai,223525546,0,7JFM6675+945RR83,2100-01-01,2026-03-26
12.786619,80.03537,44856,Super Store Chennai Maraimalai Nagar ES95,603210,,chengalpattu,227374418,0,7M42Q2PP+J4XQWJ3,2100-01-01,2026-03-26
13.017724,80.26631,44858,Super Store Chennai Mandaveli ES93,600044,,chennai,226774846,0,7M522798+3GPRJV6,2100-01-01,2026-03-26
12.977454,77.76055,44862,Super Store Bengaluru Gopalan Colony Whitefield ES282,560009,,bengaluru,225966022,0,7J4VXQG6+X6M4X6G,2100-01-01,2026-03-26
12.889747,77.68015,44864,Super Store Bengaluru Choodasandra Hosa ES283,560099,,bengaluru,225966022,0,7J4VVMQJ+V3RXF5H,2100-01-01,2026-03-26
13.143947,77.68239,44866,Super Store Bengaluru Gummanahalli ES281,562114,,bengaluru,225966022,0,7J5V4MVJ+HXCV8WX,2100-01-01,2026-05-07
30.741177,76.66424,44902,Super Store Kharar Sector 126 ES130,160003,,mohali,227364413,0,8J2RPMR7+FMH47C6,2100-01-01,2026-03-26
30.725832,76.8611,44936,Super Store Panchkula Sector 5 ES141,160022,,panchkula,222634616,0,8J2RPVG6+8CQ67R8,2100-01-01,2026-03-26
20.742382,78.60089,44938,Super Store Wardha Kelkarwadi ES1,442001,,wardha,228618166,0,7JGWPJR2+X928FV2,2100-01-01,2026-03-26
21.051346,79.06721,44940,Super Store Nagpur Mihan ES21,440024,,nagpur,228245816,0,7JHX3328+GVPW8QP,2100-01-01,2026-05-07
21.211275,81.37961,44944,Super Store Durg Supela ES4,490011,,durg,224730825,0,7MH3696H+GR93342,2100-01-01,2026-03-26
26.888094,75.70206,44946,Super Store Jaipur Heerapura ES73,302015,,jaipur,226506314,0,7JRQVPQ2+6RMQJWX,2100-01-01,2026-03-26
30.755453,76.69261,44980,Super Store Mohali Balongi ES134,160036,,chandigarh,224638299,0,8J2RQM4V+52Q3QX4,2100-01-01,2026-03-26
27.571018,77.61773,44982,Super Store Vrindavan Rukmini Vihar ES8,281001,,mathura,224572875,0,7JVVHJC9+C35MMVC,2100-01-01,2026-03-26
23.076843,72.54826,45016,Super Store Ahmedabad Bhimjipura ES80,380004,,ahmedabad,225912447,0,7JMJ3GGX+P8JMQGW,2100-01-01,2026-03-26
12.863517,80.13163,45018,Super Store Chennai Kandigai ES92,600129,,chengalpattu,227374418,0,7M42V47J+CM2J98R,2100-01-01,2026-03-26
24.161623,72.4334,45020,Super Store Palanpur Dhundiyawadi ES21,385001,,palanpur,229542742,0,7JPJ5C6M+J9RXHF2,2100-01-01,2026-03-26
26.797623,79.03618,45024,Super Store Etawah Friends Colony ES2,206002,,etawah,225848847,0,7JRXQ2XP+2FVWG54,2100-01-01,2026-03-26
28.347422,79.406906,45028,Super Store Bareilly Chandra Puram Colony ES6,243006,,bareilly,226514847,0,7JWX8CW4+XQ6XG8G,2100-01-01,2026-03-26
18.487766,74.05054,45030,Super Store Pune Loni Kalbhor ES162,412308,,pune,222422410,0,7JCPF3Q2+463MC5Q,2100-01-01,2026-03-26
28.61796,77.35177,45032,Super Store UP-NCR Barclays Sec 62 ES214,110096,,delhi,229702738,0,7JWVJ992+5PJ8VXC,2100-01-01,2026-03-26
29.11351,75.69261,45036,Super Store Hisar Old Sabzi Mandi ES3,125007,,hisar,228377754,0,7JXQ4M7V+C25G56C,2100-01-01,2026-03-26
13.032705,77.70238,45070,Super Store Bengaluru Green Woods Layout ES285,560076,,bengaluru,225966022,0,7J5V2PM2+3WQ952H,2100-01-01,2026-03-26
19.869987,75.248695,45072,Super Store Aurangabad Waluj ES28,431005,,aurangabad (maharashtra),225350266,0,7JFQV69X+XFWCH9P,2100-01-01,2026-03-26
22.84983,88.38569,45074,Super Store Kolkata Bhatpara ES187,712310,,kolkata,229248797,0,7MJCR9XP+W7P6362,2100-01-01,2026-03-26
12.8388195,77.58635,45076,Super Store Bengaluru Basavanapura Bannerghatta ES289,560100,,bengaluru,225966022,0,7J4VRHQP+GGHJWGM,2100-01-01,2026-03-26
28.509283,77.37945,45078,Super Store UP-NCR Sector 133 ES215,121013,,faridabad,223106950,0,7JWVG95H+PQ87QJ3,2100-01-01,2026-05-07
21.155045,79.04822,45080,Super Store Nagpur Shivaji Nagar ES22,440014,,nagpur,228245816,0,7JHX524X+278QWF2,2100-01-01,2026-03-26
16.67784,74.184364,45084,Super Store Kolhapur MK Nagar ES29,416002,,kolhapur,222949036,0,7J8PM5HM+4PQGMJ6,2100-01-01,2026-03-26
21.28968,81.67243,45086,Super Store Raipur Tower Road ES11,492013,,raipur,222731525,0,7MH37MQC+VXF5WPQ,2100-01-01,2026-03-26
28.69415,77.08842,45092,Super Store Delhi Rohini Sector 3 ES387,110001,,delhi,229702738,0,7JWVM3VQ+M97362X,2100-01-01,2026-03-26
12.990643,77.70228,45094,Super Store Bengaluru Garudachar Palya ES284,560048,,bengaluru,225966022,0,7J4VXPR2+7W2QF65,2100-01-01,2026-03-26
16.23436,77.35398,45130,Super Store Raichur Thimmapurpet ES1,584103,,raichur,221168556,0,7J8V69M3+PHX7R8X,2100-01-01,2026-03-26
15.557411,73.80064,45164,Super Store Goa Parra ES25,403516,,goa,229603657,0,7J7MHR42+X76F2WF,2100-01-01,2026-03-26
18.680204,73.72251,45198,Super Store Pune Kiwale Lodha ES158,411057,,pune,222422410,0,7JCMMPJF+32J3RC6,2100-01-01,2026-03-26
28.67363,77.14585,45232,Super Store Delhi Shakurpur ES389,110005,,delhi,229702738,0,7JWVM4FW+F8564CR,2100-01-01,2026-03-26
28.35763,77.33153,45266,Super Store Faridabad Sector 7 ES48,110080,,faridabad,223106950,0,7JWV985J+3J25QRW,2100-01-01,2026-03-26
20.364794,72.939156,45268,Super Store Vapi Gunjan ES20,396191,,valsad,222842472,0,7JGJ9W7Q+WM6QWJG,2100-01-01,2026-03-26
19.847086,75.34067,45272,Super Store Aurangabad High Court Colony ES27,431006,,aurangabad (maharashtra),225350266,0,7JFQR8WR+R7MF4P9,2100-01-01,2026-03-26
28.437805,77.31342,45274,Super Store Faridabad Sector 28 ES47,121006,,faridabad,223106950,0,7JWVC8Q7+49F7588,2100-01-01,2026-03-26
31.595694,74.92257,45276,Super Store Amritsar Golden Gate ES135,143006,,amritsar,227552331,0,8J3PHWWF+72GJPFC,2100-01-01,2026-03-26
30.893497,75.82449,45278,Super Store Ludhiana Gurudev 2 ES137,141003,,ludhiana,224908432,0,8J2QVRVF+9QXX6FF,2100-01-01,2026-03-26
22.227015,70.76688,45280,Super Store Rajkot Mavdi ES8,360003,,rajkot,228275857,0,7JJG6QG8+RP5HW92,2100-01-01,2026-03-26
18.501358,73.86144,45282,Super Store Pune Somwar Peth ES164,411042,,pune,222422410,0,7JCMGV26+GHW6PW2,2026-07-29,2026-03-26
31.206991,75.81228,45284,Super Store Phagwara Hargobind Nagar ES138,144401,,kapurthala,227318918,0,8J3Q6R46+QWRQ842,2100-01-01,2026-03-26
26.14037,85.34784,45286,Super Store Muzaffarpur Bairiya ES29,842001,,muzaffarpur,227974635,0,7MR748RX+44WQWJC,2100-01-01,2026-03-26
28.597332,77.32267,45288,Super Store Delhi Maldev Market ES390,201309,,delhi,229702738,0,7JWVH8WF+W3M7G8Q,2100-01-01,2026-03-26
28.62941,77.43291,45322,Super Store UP-NCR Crossing Republik ES211,201016,,ghaziabad,229764213,0,7JWVJCHM+Q569X7C,2100-01-01,2026-03-26
13.088698,80.22906,45324,Super Store Chennai Ayanavaram ES99,600077,,chennai,226774846,0,7M5236QH+FJFXP93,2100-01-01,2026-03-26
12.94106,77.62202,45326,Super Store Bengaluru Koramangala 6th Block ES291,560002,,bengaluru,225966022,0,7J4VWJRC+CRC8VMR,2100-01-01,2026-03-26
17.500238,78.35599,45332,Super Store Hyderabad Miyapur ES180,500049,,hyderabad,227188707,0,7J9WG924+39XGHCC,2026-07-29,2026-03-26
17.36734,78.492065,45334,Super Store Hyderabad Yakutpura ES179,500112,,hyderabad,227188707,0,7J9W9F8R+WRMQ5HH,2100-01-01,2026-03-26
23.21053,77.37428,45338,Super Store Bhopal Neelbad ES20,462004,,bhopal,223762919,0,7JMV696F+6P72W4J,2100-01-01,2026-03-26
12.896985,77.66073,45342,Super Store Bengaluru Haralur 3 ES287,560104,,bengaluru,225966022,0,7J4VVMW6+Q7XF278,2100-01-01,2026-03-26
28.394073,77.08163,45380,Super Store Gurgaon Sector 65 ES182,122003,,gurgaon,227138302,0,7JWV93VJ+JMCRMXQ,2100-01-01,2026-03-26
18.564144,73.96647,45382,Super Store Pune DPCOE Road Kharadi ES160,411045,,pune,222422410,0,7JCMHX78+MH4QQM5,2100-01-01,2026-03-26
18.548876,73.89788,45384,Super Store Pune Kalyani Nagar ES165,412201,,pune,222422410,0,7JCMGVXX+H5228J7,2100-01-01,2026-03-26
28.893671,76.654144,45386,Super Store Rohtak Sector 2 ES7,124001,,rohtak,221599613,0,7JWRVMV3+FM6W3H8,2100-01-01,2026-03-26
18.607588,73.73605,45422,Super Store Pune Indira College Road ES161,412101,,pune,222422410,0,7JCMJP5P+2CMGP9J,2100-01-01,2026-03-26
28.956364,77.71758,45424,Super Store Meerut Suraj Kund ES212,250103,,meerut,229503551,0,7JWVXP49+G2WGGJW,2100-01-01,2026-03-26
20.615936,72.92834,45426,Super Store Valsad Circuit House ES17,396001,,valsad,222842472,0,7JGJJW8H+98GH3P3,2100-01-01,2026-03-26
18.57416,73.75336,45428,Super Store Pune Mhalunghe ES163,411001,,pune,222422410,0,7JCMHQF3+M897WM4,2100-01-01,2026-03-26
17.612358,78.506966,45430,Super Store Hyderabad Medchal ES183,500114,,medchal,224570454,0,7J9WJG64+WQW9HF6,2100-01-01,2026-03-26
17.308811,78.597374,45434,Super Store Hyderabad Hayathnagar Khalsa ES185,500012,,hyderabad,227188707,0,7J9W8H5W+GXCC3R5,2100-01-01,2026-03-26
28.453785,77.59369,45468,Super Store UP-NCR Bennett University ES213,201312,,delhi,229702738,0,7JWVFH3V+GF86V33,2100-01-01,2026-03-26
22.586542,88.3596,45470,Super Store Kolkata MG Road ES194,711102,,kolkata,229248797,0,7MJCH9P5+JR9J6XW,2100-01-01,2026-03-26
22.607779,88.43191,45472,Super Store Kolkata Ashwin Nagar ES195,700159,,kolkata,229248797,0,7MJCJC5J+4Q72J8C,2100-01-01,2026-03-26
19.01815,73.028824,45474,Super Store Mumbai Seawoods East ES262,400028,,thane,229135531,0,7JFM229H+7G4VXPH,2100-01-01,2026-03-26
22.55991,88.324196,45476,Super Store Kolkata Shibpur ES193,700061,,howrah,223312066,0,7MJCH85F+XM86QRX,2100-01-01,2026-05-07
23.031927,72.54828,45478,Super Store Ahmedabad Ambawadi ES81,380004,,ahmedabad,225912447,0,7JMJ2GJX+Q8C5GX3,2100-01-01,2026-03-26
23.062859,72.6398,45480,Super Store Ahmedabad Nava Naroda 3 ES82,382428,,ahmedabad,225912447,0,7JMJ3J7Q+4WV8JXJ,2100-01-01,2026-03-26
22.305147,73.39538,45516,Super Store Vadodara Parul University ES24,390001,,vadodara,224145248,0,7JJM894W+352R8P6,2100-01-01,2026-03-26
27.499338,77.66836,45550,Super Store Mathura Dampier Nagar ES9,281001,,mathura,224572875,0,7JVVFMX9+P8QGJXG,2100-01-01,2026-03-26
28.519054,77.40543,45552,Super Store UP-NCR Sector 141 ES217,110095,,delhi,229702738,0,7JWVGC94+J5F5JHJ,2100-01-01,2026-03-26
26.745045,88.39665,45586,Super Store Siliguri Panchnai ES190,734003,,siliguri,228999742,0,7MRCP9WW+2M6QX3F,2100-01-01,2026-03-26
19.983828,73.70515,45588,Super Store Nashik Shramik Nagar ES14,422013,,nashik,222080499,0,7JFMXPM4+G3J4G72,2100-01-01,2026-03-26
30.682966,76.260445,45590,Super Store Khanna Mandi Gobindgarh ES140,141401,,khanna,221181699,0,8J2RM7M6+55PJ4FX,2100-01-01,2026-05-07
28.48371,77.10102,45592,Super Store Gurgaon DLF Phase 3 ES184,121003,,gurgaon,227138302,0,7JWVF4M2+FCJ8XW7,2100-01-01,2026-03-26
26.0937,85.37046,45628,Super Store Muzaffarpur Ram Dayalu Nagar ES33,842003,,muzaffarpur,227974635,0,7MR739VC+F5P4997,2100-01-01,2026-03-26
26.131117,91.71914,45629,Super Store Guwahati Lokhra ES15,781025,,guwahati,225040125,0,7MRH4PJ9+CMRMG82,2100-01-01,2026-03-26
26.149786,91.7005,45630,Super Store Guwahati BG colony ES16,781008,,guwahati,225040125,0,7MRH4PX2+W66C6XM,2100-01-01,2026-03-26
12.96355,77.74239,45631,Super Store Bengaluru Whitefield Palm Meadows ES293,560018,,bengaluru,225966022,0,7J4VXP7R+CX6WV6W,2100-01-01,2026-03-26
23.241653,77.38191,45632,Super Store Bhopal Kotra ES21,462010,,bhopal,223762919,0,7JMV69RJ+MQ72Q3P,2100-01-01,2026-03-26
14.683595,77.58361,45638,Super Store Anantapur Gulzarpet ES1,515004,,anantapur,227664611,0,7J6VMHMM+CCQMXMG,2100-01-01,2026-03-26
23.420296,85.428345,45640,Super Store Ranchi BIT Mesra ES15,834012,,ranchi,224316037,0,7MM7CCCH+488X93V,2100-01-01,2026-03-26
16.866833,74.627365,45644,Super Store Sangli Mangalwar peth ES31,416406,,sangli,228589500,0,7J8PVJ8G+PWQ8G53,2100-01-01,2026-03-26
14.424206,79.97202,45686,Super Store Nellore Bhaskar Rice Mill ES3,524004,,nellore,223984099,0,7J6XCXFC+MRJ92FH,2100-01-01,2026-03-26
22.966019,72.628624,45688,Super Store Ahmedabad Vinzol ES84,380004,,ahmedabad,225912447,0,7JJJXJ8H+CC5QP2J,2100-01-01,2026-03-26
24.587587,73.68659,45692,Super Store Udaipur Delhi Gate Cirlce ES11,313001,,udaipur,222452646,0,7JPMHMQP+2JPHH2V,2100-01-01,2026-03-26
23.257233,77.28423,45694,Super Store Bhopal Bairagarh ES22,462022,,bhopal,223762919,0,7JMV774M+VMX78W7,2100-01-01,2026-03-26
26.909788,75.894714,45698,Super Store Jaipur Dev Vihar Colony ES75,302031,,jaipur,226506314,0,7JRQWV5V+WV8HM5G,2100-01-01,2026-03-26
11.045124,76.90595,45700,Super Store Coimbatore Vadavalli ES7,641011,,coimbatore,225281991,0,7J3R2WW4+29WVVH5,2100-01-01,2026-03-26
20.370424,78.09879,45702,Super Store Yavatmal Bharti Nagar ES32,445001,,yavatmal,225165458,0,7JGW93CX+5G7VV75,2100-01-01,2026-03-26
28.704811,77.29788,45704,Super Store Delhi Harsh Vihar ES393,201020,,ghaziabad,229764213,0,7JWVP73X+W5CC47R,2100-01-01,2026-03-26
28.884207,78.478035,45706,Super Store Amroha Chakli Road ES1,244245,,amroha,222180481,0,7JWWVFMH+M6M64VG,2100-01-01,2026-03-26
13.297578,75.80178,45708,Super Store Chikkamagaluru Joythinagar ES1,577102,,chikkamagaluru,229082739,0,7J5Q7RX2+2PM2FRP,2100-01-01,2026-03-26
12.994172,77.67401,45744,Super Store Bengaluru Pai Uday Nagar ES297,560016,,bengaluru,225966022,0,7J4VXMVF+MJ6V8PG,2100-01-01,2026-03-26
15.373146,75.145294,45746,Super Store Hubli Bengeri Extension ES3,580030,,dharwad,224673658,0,7J7Q94FW+743V837,2100-01-01,2026-03-26
18.967434,73.014984,45748,Super Store Mumbai Bamandongri ES265,410210,,panvel,226054644,0,7JCMX287+XXH8RC9,2100-01-01,2026-05-07
17.473392,78.637764,45752,Super Store Hyderabad Nagaram ES188,500083,,hyderabad,227188707,0,7J9WFJFQ+942PCM6,2100-01-01,2026-03-26
17.418488,78.39708,45754,Super Store Hyderabad Sabza Colony ES187,500080,,hyderabad,227188707,0,7J9WC99W+9RWGCG3,2100-01-01,2026-03-26
14.213838,76.40424,45762,Super Store Chitradurga Vijaynagar ES2,577501,,chitradurga,227368707,0,7J6R6C73+GMQGH6F,2100-01-01,2026-03-26
13.08721,77.40522,45766,Super Store Bengaluru Nelamangala Town ES298,560059,,bengaluru,225966022,0,7J5V3CP4+V3Q6RFM,2100-01-01,2026-05-07
12.98985,77.72405,45768,Super Store Bengaluru Hoodi 3 ES294,560066,,bengaluru,225966022,0,7J4VXPQF+WJMWVW6,2100-01-01,2026-03-26
13.6553335,79.45845,45777,Super Store Tirupati Mangalam ES3,517501,,tirupati,226376791,0,7J5XMF45+49P7PCX,2100-01-01,2026-03-26
12.753822,80.1925,45779,Super Store Chennai Padur ES105,600063,,chennai,226774846,0,7M42Q53R+GXHXF77,2100-01-01,2026-03-26
26.190235,91.69057,45781,Super Store Guwahati IIT Campus ES18,781021,,guwahati,225040125,0,7MRH5MRR+36W6RX7,2100-01-01,2026-03-26
12.756058,77.70358,45783,Super Store Bengaluru Anekal Road ES300,560081,,bengaluru,225966022,0,7J4VQP43+CCG8F7P,2100-01-01,2026-03-26
28.479605,77.1745,45785,Super Store Delhi South D Chattarpur ES396,122018,,chattarpur,227643817,0,7JWVF5HF+RRR629W,2100-01-01,2026-05-07
25.530077,81.849754,45789,Super Store Prayagraj Phaphamau ES16,211008,,prayagraj,227394327,0,7MQ3GRJX+2WJ29FW,2100-01-01,2026-03-26
25.540098,87.58145,45793,Super Store Katihar Gami Tola ES36,854105,,katihar,227261945,0,7MQ9GHRJ+2HPVQMC,2100-01-01,2026-03-26
26.689602,88.37735,45795,Super Store Siliguri Sushruta Nagar ES196,734010,,siliguri,228999742,0,7MRCM9QG+RWX2F3J,2100-01-01,2026-03-26
12.778512,77.74347,45797,Super Store Bengaluru Attibele Jigala ES299,560081,,bengaluru,225966022,0,7J4VQPHV+C94HH63,2100-01-01,2026-03-26
24.185953,86.30412,45801,Super Store Giridih Jhanda Maidan ES1,815301,,giridih,229173129,0,7MP858P3+9MJ2R42,2100-01-01,2026-03-26
21.250206,81.63061,45805,Super Store Raipur Samta Colony ES12,492009,,raipur,222731525,0,7MH37J2J+36Q77J5,2100-01-01,2026-03-26
30.690094,74.79222,45807,Super Store Faridkot Ajit Nagar ES142,151213,,faridkot,229497817,0,8J2PMQRR+2VQJJ4H,2100-01-01,2026-03-26
18.5919,73.79264,45809,Super Store Pune Kunjir Chowk ES167,411020,,pune,222422410,0,7JCMHQRV+Q32VXM7,2100-01-01,2026-03-26
26.698336,88.46158,45811,Super Store Siliguri Netaji Nagar ES197,734003,,siliguri,228999742,0,7MRCMFX6+8JP8RPP,2100-01-01,2026-03-26
22.889843,88.38102,45813,Super Store Kolkata Chinshura ES198,743128,,chinshura,224152802,0,7MJCV9QJ+WCJPFC8,2100-01-01,2026-03-26
28.753973,77.2647,45817,Super Store UP-NCR Ankur Vihar ES222,110095,,delhi,229702738,0,7JWVQ737+HVPVQ2Q,2100-01-01,2026-03-26
22.502789,88.25164,45819,Super Store Kolkata Maheshtala ES200,700044,,kolkata,229248797,0,7MJCG732+4M6GMG8,2100-01-01,2026-03-26
28.70384,77.14576,45845,Super Store Delhi Pitampura ES399,110015,,delhi,229702738,0,7JWVP43W+G8JM3X7,2100-01-01,2026-03-26
30.430252,77.7967,45851,Super Store Vikasnagar Bahadur Garh ES28,248198,,vikasnagar,225867792,0,8J2VCQJW+4M43FCM,2100-01-01,2026-03-26
20.224737,73.02538,45853,Super Store Silvassa Kilvani Naka ES1,396191,,dadra and nagar haveli,222182582,0,7JGM62FG+V5RCQ36,2100-01-01,2026-03-26
28.71006,77.11454,45855,Super Store Delhi Prashant Vihar ES395,110063,,delhi,229702738,0,7JWVP467+2RF7RW6,2100-01-01,2026-03-26
12.527206,76.86151,45857,Super Store Mandya Ashok Nagar ES10,571401,,mandya,226014755,0,7J4RGVG6+VJJ7638,2100-01-01,2026-03-26
27.195156,77.52925,45859,Super Store Bharatpur Chauburja Road ES24,321001,,bharatpur,227048600,0,7JVV5GWH+3M999C5,2100-01-01,2026-03-26
30.37664,77.9532,45861,Super Store Dehradun Bidholi ES27,248171,,vikasnagar,225867792,0,8J2V9XG3+M74P2QG,2100-01-01,2026-05-07
12.967148,80.23379,45863,Super Store Chennai Perungudi ES103,600129,,chennai,226774846,0,7M42X68M+VG3RM3M,2100-01-01,2026-05-07
28.412182,77.363785,45865,Super Store Faridabad Sector 88 ES49,110065,,faridabad,223106950,0,7JWVC967+VGC999F,2100-01-01,2026-03-26
25.622778,85.09346,45867,Super Store Patna IGIMS ES35,800002,,patna,225657296,0,7MQ7J3FV+4985JGX,2100-01-01,2026-03-26
23.686518,85.50972,45869,Super Store Ramgarh Shivaji Road ES14,829117,,ramgarh,226603407,0,7MM7MGP5+JV5JM5H,2100-01-01,2026-03-26
19.759813,74.47631,45871,Super Store Shirdi Laxmibai Marg ES33,423109,,shirdi,223980657,0,7JFPQF5G+WGFHPQ2,2100-01-01,2026-03-26
25.566097,85.21952,45873,Super Store Patna Saheb ES38,800024,,patna,225657296,0,7MQ7H689+CRJW7PH,2100-01-01,2026-03-26
19.150984,72.95117,45875,Super Store Mumbai Mulund Expressway ES270,400081,,mumbai,223525546,0,7JFJ5X22+9FV8JR6,2026-07-29,2026-03-26
23.18905,77.43545,45877,Super Store Bhopal Sai Board ES23,462011,,bhopal,223762919,0,7JMV5CQP+J5G3527,2100-01-01,2026-05-07
13.218963,77.69461,45881,Super Store Bengaluru Devanahalli Hosathota ES301,562114,,bengaluru,225966022,0,7J5V6M9V+HRQFHXW,2100-01-01,2026-03-26
8.513472,76.8994,45915,Super Store Trivandrum Kazhakootam ES9,695038,,trivandrum,227174343,0,6JWRGV7X+9QJW8VM,2100-01-01,2026-03-26
23.209126,80.022675,45921,Super Store Jabalpur Raksha Nagar ES9,482020,,jabalpur,221933706,0,7MM2625F+J3VWVRM,2100-01-01,2026-03-26
25.240656,86.92875,45925,Super Store Bhagalpur Nathnagar ES5,812006,,bhagalpur,229385275,0,7MQ86WRH+7G66642,2100-01-01,2026-03-26
26.141903,91.78642,45927,Super Store Guwahati Hatigaon ES19,781006,,guwahati,225040125,0,7MRH4QRP+QH73P52,2100-01-01,2026-03-26
13.206319,77.631546,45933,Super Store Bengaluru Sadahalli Gate ES302,562157,,bengaluru,225966022,0,7J5V6J4J+GJFPJR9,2100-01-01,2026-05-07
19.20743,72.95422,45937,Super Store Mumbai Thane Waghle Industrial ES271,400081,,thane,229135531,0,7JFJ6X43+XMH64PX,2100-01-01,2026-05-07
19.052113,72.900665,45941,Super Store Mumbai Subhash Nagar ES273,400071,,mumbai,223525546,0,7JFJ3W22+R7VFG62,2100-01-01,2026-05-07
12.309894,76.67441,45943,Super Store Mysore Alanahalli 3rd Main ES8,570014,,mysore,222187563,0,7J4R8M5F+XQ3JMW5,2100-01-01,2026-03-26
30.085777,78.18108,45945,Super Store Rishikesh Shyampur ES3,249204,,rishikesh,227625017,0,8J2W35PJ+8C84HMP,2100-01-01,2026-03-26
16.275782,80.64308,46015,Super Store Guntur Tenali ES5,522202,,guntur,225564073,0,7M827JGV+86885VV,2100-01-01,2026-03-26
26.185938,91.79027,46019,Super Store Guwahati Chandmari ES20,781021,,guwahati,225040125,0,7MRH5QPR+94CGGV2,2100-01-01,2026-03-26
28.548576,77.29591,46020,Super Store Delhi Sarita Vihar Express ES401,110032,,delhi,229702738,0,7JWVG7XW+C9M2972,2100-01-01,2026-03-26
28.614653,79.794975,46022,Super Store Pilibhit Ekta Nagar ES1,262001,,pilibhit,226762046,0,7JWXJQ7V+VX93J9F,2100-01-01,2026-03-26
21.221212,81.66228,46023,Super Store Raipur Amlidhi ES13,492014,,raipur,222731525,0,7MH36MC6+FWJHM4J,2100-01-01,2026-03-26
24.768742,84.95451,46024,Super Store Gaya Magadh Colony ES39,823001,,gaya,229191462,0,7MP6QX93+FRRM994,2100-01-01,2026-05-07
25.874182,85.760445,46025,Super Store Samastipur Kashipur ES37,848134,,samastipur,228185786,0,7MQ7VQF6+M5G67HX,2100-01-01,2026-03-26
17.516531,78.38581,46026,Super Store Hyderabad Vasanth Nagar Colony ES190,500002,,hyderabad,227188707,0,7J9WG98P+J8798PR,2100-01-01,2026-05-07
13.124425,77.6263,46030,Super Store Bengaluru Bagalur Sathanur ES303,560064,,bengaluru,225966022,0,7J5V4JFG+QG7WVX4,2100-01-01,2026-07-29
22.714622,75.8485,46115,Super Store Indore Manik Bagh ES25,452015,,indore,228689270,0,7JJQPR7X+RCRR7QQ,2100-01-01,2026-03-26
28.604837,76.26672,46149,Super Store Charkhi Dadri Purana Nagar ES9,127306,,charkhi dadri,222501697,0,7JWRJ738+WMQC9JH,2100-01-01,2026-03-26
13.143906,80.29578,46183,Super Store Chennai Tiruvottiyur ES108,600088,,chennai,226774846,0,7M5247VW+H8693FP,2100-01-01,2026-05-07
23.181557,77.410675,46185,Super Store Bhopal Kolar Road ES24,462026,,bhopal,223762919,0,7JMV5CJ6+J7F86R8,2100-01-01,2026-05-07
26.788137,84.50926,46187,Super Store Bettiah Kamalnath Nagar ES40,845439,,bettiah,229206969,0,7MR6QGQ5+7P2FH6F,2100-01-01,2026-03-26
19.13616,77.32823,46189,Super Store Nanded Khadakpura ES34,431603,,nanded,221147067,0,7JFV48PH+F798RV2,2100-01-01,2026-03-26
26.646963,84.9089,46193,Super Store Motihari Sri Krishna Nagar ES41,845401,,motihari,229455132,0,7MR6JWW5+QHJGFG4,2100-01-01,2026-03-26
19.005154,72.83203,46197,Super Store Mumbai Mathuradas Compound ES275,400053,,mumbai,223525546,0,7JFJ2R4J+3R72JV5,2100-01-01,2026-07-29
32.77473,74.816216,46203,Super Store Jammu  Akhnoor Road ES13,180004,,jammu,221204491,0,8J4PQRF8+VFW9H7V,2100-01-01,2026-05-07
28.642593,77.18987,46237,Super Store Delhi East Patel Nagar ES405,121009,,delhi,229702738,0,7JWVJ5VQ+2XJJJ46,2100-01-01,2026-03-26
23.058796,72.541306,46239,Super Store Ahmedabad Gurukul ES85,382481,,ahmedabad,225912447,0,7JMJ3G5R+GG7W84P,2100-01-01,2026-03-26
28.65643,77.123856,46241,Super Store Delhi Vishal Enclave ES402,110013,,delhi,229702738,0,7JWVM44F+HGH3QHF,2100-01-01,2026-05-07
23.211016,75.77861,46249,Super Store Ujjain Teliwada ES9,456010,,ujjain,228561673,0,7JMQ6Q6H+CC5P759,2100-01-01,2026-03-26
23.022009,72.59294,46317,Super Store Ahmedabad Jamalpur ES86,382443,,ahmedabad,225912447,0,7JMJ2HCV+R546M7V,2100-01-01,2026-03-26
15.271722,76.3845,46321,Super Store Hosapete Hakka Bukka Rd ES11,583201,,hosapete,225560531,0,7J7R79CM+MRJR7C4,2100-01-01,2026-03-26
9.907586,78.15074,46329,Super Store Madurai KK Nagar ES8,625007,,madurai,223901554,0,6JXWW552+27QH622,2100-01-01,2026-05-07
13.311039,77.53126,46331,Super Store Bengaluru Doddaballapura ES306,560119,,bengaluru,225966022,0,7J5V8G6J+CG6CQVR,2100-01-01,2026-05-07
25.138813,82.567276,46367,Super Store Mirzapur Tathai Road ES6,231001,,mirzapur,221959966,0,7MQ44HQ8+GWCGQ8F,2100-01-01,2026-03-26
18.754658,73.86985,46401,Super Store Pune Chakan ES171,411015,,pune,222422410,0,7JCMQV39+VW967VH,2100-01-01,2026-03-26
16.458609,80.56879,46403,Super Store Vijayawada Mangalagiri ES27,521151,,vijayawada,229881017,0,7M82FH59+CGV7R7C,2100-01-01,2026-03-26
18.28492,83.912766,46405,Super Store Srikakulam Meher Nagar ES1,532401,,srikakulam,226661819,0,7MC57WM7+X46PV5G,2100-01-01,2026-03-26
26.262442,82.07472,46407,Super Store Sultanpur Majorganj ES5,228001,,sultanpur,333731185,0,7MR4736F+XVHJ7HG,2100-01-01,2026-07-29
18.574701,73.68867,46411,Super Store Pune Hinjawadi Megapolis ES169,412101,,pune,222422410,0,7JCMHMFQ+VFM38JW,2100-01-01,2026-05-07
25.45807,81.818146,46413,Super Store Prayagraj Patrakar Colony ES17,211015,,prayagraj,227394327,0,7MQ3FR59+67CX2R3,2100-01-01,2026-03-26
18.633366,73.726524,46417,Super Store Pune Punawale ES170,411051,,pune,222422410,0,7JCMJPMG+8JRP4WM,2100-01-01,2026-05-07
21.472618,83.97046,46419,Super Store Sambalpur Budharaja Road ES15,768002,,sambalpur,223713492,0,7MH5FXFC+25WPGJH,2100-01-01,2026-05-07
13.184394,77.54712,46423,Super Store Bengaluru Chokkenahalli Yelahanka ES305,560064,,bengaluru,225966022,0,7J5V5GMW+QR5QR8G,2100-01-01,2026-07-29
13.128145,77.58371,46427,Super Store Bengaluru Yelahanka Anantapura ES307,560077,,bengaluru,225966022,0,7J5V4HHM+7F4X2JH,2100-01-01,2026-07-29
22.665445,75.90756,46467,Super Store Indore Deoguradia ES27,452001,,indore,228689270,0,7JJQMW85+52FX4HC,2100-01-01,2026-03-26
21.132261,79.144455,46469,Super Store Nagpur Wathoda Road ES24,440027,,nagpur,228245816,0,7JHX44JV+WQ4F5QF,2100-01-01,2026-03-26
23.665607,87.73499,46473,Super Store Bolpur Shantiniketan ES207,731235,,bolpur,222752077,0,7MM9MP8M+6XX8Q6J,2100-01-01,2026-03-26
13.13906,80.2322,46475,Super Store Chennai Madhavaram ES110,600074,,chennai,226774846,0,7M5246QJ+JVGF47W,2100-01-01,2026-05-07
22.84605,88.63187,46477,Super Store Kolkata Habra ES204,743272,,kolkata,229248797,0,7MJCRJWJ+CPH5664,2100-01-01,2026-03-26
19.010185,72.82601,46479,Super Store Mumbai Worli Koliwada ES277,400008,,mumbai,223525546,0,7JFJ2R6G+3CCF4R7,2100-01-01,2026-03-26
17.291998,74.179054,46481,Super Store Karad Budhwar Peth ES35,415110,,karad,221016908,0,7J9P75RH+QJVWPF4,2100-01-01,2026-05-07
22.634937,75.79382,46483,Super Store Indore RAU Road ES26,452012,,indore,228689270,0,7JJQJQMV+XGGCH94,2100-01-01,2026-05-07
19.84491,75.882164,46485,Super Store Jalna Millat Nagar ES37,431213,,jalna,227194161,0,7JFQRVVJ+XV77VC4,2100-01-01,2026-05-07
18.514366,73.832855,46487,Super Store Pune Sadashiv Peth ES173,411004,,pune,222422410,0,7JCMGR7M+P4XM3HC,2100-01-01,2026-05-07
23.180218,77.484535,46489,Super Store Bhopal Jatkhedi ES25,462043,,bhopal,223762919,0,7JMV5FJM+3RMJQ6C,2100-01-01,2026-05-07
23.608074,87.10489,46491,Super Store Raniganj TBD College ES208,713301,,asansol,222748188,0,7MM9J453+6XJ3352,2026-07-29,2026-05-07
22.068678,82.1358,46527,Super Store Bilaspur Bharti Nagar ES3,495006,,bilaspur,228301195,0,7MJ4349P+F8F4P68,2100-01-01,2026-05-07
25.58041,83.57191,46529,Super Store Ghazipur Mahuabagh ES8,233001,,ghazipur,221621966,0,7MQ5HHJC+5Q7C4C3,2100-01-01,2026-03-26
21.210423,81.29561,46531,Super Store Durg Mohan Nagar ES5,490011,,durg,224730825,0,7MH3676W+569WCH6,2100-01-01,2026-05-07
16.696516,74.429665,46533,Super Store Ichalkaranji Jawahar Nagar ES36,416008,,ichalkaranji,223694979,0,7J8PMCWH+JV3M793,2100-01-01,2026-05-07
21.276596,81.618546,46535,Super Store Raipur Saptagiri Colony ES14,492099,,raipur,222731525,0,7MH37JG9+JCMV45P,2100-01-01,2026-05-07
23.186314,77.47311,46537,Super Store Bhopal Bagmugaliya ES26,462010,,bhopal,223762919,0,7JMV5FPF+G6HFHQR,2100-01-01,2026-05-07
22.792149,75.83597,46539,Super Store Indore Bhawrasala ES28,452012,,indore,228689270,0,7JJQQRRP+V94XFXF,2100-01-01,2026-07-29
26.292683,72.97955,46575,Super Store Jodhpur Baldeo Nagar ES6,342008,,jodhpur,227342754,0,7JRJ7XVH+3RF8P98,2100-01-01,2026-05-07
26.800259,82.773994,46609,Super Store Basti Madwa Nagar ES2,272002,,basti,229266291,0,7MR4RQ2F+4H59J56,2100-01-01,2026-03-26
21.12405,79.06039,46611,Super Store Nagpur Vivekanand Nagar ES23,440032,,nagpur,228245816,0,7JHX43F6+J5C35W2,2100-01-01,2026-07-29
26.052063,83.16292,46613,Super Store Azamgarh Sudanipuri ES7,276128,,azamgarh,229952971,0,7MR53527+R5FGJRC,2100-01-01,2026-03-26
28.629768,77.30319,46615,Super Store Delhi Vinod Nagar ES409,110095,,delhi,229702738,0,7JWVJ8H3+W74JQVP,2100-01-01,2026-05-07
13.045901,80.145035,46617,Super Store Chennai Iyyapanthangal ES111,600041,,chennai,226774846,0,7M5224WW+927283G,2100-01-01,2026-07-29
13.118234,80.075,46619,Super Store Chennai Pattabiram ES112,600039,,chennai,226774846,0,7M52439F+7XX9QVQ,2100-01-01,2026-05-07
19.161898,73.08608,46625,Super Store Mumbai Nilje Palava ES278,400708,,thane,229135531,0,7JFM536P+QC4XC6J,2100-01-01,2026-05-07
27.538483,78.651344,46661,Super Store Etah Police Line ES3,207001,,etah,223785107,0,7JVWGMQ2+9GX67W6,2100-01-01,2026-03-26
12.929316,74.87995,46663,Super Store Mangaluru North Kavoor ES13,575022,,mangalore,226956622,0,7J4PWVHH+PXGM5VV,2100-01-01,2026-03-26
12.926304,77.51945,46665,Super Store Bengaluru Prestige Bagmane ES308,560100,,bengaluru,225966022,0,7J4VWGG9+GQG3PGW,2100-01-01,2026-05-07
12.833285,77.53047,46667,Super Store Bengaluru Brigade Meadows ES309,560040,,bengaluru,225966022,0,7J4VRGMJ+8596VXH,2100-01-01,2026-05-07
18.402891,76.565605,46669,Super Store Latur Shiv Nagar ES38,413531,,latur,222930494,0,7JCRCH38+565M4W4,2100-01-01,2026-07-29
25.11095,75.8851,46673,Super Store Kota Talwandi SIS ES25,324005,,kota,221423618,0,7JQQ4V6P+92Q32W3,2100-01-01,2026-05-07
28.375322,75.59677,46675,Flex Store Jhunjhunu BITS Pilani ES79,333031,,jhunjhunu,224541206,0,7JWQ9HGW+4PCW9JH,2100-01-01,2026-05-07
25.563602,84.614456,46681,Super Store Arrah Mahavir Tola Road ES42,802302,,arrah,225254627,0,7MQ6HJ77+CQW48WR,2100-01-01,2026-05-07
12.794569,74.87995,46687,Super Store Mangaluru Deralakatte ES12,575022,,mangalore,226956622,0,7J4PQVVH+RXGMQMF,2100-01-01,2026-05-07
23.846777,78.73068,46691,Super Store Sagar Gopal Ganj ES11,470003,,sagar,227784902,0,7JMWRPWJ+P775CC9,2100-01-01,2026-05-07
22.971804,76.06182,46727,Super Store Dewas Kalani Bagh ES10,455001,,dewas,222103712,0,7JJRX3C6+PPG2Q5F,2100-01-01,2026-07-29
26.73143,88.463974,46729,Super Store Siliguri Jyoti Nagar ES206,734005,,siliguri,228999742,0,7MRCPFJ7+HHH2VHP,2100-01-01,2026-05-07
27.092356,78.563156,46731,Super Store Shikohabad Sudama Puri ES4,283135,,shikohabad,222436782,0,7JVW3HR7+W7V62X9,2100-01-01,2026-03-26
27.47605,94.934525,46733,Super Store Dibrugarh Convoy Road ES21,786003,,dibrugarh,224813154,0,7MVPFWGM+CR6XV2F,2100-01-01,2026-03-26
25.807854,87.449,46735,Super Store Purnia Madhubani ES44,854301,,purnia,227703165,0,7MQ9RC5X+4HX5M25,2100-01-01,2026-05-07
30.120642,78.29602,46737,Super Store Rishikesh Station Road ES4,249137,,rishikesh,227625017,0,8J2W47CW+7C2P6XC,2100-01-01,2026-05-07
27.603573,78.067986,46739,Super Store Hathras Naya Ganj ES10,204101,,hathras,224228619,0,7JVWJ339+C5HVQR3,2100-01-01,2026-05-07
21.256739,81.668365,46743,Super Store Raipur Adarsh Nagar ES15,492001,,raipur,222731525,0,7MH37M49+M8XGGPP,2100-01-01,2026-07-29
23.156786,77.384056,46745,Super Store Bhopal Lalita Nagar ES27,462011,,bhopal,223762919,0,7JMV594M+PJ7G9C9,2100-01-01,2026-05-07
20.273058,85.79544,46749,Super Store Bhubaneshwar HB Colony ES16,751022,,bhubaneswar,221906627,0,7MG77QFW+65G6HMP,2100-01-01,2026-05-07
13.045866,80.076996,46785,Super Store Chennai Thirumazhisai ES113,600004,,chennai,226774846,0,7M5223WG+8QXQ845,2100-01-01,2026-03-26
28.771826,77.11426,46791,Super Store Delhi Alipur ES410,110082,,delhi,229702738,0,7JWVQ4C7+PPJ32RH,2100-01-01,2026-03-26
22.432844,70.05148,46795,Super Store Jamnagar Pawanchakki ES24,361002,,jamnagar,226457511,0,7JJGC3M2+4HQMM99,2100-01-01,2026-05-07
28.752142,77.18507,46797,Super Store Delhi Ibrahimpur ES404,110045,,delhi,229702738,0,7JWVQ52P+V24JHJ6,2100-01-01,2026-03-26
28.622257,77.0341,46799,Super Store Delhi Nawada ES408,110047,,delhi,229702738,0,7JWVJ2CM+WJ57CC9,2100-01-01,2026-07-29
32.747932,74.90422,46801,Super Store Jammu Sidhra ES14,180001,,jammu,221204491,0,8J4PPWX3+5MH672W,2100-01-01,2026-05-07
18.553915,73.72702,46803,Flex Store Pune Lavale Symbiosis ES175,411009,,pune,222422410,0,7JCMHP3G+HR6GVCQ,2100-01-01,2026-07-29
16.290497,80.39787,46805,Super Store Guntur Stambala Garuvu ES6,522002,,guntur,225564073,0,7M8279RX+54XXH5W,2100-01-01,2026-07-29
20.324413,85.875946,46809,Super Store Bhubaneswar Pahala ES18,751025,,bhubaneswar,221906627,0,7MG78VFG+Q98FC6V,2100-01-01,2026-05-07
31.61816,74.8769,46847,Super Store Amritsar Mohan Nagar ES144,143006,,amritsar,227552331,0,8J3PJV9G+7Q69RFH,2100-01-01,2026-07-29
29.081875,77.29935,46849,Super Store Baraut Gandhi Road ES12,250611,,baraut,226664205,0,7JXV37JX+PPXRVR4,2100-01-01,2026-03-26
23.24179,69.63984,46851,Super Store Bhuj Arihant Nagar ES25,370040,,bhuj,221080795,0,7JMF6JRQ+PW8Q925,2100-01-01,2026-03-26
23.605246,72.96241,46855,Super Store Himatnagar Dowlat Villas ES26,383001,,himatnagar,225810758,0,7JMJJX46+3XVJWRF,2100-01-01,2026-05-07
28.495684,77.1665,46857,Super Store Delhi SSN Marg ES419,110030,,delhi,229702738,0,7JWVF5W8+7HH9MCG,2100-01-01,2026-07-29
28.436462,77.12838,46859,Super Store Gurgaon Aravali Hills ES192,110078,,gurgaon,227138302,0,7JWVC4PH+H9JCFFV,2100-01-01,2026-05-07
18.70124,73.78322,46861,Super Store Pune Dehu Alandi Road ES176,411006,,pune,222422410,0,7JCMPQ2M+F7WQ5V6,2100-01-01,2026-05-07
28.246534,77.84517,46895,Super Store Khurja Peeli Kothi ES11,203131,,khurja,336303586,0,7JWV6RWW+J377VVF,2100-01-01,2026-07-29
28.636827,77.20962,46901,Super Store Delhi Paharganj ES416,121003,,delhi,229702738,0,7JWVJ6P5+PRQ5J6M,2100-01-01,2026-05-07
12.851765,77.77852,46907,Super Store Bengaluru Sarjapura ES310,560099,,bengaluru,225966022,0,7J4VVQ2H+PC2GWX5,2100-01-01,2026-07-29
28.78626,77.06465,46911,Super Store Delhi Bawana Road ES415,110085,,delhi,229702738,0,7JWVQ3P7+GV2G98P,2100-01-01,2026-05-07
26.247768,72.97955,46913,Super Store Jodhpur Pal Village ES7,342008,,jodhpur,227342754,0,7JRJ6XXH+4R3PGHG,2100-01-01,2026-05-07
17.349209,76.87969,46915,Super Store Gulbarga Yadulla Colony ES15,585105,,gulbarga,222673343,0,7J9R8VXH+MVP6Q27,2100-01-01,2026-07-29
25.582375,85.01137,46917,Super Store Patna Khagaul ES46,800002,,patna,225657296,0,7MQ7H2J6+WGXXWJH,2100-01-01,2026-07-29
12.971819,77.81702,46919,Super Store Bengaluru Soukya Road ES311,560008,,bengaluru,225966022,0,7J4VXRC8+PRCPJR5,2100-01-01,2026-05-07
12.909424,77.55589,46921,Super Store Bengaluru Kumaraswamy ES313,560075,,bengaluru,225966022,0,7J4VWH54+Q96VQH3,2100-01-01,2026-07-29
25.33831,74.64317,46923,Super Store Bhilwara Peepli Chauraha ES26,311001,,bhilwara,228138991,0,7JQP8JQV+87F7XV3,2100-01-01,2026-03-26
11.062449,76.962555,46959,Super Store Coimbatore Thudiyalur ES8,641004,,coimbatore,225281991,0,7J3R3X67+X2FWWFG,2100-01-01,2026-03-26
28.593864,76.653465,46963,Super Store Jhajjar Bhatti Gate ES10,124103,,jhajjar,226321568,0,7JWRHMV3+G9WHW33,2100-01-01,2026-05-07
10.940569,76.75251,46967,Flex Store Coimbatore Karunya University ES10,641042,,coimbatore,225281991,0,7J2RWQR3+62CMJWM,2100-01-01,2026-07-29
23.496243,87.370834,46969,Super Store Durgapur Bidhan Nagar ES3,713205,,durgapur,223513389,0,7MM9F9WC+F8WQC67,2100-01-01,2026-05-07
11.016692,76.970055,46973,Super Store Coimbatore Gandhipuram ES11,641039,,coimbatore,225281991,0,7J3R2X8C+M2FQC44,2100-01-01,2026-03-26
24.028189,84.115074,46975,Super Store Daltonganj Sarvodaya Nagar ES1,822101,,deoghar,222808603,0,7MP624H8+72GFGVM,2026-07-29,2026-05-07
25.566296,84.87858,46983,Super Store Patna IIT Campus ES48,802301,,patna,225657296,0,7MQ6HV8H+GC8V9F8,2100-01-01,2026-05-07
11.644848,78.13649,46985,Super Store Salem Gugai ES9,636004,,salem,225893514,0,7J3WJ4VP+WHQWGF7,2100-01-01,2026-05-07
26.151579,85.897224,46987,Super Store Darbhanga Mirzapur ES3,846004,,darbhanga,222038146,0,7MR75V2W+JVQ2Q93,2100-01-01,2026-07-29
25.605478,85.08265,46989,Super Store Patna Aashiyana ES49,801503,,patna,225657296,0,7MQ7J34M+53R4Q5F,2100-01-01,2026-05-07
26.933617,75.819855,46991,Super Store Jaipur Shankar Nagar ES80,302004,,jaipur,226506314,0,7JRQWRM9+CWXMH67,2100-01-01,2026-05-07
8.515829,76.90898,46995,Super Store Trivandrum Kumarapuram ES10,695001,,trivandrum,227174343,0,6JWRGW85+8HQ3V6F,2100-01-01,2026-07-29
13.003558,80.19073,47029,Super Store Chennai Ekkatuthangal ES115,600125,,chennai,226774846,0,7M52253R+C7H6P5V,2100-01-01,2026-05-07
28.30071,76.86319,47031,Flex Store Gurgaon Amity University ES195,122052,,gurgaon,227138302,0,7JWR8V27+77PC8FJ,2100-01-01,2026-05-07
11.000088,76.949005,47035,Super Store Coimbatore Town Hall ES9,641001,,coimbatore,225281991,0,7J3R2W2X+2JJCHJF,2100-01-01,2026-03-26
20.418447,72.83734,47037,Super Store Daman Nani ES2,396210,,dadra and nagar haveli,222182582,0,7JGJCR9P+9WGX9PF,2100-01-01,2026-05-07
23.118416,72.502014,47043,Super Store Ahmedabad Gota Ognaj ES89,382210,,ahmedabad,225912447,0,7JMJ4G92+9R6M9MF,2026-07-29,2026-05-07
24.609089,73.72014,47051,Super Store Udaipur Bhuwana ES12,313011,,udaipur,222452646,0,7JPMJP5C+J3JGJ4J,2100-01-01,2026-07-29
22.986813,72.564125,47060,Super Store Ahmedabad Paldi ES90,382418,,ahmedabad,225912447,0,7JJJXHP7+PMCCJ7P,2026-07-29,2026-05-07
30.374733,75.544754,47064,Super Store Barnala Guru Nanak Nagar ES145,148101,,barnala,337427009,0,8J2Q9GFV+VWR6HJ3,2100-01-01,2026-07-29
22.076927,82.18581,47066,Super Store Bilaspur Kashimpara ES4,495006,,bilaspur,228301195,0,7MJ435GP+Q8F5FVH,2100-01-01,2026-07-29
23.20054,79.91491,47072,Super Store Jabalpur Vijay Nagar ES11,482002,,jabalpur,221933706,0,7JMX6W27+6X7J2VW,2100-01-01,2026-05-07
28.479467,77.08714,47108,Super Store Gurgaon Chakkarpur 3 ES197,121003,,gurgaon,227138302,0,7JWVF3HP+QVJPM6C,2100-01-01,2026-05-07
22.345758,87.285194,47110,Super Store Kharagpur Malancha Road ES2,721304,,kharagpur,222447932,0,7MJ987WP+8346P9G,2100-01-01,2026-05-07
10.770796,78.69518,47112,Super Store Tiruchirappalli Kajamalai ES2,620008,,tiruchirappalli,229171421,0,7J2WQMCW+837W5HP,2100-01-01,2026-05-07
14.477385,78.8233,47114,Super Store Kadapa Nagarajupeta ES2,516001,,kadapa,337891054,0,7J6WFRGF+X83G333,2100-01-01,2026-07-29
22.747149,75.802185,47116,Super Store Indore Super Corridor ES29,452015,,indore,228689270,0,7JJQPRW2+VV3XV5G,2100-01-01,2026-05-07
25.565287,85.128,47118,Super Store Patna Parsa ES50,800021,,patna,225657296,0,7MQ7H48H+466C2PP,2100-01-01,2026-05-07
22.68755,75.84214,47122,Super Store Indore Sudama Nagar ES30,452010,,indore,228689270,0,7JJQMRQR+2V6VQP9,2100-01-01,2026-07-29
29.449162,77.31363,47196,Super Store Shamli Kamla Colony ES14,247776,,shamli,228451270,0,7JXVC8X7+MF6CC5H,2100-01-01,2026-05-07
25.027775,88.12737,47198,Super Store Malda Mirchak Road ES215,732102,,malda,224237379,0,7MQC24HG+4W5XVW5,2100-01-01,2026-05-07
28.666162,76.91686,47278,Super Store Bahadurgarh Sector 6 ES4,110041,,bahadurgarh,228796415,0,7JWRMW88+FP9GMG4,2100-01-01,2026-05-07
28.683369,77.296715,47284,Super Store Delhi Durga Puri ES422,201010,,shahdara,224408818,0,7JWVM7MW+8MWQHVW,2100-01-01,2026-05-07
28.518896,77.201454,47286,Super Store Delhi Saidujulab ES421,110080,,delhi,229702738,0,7JWVG692+HH4W275,2100-01-01,2026-07-29
17.532858,78.21958,47288,Super Store Hyderabad Isnapur ES198,500084,,hyderabad,227188707,0,7J9WG6M9+4RW8GHF,2100-01-01,2026-05-07
29.682995,76.966125,47292,Super Store Karnal Friends Colony ES8,132001,,karnal,227591094,0,7JXRMXM8+5FRR3J2,2100-01-01,2026-05-07
25.560621,91.90564,47298,Super Store Shillong Laitumkhrah ES2,793014,,shillong,224486717,0,7MQHHW64+67RW2GG,2026-07-29,2026-05-07
28.579195,77.40088,47300,Super Store UP-NCR Capetown Road ES226,201102,,delhi,229702738,0,7JWVHCH2+M9CR357,2100-01-01,2026-07-29
28.5903,77.38905,47302,Super Store UP-NCR Sector 75 ES229,201020,,delhi,229702738,0,7JWVH9RQ+4J7WX62,2100-01-01,2026-05-07
10.734496,78.75496,47340,FS Tiruchirappalli NIT Trichy ES3,620008,,tiruchirappalli,229171421,0,7J2WPQM3+QXWX64X,2100-01-01,2026-05-07
23.620596,86.16755,47346,Super Store Bokaro Tara Nagar ES3,827006,,bokaro,222913779,0,7MM8J5C9+62MV9PJ,2100-01-01,2026-05-07
9.919095,76.31452,47350,Super Store Kochi Nettoor ES13,683104,,kochi,222868740,0,6JXRW897+JRJW3G4,2100-01-01,2026-07-29
22.823477,70.85412,47386,Super Store Morbi Genda Circle ES27,363641,,morbi,223990150,0,7JJGRVF3+9JX5GFM,2100-01-01,2026-05-07
25.266293,83.03971,47388,Super Store Varanasi Ramnagar ES19,221005,,varanasi,227297401,0,7MQ5728Q+GV8QM2R,2100-01-01,2026-05-07
21.15749,72.83057,47390,Super Store Surat Udhana Gam ES17,395003,,surat,225663524,0,7JHJ5R4J+X6WCQVP,2100-01-01,2026-05-07
10.0419655,76.28594,47394,Super Store Kochi North Edappally ES15,682018,,kochi,222868740,0,7J2R27RP+Q9PJ29V,2100-01-01,2026-05-07
26.273344,73.04874,47396,Super Store Jodhpur Ratnada ES8,342016,,jodhpur,227342754,0,7JRM72FX+8FQMQV6,2100-01-01,2026-07-29
11.265029,75.823875,47400,Super Store Kozhikode Thondayad ES11,673010,,kozhikode,229552144,0,7J3Q7R8F+2G95QHV,2100-01-01,2026-07-29
8.517143,76.97979,47402,Super Store Trivandrum Sasthamangalam ES12,695035,,trivandrum,227174343,0,6JWRGX8H+VW3MJG3,2100-01-01,2026-07-29
10.016941,76.28412,47404,Super Store Kochi Elamakkara ES11,682011,,kochi,222868740,0,7J2R278M+QJHP927,2100-01-01,2026-05-07
26.022243,76.36488,47440,Super Store Sawai Madhopur Civil Lines ES28,322001,,sawai madhopur,225734599,0,7JRR29C7+VXRJQ95,2100-01-01,2026-05-07
23.399841,85.39569,47478,Super Store Ranchi Dipatoli ES16,834001,,ranchi,224316037,0,7MM799XW+W7PJ48W,2100-01-01,2026-05-07
30.96643,76.524025,47480,Super Store Rupnagar Aman Nagar ES147,140001,,rupnagar,228036693,0,8J2RXG8F+HJC894F,2100-01-01,2026-05-07
25.271378,82.99749,47482,Super Store Varanasi Tara Nagar Colony ES16,221002,,varanasi,227297401,0,7MQ47XCW+HX54Q78,2100-01-01,2026-05-07
28.363539,77.56794,47484,Super Store UP-NCR Galgotias ES230,201312,,delhi,229702738,0,7JWV9H79+C58CV2C,2100-01-01,2026-05-07
28.70962,77.08755,47488,Super Store Delhi Budh Vihar Phase 1 ES427,110028,,delhi,229702738,0,7JWVP35Q+R2VPRMR,2100-01-01,2026-05-07
28.674646,77.200806,47490,Super Store Delhi Shakti Nagar ES426,110095,,delhi,229702738,0,7JWVM6F2+V83X63X,2100-01-01,2026-07-29
31.322079,75.52961,47526,Super Store Jalandhar Basti Bawa Khel ES148,144008,,jalandhar,221605022,0,8J3Q8GCH+RRQ3P3R,2100-01-01,2026-05-07
28.031855,79.11079,47562,Super Store Budaun Jogipura ES13,243601,,budaun,225748514,0,7JWX24J6+P8V64CV,2100-01-01,2026-05-07
25.594154,91.91237,47564,Super Store Shillong Marwroh ES3,793019,,shillong,224486717,0,7MQHHWV6+MW94X8F,2026-07-29,2026-05-07
27.559849,81.608986,47568,Super Store Bahraich Brahmnipura ES15,271801,,bahraich,228904697,0,7MV3HJ55+WHQWVMH,2100-01-01,2026-05-07
20.217718,85.78905,47570,Super Store Bhubaneswar Botanda ES20,751022,,bhubaneswar,221906627,0,7MG76Q9Q+3JMMHP5,2100-01-01,2026-05-07
29.099354,75.96922,47574,Super Store Hansi Gandhi Nagar ES11,125033,,hansi,228736192,0,7JXQ3XX9+PMX2W2F,2100-01-01,2026-05-07
19.126383,72.82085,47578,Super Store Mumbai Saat Bangla ES285,400701,,mumbai,223525546,0,7JFJ4RGC+H856GH3,2100-01-01,2026-07-29
12.890064,80.240746,47580,Super Store Chennai Uthandi ES116,600091,,chennai,226774846,0,7M42V6RR+27HHRHV,2100-01-01,2026-07-29
26.741957,94.1858,47584,Super Store Jorhat Nehru Park ES24,785010,,jorhat,336360393,0,7MRPP5RP+Q8M86FR,2100-01-01,2026-07-29
28.539742,77.539825,47586,Super Store UP-NCR Dadri ES231,201313,,ghaziabad,229764213,0,7JWVGGQQ+VWWP6C5,2100-01-01,2026-05-07
12.938793,77.45829,47594,Super Store Bengaluru Kengeri ES319,560059,,bengaluru,225966022,0,7J4VWFQ5+G87MJQ7,2100-01-01,2026-07-29
26.347246,73.05234,47596,Super Store Jodhpur Lal Bagh ES9,342006,,jodhpur,227342754,0,7JRM83W2+VWWW9C6,2100-01-01,2026-07-29
26.737091,80.928795,47664,Super Store Lucknow Bijnor Bazaar ES95,226020,,lucknow,223714189,0,7MR2PWPH+RGMPC25,2100-01-01,2026-05-07
26.841911,80.95553,47666,Super Store Lucknow Dalibagh Colony ES94,226021,,lucknow,223714189,0,7MR2RXR4+Q66H849,2100-01-01,2026-07-29
24.646576,73.668945,47700,Super Store Udaipur Mewar Hospital ES13,313002,,udaipur,222452646,0,7JPMJMW9+JHP32MP,2026-07-29,2026-05-07
26.660881,92.80786,47702,Super Store Tezpur Mahabhairab ES23,784001,,guwahati,225040125,0,7MRJMR65+9458837,2026-07-29,2026-05-07
19.109505,72.89382,47776,Super Store Mumbai Nahar Amritshakti ES287,400072,,mumbai,223525546,0,7JFJ4V5V+RG43VWH,2100-01-01,2026-05-07
25.278475,83.10491,47814,Super Store Mughalsarai GT Road ES16,221005,,mughalsarai,333848337,0,7MQ574H3+9XV32C7,2100-01-01,2026-07-29
17.404335,78.49325,47854,Super Store Hyderabad RTC X Roads ES201,500082,,hyderabad,227188707,0,7J9WCF3V+P7QH32X,2100-01-01,2026-05-07
11.278873,77.59389,47894,Flex Store Perundurai Kongu Engineering College ES10,638004,,perundurai,227890169,0,7J3V7HHV+GHRVP3X,2100-01-01,2026-05-07
13.184223,80.10352,47928,Flex Store Chennai Vel Tech ES117,602105,,chennai,226774846,0,7M5254M3+MCJXJH4,2100-01-01,2026-07-29
22.78624,86.166595,47930,Super Store Jamshedpur S Type ES16,831013,,jamshedpur,223357421,0,7MJ8Q5P8+FJXCR6G,2100-01-01,2026-07-29
28.657282,77.384964,47932,Super Store UP-NCR Ahinsa Khand ES232,201006,,ghaziabad,229764213,0,7JWVM94M+WX89FGG,2100-01-01,2026-07-29
10.960863,76.976776,47934,Super Store Coimbatore Podanur ES13,641026,,coimbatore,225281991,0,7J2RXX6G+8PRHCP6,2100-01-01,2026-07-29
26.00864,79.44788,47968,Super Store Orai Raj Marg ES17,285001,,orai,338272010,0,7JRX2C5X+F52M342,2100-01-01,2026-07-29
28.374687,76.93257,48006,Super Store Gurgaon Sector 90 ES198,122003,,gurgaon,227138302,0,7JWR9WFM+V2GFFPX,2100-01-01,2026-07-29
30.142197,74.19561,48014,Super Store Abohar Ekta Colony ES149,152116,,abohar,337844553,0,8J2P45RW+V6HWF22,2100-01-01,2026-07-29
26.248415,78.17212,48048,Super Store Gwalior Anand Nagar ES8,474015,,gwalior,227619679,0,7JRW65XC+9R9Q2H4,2100-01-01,2026-07-29
28.638788,77.24883,48050,Super Store Delhi Daryaganj ES430,201014,,delhi,229702738,0,7JWVJ6QX+GG8HCR7,2100-01-01,2026-07-29
22.951078,88.470345,48052,Super Store Kolkata Aiims ES221,743144,,kolkata,229248797,0,7MJCXF2C+C4P5PWW,2100-01-01,2026-07-29
28.515665,77.225204,48054,Super Store Delhi Sangam Vihar ES429,110074,,delhi,229702738,0,7JWVG68G+738GRM3,2100-01-01,2026-07-29
26.138771,91.59389,48094,Super Store Guwahati Azara ES27,781005,,guwahati,225040125,0,7MRH4HQV+GH2V9MX,2100-01-01,2026-07-29
13.619157,79.44903,48096,Super Store Tirupati Tiruchanur ES4,517507,,tirupati,226376791,0,7J5XJC9X+MJ699M4,2100-01-01,2026-07-29
17.584618,78.420876,48098,Super Store Hyderabad Gandi Maisamma ES202,500114,,hyderabad,227188707,0,7J9WHCMC+R9RJGCX,2100-01-01,2026-07-29
21.208889,79.09502,48102,Super Store Nagpur Koradi Road ES25,440029,,nagpur,228245816,0,7JHX635W+H22GJ6R,2100-01-01,2026-07-29
19.430508,72.84795,48106,Super Store Mumbai Vasai Waliv ES289,401303,,mumbai,223525546,0,7JFJCRJX+6547QGW,2100-01-01,2026-07-29
19.04181,72.84437,48140,Super Store Mumbai Dharavi ES292,400024,,mumbai,223525546,0,7JFJ2RRV+PPH8Q4V,2100-01-01,2026-07-29
22.792055,88.33758,48142,Super Store Kolkata Bhadreshwar ES223,700122,,kolkata,229248797,0,7MJCQ8RQ+R2G4R9P,2100-01-01,2026-07-29
29.92277,78.113625,48144,Super Store Haridwar Shyam Nagar ES8,249401,,haridwar,228457542,0,7JXWW4F7+4C5QWCF,2100-01-01,2026-07-29
23.339075,86.34016,48146,Super Store Purulia Old Manbazar ES222,723103,,purulia,337655348,0,7MM888QR+J3M229V,2100-01-01,2026-07-29
31.617182,74.83858,48150,Super Store Amritsar Khazana Gate ES150,143006,,amritsar,227552331,0,8J3PJR8Q+VCG8CHR,2100-01-01,2026-07-29
24.81087,85.02878,48152,Super Store Gaya Manpur ES55,823001,,gaya,229191462,0,7MP7R26H+8GRX32F,2100-01-01,2026-07-29
19.79923,72.76882,48154,Super Store Mumbai Boisar ES291,401501,,mumbai,223525546,0,7JFJQQX9+MGW7764,2100-01-01,2026-07-29
23.633617,86.96874,48156,Super Store Asansol Burnpur ES3,713301,,asansol,222748188,0,7MM8JXM9+CFXQ6V6,2100-01-01,2026-07-29
19.176634,72.86385,48158,Super Store Mumbai Goregaon Pathanwadi ES293,400060,,mumbai,223525546,0,7JFJ5VG7+MG56XC6,2100-01-01,2026-07-29
8.570098,76.872215,48194,Super Store Trivandrum Kulathoor ES14,695006,,trivandrum,227174343,0,6JWRHVCC+2VPXGM2,2100-01-01,2026-07-29
30.779861,76.560936,48196,Flex Store Kharar Chandigarh University ES154,160055,,kharar,223165075,0,8J2RQHH6+W9VH779,2100-01-01,2026-07-29
28.761627,77.297195,48234,Super Store UP-NCR Loni ES235,110092,,delhi,229702738,0,7JWVQ76W+MV4299C,2100-01-01,2026-07-29
26.974195,75.68034,48236,Super Store Jaipur Hathoj Bus Stand ES82,302013,,jaipur,226506314,0,7JRQXMFJ+M4GX428,2100-01-01,2026-07-29
26.30038,73.0345,48238,Super Store Jodhpur Mandor Road ES10,342008,,jodhpur,227342754,0,7JRM822M+5R267C9,2100-01-01,2026-07-29
25.22689,75.871826,48240,Super Store Kota Model Town ES31,324001,,kota,221423618,0,7JQQ6VGC+QP4M567,2100-01-01,2026-07-29
24.7134,84.94791,48244,Super Store Gaya Bodh ES58,823001,,gaya,229191462,0,7MP6PW7X+95724JC,2100-01-01,2026-07-29
27.31572,88.60098,48246,Super Store Gangtok Krishi Bhawan ES1,737102,,gangtok,335422988,0,7MVC8J82+79QMQV5,2100-01-01,2026-07-29
23.265364,87.8491,48248,Super Store Bardhaman Golap Bagh ES3,713103,,bardhaman,228641727,0,7MM97R8X+4JXCJF9,2100-01-01,2026-07-29
17.369366,78.56754,48252,Super Store Hyderabad Keshava Nagar ES207,500066,,hyderabad,227188707,0,7J9W9H99+P2VM779,2100-01-01,2026-07-29
13.068015,80.17359,48254,Super Store Chennai Koyembedu Rohini ES120,600081,,chennai,226774846,0,7M52359F+6C4HWRW,2100-01-01,2026-07-29
23.120993,83.20249,48290,Super Store Ambikapur Bramha Road ES16,497001,,ambikapur,336987507,0,7MM546C2+9XXQFJ5,2100-01-01,2026-07-29
22.596254,77.775566,48292,Super Store Itarsi Suraj Ganj ES13,461111,,itarsi,336599797,0,7JJVHQWG+G646243,2100-01-01,2026-07-29
25.563751,83.982315,48294,Super Store Buxar Ambedkar Chowk ES56,802103,,buxar,337391505,0,7MQ5HX7J+GW424M3,2100-01-01,2026-07-29
17.69906,83.003105,48296,Super Store Anakapalle Woodpeta ES4,530012,,anakapalle,333810701,0,7M95M2X3+J6HF3J5,2100-01-01,2026-07-29
11.10961,77.35345,48304,Super Store Tiruppur Noyyal ES11,641601,,tiruppur,338333386,0,7J3V4953+R9W7WJ3,2100-01-01,2026-07-29
18.505766,73.818825,48306,Super Store Pune Rambaug Colony ES186,411021,,pune,222422410,0,7JCMGR49+8G4M97G,2100-01-01,2026-07-29
18.459517,79.11566,48308,Super Store Karimnagar Jyothinagar ES204,505002,,karimnagar,225588909,0,7JCXF458+R73JG62,2100-01-01,2026-07-29
17.611368,78.077,48353,Super Store Sangareddy Manjeera Nagar ES205,502001,,sangareddy,337672583,0,7J9WJ36G+GRRJHF3,2100-01-01,2026-07-29
21.115665,73.10704,48387,Super Store Bardoli Sardar Patel Museum ES28,394601,,bardoli,221352906,0,7JHM4484+7R7CWQG,2100-01-01,2026-07-29
10.003018,76.31565,48389,Super Store Kochi Kaloor ES14,682031,,kochi,222868740,0,7J2R2838+672QJQ7,2100-01-01,2026-07-29
28.761127,77.25355,48393,Super Store UP-NCR Ram Park ES234,201309,,ghaziabad,229764213,0,7JWVQ763+FC34F8Q,2100-01-01,2026-07-29
12.950126,80.210175,48399,Super Store Chennai Ram Nagar ES119,600040,,chennai,226774846,0,7M42X626+33343QC,2100-01-01,2026-07-29
23.227468,87.05327,48405,Super Store Bankura Bypass ES225,722102,,bankura,339680706,0,7MM963G3+X8JMX92,2100-01-01,2026-07-29
19.192947,73.15972,48441,Super Store Mumbai Ulhasnagar Colony ES296,421505,,mumbai,223525546,0,7JFM55V5+5VHRC8P,2100-01-01,2026-07-29
25.947094,83.57521,48445,Super Store Mau Junction ES18,275101,,mau,337549618,0,7MQ5WHWG+R3PPP65,2100-01-01,2026-07-29
16.74796,78.00919,48447,Super Store Mahbubnagar Rajendra Nagar ES203,509001,,mahbubnagar,333395225,0,7J8WP2X5+5MP6Q93,2100-01-01,2026-07-29
30.309784,77.91602,48449,Super Store Dehradun Baronwala ES33,248007,,dehradun,222029625,0,8J2V8W58+WC69J8H,2100-01-01,2026-07-29
16.181458,81.127884,48451,Super Store Machilipatnam Koneru Centre ES3,521001,,machilipatnam,334673550,0,7M8354JH+H5J6Q3C,2100-01-01,2026-07-29
15.8096285,78.05626,48453,Super Store Kurnool Kalluru ES32,518003,,kurnool,221595947,0,7J7WR354+VG23J9G,2100-01-01,2026-07-29
17.554506,78.551056,48455,Super Store Hyderabad Thumukunta ES208,500087,,hyderabad,227188707,0,7J9WHH32+RC39786,2100-01-01,2026-07-29
18.965864,72.828766,48457,Super Store Mumbai Central ES295,400025,,mumbai,223525546,0,7JCJXR8H+8GRGVMM,2100-01-01,2026-07-29
30.284275,77.99811,48461,Super Store Dehradun Shewala Kala ES32,248006,,dehradun,222029625,0,8J2V7XMX+P693599,2100-01-01,2026-07-29
26.876968,75.80959,48467,Super Store Jaipur Lal Kothi ES83,302020,,jaipur,226506314,0,7JRQVRG5+QRPQHWX,2100-01-01,2026-07-29
31.29569,75.63535,48501,Super Store Jalandhar New Defence Colony ES151,144005,,jalandhar,221605022,0,8J3Q7JWP+74HM4MH,2100-01-01,2026-07-29
23.829647,86.50918,48503,Super Store Dhanbad Gobindpur ES4,826005,,dhanbad,223567019,0,7MM8RGH5+VM3X6RQ,2100-01-01,2026-07-29
32.102444,76.27028,48505,Super Store Kangra Adarsh Colony ES7,176001,,kangra,331623099,0,8J4R472C+X4CQQ7G,2100-01-01,2026-07-29
17.040636,79.29707,48509,Super Store Nalgonda Clock Tower ES209,508001,,nalgonda,336510682,0,7J9X27RW+7R4F4X8,2100-01-01,2026-07-29
15.485599,78.490814,48511,Super Store Nandyal Statebank Colony ES5,518501,,nandyal,337603869,0,7J7WFFPR+68PRP83,2100-01-01,2026-07-29
21.09923,81.03727,48513,Super Store Rajnandgaon Fawara Chowk ES18,491441,,rajnandgaon,333708293,0,7MH332XP+MWR8523,2100-01-01,2026-07-29
24.268518,87.24884,48515,Super Store Dumka Tin Bazaar ES2,814153,,dumka,334450701,0,7MP9769X+CG4QJ3H,2100-01-01,2026-07-29
32.19148,76.33574,48517,Super Store Dharamshala Sidhpur ES8,176001,,dharamshala,226500052,0,8J4R58RP+H7X926M,2100-01-01,2026-07-29
13.164522,78.13649,48587,Super Store Kolar Antharagange RD ES17,563101,,kolar,3376085871,0,7J5W547P+RH5X6WX,2100-01-01,2026-07-29
30.889862,75.850784,48599,Super Store Ludhiana Model Town ES152,141001,,ludhiana,224908432,0,8J2QVVQ2+W8VC6H3,2100-01-01,2026-07-29
30.4673,74.51801,48601,Super Store Muktsar Deep Nagar ES155,152026,,muktsar,339053782,0,8J2PFG89+W6C34VH,2100-01-01,2026-07-29
26.564165,74.810684,48603,Super Store Kishangarh Subhash Colony ES33,305801,,kishangarh,224045233,0,7JRPHR76+M77Q5W3,2100-01-01,2026-07-29
9.977901,76.282974,48609,Super Store Kochi Pachalam ES17,682035,,kochi,222868740,0,6JXRX7HM+55927H3,2100-01-01,2026-07-29
15.164553,76.88984,48647,Super Store Ballari Cowl Bazar ES18,583101,,ballari,224254616,0,7J7R5V7Q+RWG5M43,2100-01-01,2026-07-29
13.045019,80.10753,48651,Super Store Chennai Mangadu ES124,600131,,chennai,226774846,0,7M5224W5+223JJWG,2100-01-01,2026-07-29
28.608555,77.42016,48653,Super Store UP-NCR Rani Laxmibai ES236,110032,,ghaziabad,229764213,0,7JWVJC5C+C3C5X5J,2100-01-01,2026-07-29
22.523708,88.35177,48655,Super Store Kolkata Gariahat ES230,700048,,kolkata,229248797,0,7MJCG9F2+FPJ8CGC,2100-01-01,2026-07-29
13.554695,78.50512,48659,Super Store Madanapalle Krishna Nagar ES6,517325,,madanapalle,331495194,0,7J5WHG34+V2HX2FC,2100-01-01,2026-07-29
29.48955,77.71316,48737,Super Store Muzaffarnagar Roorkee RD ES20,251002,,muzaffarnagar,223788354,0,7JXVFPQ7+R77RR9H,2100-01-01,2026-07-29
21.893644,83.39632,48743,Super Store Raigarh Palace Road ES17,496001,,raigarh,331676059,0,7MH5V9VW+FG4JWXF,2100-01-01,2026-07-29
14.475403,79.992325,48745,Super Store Nellore Kisan Nagar ES4,524004,,nellore,223984099,0,7J6XFXGR+5W83FPV,2100-01-01,2026-07-29
28.541975,77.38699,48747,Super Store UP-NCR Salarpur ES237,201007,,delhi,229702738,0,7JWVG9RP+QQQWWXG,2100-01-01,2026-07-29
24.884089,85.542625,48785,Super Store Nawada Sherpur ES61,805110,,nawada,339143953,0,7MP7VGMV+J2QHGX2,2100-01-01,2026-07-29
23.033293,72.55548,48793,Super Store Ahmedabad Navrangpura ES94,380003,,ahmedabad,225912447,0,7JMJ2HM4+859MJ34,2100-01-01,2026-07-29
31.663898,74.93905,48801,Super Store Amritsar Verka ES159,143001,,amritsar,227552331,0,8J3PMW7Q+HJ3WW38,2100-01-01,2026-07-29
18.97765,73.14943,48807,Super Store Mumbai New Panvel ES300,410206,,mumbai,223525546,0,7JCMX4HX+3Q3XR2X,2100-01-01,2026-07-29
13.33963,77.08041,48811,Super Store Tumkur Gubbi Gate ES20,572104,,tumkur,223770580,0,7J5V83QJ+V532RXG,2100-01-01,2026-07-29
22.64552,88.33282,48813,Super Store Kolkata Bally ES231,700053,,kolkata,229248797,0,7MJCJ8WM+644JM7W,2100-01-01,2026-07-29
30.255161,77.05069,48849,Flex Store Ambala Maharishi Markandeshwar ES157,133207,,ambala,224293390,0,8J2V7342+378C3J3,2100-01-01,2026-07-29
31.459703,74.92186,48851,Super Store Tarn Taran Sahib Station Road ES153,143401,,tarn taran sahib,337733068,0,8J3PFW5C+VPQ3P3F,2100-01-01,2026-07-29
28.564749,77.26166,48853,Super Store Delhi NFC 2 ES434,110055,,delhi,229702738,0,7JWVH776+VMRXQCF,2100-01-01,2026-07-29
28.600296,77.24626,48855,Super Store Delhi Jungpura ES433,110090,,delhi,229702738,0,7JWVJ62W+4G6V8WC,2100-01-01,2026-07-29
26.768143,75.82736,48889,Super Store Jaipur Chokhi Dhani ES84,302022,,jaipur,226506314,0,7JRQQR9G+7W5PM25,2100-01-01,2026-07-29
11.318235,75.937325,48923,Flex Store Kozhikode NIT ES15,673601,,kozhikode,229552144,0,7J3Q8W9P+7WWF44C,2100-01-01,2026-07-29
28.558233,77.175575,48959,Super Store Delhi Vasant Vihar ES435,110061,,delhi,229702738,0,7JWVH55G+76W8C6R,2100-01-01,2026-07-29
30.496374,76.62977,48967,Flex Store Rajpura Chitkara University ES158,140401,,rajpura,225056132,0,8J2RFJWH+GWRWR75,2100-01-01,2026-07-29
15.379083,73.87967,48969,Super Store Goa Dabolim ES28,403206,,goa,229603657,0,7J7M9VHH+JVM7GRV,2100-01-01,2026-07-29
24.747477,84.38038,48973,Super Store Aurangabad Gurdeo Nagar ES43,824101,,aurangabad (bihar),336371701,0,7MP6P9WJ+X5R26MG,2100-01-01,2026-07-29
20.24086,85.74872,48977,Super Store Bhubaneswar Tamando ES23,751028,,bhubaneswar,221906627,0,7MG76PRX+8FXC2J4,2100-01-01,2026-07-29
20.344341,85.82423,48979,Super Store Bhubaneswar Patia 2 ES24,751013,,bhubaneswar,221906627,0,7MG78RVF+PMQJ9M8,2100-01-01,2026-07-29
23.395779,88.50561,49013,Super Store Krishnanagar Mayapur ES233,741101,,krishna nagar,224932755,0,7MMC9GW4+8693P94,2100-01-01,2026-07-29
30.842337,76.55865,49017,Super Store Kurali Morinda Rd ES156,140110,,kharar,223165075,0,8J2RRHR5+WFJH3R9,2100-01-01,2026-07-29
25.37779,86.48931,49019,Super Store Munger Refugee Colony ES62,811202,,munger,3374387816,0,7MQ89FHQ+4P8J2J3,2100-01-01,2026-07-29
23.402946,85.237785,49055,Super Store Ranchi Ratu Kathitand ES19,834005,,ranchi,224316037,0,7MM7C63Q+54FR9M7,2100-01-01,2026-07-29
23.235283,72.672226,49057,Super Store Ahmedabad Sector 24 ES95,382480,,ahmedabad,225912447,0,7JMJ6MPC+4V97CH8,2100-01-01,2026-07-29
15.372867,73.91879,49059,Super Store Goa Verna ES29,403521,,goa,229603657,0,7J7M9WF9+4GVMF37,2100-01-01,2026-07-29
12.872421,77.55797,49061,Super Store Bengaluru Prestige Falcon City ES321,560021,,bengaluru,225966022,0,7J4VVHC5+X58X883,2100-01-01,2026-07-29
21.174637,72.78065,49065,Super Store Surat Athwa 2 ES18,395003,,surat,225663524,0,7JHJ5QFJ+V72G795,2100-01-01,2026-07-29
19.28923,84.8148,49067,Super Store Berhampur Gajapati Nagar ES22,760009,,berhampur,336620501,0,7MF67RQ7+MWV74JR,2100-01-01,2026-07-29
26.97962,80.92013,49071,Super Store Lucknow Bakshi Ka Talab ES97,226022,,lucknow,223714189,0,7MR2XWHC+R3RJV8P,2100-01-01,2026-07-29
17.27878,78.58872,49077,Super Store Hyderabad Turkayamjal ES210,500070,,hyderabad,227188707,0,7J9W7HHQ+GF962FP,2100-01-01,2026-07-29
24.008123,85.35025,49081,Super Store Hazaribagh Pugmil ES3,825319,,hazaribagh,222525264,0,7MP72952+63XXQ45,2100-01-01,2026-07-29
22.739859,75.88432,49093,Super Store Indore LIG ES32,453112,,indore,228689270,0,7JJQPVQM+WPW7MHG,2100-01-01,2026-07-29
22.80947,86.186356,49127,Super Store Jamshedpur Bistupur ES17,831003,,jamshedpur,223357421,0,7MJ8R55P+QGQMW62,2100-01-01,2026-07-29
28.66988,77.077415,49131,Super Store Delhi Nihal Vihar ES436,110078,,delhi,229702738,0,7JWVM39G+XX3656W,2100-01-01,2026-07-29
27.364481,75.40339,49133,Super Store Danta Ramgarh Khatu Shyam ES35,332602,,danta ramgarh,339032814,0,7JVQ9C73+Q9R86H4,2100-01-01,2026-07-29
17.330679,78.33832,49139,Super Store Hyderabad Aziz Nagar ES212,500086,,hyderabad,227188707,0,7J9W88JQ+78G2VGX,2100-01-01,2026-07-29
29.88335,77.93566,49141,Super Store Roorkee Civil Lines ES4,249403,,roorkee,221280153,0,7JXVVWMP+87V25MV,2100-01-01,2026-07-29
28.646307,77.04335,49149,Super Store Delhi Bhagwati Garden ES439,110086,,delhi,229702738,0,7JWVJ2WV+G8H7C76,2100-01-01,2026-07-29
26.119226,91.612,49153,Super Store Guwahati Ganakpara ES29,781001,,guwahati,225040125,0,7MRH4J96+MQX58CH,2100-01-01,2026-07-29
12.962238,77.59326,49193,Super Store Bengaluru Shanti Nagar ES324,560050,,bengaluru,225966022,0,7J4VXH6V+V8RFJH6,2100-01-01,2026-07-29
25.216797,84.98695,49203,Super Store Jehanabad Station Road ES64,804408,,jehanabad,332287952,0,7MQ66X8P+PQ8W6X2,2100-01-01,2026-07-29
10.363929,77.968155,49207,Super Store Dindigul Karunanidhi Nagar ES14,624001,,dindigul,336150295,0,7J2V9X79+H7C5QJ2,2100-01-01,2026-07-29
23.31331,85.29695,49241,Super Store Ranchi Sail City ES17,834009,,ranchi,224316037,0,7MM7877W+8QGG2G4,2100-01-01,2026-07-29
27.242432,77.49314,49243,Super Store Bharatpur Subhash Nagar ES36,321001,,bharatpur,227048600,0,7JVV6FRV+X7C7997,2100-01-01,2026-07-29
9.522282,76.33189,49247,Super Store Alappuzha AK Arcade ES16,688002,,alappuzha,332957090,0,6JXRG8CJ+WQ679J8,2100-01-01,2026-07-29
31.620697,74.803696,49285,Super Store Amritsar Chheharta ES162,143401,,amritsar,227552331,0,8J3PJRC3+7FGRGM7,2100-01-01,2026-07-29
17.355654,78.50535,49287,Super Store Hyderabad Jawahar Nagar Colony ES214,500076,,hyderabad,227188707,0,7J9W9G44+7492X43,2100-01-01,2026-07-29
10.862488,78.70312,49289,Super Store Tiruchirappalli Srirangam ES4,620005,,tiruchirappalli,229171421,0,7J2WVP63+X6XHM85,2100-01-01,2026-07-29
17.436682,78.54306,49293,Super Store Hyderabad Mahendra Hills ES213,500023,,hyderabad,227188707,0,7J9WCGPV+M6G6668,2100-01-01,2026-07-29
13.029623,77.59789,49333,Super Store Bengaluru RT Nagar ES327,560021,,bengaluru,225966022,0,7J5V2HHX+R5RWJ9J,2100-01-01,2026-07-29
30.333267,77.89895,49335,Super Store Dehradun Bansiwala ES34,248011,,dehradun,222029625,0,8J2V8VMX+8H4MF2W,2100-01-01,2026-07-29
30.27118,77.973236,49337,Super Store Dehradun Graphic Era ES35,248003,,dehradun,222029625,0,8J2V7XCF+F7H4WGQ,2100-01-01,2026-07-29
22.92073,72.61957,49341,Super Store Ahmedabad Vatva ES97,382418,,ahmedabad,225912447,0,7JJJWJC9+7RW2WM8,2100-01-01,2026-07-29
19.225336,72.97863,49343,Super Store Mumbai Thane Dhokali ES301,400063,,mumbai,223525546,0,7JFJ6XGH+4FJC3QC,2100-01-01,2026-07-29
25.366236,82.9426,49349,Super Store Varanasi Shivpur ES21,221003,,varanasi,227297401,0,7MQ49W8V+F2XC66H,2100-01-01,2026-07-29
28.893084,79.50993,49385,Super Store Kichha Pant Colony ES10,263148,,kichha,225881303,0,7JWXVGV5+6XM9CMG,2100-01-01,2026-07-29
25.425858,77.651855,49389,Super Store Shivpuri Madhav Chowk ES17,473638,,shivpuri,227574048,0,7JQVCMG2+8PX7FM5,2100-01-01,2026-07-29
32.635983,74.888885,49391,Super Store Jammu Bari Brahman ES19,180020,,jammu,221204491,0,8J4PJVPQ+9HR7GGJ,2100-01-01,2026-07-29
34.095028,74.82659,49395,Super Store Srinagar ML Road ES18,190011,,srinagar,337400023,0,8J6P3RWG+2J926VQ,2100-01-01,2026-07-29
22.7399,71.61946,49431,Super Store Surendranagar Pashuram Chowk ES29,363030,,surendranagar,339376923,0,7JJHPJQ9+XQ853JM,2100-01-01,2026-07-29
18.506784,73.87882,49435,Super Store Pune Bhavani Peth ES190,411023,,pune,222422410,0,7JCMGV4H+PG87JWM,2100-01-01,2026-07-29
26.913517,75.84544,49437,Super Store Jaipur Raja Park ES86,302016,,jaipur,226506314,0,7JRQWR7W+C54M6JG,2100-01-01,2026-07-29
30.533236,75.8897,49477,Super Store Malerkotla Jamalpura ES160,148023,,malerkotla,331907555,0,8J2QGVMQ+7VW7XX4,2100-01-01,2026-07-29
11.224751,75.80546,49483,Super Store Kozhikode Vattakinar ES18,673029,,kozhikode,229552144,0,7J3Q6RF4+W5447C2,2100-01-01,2026-07-29
10.787532,76.663956,49487,Super Store Palakkad Gandhi Bazar ES19,678001,,palakkad,336773913,0,7J2RQMQ7+2H88C52,2100-01-01,2026-07-29
19.150728,72.82653,49489,Super Store Mumbai Bangur Nagar ES302,400093,,mumbai,223525546,0,7JFJ5R2G+7JV2CP2,2100-01-01,2026-07-29
13.213225,79.09001,49501,Super Store Chittoor Thotapalyam ES8,517002,,chittoor,331342947,0,7J5X637R+72R33Q3,2100-01-01,2026-07-29
12.258338,79.07421,49543,Super Store Tiruvannamalai Gandhi Nagar ES15,606604,,tiruvannamalai,337213695,0,7J4X735F+8MPHCQ4,2100-01-01,2026-07-29
25.487064,80.33805,49545,Super Store Banda DM Colony ES22,210001,,banda,331169176,0,7MQ2F8PQ+R6FGVVG,2100-01-01,2026-07-29
26.315483,73.066216,49549,Super Store Jodhpur Saran Nagar ES11,342001,,jodhpur,227342754,0,7JRM8388+5FW9C9W,2100-01-01,2026-07-29
18.93696,72.83411,49585,Super Store Mumbai Fort ES305,400052,,mumbai,223525546,0,7JCJWRPM+QJQF3JG,2100-01-01,2026-07-29
26.149675,91.795815,49595,Super Store Guwahati Mathura Nagar ES30,781037,,guwahati,225040125,0,7MRH4QXW+V88RVCH,2100-01-01,2026-07-29
11.009193,77.06303,49597,Super Store Coimbatore Irugur ES16,641034,,coimbatore,225281991,0,7J3V2357+M6CPQQ9,2100-01-01,2026-07-29
23.375153,85.434975,49599,Super Store Ranchi Tatisilwai ES21,835215,,ranchi,224316037,0,7MM79CGM+3X93CXP,2100-01-01,2026-07-29
32.057938,75.399506,49601,Super Store Gurdaspur Hanuman Chowk ES163,143521,,gurdaspur,339920950,0,8J4Q395X+5RCF6W2,2100-01-01,2026-07-29
24.913723,79.588585,49611,Super Store Chhatarpur Mahal Road ES19,471001,,chattarpur,227643817,0,7JPXWH7Q+FCPXFJC,2100-01-01,2026-07-29
25.921032,82.00256,49613,Super Store Pratapgarh Civil lines ES25,230001,,pratapgarh,337628743,0,7MQ4W2C3+C286CJC,2100-01-01,2026-07-29
28.63462,77.30346,49683,Super Store Delhi IP Extension ES441,110018,,delhi,229702738,0,7JWVJ8M3+R9WW992,2100-01-01,2026-07-29
19.249569,72.84313,49693,Super Store Mumbai Borivali Devidas ES303,400058,,mumbai,223525546,0,7JFJ6RXV+R7CJPHV,2100-01-01,2026-07-29
13.131031,79.91367,49695,Super Store Tiruvallur Periyakuppam ES16,602001,,tiruvallur,332665403,0,7J5X4WJ7+CF782W4,2100-01-01,2026-07-29
26.913048,81.14719,49697,Super Store Lucknow Safedabad ES99,225003,,lucknow,223714189,0,7MR3W47W+6V7XP22,2100-01-01,2026-07-29
30.906511,77.10648,49699,Super Store Solan Dehu ES11,173212,,solan,224181955,0,8J2VW444+JH5F3HC,2100-01-01,2026-07-29
31.642763,74.85656,49705,Super Store Amritsar White Avenue ES164,143001,,amritsar,227552331,0,8J3PJVV4+4J3HQM4,2100-01-01,2026-07-29
10.04333,76.34981,49709,Super Store Kochi Vazhakkala ES20,682020,,kochi,222868740,0,7J2R28VX+8WM5VVX,2100-01-01,2026-07-29
11.113366,77.04346,49711,Super Store Coimbatore Karatumedu ES17,641025,,coimbatore,225281991,0,7J3V427V+89WP654,2100-01-01,2026-07-29
30.388203,77.94299,49713,Super Store Dehradun Naugaon ES38,248179,,dehradun,222029625,0,8J2V9WQV+75Q56MW,2100-01-01,2026-07-29
19.174746,72.98752,49717,Super Store Mumbai Airoli Sector 1 ES308,400099,,mumbai,223525546,0,7JFJ5XFQ+V2RPVRF,2100-01-01,2026-07-29
26.102194,87.95176,49719,Super Store Kishanganj Line Para ES69,855107,,kishanganj,229399731,0,7MR94X22+VPCMMQ3,2100-01-01,2026-07-29
25.786016,87.51281,49721,Super Store Purnia Gulab bagh ES68,854301,,purnia,227703165,0,7MQ9QGP7+C43Q5M4,2100-01-01,2026-07-29
28.292082,79.50211,49725,Super Store Bareilly Mohanpur ES7,243006,,bareilly,226514847,0,7JWX7GR2+RRQ86H3,2100-01-01,2026-07-29
24.64571,73.67433,49771,Super Store Udaipur Mewar Hospital ES14,313002,,udaipur,222452646,0,7JPMJMWF+7PP8VFM,2100-01-01,2026-07-29
22.982012,72.510864,49773,Super Store Ahmedabad Sarkhej ES99,380007,,ahmedabad,225912447,0,7JJJXGJ6+R85G825,2100-01-01,2026-07-29
23.117208,72.5988,49807,Super Store Ahmedabad TP Rd ES101,382350,,ahmedabad,225912447,0,7JMJ4H8X+VGM8P4W,2100-01-01,2026-07-29
18.612886,73.723015,49817,Super Store Pune Marunji Road ES191,412101,,pune,222422410,0,7JCMJP7F+562F3XJ,2100-01-01,2026-07-29
13.032948,80.029594,49827,Super Store Chennai Kuthambakkam ES125,600083,,chennai,226774846,0,7M5222MH+5RGXHR2,2100-01-01,2026-07-29
17.387964,78.50527,49839,Super Store Hyderabad Nallakunta ES215,500040,,hyderabad,227188707,0,7J9W9GQ4+54JHV2W,2100-01-01,2026-07-29
25.31085,74.6494,49841,Super Store Bhilwara Bapu Nagar ES38,311001,,bhilwara,228138991,0,7JQP8J6X+8QR52VW,2100-01-01,2026-07-29
17.484295,78.57455,49849,Super Store Hyderabad Kushaiguda ES216,500011,,hyderabad,227188707,0,7J9WFHMF+PR7PRPP,2100-01-01,2026-07-29
34.139942,74.82659,49967,Super Store Srinagar University of Kashmir ES22,190011,,srinagar,337400023,0,8J6P4RQG+XJHJCMH,2100-01-01,2026-07-29
21.160042,79.640495,49969,Super Store Bhandara Santaji Nagar ES52,441904,,bhandara,333846634,0,7JHX5J6R+259QG9F,2100-01-01,2026-07-29
19.113556,72.91651,49991,Super Store Mumbai Powai Kailash ES313,400004,,mumbai,223525546,0,7JFJ4W78+CJC783W,2100-01-01,2026-07-29
22.486082,88.23028,50033,Super Store Kolkata Batanagar ES238,700016,,kolkata,229248797,0,7MJCF6PJ+C4J98V6,2100-01-01,2026-07-29
30.697113,76.84359,50037,Super Store Panchkula Sector-14 ES169,140603,,panchkula,222634616,0,8J2RMRWV+RCWHG86,2100-01-01,2026-07-29
22.596807,88.40501,50155,Super Store Kolkata Saltlake ES240,700073,,kolkata,229248797,0,7MJCHCW4+P2C69RF,2100-01-01,2026-07-29
9.931268,76.30013,50243,Super Store Kochi Thevara ES21,682013,,kochi,222868740,0,6JXRW8J2+G32MJ45,2100-01-01,2026-07-29
30.13053,78.32017,50339,Super Store Rishikesh Tapovan ES5,249192,,rishikesh,227625017,0,8J2W48JC+637729H,2100-01-01,2026-07-29
12.985771,74.79687,50399,Super Store Mangalore Surathkal ES25,575006,,mangalore,226956622,0,7J4PXQPW+8P5W967,2100-01-01,2026-07-29