kind,id,name,dc_blinkit_internal_city,latitude,longitude,is_active,place_of_supply,assignment_basis,distance_km,supply_site_latitude,supply_site_longitude,pos_active_warehouse_count,pos_inactive_warehouse_count,pos_locality_count,pos_area_km2,pos_km2_per_active_warehouse,pos_area_balance
warehouse,1375846305,AHMEDABAD A2 - FEEDER WAREHOUSE,ahmedabad,22.9086,72.3062,1,ahmedabad,site,,22.9086,72.3062,1,38,118,38470,38470,stretched
warehouse,1104503077,BENGALURU B3 - FEEDER WAREHOUSE,bengaluru,12.7159,77.746,1,bengaluru,site,,12.7159,77.746,3,59,220,52882,17627,stretched
warehouse,821457531,BENGALURU B4 - FEEDER WAREHOUSE,bengaluru,13.0743,77.8171,1,bengaluru,site,,13.0743,77.8171,3,59,220,52882,17627,stretched
warehouse,200613024,BENGALURU B5 - FEEDER WAREHOUSE,bengaluru,13.082,77.7913,1,bengaluru,site,,13.082,77.7913,3,59,220,52882,17627,stretched
warehouse,2262448317,BHOPAL B1 - FEEDER WAREHOUSE,bhopal,23.2599,77.4126,1,bhopal,site,,23.2599,77.4126,1,2,28,8294,8294,proportional
warehouse,2830948912,BHUBANESWAR B1 - FEEDER WAREHOUSE,bhubaneswar,20.2765,85.7012,1,bhubaneswar,site,,20.2765,85.7012,1,1,20,5276,5276,proportional
warehouse,1375790936,CHENNAI C3 - FEEDER WAREHOUSE,chennai,13.0827,80.2707,1,chennai,site,,13.0827,80.2707,3,13,98,33883,11294,proportional
warehouse,408069458,CHENNAI C4 - FEEDER WAREHOUSE,chennai,13.0827,80.2707,1,chennai,site,,13.0827,80.2707,3,13,98,33883,11294,proportional
warehouse,2700047371,CHENNAI C5 - FEEDER WAREHOUSE,chennai,13.2073,80.0018,1,chennai,site,,13.2073,80.0018,3,13,98,33883,11294,proportional
warehouse,1590205753,COIMBATORE C1 - FEEDER WAREHOUSE,coimbatore,10.9795,77.0401,1,coimbatore,site,,10.9795,77.0401,1,9,46,40154,40154,stretched
warehouse,3740105004,DASNA D3 - FEEDER WAREHOUSE,dasna,28.6773,77.563,1,dasna,site,,28.6773,77.563,2,2,15,4511,2256,concentrated
warehouse,1173749492,DEHRADUN - FEEDER WAREHOUSE,dehradun,30.3165,78.0322,1,dehradun,site,,30.3165,78.0322,1,43,47,6372,6372,proportional
warehouse,1226675405,FARIDABAD - FEEDER WAREHOUSE,faridabad,28.4089,77.3178,1,faridabad,site,,28.4089,77.3178,1,7,53,10208,10208,proportional
warehouse,1438523129,FARUKHNAGAR - SR FEEDER WAREHOUSE,farukhnagar,28.6559,76.6882,1,farukhnagar,site,,28.6559,76.6882,2,2,27,16301,8151,proportional
warehouse,442780811,FARUKHNAGAR F2 - FEEDER WAREHOUSE,farukhnagar,28.458,76.8496,1,farukhnagar,site,,28.458,76.8496,2,2,27,16301,8151,proportional
warehouse,2286428884,GOA - FEEDER WAREHOUSE,goa,15.2993,74.124,1,goa,site,,15.2993,74.124,2,35,34,17782,8891,proportional
warehouse,262657879,GOA G2 - FEEDER WAREHOUSE,goa,15.3917,73.8791,1,goa,site,,15.3917,73.8791,2,35,34,17782,8891,proportional
warehouse,4110612487,GUWAHATI G1 - FEEDER WAREHOUSE,guwahati,26.1259,91.6907,1,guwahati,site,,26.1259,91.6907,2,2,25,6032,3016,concentrated
warehouse,2821769092,GUWAHATI G2 - FEEDER WAREHOUSE,guwahati,26.1829,91.7497,1,guwahati,site,,26.1829,91.7497,2,2,25,6032,3016,concentrated
warehouse,3768082634,HYDERABAD H3 - FEEDER WAREHOUSE,hyderabad,17.5366,78.5643,1,hyderabad,site,,17.5366,78.5643,3,100,131,39128,13042,proportional
warehouse,3984626855,HYDERABAD H4 - FEEDER WAREHOUSE,hyderabad,17.385,78.4867,1,hyderabad,site,,17.385,78.4867,3,100,131,39128,13042,proportional
warehouse,746579571,INDORE - FEEDER WAREHOUSE,indore,22.7196,75.8577,1,indore,site,,22.7196,75.8577,2,5,31,14771,7386,proportional
warehouse,1321243387,INDORE I2 - FEEDER WAREHOUSE,indore,22.7196,75.8577,1,indore,site,,22.7196,75.8577,2,5,31,14771,7386,proportional
warehouse,2313476367,JAIPUR J3 - FEEDER WAREHOUSE,jaipur,26.8108,75.7953,1,jaipur,site,,26.8108,75.7953,2,11,77,28186,14093,proportional
warehouse,3323325090,JAIPUR J4 - FEEDER WAREHOUSE,jaipur,27.032,75.7932,1,jaipur,site,,27.032,75.7932,2,11,77,28186,14093,proportional
warehouse,3763904247,KOLKATA K4 - FEEDER WAREHOUSE,kolkata,22.7337,88.4787,1,kolkata,site,,22.7337,88.4787,3,11,121,18889,6296,proportional
warehouse,3515046234,KOLKATA K5 - FEEDER WAREHOUSE,kolkata,22.4825,88.1741,1,kolkata,site,,22.4825,88.1741,3,11,121,18889,6296,proportional
warehouse,2175006782,KOLKATA K6 - FEEDER WAREHOUSE,kolkata,22.674,88.3325,1,kolkata,site,,22.674,88.3325,3,11,121,18889,6296,proportional
warehouse,3734974131,KUNDLI - FEEDER WAREHOUSE,kundli,29.0048,77.0358,1,kundli,site,,29.0048,77.0358,1,4,20,7830,7830,proportional
warehouse,1030368784,LUCKNOW L5 - FEEDER WAREHOUSE,lucknow,26.7474,80.9452,1,lucknow,site,,26.7474,80.9452,2,7,92,39582,19791,stretched
warehouse,3637017910,LUDHIANA - FEEDER WAREHOUSE,ludhiana,30.9009,75.8573,1,ludhiana,site,,30.9009,75.8573,2,2,51,38214,19107,stretched
warehouse,1408453524,LUDHIANA L2 - FEEDER WAREHOUSE,ludhiana,30.9009,75.8573,1,ludhiana,site,,30.9009,75.8573,2,2,51,38214,19107,stretched
warehouse,1136140685,MUMBAI M10 - FEEDER WAREHOUSE,mumbai,19.0513,73.1563,1,mumbai,site,,19.0513,73.1563,3,13,189,9344,3115,concentrated
warehouse,4253467288,MUMBAI M11 - FEEDER WAREHOUSE,mumbai,19.082,73.2298,1,mumbai,site,,19.082,73.2298,3,13,189,9344,3115,concentrated
warehouse,2554308920,MUMBAI M12 - FEEDER WAREHOUSE,mumbai,19.2433,73.0572,1,mumbai,site,,19.2433,73.0572,3,13,189,9344,3115,concentrated
warehouse,3880840089,NAGPUR N1 - FEEDER WAREHOUSE,nagpur,21.2912,78.7922,1,nagpur,site,,21.2912,78.7922,1,17,37,23108,23108,stretched
warehouse,1864473374,NOIDA N1 - FEEDER WAREHOUSE,noida,28.5355,77.391,1,noida,site,,28.5355,77.391,1,25,317,2527,2527,concentrated
warehouse,1622595085,PATNA P1 - FEEDER WAREHOUSE,patna,25.6331,85.1636,1,patna,site,,25.6331,85.1636,2,5,54,33224,16612,stretched
warehouse,2554612506,PATNA P2 - FEEDER WAREHOUSE,patna,25.6106,85.1866,1,patna,site,,25.6106,85.1866,2,5,54,33224,16612,stretched
warehouse,793959259,PUNE P2 - FEEDER WAREHOUSE,pune,18.5655,73.5988,1,pune,site,,18.5655,73.5988,2,24,119,19984,9992,proportional
warehouse,4270283227,PUNE P3 - FEEDER WAREHOUSE,pune,18.6714,73.7836,1,pune,site,,18.6714,73.7836,2,24,119,19984,9992,proportional
warehouse,2194420056,RAJPURA - FEEDER WAREHOUSE,rajpura,30.4977,76.596,1,rajpura,site,,30.4977,76.596,2,2,13,5000,2500,concentrated
warehouse,1888721021,RAJPURA R2 - FEEDER WAREHOUSE,rajpura,30.4977,76.596,1,rajpura,site,,30.4977,76.596,2,2,13,5000,2500,concentrated
warehouse,4085182458,RANCHI R1 - FEEDER WAREHOUSE,ranchi,23.3533,85.3112,1,ranchi,site,,23.3533,85.3112,2,6,47,32731,16365,stretched
warehouse,3125280789,RANCHI R2 - FEEDER WAREHOUSE,ranchi,23.3348,85.3125,1,ranchi,site,,23.3348,85.3125,2,6,47,32731,16365,stretched
warehouse,1942521142,SS MOHALI AJIT SINGH NAGAR PC - WAREHOUSE,mohali,30.7028,76.6985,1,mohali,site,,30.7028,76.6985,1,1,62,7121,7121,proportional
warehouse,2946725515,SUPER STORE DASNA 2 - WAREHOUSE,dasna,28.7251,77.5582,1,dasna,site,,28.7251,77.5582,2,2,15,4511,2256,concentrated
warehouse,180908068,SUPER STORE GURGAON G7 ECOM - WAREHOUSE,gurgaon,28.4595,77.0266,1,gurgaon,site,,28.4595,77.0266,1,7,87,898,898,concentrated
warehouse,3239329402,SUPER STORE HYDERABAD H2 - WAREHOUSE,hyderabad,17.385,78.4867,1,hyderabad,site,,17.385,78.4867,3,100,131,39128,13042,proportional
warehouse,3313838791,SUPER STORE LUCKNOW L4 - WAREHOUSE,lucknow,26.7875,80.9923,1,lucknow,site,,26.7875,80.9923,2,7,92,39582,19791,stretched
warehouse,2468542667,SURAT S1 - FEEDER WAREHOUSE,surat,21.1702,72.8311,1,surat,site,,21.1702,72.8311,2,7,30,10654,5327,proportional
warehouse,2868928596,SURAT S2 - FEEDER WAREHOUSE,surat,21.1702,72.8311,1,surat,site,,21.1702,72.8311,2,7,30,10654,5327,proportional
warehouse,2580011593,VARANASI V1 - FEEDER WAREHOUSE,varanasi,25.3176,82.9739,1,varanasi,site,,25.3176,82.9739,2,8,34,18808,9404,proportional
warehouse,4181953234,VARANASI V2 - FEEDER WAREHOUSE,varanasi,25.3176,82.9739,1,varanasi,site,,25.3176,82.9739,2,8,34,18808,9404,proportional
warehouse,1014910730,VIJAYAWADA - FEEDER WAREHOUSE,vijayawada,16.4977,80.6471,1,vijayawada,site,,16.4977,80.6471,1,26,22,21290,21290,stretched
warehouse,378104010,VISAKHAPATNAM V1 - FEEDER WAREHOUSE,visakhapatnam,17.7487,83.2189,1,visakhapatnam,site,,17.7487,83.2189,1,6,20,4779,4779,proportional
warehouse,76857989,RAIPUR - FEEDER WAREHOUSE,raipur,21.2514,81.6296,1,raipur,site,,21.2514,81.6296,1,24,25,11862,11862,proportional
warehouse,2934459213,SS BAREILLY CHANDRA PURAM COLONY ES6,bareilly,28.345,79.4,1,bareilly,site,,28.345,79.4,5,12,28,28118,5624,proportional
warehouse,2532950025,SS BAREILLY DELAPEER ES1,bareilly,28.3519,79.4115,1,bareilly,site,,28.3519,79.4115,5,12,28,28118,5624,proportional
warehouse,3387758142,SS BAREILLY PILIBHIT BYPASS ES4,bareilly,28.372,79.38,1,bareilly,site,,28.372,79.38,5,12,28,28118,5624,proportional
warehouse,3576189794,SS BAREILLY RAMPUR GARDEN ES3,bareilly,28.36,79.425,1,bareilly,site,,28.36,79.425,5,12,28,28118,5624,proportional
warehouse,3177504450,SS BAREILLY SAIDPUR HAWKINS ES5,bareilly,28.3406,79.3932,1,bareilly,site,,28.3406,79.3932,5,12,28,28118,5624,proportional
warehouse,2577479618,SS GANGTOK KRISHI BHAWAN ES1,gangtok,27.334,88.612,1,gangtok,site,,27.334,88.612,1,0,1,38,38,concentrated
warehouse,1382756798,SS GORAKHPUR AIIMS ES5,gorakhpur,26.8182,83.3901,1,gorakhpur,site,,26.8182,83.3901,8,8,13,11378,1422,concentrated
warehouse,159395977,SS GORAKHPUR BAUXIPUR ES1,gorakhpur,26.7485,83.3408,1,gorakhpur,site,,26.7485,83.3408,8,8,13,11378,1422,concentrated
warehouse,3448432012,SS GORAKHPUR BICCHIYA BAZAAR ES7,gorakhpur,26.761,83.3702,1,gorakhpur,site,,26.761,83.3702,8,8,13,11378,1422,concentrated
warehouse,1198257434,SS GORAKHPUR GORAKHNATH ES6,gorakhpur,26.7719,83.3584,1,gorakhpur,site,,26.7719,83.3584,8,8,13,11378,1422,concentrated
warehouse,2586256256,SS GORAKHPUR LOHIYA ENCLAVE ES9,gorakhpur,26.745,83.375,1,gorakhpur,site,,26.745,83.375,8,8,13,11378,1422,concentrated
warehouse,4170577920,SS GORAKHPUR MEDICAL ROAD ES2,gorakhpur,26.76,83.345,1,gorakhpur,site,,26.76,83.345,8,8,13,11378,1422,concentrated
warehouse,823985082,SS GORAKHPUR RAPTINAGAR ES8,gorakhpur,26.7468,83.3598,1,gorakhpur,site,,26.7468,83.3598,8,8,13,11378,1422,concentrated
warehouse,3290038129,SS GORAKHPUR TARAMANDAL ES3,gorakhpur,26.766,83.365,1,gorakhpur,site,,26.766,83.365,8,8,13,11378,1422,concentrated
warehouse,4178983790,SS JAMMU AKHNOOR ROAD ES13,jammu,32.73,74.83,1,jammu,site,,32.73,74.83,13,10,31,14483,1114,concentrated
warehouse,2380046500,SS JAMMU AMBIKA VIHAR ES11,jammu,32.7248,74.8753,1,jammu,site,,32.7248,74.8753,13,10,31,14483,1114,concentrated
warehouse,1853884774,SS JAMMU BARI BRAHMAN ES19,jammu,32.635,74.918,1,jammu,site,,32.635,74.918,13,10,31,14483,1114,concentrated
warehouse,1091122899,SS JAMMU BATHINDI ES8,jammu,32.7012,74.8655,1,jammu,site,,32.7012,74.8655,13,10,31,14483,1114,concentrated
warehouse,3545771784,SS JAMMU BC ROAD ES6,jammu,32.7065,74.8785,1,jammu,site,,32.7065,74.8785,13,10,31,14483,1114,concentrated
warehouse,525789506,SS JAMMU DIGIANA ES7,jammu,32.7156,74.861,1,jammu,site,,32.7156,74.861,13,10,31,14483,1114,concentrated
warehouse,2390734039,SS JAMMU GREATER KAILASH ES5,jammu,32.7216,74.8873,1,jammu,site,,32.7216,74.8873,13,10,31,14483,1114,concentrated
warehouse,3130792947,SS JAMMU KATRA ES16,jammu,32.98,74.93,1,jammu,site,,32.98,74.93,13,10,31,14483,1114,concentrated
warehouse,3483334736,SS JAMMU OLD SATHWARI ES10,jammu,32.7047,74.8467,1,jammu,site,,32.7047,74.8467,13,10,31,14483,1114,concentrated
warehouse,2105493062,SS JAMMU ROOPNAGAR ES2,jammu,32.709,74.893,1,jammu,site,,32.709,74.893,13,10,31,14483,1114,concentrated
warehouse,1500528426,SS JAMMU SAINIK COLONY ES12,jammu,32.7184,74.8956,1,jammu,site,,32.7184,74.8956,13,10,31,14483,1114,concentrated
warehouse,354007586,SS JAMMU SIDHRA ES14,jammu,32.71,74.89,1,jammu,site,,32.71,74.89,13,10,31,14483,1114,concentrated
warehouse,4011526003,SS JAMMU TRIKUTA NAGAR ES1,jammu,32.7266,74.857,1,jammu,site,,32.7266,74.857,13,10,31,14483,1114,concentrated
warehouse,4208144797,SS JHANSI AWAS VIKAS ES4,jhansi,25.4625,78.5665,1,jhansi,site,,25.4625,78.5665,4,15,12,12150,3038,concentrated
warehouse,3760214279,SS JHANSI BUNDELKHAND ES2,jhansi,25.47,78.53,1,jhansi,site,,25.47,78.53,4,15,12,12150,3038,concentrated
warehouse,1353751173,SS JHANSI INDRIPURI ES3,jhansi,25.448,78.558,1,jhansi,site,,25.448,78.558,4,15,12,12150,3038,concentrated
warehouse,2012904721,SS JHANSI KHUSHIPURA ES5,jhansi,25.4582,78.5412,1,jhansi,site,,25.4582,78.5412,4,15,12,12150,3038,concentrated
warehouse,3065262298,SS MANGALURU ATTAVAR ES3,mangalore,12.8698,74.8423,1,mangalore,site,,12.8698,74.8423,4,3,6,2318,579,concentrated
warehouse,656954290,SS MANGALURU DERALAKATTE ES12,mangalore,12.858,74.84,1,mangalore,site,,12.858,74.84,4,3,6,2318,579,concentrated
warehouse,2979828015,SS MANGALURU NORTH KAVOOR ES13,mangalore,12.895,74.837,1,mangalore,site,,12.895,74.837,4,3,6,2318,579,concentrated
warehouse,2060398648,SS MANGALURU NORTHERN SKY PALM ES1,mangalore,12.925,74.805,1,mangalore,site,,12.925,74.805,4,3,6,2318,579,concentrated
warehouse,2881084800,SS MANIPAL VIDYARATNA NAGAR ES1,manipal,13.346,74.787,1,manipal,site,,13.346,74.787,1,2,4,8136,8136,proportional
warehouse,129498957,SS NIZAMABAD KHALEELWADI ES1,nizamabad,18.6742,78.1016,1,nizamabad,site,,18.6742,78.1016,1,2,8,20135,20135,stretched
warehouse,1504458117,SS SILIGURI ASHRAM PARA ES181,siliguri,26.728,88.415,1,siliguri,site,,26.728,88.415,10,4,16,10303,1030,concentrated
warehouse,753338938,SS SILIGURI CHAMPASARI ES183,siliguri,26.755,88.438,1,siliguri,site,,26.755,88.438,10,4,16,10303,1030,concentrated
warehouse,1563465271,SS SILIGURI JUNCTION ES156,siliguri,26.7304,88.4216,1,siliguri,site,,26.7304,88.4216,10,4,16,10303,1030,concentrated
warehouse,749451631,SS SILIGURI JYOTI NAGAR ES206,siliguri,26.735,88.425,1,siliguri,site,,26.735,88.425,10,4,16,10303,1030,concentrated
warehouse,2584210988,SS SILIGURI NETAJI NAGAR ES197,siliguri,26.74,88.42,1,siliguri,site,,26.74,88.42,10,4,16,10303,1030,concentrated
warehouse,3647527406,SS SILIGURI PANCHNAI ES190,siliguri,26.75,88.445,1,siliguri,site,,26.75,88.445,10,4,16,10303,1030,concentrated
warehouse,2216374685,SS SILIGURI SALUGARA ES184,siliguri,26.741,88.41,1,siliguri,site,,26.741,88.41,10,4,16,10303,1030,concentrated
warehouse,3649214614,SS SILIGURI SF ROAD ES161,siliguri,26.7428,88.4345,1,siliguri,site,,26.7428,88.4345,10,4,16,10303,1030,concentrated
warehouse,2175262346,SS SILIGURI SUSHRUTA NAGAR ES196,siliguri,26.732,88.432,1,siliguri,site,,26.732,88.432,10,4,16,10303,1030,concentrated
warehouse,972180962,SS SILIGURI UTTARAYAN ES182,siliguri,26.748,88.425,1,siliguri,site,,26.748,88.425,10,4,16,10303,1030,concentrated
warehouse,1235464121,SS SRINAGAR ML ROAD ES18,srinagar,34.083,74.785,1,srinagar,site,,34.083,74.785,2,0,2,97,48,concentrated
warehouse,3661694516,SS SRINAGAR UNIVERSITY OF KASHMIR ES22,srinagar,34.127,74.837,1,srinagar,site,,34.127,74.837,2,0,2,97,48,concentrated
warehouse,2271590500,SS TRIVANDRUM KAZHAKOOTAM ES9,trivandrum,8.568,76.879,1,trivandrum,site,,8.568,76.879,6,2,8,3071,512,concentrated
warehouse,1187978290,SS TRIVANDRUM KOWDIAR ES5,trivandrum,8.5204,76.9722,1,trivandrum,site,,8.5204,76.9722,6,2,8,3071,512,concentrated
warehouse,3098520485,SS TRIVANDRUM KULATHOOR ES14,trivandrum,8.5,76.97,1,trivandrum,site,,8.5,76.97,6,2,8,3071,512,concentrated
warehouse,4212153376,SS TRIVANDRUM KUMARAPURAM ES10,trivandrum,8.506,76.947,1,trivandrum,site,,8.506,76.947,6,2,8,3071,512,concentrated
warehouse,1348665485,SS TRIVANDRUM SASTHAMANGALAM ES12,trivandrum,8.518,76.945,1,trivandrum,site,,8.518,76.945,6,2,8,3071,512,concentrated
warehouse,2241066258,SS TRIVANDRUM VAZHUTHACAUD ES7,trivandrum,8.5064,76.9536,1,trivandrum,site,,8.5064,76.9536,6,2,8,3071,512,concentrated
warehouse,3190168455,SS UDUPI UB SQUARE ES1,udupi,13.345,74.745,1,udupi,site,,13.345,74.745,1,2,1,45,45,concentrated
warehouse,2945510946,AHMEDABAD A2 - FEEDER,ahmedabad,23.0215374,72.5800568,0,ahmedabad,label,30.72,22.9086,72.3062,1,38,118,38470,38470,stretched
warehouse,1121681666,AMD IM3,ahmedabad,23.0215374,72.5800568,0,ahmedabad,label,30.72,22.9086,72.3062,1,38,118,38470,38470,stretched
warehouse,247213239,AMD TEMP2,ahmedabad,23.0215374,72.5800568,0,ahmedabad,label,30.72,22.9086,72.3062,1,38,118,38470,38470,stretched
warehouse,3915311542,BENGALURU B3,bengaluru,12.9767936,77.590082,0,bengaluru,label,24.74,13.082,77.7913,3,59,220,52882,17627,stretched
warehouse,1362634205,BENGALURU B4,bengaluru,12.9767936,77.590082,0,bengaluru,label,24.74,13.082,77.7913,3,59,220,52882,17627,stretched
warehouse,1258812324,BENGALURU B5 - FEEDER,bengaluru,12.9767936,77.590082,0,bengaluru,label,24.74,13.082,77.7913,3,59,220,52882,17627,stretched
warehouse,845130483,BHOPAL B1 - FEEDER,bhopal,23.2584857,77.401989,0,bhopal,label,1.1,23.2599,77.4126,1,2,28,8294,8294,proportional
warehouse,2531824570,BHUBANESWAR B1 - FEEDER,bhubaneswar,20.2602964,85.8394521,0,bhubaneswar,label,14.53,20.2765,85.7012,1,1,20,5276,5276,proportional
warehouse,398980501,BULK PERISHABLE - BENGALURU DODDABANALLI PC2,bengaluru,12.9767936,77.590082,0,bengaluru,label,24.74,13.082,77.7913,3,59,220,52882,17627,stretched
warehouse,352696006,BULK PERISHABLE - DELHI BUDHPUR PC2,budhpur,28.7836683,77.1385885,0,kundli,city-nearest,26.55,29.0048,77.0358,1,4,20,7830,7830,proportional
warehouse,1756425987,CC-DTS-CHITEGAON1,aurangabad (maharashtra),19.8597998,75.3114008,0,pune,city-nearest,207.8,18.6714,73.7836,2,24,119,19984,9992,proportional
warehouse,2444295502,CHENNAI C4 - FEEDER,chennai,13.0836939,80.270186,0,chennai,label,0.12,13.0827,80.2707,3,13,98,33883,11294,proportional
warehouse,2998000092,CHENNAI C5 - FEEDER,chennai,13.0836939,80.270186,0,chennai,label,0.12,13.0827,80.2707,3,13,98,33883,11294,proportional
warehouse,4135857984,CHN ECOM,chennai,13.0836939,80.270186,0,chennai,label,0.12,13.0827,80.2707,3,13,98,33883,11294,proportional
warehouse,1626565376,COIMBATORE C1 - FEEDER,coimbatore,11.0018115,76.9628425,0,coimbatore,label,8.79,10.9795,77.0401,1,9,46,40154,40154,stretched
warehouse,890385599,CP - JAMMU GREATER KAILASH (HP),jammu,32.7185614,74.8580917,0,jammu,label,0.43,32.7156,74.861,13,10,31,14483,1114,concentrated
warehouse,3195285671,CPC -  BHUJ CITY MALL (HP),bhuj,23.2472446,69.668339,0,ahmedabad,city-nearest,272.45,22.9086,72.3062,1,38,118,38470,38470,stretched
warehouse,243716087,CPC -  DEHRADUN PREM NAGAR (HP),dehradun,30.3255646,78.0436813,0,dehradun,label,1.49,30.3165,78.0322,1,43,47,6372,6372,proportional
warehouse,3306368439,CPC -  JAMMU BATHINDI (HP),jammu,32.7185614,74.8580917,0,jammu,label,0.43,32.7156,74.861,13,10,31,14483,1114,concentrated
warehouse,4242053574,CPC -  JUNAGADH SONVATIKA(HP),junagadh,21.5220416,70.4582458,0,ahmedabad,city-nearest,244.86,22.9086,72.3062,1,38,118,38470,38470,stretched
warehouse,131250504,CPC -  NAGPUR MANISH NAGAR (HP),nagpur,21.1498134,79.0820556,0,nagpur,label,33.91,21.2912,78.7922,1,17,37,23108,23108,stretched
warehouse,3237043763,CPC -  NASHIK SONAWANE (HP),nashik,20.0112475,73.7902364,0,mumbai,city-nearest,114.83,19.2433,73.0572,3,13,189,9344,3115,concentrated
warehouse,2188762894,CPC -  UDUPI UB SQUARE (HP),udupi,13.5269784,74.8731879,0,udupi,label,24.53,13.345,74.745,1,2,1,45,45,concentrated
warehouse,2248034001,CPC - AGRA DAYAL BAGH (HP),agra,27.1752554,78.0098161,0,faridabad,city-nearest,153.14,28.4089,77.3178,1,7,53,10208,10208,proportional
warehouse,458177689,CPC - AGRA INDRAPURI (HP),agra,27.1752554,78.0098161,0,faridabad,city-nearest,153.14,28.4089,77.3178,1,7,53,10208,10208,proportional
warehouse,123918303,CPC - AGRA RAM NAGAR (HP),agra,27.1752554,78.0098161,0,faridabad,city-nearest,153.14,28.4089,77.3178,1,7,53,10208,10208,proportional
warehouse,1870905915,CPC - AGRA SIKANDRA (HP),agra,27.1752554,78.0098161,0,faridabad,city-nearest,153.14,28.4089,77.3178,1,7,53,10208,10208,proportional
warehouse,850541571,CPC - AGRA UMA KUNJ ES9 (HP),agra,27.1752554,78.0098161,0,faridabad,city-nearest,153.14,28.4089,77.3178,1,7,53,10208,10208,proportional
warehouse,920297941,CPC - AHMEDABAD1 (HP),ahmedabad,23.0215374,72.5800568,0,ahmedabad,label,30.72,22.9086,72.3062,1,38,118,38470,38470,stretched
warehouse,917348218,CPC - AHMEDABAD2 (HP),ahmedabad,23.0215374,72.5800568,0,ahmedabad,label,30.72,22.9086,72.3062,1,38,118,38470,38470,stretched
warehouse,587390776,CPC - AHMEDNAGAR SAVEDI(HP),ahmednagar,19.092952,74.7493451,0,pune,city-nearest,111.9,18.6714,73.7836,2,24,119,19984,9992,proportional
warehouse,1441424494,CPC - AKOLA CIVIL LINE (HP),akola,20.7618122,77.1921157,0,nagpur,city-nearest,176.2,21.2912,78.7922,1,17,37,23108,23108,stretched
warehouse,87283739,CPC - AURANGABAD HARSOOL (HP),aurangabad (maharashtra),19.8597998,75.3114008,0,pune,city-nearest,207.8,18.6714,73.7836,2,24,119,19984,9992,proportional
warehouse,1297572755,CPC - AURANGABAD OSMANPURA (HP),aurangabad (maharashtra),19.8597998,75.3114008,0,pune,city-nearest,207.8,18.6714,73.7836,2,24,119,19984,9992,proportional
warehouse,1015501828,CPC - AURANGABAD TOWN CENTER CIDCO (HP),aurangabad (maharashtra),19.8597998,75.3114008,0,pune,city-nearest,207.8,18.6714,73.7836,2,24,119,19984,9992,proportional
warehouse,653414501,CPC - AURANGABAD TOWN CENTER CIDCO(HP),aurangabad (maharashtra),19.8597998,75.3114008,0,pune,city-nearest,207.8,18.6714,73.7836,2,24,119,19984,9992,proportional
warehouse,3778140276,CPC - AURANGABAD VIJAYANT NAGAR (HP),aurangabad (maharashtra),19.8597998,75.3114008,0,pune,city-nearest,207.8,18.6714,73.7836,2,24,119,19984,9992,proportional
warehouse,2195194978,CPC - AURANGABAD VIJAYANT NAGAR(HP),aurangabad (maharashtra),19.8597998,75.3114008,0,pune,city-nearest,207.8,18.6714,73.7836,2,24,119,19984,9992,proportional
warehouse,488495201,CPC - BAREILLY DELAPEER (HP),bareilly,28.4582345,79.4047452,0,bareilly,label,9.89,28.372,79.38,5,12,28,28118,5624,proportional
warehouse,3858851637,CPC - BAREILLY PILIBHIT BYPASS (HP),bareilly,28.4582345,79.4047452,0,bareilly,label,9.89,28.372,79.38,5,12,28,28118,5624,proportional
warehouse,836899477,CPC - BAREILLY RAMPUR GARDEN (HP),bareilly,28.4582345,79.4047452,0,bareilly,label,9.89,28.372,79.38,5,12,28,28118,5624,proportional
warehouse,1355797063,CPC - BAREILLY SAIDPUR HAWKINS (HP),bareilly,28.4582345,79.4047452,0,bareilly,label,9.89,28.372,79.38,5,12,28,28118,5624,proportional
warehouse,2410264462,CPC - BENGALURU7 (HP),bengaluru,12.9767936,77.590082,0,bengaluru,label,24.74,13.082,77.7913,3,59,220,52882,17627,stretched
warehouse,1837432240,CPC - BHUJ CITY MALL (HP),bhuj,23.2472446,69.668339,0,ahmedabad,city-nearest,272.45,22.9086,72.3062,1,38,118,38470,38470,stretched
warehouse,2686308519,CPC - BIDAR DEVI NAGAR (HP),bidar,18.0207297,77.2487204,0,nizamabad,city-nearest,115.68,18.6742,78.1016,1,2,8,20135,20135,stretched
warehouse,3255261429,CPC - BIJAPUR GURUKUL ROAD (HP),bijapur,16.814415,75.8933856,0,goa,city-nearest,253.24,15.2993,74.124,2,35,34,17782,8891,proportional
warehouse,3502443871,CPC - CHENNAI2 (HP),chennai,13.0836939,80.270186,0,chennai,label,0.12,13.0827,80.2707,3,13,98,33883,11294,proportional
warehouse,714622047,CPC - COIMBATORE SAIBABA COLONY (HP),coimbatore,11.0018115,76.9628425,0,coimbatore,label,8.79,10.9795,77.0401,1,9,46,40154,40154,stretched
warehouse,51303155,CPC - COIMBATORE1 (HP),coimbatore,11.0018115,76.9628425,0,coimbatore,label,8.79,10.9795,77.0401,1,9,46,40154,40154,stretched
warehouse,3598917106,CPC - DEHRADUN CANAL ROAD (HP),dehradun,30.3255646,78.0436813,0,dehradun,label,1.49,30.3165,78.0322,1,43,47,6372,6372,proportional
warehouse,3504234119,CPC - DEHRADUN DALANWALA (HP),dehradun,30.3255646,78.0436813,0,dehradun,label,1.49,30.3165,78.0322,1,43,47,6372,6372,proportional
warehouse,941559484,CPC - DEHRADUN GMS ROAD (HP),dehradun,30.3255646,78.0436813,0,dehradun,label,1.49,30.3165,78.0322,1,43,47,6372,6372,proportional
warehouse,4222376379,CPC - DEHRADUN RAJPUR ROAD (HP),dehradun,30.3255646,78.0436813,0,dehradun,label,1.49,30.3165,78.0322,1,43,47,6372,6372,proportional
warehouse,4168280788,CPC - DEHRADUN SARASWATI VIHAR (HP),dehradun,30.3255646,78.0436813,0,dehradun,label,1.49,30.3165,78.0322,1,43,47,6372,6372,proportional
warehouse,4102569033,CPC - DEHRADUN SHEWALA KALA (HP),dehradun,30.3255646,78.0436813,0,dehradun,label,1.49,30.3165,78.0322,1,43,47,6372,6372,proportional
warehouse,3469491435,CPC - DELHI MUNDKA (HP),delhi,28.6138954,77.2090057,0,noida,city-majority,19.79,28.5355,77.391,1,25,317,2527,2527,concentrated
warehouse,3287179890,CPC - DELHI4 (HP),delhi,28.6138954,77.2090057,0,noida,city-majority,19.79,28.5355,77.391,1,25,317,2527,2527,concentrated
warehouse,2530580850,CPC - ELURU RR PETA (HP),eluru,16.7104257,81.1153816,0,vijayawada,city-nearest,55.22,16.4977,80.6471,1,26,22,21290,21290,stretched
warehouse,2615830303,CPC - GANDHIDHAM ADIPUR (HP),gandhidham,23.0718743,70.131715,0,ahmedabad,city-nearest,223.32,22.9086,72.3062,1,38,118,38470,38470,stretched
warehouse,390938671,CPC - GANDHIDHAM GAYATRI KUNJ (HP),gandhidham,23.0718743,70.131715,0,ahmedabad,city-nearest,223.32,22.9086,72.3062,1,38,118,38470,38470,stretched
warehouse,3509894382,CPC - GOA CALANGUTE (HP),goa,15.4989946,73.8282141,0,goa,label,13.12,15.3917,73.8791,2,35,34,17782,8891,proportional
warehouse,1504239289,CPC - GOA DABOLIM (HP),goa,15.4989946,73.8282141,0,goa,label,13.12,15.3917,73.8791,2,35,34,17782,8891,proportional
warehouse,1474242967,CPC - GOA PANJIM (HP),goa,15.4989946,73.8282141,0,goa,label,13.12,15.3917,73.8791,2,35,34,17782,8891,proportional
warehouse,2914794916,CPC - GOA PORVORIM (HP),goa,15.4989946,73.8282141,0,goa,label,13.12,15.3917,73.8791,2,35,34,17782,8891,proportional
warehouse,2053487048,CPC - GOA SIOLIM (HP),goa,15.4989946,73.8282141,0,goa,label,13.12,15.3917,73.8791,2,35,34,17782,8891,proportional
warehouse,2358702940,CPC - GORAKHPUR AIIMS (HP),gorakhpur,26.6677977,83.3642334,0,gorakhpur,label,8.65,26.745,83.375,8,8,13,11378,1422,concentrated
warehouse,312230522,CPC - GORAKHPUR AIIMS(HP),gorakhpur,26.6677977,83.3642334,0,gorakhpur,label,8.65,26.745,83.375,8,8,13,11378,1422,concentrated
warehouse,2303570979,CPC - GORAKHPUR BAUXIPUR (HP),gorakhpur,26.6677977,83.3642334,0,gorakhpur,label,8.65,26.745,83.375,8,8,13,11378,1422,concentrated
warehouse,2006974172,CPC - GORAKHPUR BICCHIYA BAZAAR(HP),gorakhpur,26.6677977,83.3642334,0,gorakhpur,label,8.65,26.745,83.375,8,8,13,11378,1422,concentrated
warehouse,1495388025,CPC - GORAKHPUR GORAKHNATH (HP),gorakhpur,26.6677977,83.3642334,0,gorakhpur,label,8.65,26.745,83.375,8,8,13,11378,1422,concentrated
warehouse,4024591464,CPC - GORAKHPUR MEDICAL ROAD (HP),gorakhpur,26.6677977,83.3642334,0,gorakhpur,label,8.65,26.745,83.375,8,8,13,11378,1422,concentrated
warehouse,4152652598,CPC - GORAKHPUR RAPTINAGAR (HP),gorakhpur,26.6677977,83.3642334,0,gorakhpur,label,8.65,26.745,83.375,8,8,13,11378,1422,concentrated
warehouse,267722365,CPC - GORAKHPUR TARAMANDAL (HP),gorakhpur,26.6677977,83.3642334,0,gorakhpur,label,8.65,26.745,83.375,8,8,13,11378,1422,concentrated
warehouse,487545870,CPC - GUNTUR GORANTLA ES2 (HP),guntur,16.2915189,80.4541588,0,vijayawada,city-nearest,30.81,16.4977,80.6471,1,26,22,21290,21290,stretched
warehouse,4023556316,CPC - GURGAON (HP),gurgaon,28.4646148,77.0299194,0,gurgaon,label,0.65,28.4595,77.0266,1,7,87,898,898,concentrated
warehouse,1244957565,CPC - GURGAON1 (HP),gurgaon,28.4646148,77.0299194,0,gurgaon,label,0.65,28.4595,77.0266,1,7,87,898,898,concentrated
warehouse,1196976908,CPC - GURGAON3 (HP),gurgaon,28.4646148,77.0299194,0,gurgaon,label,0.65,28.4595,77.0266,1,7,87,898,898,concentrated
warehouse,1142346265,CPC - GUWAHATI TARUN NAGAR (HP),guwahati,26.1805978,91.753943,0,guwahati,label,0.49,26.1829,91.7497,2,2,25,6032,3016,concentrated
warehouse,3878297062,CPC - GWALIOR AIRPORT ROAD (HP),gwalior,26.2037247,78.1573628,0,jhansi,city-nearest,89.71,25.47,78.53,4,15,12,12150,3038,concentrated
warehouse,3367149194,CPC - GWALIOR GOVINDPURI (HP),gwalior,26.2037247,78.1573628,0,jhansi,city-nearest,89.71,25.47,78.53,4,15,12,12150,3038,concentrated
warehouse,3993509877,CPC - GWALIOR KAMPOO ROAD (HP),gwalior,26.2037247,78.1573628,0,jhansi,city-nearest,89.71,25.47,78.53,4,15,12,12150,3038,concentrated
warehouse,1478046072,CPC - GWALIOR KUSHAL NAGAR (HP),gwalior,26.2037247,78.1573628,0,jhansi,city-nearest,89.71,25.47,78.53,4,15,12,12150,3038,concentrated
warehouse,57489457,CPC - GWALIOR MORAR ROAD (HP),gwalior,26.2037247,78.1573628,0,jhansi,city-nearest,89.71,25.47,78.53,4,15,12,12150,3038,concentrated
warehouse,1970351336,CPC - HARIDWAR JWALAPUR ES1 (HP),haridwar,29.9384473,78.1452985,0,dehradun,city-nearest,43.42,30.3165,78.0322,1,43,47,6372,6372,proportional
warehouse,30660233,CPC - HYD3 (HP),hyderabad,17.360589,78.4740613,0,hyderabad,label,3.03,17.385,78.4867,3,100,131,39128,13042,proportional
warehouse,4268977264,CPC - INDORE1 (HP),indore,22.7203616,75.8681996,0,indore,label,1.08,22.7196,75.8577,2,5,31,14771,7386,proportional
warehouse,208831686,CPC - JABALPUR ADARSH NAGAR (HP),jabalpur,23.1701522,79.9324505,0,nagpur,city-nearest,239.63,21.2912,78.7922,1,17,37,23108,23108,stretched
warehouse,3155729651,CPC - JAMMU AMBIKA VIHAR (HP),jammu,32.7185614,74.8580917,0,jammu,label,0.43,32.7156,74.861,13,10,31,14483,1114,concentrated
warehouse,2281054448,CPC - JAMMU BATHINDI (HP),jammu,32.7185614,74.8580917,0,jammu,label,0.43,32.7156,74.861,13,10,31,14483,1114,concentrated
warehouse,1658550795,CPC - JAMMU BC ROAD (HP),jammu,32.7185614,74.8580917,0,jammu,label,0.43,32.7156,74.861,13,10,31,14483,1114,concentrated
warehouse,4029224664,CPC - JAMMU DIGIANA(HP),jammu,32.7185614,74.8580917,0,jammu,label,0.43,32.7156,74.861,13,10,31,14483,1114,concentrated
warehouse,1030787085,CPC - JAMMU OLD SATHWARI (HP),jammu,32.7185614,74.8580917,0,jammu,label,0.43,32.7156,74.861,13,10,31,14483,1114,concentrated
warehouse,250943098,CPC - JAMMU ROOPNAGAR (HP),jammu,32.7185614,74.8580917,0,jammu,label,0.43,32.7156,74.861,13,10,31,14483,1114,concentrated
warehouse,190623673,CPC - JAMMU SAINIK COLONY (HP),jammu,32.7185614,74.8580917,0,jammu,label,0.43,32.7156,74.861,13,10,31,14483,1114,concentrated
warehouse,2069122489,CPC - JAMMU TRIKUTA NAGAR (HP),jammu,32.7185614,74.8580917,0,jammu,label,0.43,32.7156,74.861,13,10,31,14483,1114,concentrated
warehouse,930090631,CPC - JAMNAGAR KHODIYAR COLONY (HP),jamnagar,22.4732415,70.0552102,0,ahmedabad,city-nearest,235.94,22.9086,72.3062,1,38,118,38470,38470,stretched
warehouse,3766000874,CPC - JAMSHEDPUR MANGO (HP),jamshedpur,22.8015194,86.2029579,0,ranchi,city-nearest,108.7,23.3348,85.3125,2,6,47,32731,16365,stretched
warehouse,2937936772,CPC - JHANSI AWAS VIKAS (HP),jhansi,25.529855,78.6527802,0,jhansi,label,11.45,25.4625,78.5665,4,15,12,12150,3038,concentrated
warehouse,574356530,CPC - JHANSI BUNDELKHAND (HP),jhansi,25.529855,78.6527802,0,jhansi,label,11.45,25.4625,78.5665,4,15,12,12150,3038,concentrated
warehouse,1105369379,CPC - JHANSI INDRIPURI (HP),jhansi,25.529855,78.6527802,0,jhansi,label,11.45,25.4625,78.5665,4,15,12,12150,3038,concentrated
warehouse,1706657368,CPC - JHANSI KHUSHIPURA (HP),jhansi,25.529855,78.6527802,0,jhansi,label,11.45,25.4625,78.5665,4,15,12,12150,3038,concentrated
warehouse,3909226797,CPC - JODHPUR RATANADA (HP),jodhpur,26.2967719,73.0351433,0,jaipur,city-nearest,280.42,26.8108,75.7953,2,11,77,28186,14093,proportional
warehouse,4050027744,CPC - JUNAGADH SONVATIKA(HP),junagadh,21.5220416,70.4582458,0,ahmedabad,city-nearest,244.86,22.9086,72.3062,1,38,118,38470,38470,stretched
warehouse,982394711,CPC - KASHIPUR TEHSIL ROAD (HP),kashipur,29.2117573,78.9617306,0,bareilly,city-nearest,101.88,28.372,79.38,5,12,28,28118,5624,proportional
warehouse,4180814166,CPC - KOCHI EDAPALLY (HP),kochi,9.9679032,76.2444378,0,coimbatore,city-nearest,142.2,10.9795,77.0401,1,9,46,40154,40154,stretched
warehouse,1745084630,CPC - KOCHI KAKKANAD (HP),kochi,9.9679032,76.2444378,0,coimbatore,city-nearest,142.2,10.9795,77.0401,1,9,46,40154,40154,stretched
warehouse,1740506040,CPC - KOCHI KALOOR (HP),kochi,9.9679032,76.2444378,0,coimbatore,city-nearest,142.2,10.9795,77.0401,1,9,46,40154,40154,stretched
warehouse,529200573,CPC - KOCHI PACHALAM (HP),kochi,9.9679032,76.2444378,0,coimbatore,city-nearest,142.2,10.9795,77.0401,1,9,46,40154,40154,stretched
warehouse,1799355908,CPC - KOCHI TRIPUNITHURA (HP),kochi,9.9679032,76.2444378,0,coimbatore,city-nearest,142.2,10.9795,77.0401,1,9,46,40154,40154,stretched
warehouse,984483909,CPC - KOLHAPUR TARABAI PARK (HP),kolhapur,16.7028412,74.2405329,0,goa,city-nearest,150.82,15.3917,73.8791,2,35,34,17782,8891,proportional
warehouse,2274974446,CPC - KOLKATA K4 (HP),kolkata,22.5726459,88.3638953,0,kolkata,label,11.72,22.674,88.3325,3,11,121,18889,6296,proportional
warehouse,2624045023,CPC - KOLKATA1 (HP),kolkata,22.5726459,88.3638953,0,kolkata,label,11.72,22.674,88.3325,3,11,121,18889,6296,proportional
warehouse,1004854143,CPC - KOLKATA2 (HP),kolkata,22.5726459,88.3638953,0,kolkata,label,11.72,22.674,88.3325,3,11,121,18889,6296,proportional
warehouse,2101049791,CPC - KOTA KUNHADI (HP),kota,25.1737019,75.8574194,0,jaipur,city-nearest,182.14,26.8108,75.7953,2,11,77,28186,14093,proportional
warehouse,147712253,CPC - KURNOOL BHAGYA NAGAR (HP),kurnool,15.8309251,78.0425373,0,hyderabad,city-nearest,179.17,17.385,78.4867,3,100,131,39128,13042,proportional
warehouse,748397891,CPC - LUCKNOW (HP),lucknow,26.8381,80.9346001,0,lucknow,label,8.03,26.7875,80.9923,2,7,92,39582,19791,stretched
warehouse,2573288299,CPC - MANGALORE ATTAVAR (HP),mangalore,12.8698101,74.8430082,0,mangalore,label,0.08,12.8698,74.8423,4,3,6,2318,579,concentrated
warehouse,1705797772,CPC - MANGALORE ATTAVAR(HP),mangalore,12.8698101,74.8430082,0,mangalore,label,0.08,12.8698,74.8423,4,3,6,2318,579,concentrated
warehouse,2598007196,CPC - MANGALURU NORTHERN SKY PALM (HP),mangalore,12.8698101,74.8430082,0,mangalore,label,0.08,12.8698,74.8423,4,3,6,2318,579,concentrated
warehouse,1849199753,CPC - MANIPAL VIDYARATNA NAGAR (HP),manipal,13.3519723,74.7870308,0,manipal,label,0.66,13.346,74.787,1,2,4,8136,8136,proportional
warehouse,3251543833,CPC - MORBI SANALA ROAD(HP),morbi,22.8003959,70.886232,0,ahmedabad,city-nearest,145.99,22.9086,72.3062,1,38,118,38470,38470,stretched
warehouse,2037543683,CPC - MUMBAI M10 (HP),mumbai,19.054999,72.8692035,0,mumbai,label,28.78,19.2433,73.0572,3,13,189,9344,3115,concentrated
warehouse,4031586112,CPC - MUMBAI1 (HP),mumbai,19.054999,72.8692035,0,mumbai,label,28.78,19.2433,73.0572,3,13,189,9344,3115,concentrated
warehouse,3820824445,CPC - MUMBAI2 (HP),mumbai,19.054999,72.8692035,0,mumbai,label,28.78,19.2433,73.0572,3,13,189,9344,3115,concentrated
warehouse,4160065061,CPC - NAGPUR DHANTOLI (HP),nagpur,21.1498134,79.0820556,0,nagpur,label,33.91,21.2912,78.7922,1,17,37,23108,23108,stretched
warehouse,206132209,CPC - NAGPUR MANKAPUR (HP),nagpur,21.1498134,79.0820556,0,nagpur,label,33.91,21.2912,78.7922,1,17,37,23108,23108,stretched
warehouse,2340710659,CPC - NAGPUR TRIMURTI NAGAR (HP),nagpur,21.1498134,79.0820556,0,nagpur,label,33.91,21.2912,78.7922,1,17,37,23108,23108,stretched
warehouse,2869326837,CPC - NANDED GOKUL NAGAR (HP),nanded,19.0942729,77.4832628,0,nizamabad,city-nearest,80.09,18.6742,78.1016,1,2,8,20135,20135,stretched
warehouse,527967578,CPC - NASHIK MUMBAI NAKA ES5 (HP),nashik,20.0112475,73.7902364,0,mumbai,city-nearest,114.83,19.2433,73.0572,3,13,189,9344,3115,concentrated
warehouse,3447217834,CPC - NASHIK SONAWANE (HP),nashik,20.0112475,73.7902364,0,mumbai,city-nearest,114.83,19.2433,73.0572,3,13,189,9344,3115,concentrated
warehouse,1493413495,CPC - NELLORE RAMALINGA PURAM (HP),nellore,14.4493717,79.9873763,0,chennai,city-nearest,138.12,13.2073,80.0018,3,13,98,33883,11294,proportional
warehouse,3561245373,CPC - NOIDA1 (HP),noida,28.5706333,77.3272147,0,noida,label,7.35,28.5355,77.391,1,25,317,2527,2527,concentrated
warehouse,3804768226,CPC - PATNA KANKARBAGH (HP),patna,25.6093239,85.1235252,0,patna,label,4.81,25.6331,85.1636,2,5,54,33224,16612,stretched
warehouse,10482981,CPC - PATNA LEKHA NAGAR (HP),patna,25.6093239,85.1235252,0,patna,label,4.81,25.6331,85.1636,2,5,54,33224,16612,stretched
warehouse,700748036,CPC - PATNA PRIYADARSHI (HP),patna,25.6093239,85.1235252,0,patna,label,4.81,25.6331,85.1636,2,5,54,33224,16612,stretched
warehouse,4226497793,CPC - PRAYAGRAJ CIVIL LINES (HP),prayagraj,25.4381302,81.8338005,0,varanasi,city-nearest,115.32,25.3176,82.9739,2,8,34,18808,9404,proportional
warehouse,2838427814,CPC - PRAYAGRAJ GEORGE TOWN ES4 (HP),prayagraj,25.4381302,81.8338005,0,varanasi,city-nearest,115.32,25.3176,82.9739,2,8,34,18808,9404,proportional
warehouse,1811555662,CPC - PRAYAGRAJ NAINI (HP),prayagraj,25.4381302,81.8338005,0,varanasi,city-nearest,115.32,25.3176,82.9739,2,8,34,18808,9404,proportional
warehouse,1818537260,CPC - PUDUCHERRY VENKATA NAGAR (HP),puducherry,11.9340568,79.8306447,0,chennai,city-nearest,136.36,13.0827,80.2707,3,13,98,33883,11294,proportional
warehouse,1818966924,CPC - PUNE1 (HP),pune,18.5213738,73.8545071,0,pune,label,18.28,18.6714,73.7836,2,24,119,19984,9992,proportional
warehouse,1536999249,CPC - RAJKOT KKV CHOWK ES4 (HP),rajkot,22.3053263,70.8028377,0,ahmedabad,city-nearest,168.27,22.9086,72.3062,1,38,118,38470,38470,stretched
warehouse,2340954561,CPC - RAJKOT NANA MAVA (HP),rajkot,22.3053263,70.8028377,0,ahmedabad,city-nearest,168.27,22.9086,72.3062,1,38,118,38470,38470,stretched
warehouse,4059589064,CPC - RAJKOT TRIKONBAUG (HP),rajkot,22.3053263,70.8028377,0,ahmedabad,city-nearest,168.27,22.9086,72.3062,1,38,118,38470,38470,stretched
warehouse,3230688682,CPC - RAJPURA1 (HP),rajpura,30.4776857,76.5937658,0,rajpura,label,2.24,30.4977,76.596,2,2,13,5000,2500,concentrated
warehouse,2727508133,CPC - RANCHI HARMU (HP),ranchi,23.3700501,85.3250387,0,ranchi,label,2.34,23.3533,85.3112,2,6,47,32731,16365,stretched
warehouse,254085496,CPC - RANCHI KANTATOLI (HP),ranchi,23.3700501,85.3250387,0,ranchi,label,2.34,23.3533,85.3112,2,6,47,32731,16365,stretched
warehouse,2652695781,CPC - RANCHI MG ROAD (HP),ranchi,23.3700501,85.3250387,0,ranchi,label,2.34,23.3533,85.3112,2,6,47,32731,16365,stretched
warehouse,40053391,CPC - ROORKEE MOJA (HP),roorkee,29.8693496,77.8902124,0,dehradun,city-nearest,51.56,30.3165,78.0322,1,43,47,6372,6372,proportional
warehouse,3391656639,CPC - SATARA POWAI NAKA (HP),satara,17.6361289,74.2982781,0,pune,city-nearest,127.06,18.5655,73.5988,2,24,119,19984,9992,proportional
warehouse,2306235680,CPC - SATARA POWAI NAKA(HP),satara,17.6361289,74.2982781,0,pune,city-nearest,127.06,18.5655,73.5988,2,24,119,19984,9992,proportional
warehouse,2298146277,CPC - SHIMOGA DURGIGUDI (HP),shimoga,13.9326093,75.574978,0,manipal,city-nearest,107.26,13.346,74.787,1,2,4,8136,8136,proportional
warehouse,3480589380,CPC - SILIGURI JUNCTION (HP),siliguri,26.7164127,88.4309916,0,siliguri,label,1.74,26.732,88.432,10,4,16,10303,1030,concentrated
warehouse,2579239618,CPC - SILIGURI SALUGARA (HP),siliguri,26.7164127,88.4309916,0,siliguri,label,1.74,26.732,88.432,10,4,16,10303,1030,concentrated
warehouse,3627194743,CPC - SILIGURI SF ROAD (HP),siliguri,26.7164127,88.4309916,0,siliguri,label,1.74,26.732,88.432,10,4,16,10303,1030,concentrated
warehouse,264332615,CPC - SILIGURI UTTARAYAN (HP),siliguri,26.7164127,88.4309916,0,siliguri,label,1.74,26.732,88.432,10,4,16,10303,1030,concentrated
warehouse,904205899,CPC - SOLAPUR KARNIK NAGAR (HP),solapur,17.8499067,75.2763203,0,pune,city-nearest,182.18,18.6714,73.7836,2,24,119,19984,9992,proportional
warehouse,4069772300,CPC - SOLAPUR KONARK NAGAR(HP),solapur,17.8499067,75.2763203,0,pune,city-nearest,182.18,18.6714,73.7836,2,24,119,19984,9992,proportional
warehouse,1108174502,CPC - SOLAPUR MURARJI PETH (HP),solapur,17.8499067,75.2763203,0,pune,city-nearest,182.18,18.6714,73.7836,2,24,119,19984,9992,proportional
warehouse,3667536537,CPC - SOLAPUR MURARJI PETH(HP),solapur,17.8499067,75.2763203,0,pune,city-nearest,182.18,18.6714,73.7836,2,24,119,19984,9992,proportional
warehouse,2879947424,CPC - SURAT ATHWA GATE (HP),surat,21.2094892,72.8317058,0,surat,label,4.37,21.1702,72.8311,2,7,30,10654,5327,proportional
warehouse,3960413759,CPC - SURAT BHIMRAD (HP),surat,21.2094892,72.8317058,0,surat,label,4.37,21.1702,72.8311,2,7,30,10654,5327,proportional
warehouse,3247671763,CPC - SURAT DAHIN NAGAR (HP),surat,21.2094892,72.8317058,0,surat,label,4.37,21.1702,72.8311,2,7,30,10654,5327,proportional
warehouse,2883352459,CPC - SURAT PANKAJ NAGAR (HP),surat,21.2094892,72.8317058,0,surat,label,4.37,21.1702,72.8311,2,7,30,10654,5327,proportional
warehouse,2114442033,CPC - SURAT VESU (HP),surat,21.2094892,72.8317058,0,surat,label,4.37,21.1702,72.8311,2,7,30,10654,5327,proportional
warehouse,2661193276,CPC - SURAT1 (HP),surat,21.2094892,72.8317058,0,surat,label,4.37,21.1702,72.8311,2,7,30,10654,5327,proportional
warehouse,1508282682,CPC - TCIGURGAON1 (HP),gurgaon,28.4646148,77.0299194,0,gurgaon,label,0.65,28.4595,77.0266,1,7,87,898,898,concentrated
warehouse,936017098,CPC - TIRUPATI TATA NAGAR (HP),tirupati,13.6316368,79.4231711,0,chennai,city-nearest,78.38,13.2073,80.0018,3,13,98,33883,11294,proportional
warehouse,1009859298,CPC - TIRUPATI TUMMALAGUNTA (HP),tirupati,13.6316368,79.4231711,0,chennai,city-nearest,78.38,13.2073,80.0018,3,13,98,33883,11294,proportional
warehouse,2195427271,CPC - TRIVANDRUM KOWDIAR (HP),trivandrum,8.4882267,76.947551,0,trivandrum,label,1.98,8.506,76.947,6,2,8,3071,512,concentrated
warehouse,3544393443,CPC - TRIVANDRUM VAZHUTHACAUD (HP),trivandrum,8.4882267,76.947551,0,trivandrum,label,1.98,8.506,76.947,6,2,8,3071,512,concentrated
warehouse,1480554588,CPC - UDAIPUR BHUWANA (HP),udaipur,24.578721,73.6862571,0,ahmedabad,city-nearest,232.84,22.9086,72.3062,1,38,118,38470,38470,stretched
warehouse,3550461963,CPC - UDAIPUR GANPATI NAGAR ES4 (HP),udaipur,24.578721,73.6862571,0,ahmedabad,city-nearest,232.84,22.9086,72.3062,1,38,118,38470,38470,stretched
warehouse,3553841073,CPC - UDAIPUR GORDHAN VILAS (HP),udaipur,24.578721,73.6862571,0,ahmedabad,city-nearest,232.84,22.9086,72.3062,1,38,118,38470,38470,stretched
warehouse,3972482983,CPC - UDAIPUR HIRAN MAGRI ES2 (HP),udaipur,24.578721,73.6862571,0,ahmedabad,city-nearest,232.84,22.9086,72.3062,1,38,118,38470,38470,stretched
warehouse,2067153063,CPC - UDAIPUR MALLA TALAI (HP),udaipur,24.578721,73.6862571,0,ahmedabad,city-nearest,232.84,22.9086,72.3062,1,38,118,38470,38470,stretched
warehouse,2922910398,CPC - UDAIPUR PRATAP NAGAR (HP),udaipur,24.578721,73.6862571,0,ahmedabad,city-nearest,232.84,22.9086,72.3062,1,38,118,38470,38470,stretched
warehouse,3043286405,CPC - UDUPI UB SQUARE (HP),udupi,13.5269784,74.8731879,0,udupi,label,24.53,13.345,74.745,1,2,1,45,45,concentrated
warehouse,1408662313,CPC - VARANASI RANIPUR (HP),varanasi,25.3356491,83.0076292,0,varanasi,label,3.94,25.3176,82.9739,2,8,34,18808,9404,proportional
warehouse,3590855514,CPC - VARANASI SHIVPUR BYPASS (HP),varanasi,25.3356491,83.0076292,0,varanasi,label,3.94,25.3176,82.9739,2,8,34,18808,9404,proportional
warehouse,202765145,CPC - VELLORE THOTTAPALAYAM (HP),vellore,12.9021849,79.061104,0,chennai,city-nearest,107.4,13.2073,80.0018,3,13,98,33883,11294,proportional
warehouse,2373485664,CPC - VELLORE VIT (HP),vellore,12.9021849,79.061104,0,chennai,city-nearest,107.4,13.2073,80.0018,3,13,98,33883,11294,proportional
warehouse,2705191005,CPC - VIJAYAWADA BENZCIRCLE (HP),vijayawada,16.5115306,80.6160469,0,vijayawada,label,3.65,16.4977,80.6471,1,26,22,21290,21290,stretched
warehouse,255901260,CPC - VIJAYAWADA CURRENCY NAGAR ES2 (HP),vijayawada,16.5115306,80.6160469,0,vijayawada,label,3.65,16.4977,80.6471,1,26,22,21290,21290,stretched
warehouse,1309445784,CPC - VIJAYAWADA GOVERNERPET (HP),vijayawada,16.5115306,80.6160469,0,vijayawada,label,3.65,16.4977,80.6471,1,26,22,21290,21290,stretched
warehouse,3472574604,CPC - VIJAYAWADA KANURU (HP),vijayawada,16.5115306,80.6160469,0,vijayawada,label,3.65,16.4977,80.6471,1,26,22,21290,21290,stretched
warehouse,1820321930,CPC - VIJAYAWADA TADEPALLI (HP),vijayawada,16.5115306,80.6160469,0,vijayawada,label,3.65,16.4977,80.6471,1,26,22,21290,21290,stretched
warehouse,51550205,CPC - VISAKHAPATNAM AKKAYYAPALEM (HP),visakhapatnam,17.6935526,83.2921297,0,visakhapatnam,label,9.89,17.7487,83.2189,1,6,20,4779,4779,proportional
warehouse,453374534,CPC - VISAKHAPATNAM RAM NAGAR (HP),visakhapatnam,17.6935526,83.2921297,0,visakhapatnam,label,9.89,17.7487,83.2189,1,6,20,4779,4779,proportional
warehouse,2131522153,CPC - VISHAKHAPATNAM PARVATHI NAGAR (HP),visakhapatnam,17.6935526,83.2921297,0,visakhapatnam,label,9.89,17.7487,83.2189,1,6,20,4779,4779,proportional
warehouse,3463214036,CPC - VISHAKHAPATNAM SEETHAMMADARA (HP),visakhapatnam,17.6935526,83.2921297,0,visakhapatnam,label,9.89,17.7487,83.2189,1,6,20,4779,4779,proportional
warehouse,3182964274,CPC GOA MARGAON (HP),goa,15.4989946,73.8282141,0,goa,label,13.12,15.3917,73.8791,2,35,34,17782,8891,proportional
warehouse,1800982446,CPC- GOA PANJIM (HP),goa,15.4989946,73.8282141,0,goa,label,13.12,15.3917,73.8791,2,35,34,17782,8891,proportional
warehouse,2800219482,CPC- RANCHI1 (HP),ranchi,23.3700501,85.3250387,0,ranchi,label,2.34,23.3533,85.3112,2,6,47,32731,16365,stretched
warehouse,2602435558,CPC- VARANASI2,varanasi,25.3356491,83.0076292,0,varanasi,label,3.94,25.3176,82.9739,2,8,34,18808,9404,proportional
warehouse,687606209,CPC-AGRA2,agra,27.1752554,78.0098161,0,faridabad,city-nearest,153.14,28.4089,77.3178,1,7,53,10208,10208,proportional
warehouse,1235693643,CPC-BHOPAL1-FRZ (HP),bhopal,23.2584857,77.401989,0,bhopal,label,1.1,23.2599,77.4126,1,2,28,8294,8294,proportional
warehouse,1148271142,CPC-BLR8-FRZ(HP),bengaluru,12.9767936,77.590082,0,bengaluru,label,24.74,13.082,77.7913,3,59,220,52882,17627,stretched
warehouse,505435441,CPC-BLR9,bengaluru,12.9767936,77.590082,0,bengaluru,label,24.74,13.082,77.7913,3,59,220,52882,17627,stretched
warehouse,1968678314,CPC-CHN1-FRZ (HP),chennai,13.0836939,80.270186,0,chennai,label,0.12,13.0827,80.2707,3,13,98,33883,11294,proportional
warehouse,3785829075,CPC-CHN3,chennai,13.0836939,80.270186,0,chennai,label,0.12,13.0827,80.2707,3,13,98,33883,11294,proportional
warehouse,3210180698,CPC-DDN1,dehradun,30.3255646,78.0436813,0,dehradun,label,1.49,30.3165,78.0322,1,43,47,6372,6372,proportional
warehouse,1955736252,CPC-DEL5,delhi,28.6138954,77.2090057,0,noida,city-majority,19.79,28.5355,77.391,1,25,317,2527,2527,concentrated
warehouse,3856390969,CPC-DHD1-FRZ (HP),dehradun,30.3255646,78.0436813,0,dehradun,label,1.49,30.3165,78.0322,1,43,47,6372,6372,proportional
warehouse,4104075980,CPC-GGN4,gurgaon,28.4646148,77.0299194,0,gurgaon,label,0.65,28.4595,77.0266,1,7,87,898,898,concentrated
warehouse,39956985,CPC-GOA2-FRZ (HP),goa,15.4989946,73.8282141,0,goa,label,13.12,15.3917,73.8791,2,35,34,17782,8891,proportional
warehouse,3528027580,CPC-GUNTUR1,guntur,16.2915189,80.4541588,0,vijayawada,city-nearest,30.81,16.4977,80.6471,1,26,22,21290,21290,stretched
warehouse,4031561707,CPC-GWH1(HP),guwahati,26.1805978,91.753943,0,guwahati,label,0.49,26.1829,91.7497,2,2,25,6032,3016,concentrated
warehouse,1535528891,CPC-INDORE2(HP),indore,22.7203616,75.8681996,0,indore,label,1.08,22.7196,75.8577,2,5,31,14771,7386,proportional
warehouse,2579868125,CPC-INDORE2-FRZ(HP),indore,22.7203616,75.8681996,0,indore,label,1.08,22.7196,75.8577,2,5,31,14771,7386,proportional
warehouse,1761236142,CPC-JAI1-FRZ (HP),jaipur,26.9154576,75.8189817,0,jaipur,label,11.87,26.8108,75.7953,2,11,77,28186,14093,proportional
warehouse,2574678153,CPC-KOCHI1,kochi,9.9679032,76.2444378,0,coimbatore,city-nearest,142.2,10.9795,77.0401,1,9,46,40154,40154,stretched
warehouse,394537559,CPC-KOL2,kolkata,22.5726459,88.3638953,0,kolkata,label,11.72,22.674,88.3325,3,11,121,18889,6296,proportional
warehouse,2747646667,CPC-KOL2-FRZ(HP),kolkata,22.5726459,88.3638953,0,kolkata,label,11.72,22.674,88.3325,3,11,121,18889,6296,proportional
warehouse,1454770575,CPC-LDH1 (HP),ludhiana,30.9090157,75.851601,0,ludhiana,label,1.05,30.9009,75.8573,2,2,51,38214,19107,stretched
warehouse,2420729677,CPC-MUM4,mumbai,19.054999,72.8692035,0,mumbai,label,28.78,19.2433,73.0572,3,13,189,9344,3115,concentrated
warehouse,3811000144,CPC-MUM5,mumbai,19.054999,72.8692035,0,mumbai,label,28.78,19.2433,73.0572,3,13,189,9344,3115,concentrated
warehouse,3171329509,CPC-NAGPUR2(HP),nagpur,21.1498134,79.0820556,0,nagpur,label,33.91,21.2912,78.7922,1,17,37,23108,23108,stretched
warehouse,4149329591,CPC-NOIDA2,noida,28.5706333,77.3272147,0,noida,label,7.35,28.5355,77.391,1,25,317,2527,2527,concentrated
warehouse,3946042519,CPC-NOIDA2-FRZ(HP),noida,28.5706333,77.3272147,0,noida,label,7.35,28.5355,77.391,1,25,317,2527,2527,concentrated
warehouse,162291827,CPC-PATNA2-FRZ (HP),patna,25.6093239,85.1235252,0,patna,label,4.81,25.6331,85.1636,2,5,54,33224,16612,stretched
warehouse,4003004066,CPC-PUNE3,pune,18.5213738,73.8545071,0,pune,label,18.28,18.6714,73.7836,2,24,119,19984,9992,proportional
warehouse,1680533462,CPC-PUNE3-FRZ(HP),pune,18.5213738,73.8545071,0,pune,label,18.28,18.6714,73.7836,2,24,119,19984,9992,proportional
warehouse,1074847202,CPC-RAIPUR1-FRZ (HP),raipur,21.2380912,81.6336993,0,raipur,label,1.54,21.2514,81.6296,1,24,25,11862,11862,proportional
warehouse,1161391505,CPC-VGA1,vijayawada,16.5115306,80.6160469,0,vijayawada,label,3.65,16.4977,80.6471,1,26,22,21290,21290,stretched
warehouse,285262109,CPC-VIJAY1-FRZ (HP),vijayawada,16.5115306,80.6160469,0,vijayawada,label,3.65,16.4977,80.6471,1,26,22,21290,21290,stretched
warehouse,2287036047,CPC-VTZ1(HP),visakhapatnam,17.6935526,83.2921297,0,visakhapatnam,label,9.89,17.7487,83.2189,1,6,20,4779,4779,proportional
warehouse,1083632309,DASNA 2,dasna,28.693684,77.5446152,0,dasna,label,2.56,28.6773,77.563,2,2,15,4511,2256,concentrated
warehouse,2976067788,DASNA D3 - FEEDER,dasna,28.693684,77.5446152,0,dasna,label,2.56,28.6773,77.563,2,2,15,4511,2256,concentrated
warehouse,2294365551,DEHRADUN - FEEDER,dehradun,30.3255646,78.0436813,0,dehradun,label,1.49,30.3165,78.0322,1,43,47,6372,6372,proportional
warehouse,3091404590,FARIDABAD - FEEDER,faridabad,28.4031478,77.3105561,0,faridabad,label,0.95,28.4089,77.3178,1,7,53,10208,10208,proportional
warehouse,4140520140,FARUKHNAGAR - SR,farukhnagar,28.467225,76.8253658,0,farukhnagar,label,2.58,28.458,76.8496,2,2,27,16301,8151,proportional
warehouse,573720551,FARUKHNAGAR F2 - FEEDER,farukhnagar,28.467225,76.8253658,0,farukhnagar,label,2.58,28.458,76.8496,2,2,27,16301,8151,proportional
warehouse,1159558156,GOA G2 - FEEDER,goa,15.4989946,73.8282141,0,goa,label,13.12,15.3917,73.8791,2,35,34,17782,8891,proportional
warehouse,2639869530,GURGAON G7 ECOM,gurgaon,28.4646148,77.0299194,0,gurgaon,label,0.65,28.4595,77.0266,1,7,87,898,898,concentrated
warehouse,2813879263,HYDERABAD H2,hyderabad,17.360589,78.4740613,0,hyderabad,label,3.03,17.385,78.4867,3,100,131,39128,13042,proportional
warehouse,3274076813,HYDERABAD H3 - FEEDER,hyderabad,17.360589,78.4740613,0,hyderabad,label,3.03,17.385,78.4867,3,100,131,39128,13042,proportional
warehouse,3391159174,INDORE - FEEDER,indore,22.7203616,75.8681996,0,indore,label,1.08,22.7196,75.8577,2,5,31,14771,7386,proportional
warehouse,2148013973,INDORE I2,indore,22.7203616,75.8681996,0,indore,label,1.08,22.7196,75.8577,2,5,31,14771,7386,proportional
warehouse,1444001233,JAIPUR J2,jaipur,26.9154576,75.8189817,0,jaipur,label,11.87,26.8108,75.7953,2,11,77,28186,14093,proportional
warehouse,780051623,JAIPUR J3 - FEEDER,jaipur,26.9154576,75.8189817,0,jaipur,label,11.87,26.8108,75.7953,2,11,77,28186,14093,proportional
warehouse,4194430387,KOL-COLD-MH-SANKRAIL,kolkata,22.5726459,88.3638953,0,kolkata,label,11.72,22.674,88.3325,3,11,121,18889,6296,proportional
warehouse,408133798,KOLKATA K4 - FEEDER,kolkata,22.5726459,88.3638953,0,kolkata,label,11.72,22.674,88.3325,3,11,121,18889,6296,proportional
warehouse,748706577,KOLKATA TARATALA DIWALI - FEEDER WAREHOUSE,kolkata,22.5726459,88.3638953,0,kolkata,label,11.72,22.674,88.3325,3,11,121,18889,6296,proportional
warehouse,373681047,KTPL_BLR-COLD-FMCG-MH-NELAMANGLA,bengaluru,12.9767936,77.590082,0,bengaluru,label,24.74,13.082,77.7913,3,59,220,52882,17627,stretched
warehouse,814041851,KTPL_HYD-COLD-MH-RAJABOLLARAM,hyderabad,17.360589,78.4740613,0,hyderabad,label,3.03,17.385,78.4867,3,100,131,39128,13042,proportional
warehouse,3577355433,KTPL_JAI_COLD_FMCG-MH-MUHANA MANDI,jaipur,26.9154576,75.8189817,0,jaipur,label,11.87,26.8108,75.7953,2,11,77,28186,14093,proportional
warehouse,2654524305,KTPL_PUN-COLD-FMCG-MH-PERNE,pune,18.5213738,73.8545071,0,pune,label,18.28,18.6714,73.7836,2,24,119,19984,9992,proportional
warehouse,1894821174,KUNDLI FEEDER,kundli,28.8696747,77.1198167,0,kundli,label,17.11,29.0048,77.0358,1,4,20,7830,7830,proportional
warehouse,2855344857,LKO IM3,lucknow,26.8381,80.9346001,0,lucknow,label,8.03,26.7875,80.9923,2,7,92,39582,19791,stretched
warehouse,1065749710,LUCKNOW L4,lucknow,26.8381,80.9346001,0,lucknow,label,8.03,26.7875,80.9923,2,7,92,39582,19791,stretched
warehouse,3904581242,LUCKNOW L5 - FEEDER,lucknow,26.8381,80.9346001,0,lucknow,label,8.03,26.7875,80.9923,2,7,92,39582,19791,stretched
warehouse,1646844671,LUDHIANA L2 - FEEDER,ludhiana,30.9090157,75.851601,0,ludhiana,label,1.05,30.9009,75.8573,2,2,51,38214,19107,stretched
warehouse,771863157,M9 MUMBAI,mumbai,19.054999,72.8692035,0,mumbai,label,28.78,19.2433,73.0572,3,13,189,9344,3115,concentrated
warehouse,2394569039,MEOWMEOW,pune,18.5213738,73.8545071,0,pune,label,18.28,18.6714,73.7836,2,24,119,19984,9992,proportional
warehouse,2977860909,MUMBAI M10 - FEEDER,mumbai,19.054999,72.8692035,0,mumbai,label,28.78,19.2433,73.0572,3,13,189,9344,3115,concentrated
warehouse,2912180986,MUMBAI M11 - FEEDER,mumbai,19.054999,72.8692035,0,mumbai,label,28.78,19.2433,73.0572,3,13,189,9344,3115,concentrated
warehouse,1655977232,MUMBAI M9 ECOM - FEEDER WAREHOUSE,mumbai,19.054999,72.8692035,0,mumbai,label,28.78,19.2433,73.0572,3,13,189,9344,3115,concentrated
warehouse,1016551808,NAGPUR N1 - FEEDER,nagpur,21.1498134,79.0820556,0,nagpur,label,33.91,21.2912,78.7922,1,17,37,23108,23108,stretched
warehouse,2595485337,NOIDA N1 - FEEDER,noida,28.5706333,77.3272147,0,noida,label,7.35,28.5355,77.391,1,25,317,2527,2527,concentrated
warehouse,2701767818,PATNA P1 - FEEDER,patna,25.6093239,85.1235252,0,patna,label,4.81,25.6331,85.1636,2,5,54,33224,16612,stretched
warehouse,3840471520,PUNE P2 - FEEDER,pune,18.5213738,73.8545071,0,pune,label,18.28,18.6714,73.7836,2,24,119,19984,9992,proportional
warehouse,1858454936,RAJPURA - FEEDER,rajpura,30.4776857,76.5937658,0,rajpura,label,2.24,30.4977,76.596,2,2,13,5000,2500,concentrated
warehouse,3481752117,RANCHI R1 - FEEDER,ranchi,23.3700501,85.3250387,0,ranchi,label,2.34,23.3533,85.3112,2,6,47,32731,16365,stretched
warehouse,3817798788,SAS-COLD-FMCG-MH-DERA BASSI,sas nagar,30.6908804,76.7114879,0,mohali,city-nearest,1.82,30.7028,76.6985,1,1,62,7121,7121,proportional
warehouse,2856731917,SS AHMEDABAD CHANGODAR PC  - WAREHOUSE,ahmedabad,23.0215374,72.5800568,0,ahmedabad,label,30.72,22.9086,72.3062,1,38,118,38470,38470,stretched
warehouse,792063410,SS AHMEDABAD CHANGODAR PC - WAREHOUSE,ahmedabad,23.0215374,72.5800568,0,ahmedabad,label,30.72,22.9086,72.3062,1,38,118,38470,38470,stretched
warehouse,44853842,SS BALLARI BHAGAT SINGH NAGAR ES6,ballari,15.3483166,76.8054883,0,bengaluru,city-nearest,273.49,13.082,77.7913,3,59,220,52882,17627,stretched
warehouse,4183752329,SS BALLARI COWL BAZAR ES18,ballari,15.3483166,76.8054883,0,bengaluru,city-nearest,273.49,13.082,77.7913,3,59,220,52882,17627,stretched
warehouse,4147899206,SS BELGAUM AZAM NAGAR ES2,belgaum,16.1587846,74.888862,0,goa,city-nearest,125.84,15.2993,74.124,2,35,34,17782,8891,proportional
warehouse,1069512641,SS BELGAUM TILAKWADI ES1,belgaum,16.1587846,74.888862,0,goa,city-nearest,125.84,15.2993,74.124,2,35,34,17782,8891,proportional
warehouse,3161285675,SS BENGALURU ADARSH PALM ES145,bengaluru,12.9767936,77.590082,0,bengaluru,label,24.74,13.082,77.7913,3,59,220,52882,17627,stretched
warehouse,2027978361,SS BENGALURU AGARA VILLAGE ES158,bengaluru,12.9767936,77.590082,0,bengaluru,label,24.74,13.082,77.7913,3,59,220,52882,17627,stretched
warehouse,291974507,SS BENGALURU BAGALUR ES100,bengaluru,12.9767936,77.590082,0,bengaluru,label,24.74,13.082,77.7913,3,59,220,52882,17627,stretched
warehouse,808944927,SS BENGALURU BANASHANKARI ES113,bengaluru,12.9767936,77.590082,0,bengaluru,label,24.74,13.082,77.7913,3,59,220,52882,17627,stretched
warehouse,1360223449,SS BENGALURU BELLANDUR 2 ES34,bengaluru,12.9767936,77.590082,0,bengaluru,label,24.74,13.082,77.7913,3,59,220,52882,17627,stretched
warehouse,402106968,SS BENGALURU BHOOPASANDRA ES236,bengaluru,12.9767936,77.590082,0,bengaluru,label,24.74,13.082,77.7913,3,59,220,52882,17627,stretched
warehouse,3960710087,SS BENGALURU BOMMANAHALLI ES129,bengaluru,12.9767936,77.590082,0,bengaluru,label,24.74,13.082,77.7913,3,59,220,52882,17627,stretched
warehouse,3344021740,SS BENGALURU BROOKEFIELD AECS LAYOUT ES202,bengaluru,12.9767936,77.590082,0,bengaluru,label,24.74,13.082,77.7913,3,59,220,52882,17627,stretched
warehouse,2320342786,SS BENGALURU F&V CPC 3 HP - WAREHOUSE,bengaluru,12.9767936,77.590082,0,bengaluru,label,24.74,13.082,77.7913,3,59,220,52882,17627,stretched
warehouse,150900325,SS BENGALURU FISHERMAN'S WARF HARALUR ES170,bengaluru,12.9767936,77.590082,0,bengaluru,label,24.74,13.082,77.7913,3,59,220,52882,17627,stretched
warehouse,363262420,SS BENGALURU FRAZER TOWN ES43,bengaluru,12.9767936,77.590082,0,bengaluru,label,24.74,13.082,77.7913,3,59,220,52882,17627,stretched
warehouse,1536415303,SS BENGALURU GUNJUR ES111,bengaluru,12.9767936,77.590082,0,bengaluru,label,24.74,13.082,77.7913,3,59,220,52882,17627,stretched
warehouse,970995743,SS BENGALURU HEROHALLI BYADARAHALLI ES240,bengaluru,12.9767936,77.590082,0,bengaluru,label,24.74,13.082,77.7913,3,59,220,52882,17627,stretched
warehouse,2092269511,SS BENGALURU HOODI 2 ES109,bengaluru,12.9767936,77.590082,0,bengaluru,label,24.74,13.082,77.7913,3,59,220,52882,17627,stretched
warehouse,29073884,SS BENGALURU HOSA ROAD 2 ES52,bengaluru,12.9767936,77.590082,0,bengaluru,label,24.74,13.082,77.7913,3,59,220,52882,17627,stretched
warehouse,3484125993,SS BENGALURU HOSA ROAD ES37,bengaluru,12.9767936,77.590082,0,bengaluru,label,24.74,13.082,77.7913,3,59,220,52882,17627,stretched
warehouse,2513812584,SS BENGALURU HOSUR ROAD ES126,bengaluru,12.9767936,77.590082,0,bengaluru,label,24.74,13.082,77.7913,3,59,220,52882,17627,stretched
warehouse,3794597002,SS BENGALURU HSR SECTOR 2 ES179,bengaluru,12.9767936,77.590082,0,bengaluru,label,24.74,13.082,77.7913,3,59,220,52882,17627,stretched
warehouse,3096760834,SS BENGALURU JP NAGAR 8TH PHASE ES56,bengaluru,12.9767936,77.590082,0,bengaluru,label,24.74,13.082,77.7913,3,59,220,52882,17627,stretched
warehouse,2683609055,SS BENGALURU KADUBEESANAHALLI ES50,bengaluru,12.9767936,77.590082,0,bengaluru,label,24.74,13.082,77.7913,3,59,220,52882,17627,stretched
warehouse,3451341028,SS BENGALURU KORAMANGALA EXTN ES160,bengaluru,12.9767936,77.590082,0,bengaluru,label,24.74,13.082,77.7913,3,59,220,52882,17627,stretched
warehouse,647942424,SS BENGALURU KR PURAM ES118,bengaluru,12.9767936,77.590082,0,bengaluru,label,24.74,13.082,77.7913,3,59,220,52882,17627,stretched
warehouse,4147362916,SS BENGALURU LBS NAGAR ES136,bengaluru,12.9767936,77.590082,0,bengaluru,label,24.74,13.082,77.7913,3,59,220,52882,17627,stretched
warehouse,4186815281,SS BENGALURU MADIWALA 8TH CROSS ES156,bengaluru,12.9767936,77.590082,0,bengaluru,label,24.74,13.082,77.7913,3,59,220,52882,17627,stretched
warehouse,2853092318,SS BENGALURU MADIWALA ES102,bengaluru,12.9767936,77.590082,0,bengaluru,label,24.74,13.082,77.7913,3,59,220,52882,17627,stretched
warehouse,981096890,SS BENGALURU MAGADI ROAD ES114,bengaluru,12.9767936,77.590082,0,bengaluru,label,24.74,13.082,77.7913,3,59,220,52882,17627,stretched
warehouse,1146163882,SS BENGALURU MALLESHPALAYA ES217,bengaluru,12.9767936,77.590082,0,bengaluru,label,24.74,13.082,77.7913,3,59,220,52882,17627,stretched
warehouse,1602135336,SS BENGALURU MANIPAL COUNTY 2 ES152,bengaluru,12.9767936,77.590082,0,bengaluru,label,24.74,13.082,77.7913,3,59,220,52882,17627,stretched
warehouse,3297001140,SS BENGALURU MARATHAHALLI 14TH CROSS ES135,bengaluru,12.9767936,77.590082,0,bengaluru,label,24.74,13.082,77.7913,3,59,220,52882,17627,stretched
warehouse,2145579198,SS BENGALURU MATHIKERE ES140,bengaluru,12.9767936,77.590082,0,bengaluru,label,24.74,13.082,77.7913,3,59,220,52882,17627,stretched
warehouse,3141570243,SS BENGALURU NEW AMRUTHALLI ES99,bengaluru,12.9767936,77.590082,0,bengaluru,label,24.74,13.082,77.7913,3,59,220,52882,17627,stretched
warehouse,3114027505,SS BENGALURU NORTHRIDGE THANISANDRA ES183,bengaluru,12.9767936,77.590082,0,bengaluru,label,24.74,13.082,77.7913,3,59,220,52882,17627,stretched
warehouse,1208340406,SS BENGALURU RASHAD NAGAR ES194,bengaluru,12.9767936,77.590082,0,bengaluru,label,24.74,13.082,77.7913,3,59,220,52882,17627,stretched
warehouse,1858256046,SS BENGALURU RR NAGAR ES104,bengaluru,12.9767936,77.590082,0,bengaluru,label,24.74,13.082,77.7913,3,59,220,52882,17627,stretched
warehouse,2189506745,SS BENGALURU RT NAGAR ES177,bengaluru,12.9767936,77.590082,0,bengaluru,label,24.74,13.082,77.7913,3,59,220,52882,17627,stretched
warehouse,2108922349,SS BENGALURU SIDDAPURA ES123,bengaluru,12.9767936,77.590082,0,bengaluru,label,24.74,13.082,77.7913,3,59,220,52882,17627,stretched
warehouse,2428869129,SS BENGALURU SILVER SPRINGS LAYOUT ES139,bengaluru,12.9767936,77.590082,0,bengaluru,label,24.74,13.082,77.7913,3,59,220,52882,17627,stretched
warehouse,1689919289,SS BENGALURU SOBHA OASIS ES120,bengaluru,12.9767936,77.590082,0,bengaluru,label,24.74,13.082,77.7913,3,59,220,52882,17627,stretched
warehouse,3611735984,SS BENGALURU TUBRAHALLI ES131,bengaluru,12.9767936,77.590082,0,bengaluru,label,24.74,13.082,77.7913,3,59,220,52882,17627,stretched
warehouse,3337293197,SS BENGALURU UTTARAHALI ES85,bengaluru,12.9767936,77.590082,0,bengaluru,label,24.74,13.082,77.7913,3,59,220,52882,17627,stretched
warehouse,663661177,SS BENGALURU VIDYARANYAPURA ES112,bengaluru,12.9767936,77.590082,0,bengaluru,label,24.74,13.082,77.7913,3,59,220,52882,17627,stretched
warehouse,3704424712,SS BENGALURU YELAHANKA NITTE ES232,bengaluru,12.9767936,77.590082,0,bengaluru,label,24.74,13.082,77.7913,3,59,220,52882,17627,stretched
warehouse,1536377501,SS BENGALURU YESHWANTHPUR ES121,bengaluru,12.9767936,77.590082,0,bengaluru,label,24.74,13.082,77.7913,3,59,220,52882,17627,stretched
warehouse,584762363,SS BHUJ ARIHANT NAGAR ES25,bhuj,23.2472446,69.668339,0,ahmedabad,city-nearest,272.45,22.9086,72.3062,1,38,118,38470,38470,stretched
warehouse,1825693703,SS BHUJ CITY MALL ES3,bhuj,23.2472446,69.668339,0,ahmedabad,city-nearest,272.45,22.9086,72.3062,1,38,118,38470,38470,stretched
warehouse,2310348507,SS BIKANER MANGARAM COLONY ES21,bikaner,28.0159286,73.3171367,0,jaipur,city-nearest,267.55,27.032,75.7932,2,11,77,28186,14093,proportional
warehouse,1349167483,SS BIKANER SADULGANJ ES18,bikaner,28.0159286,73.3171367,0,jaipur,city-nearest,267.55,27.032,75.7932,2,11,77,28186,14093,proportional
warehouse,2772043978,SS BILASPUR BHARTI NAGAR ES3,bilaspur,22.1638486,82.1365923,0,raipur,city-nearest,114.18,21.2514,81.6296,1,24,25,11862,11862,proportional
warehouse,304237750,SS BILASPUR KASHIMPARA ES4,bilaspur,22.1638486,82.1365923,0,raipur,city-nearest,114.18,21.2514,81.6296,1,24,25,11862,11862,proportional
warehouse,3949719823,SS BILASPUR MINOCHA COLONY ES1,bilaspur,22.1638486,82.1365923,0,raipur,city-nearest,114.18,21.2514,81.6296,1,24,25,11862,11862,proportional
warehouse,1846676319,SS BILASPUR SARKANDA ES2,bilaspur,22.1638486,82.1365923,0,raipur,city-nearest,114.18,21.2514,81.6296,1,24,25,11862,11862,proportional
warehouse,3117826169,SS CHENNAI SSM NAGAR ES81,chennai,13.0836939,80.270186,0,chennai,label,0.12,13.0827,80.2707,3,13,98,33883,11294,proportional
warehouse,4273898964,SS DEHRADUN AIRPORT ROAD ES24,dehradun,30.3255646,78.0436813,0,dehradun,label,1.49,30.3165,78.0322,1,43,47,6372,6372,proportional
warehouse,2033169725,SS DEHRADUN BALLUPUR ES18,dehradun,30.3255646,78.0436813,0,dehradun,label,1.49,30.3165,78.0322,1,43,47,6372,6372,proportional
warehouse,2328099778,SS DEHRADUN BIDHOLI ES27,dehradun,30.3255646,78.0436813,0,dehradun,label,1.49,30.3165,78.0322,1,43,47,6372,6372,proportional
warehouse,2664837699,SS DEHRADUN CANAL ROAD ES2,dehradun,30.3255646,78.0436813,0,dehradun,label,1.49,30.3165,78.0322,1,43,47,6372,6372,proportional
warehouse,1060740339,SS DEHRADUN DALANWALA ES3,dehradun,30.3255646,78.0436813,0,dehradun,label,1.49,30.3165,78.0322,1,43,47,6372,6372,proportional
warehouse,87097469,SS DEHRADUN DOON UNIVERSITY ES21,dehradun,30.3255646,78.0436813,0,dehradun,label,1.49,30.3165,78.0322,1,43,47,6372,6372,proportional
warehouse,513114655,SS DEHRADUN GMS ROAD ES5,dehradun,30.3255646,78.0436813,0,dehradun,label,1.49,30.3165,78.0322,1,43,47,6372,6372,proportional
warehouse,1653888907,SS DEHRADUN GRAPHIC ERA ES22,dehradun,30.3255646,78.0436813,0,dehradun,label,1.49,30.3165,78.0322,1,43,47,6372,6372,proportional
warehouse,263748142,SS DEHRADUN HARRAWAL ES20,dehradun,30.3255646,78.0436813,0,dehradun,label,1.49,30.3165,78.0322,1,43,47,6372,6372,proportional
warehouse,2342189174,SS DEHRADUN ITBP ROAD ES14,dehradun,30.3255646,78.0436813,0,dehradun,label,1.49,30.3165,78.0322,1,43,47,6372,6372,proportional
warehouse,3312077057,SS DEHRADUN JAGRITI VIHAR ES19,dehradun,30.3255646,78.0436813,0,dehradun,label,1.49,30.3165,78.0322,1,43,47,6372,6372,proportional
warehouse,3613052487,SS DEHRADUN MUSOORIE ROAD ES9,dehradun,30.3255646,78.0436813,0,dehradun,label,1.49,30.3165,78.0322,1,43,47,6372,6372,proportional
warehouse,574973559,SS DEHRADUN NAGAL ES10,dehradun,30.3255646,78.0436813,0,dehradun,label,1.49,30.3165,78.0322,1,43,47,6372,6372,proportional
warehouse,1358657202,SS DEHRADUN OLD NEHRU COLONY ES25,dehradun,30.3255646,78.0436813,0,dehradun,label,1.49,30.3165,78.0322,1,43,47,6372,6372,proportional
warehouse,3285586600,SS DEHRADUN PATEL NAGAR ES26,dehradun,30.3255646,78.0436813,0,dehradun,label,1.49,30.3165,78.0322,1,43,47,6372,6372,proportional
warehouse,3271544692,SS DEHRADUN PREM NAGAR ES7,dehradun,30.3255646,78.0436813,0,dehradun,label,1.49,30.3165,78.0322,1,43,47,6372,6372,proportional
warehouse,2178063770,SS DEHRADUN RAJPUR ROAD ES11,dehradun,30.3255646,78.0436813,0,dehradun,label,1.49,30.3165,78.0322,1,43,47,6372,6372,proportional
warehouse,2136757665,SS DEHRADUN SARASWATI VIHAR ES6,dehradun,30.3255646,78.0436813,0,dehradun,label,1.49,30.3165,78.0322,1,43,47,6372,6372,proportional
warehouse,3563517418,SS DEHRADUN SELAKUI ES17,dehradun,30.3255646,78.0436813,0,dehradun,label,1.49,30.3165,78.0322,1,43,47,6372,6372,proportional
warehouse,3929326948,SS DEHRADUN SHEWALA KALA ES1,dehradun,30.3255646,78.0436813,0,dehradun,label,1.49,30.3165,78.0322,1,43,47,6372,6372,proportional
warehouse,2860151521,SS DEHRADUN UPES KANDOLI ES15,dehradun,30.3255646,78.0436813,0,dehradun,label,1.49,30.3165,78.0322,1,43,47,6372,6372,proportional
warehouse,2896343452,SS DELHI GRAND TRUNK ES243,delhi,28.6138954,77.2090057,0,noida,city-majority,19.79,28.5355,77.391,1,25,317,2527,2527,concentrated
warehouse,2274690853,SS DELHI IP EXTENSION ES78 PR,delhi,28.6138954,77.2090057,0,noida,city-majority,19.79,28.5355,77.391,1,25,317,2527,2527,concentrated
warehouse,3530161178,SS DELHI SAINIK FARM ES219,delhi,28.6138954,77.2090057,0,noida,city-majority,19.79,28.5355,77.391,1,25,317,2527,2527,concentrated
warehouse,856283802,SS DHARWAD SAPTAPUR ES1,dharwad,15.3707296,75.1332867,0,goa,city-nearest,108.52,15.2993,74.124,2,35,34,17782,8891,proportional
warehouse,1909759680,SS DURG ADARSH NAGAR ES1,durg,21.1982964,81.4007922,0,raipur,city-nearest,24.44,21.2514,81.6296,1,24,25,11862,11862,proportional
warehouse,1877711243,SS DURG GANDHI NAGAR ES2,durg,21.1982964,81.4007922,0,raipur,city-nearest,24.44,21.2514,81.6296,1,24,25,11862,11862,proportional
warehouse,343092969,SS DURG MOHAN NAGAR ES5,durg,21.1982964,81.4007922,0,raipur,city-nearest,24.44,21.2514,81.6296,1,24,25,11862,11862,proportional
warehouse,1529875031,SS DURG NEHRU NAGAR ES3,durg,21.1982964,81.4007922,0,raipur,city-nearest,24.44,21.2514,81.6296,1,24,25,11862,11862,proportional
warehouse,553183514,SS DURG SUPELA ES4,durg,21.1982964,81.4007922,0,raipur,city-nearest,24.44,21.2514,81.6296,1,24,25,11862,11862,proportional
warehouse,3537018631,SS ELURU RR PETA ES1,eluru,16.7104257,81.1153816,0,vijayawada,city-nearest,55.22,16.4977,80.6471,1,26,22,21290,21290,stretched
warehouse,3708666173,SS GANDHIDHAM ADIPUR ES4,gandhidham,23.0718743,70.131715,0,ahmedabad,city-nearest,223.32,22.9086,72.3062,1,38,118,38470,38470,stretched
warehouse,1170014265,SS GANDHIDHAM GAYATRI KUNJ ES14,gandhidham,23.0718743,70.131715,0,ahmedabad,city-nearest,223.32,22.9086,72.3062,1,38,118,38470,38470,stretched
warehouse,2403773948,SS GOA CALANGUTE ES5,goa,15.4989946,73.8282141,0,goa,label,13.12,15.3917,73.8791,2,35,34,17782,8891,proportional
warehouse,1495843400,SS GOA CANA BENAULIM ES19,goa,15.4989946,73.8282141,0,goa,label,13.12,15.3917,73.8791,2,35,34,17782,8891,proportional
warehouse,3568942656,SS GOA DABOLIM ES6,goa,15.4989946,73.8282141,0,goa,label,13.12,15.3917,73.8791,2,35,34,17782,8891,proportional
warehouse,63644801,SS GOA DONA PAULA ES15,goa,15.4989946,73.8282141,0,goa,label,13.12,15.3917,73.8791,2,35,34,17782,8891,proportional
warehouse,4112485354,SS GOA KADAMBA ES17,goa,15.4989946,73.8282141,0,goa,label,13.12,15.3917,73.8791,2,35,34,17782,8891,proportional
warehouse,2061076941,SS GOA MAPUSA  KHORLIM ES23,goa,15.4989946,73.8282141,0,goa,label,13.12,15.3917,73.8791,2,35,34,17782,8891,proportional
warehouse,1233579572,SS GOA MAPUSA ES10,goa,15.4989946,73.8282141,0,goa,label,13.12,15.3917,73.8791,2,35,34,17782,8891,proportional
warehouse,94537602,SS GOA MAPUSA KHORLIM ES23,goa,15.4989946,73.8282141,0,goa,label,13.12,15.3917,73.8791,2,35,34,17782,8891,proportional
warehouse,2384901760,SS GOA MARGAON ES8,goa,15.4989946,73.8282141,0,goa,label,13.12,15.3917,73.8791,2,35,34,17782,8891,proportional
warehouse,755750021,SS GOA PANJIM ES3,goa,15.4989946,73.8282141,0,goa,label,13.12,15.3917,73.8791,2,35,34,17782,8891,proportional
warehouse,1720084283,SS GOA PARRA ES25,goa,15.4989946,73.8282141,0,goa,label,13.12,15.3917,73.8791,2,35,34,17782,8891,proportional
warehouse,255318123,SS GOA PONDA ES18,goa,15.4989946,73.8282141,0,goa,label,13.12,15.3917,73.8791,2,35,34,17782,8891,proportional
warehouse,119279920,SS GOA PORVORIM ES1,goa,15.4989946,73.8282141,0,goa,label,13.12,15.3917,73.8791,2,35,34,17782,8891,proportional
warehouse,3042094154,SS GOA REIS MARGOS ES22,goa,15.4989946,73.8282141,0,goa,label,13.12,15.3917,73.8791,2,35,34,17782,8891,proportional
warehouse,2475055092,SS GOA SANTA CRUZ ES24,goa,15.4989946,73.8282141,0,goa,label,13.12,15.3917,73.8791,2,35,34,17782,8891,proportional
warehouse,2853812670,SS GOA SIOLIM ES9,goa,15.4989946,73.8282141,0,goa,label,13.12,15.3917,73.8791,2,35,34,17782,8891,proportional
warehouse,1673373176,SS GOA VAGATOR ANJUNA ES20,goa,15.4989946,73.8282141,0,goa,label,13.12,15.3917,73.8791,2,35,34,17782,8891,proportional
warehouse,3852183282,SS GOA VASCO DA GAMA ES11,goa,15.4989946,73.8282141,0,goa,label,13.12,15.3917,73.8791,2,35,34,17782,8891,proportional
warehouse,1594176824,SS GUNTUR CENTRAL CITY ES4,guntur,16.2915189,80.4541588,0,vijayawada,city-nearest,30.81,16.4977,80.6471,1,26,22,21290,21290,stretched
warehouse,3423773151,SS GUNTUR GORANTLA ES2,guntur,16.2915189,80.4541588,0,vijayawada,city-nearest,30.81,16.4977,80.6471,1,26,22,21290,21290,stretched
warehouse,273848853,SS GUNTUR STAMBALA GARUVU ES3,guntur,16.2915189,80.4541588,0,vijayawada,city-nearest,30.81,16.4977,80.6471,1,26,22,21290,21290,stretched
warehouse,1708619422,SS GUNTUR STAMBALA GARUVU ES6,guntur,16.2915189,80.4541588,0,vijayawada,city-nearest,30.81,16.4977,80.6471,1,26,22,21290,21290,stretched
warehouse,774482396,SS GUNTUR TENALI ES5,guntur,16.2915189,80.4541588,0,vijayawada,city-nearest,30.81,16.4977,80.6471,1,26,22,21290,21290,stretched
warehouse,4054495699,SS GWALIOR AIRPORT ROAD ES5,gwalior,26.2037247,78.1573628,0,jhansi,city-nearest,89.71,25.47,78.53,4,15,12,12150,3038,concentrated
warehouse,4055162738,SS GWALIOR ANAND NAGAR ES8,gwalior,26.2037247,78.1573628,0,jhansi,city-nearest,89.71,25.47,78.53,4,15,12,12150,3038,concentrated
warehouse,4023465132,SS GWALIOR GOVINDPURI ES1,gwalior,26.2037247,78.1573628,0,jhansi,city-nearest,89.71,25.47,78.53,4,15,12,12150,3038,concentrated
warehouse,3769190023,SS GWALIOR KAMPOO ROAD ES7,gwalior,26.2037247,78.1573628,0,jhansi,city-nearest,89.71,25.47,78.53,4,15,12,12150,3038,concentrated
warehouse,966871252,SS GWALIOR KUSHAL NAGAR ES4,gwalior,26.2037247,78.1573628,0,jhansi,city-nearest,89.71,25.47,78.53,4,15,12,12150,3038,concentrated
warehouse,2851394161,SS GWALIOR MORAR ROAD ES6,gwalior,26.2037247,78.1573628,0,jhansi,city-nearest,89.71,25.47,78.53,4,15,12,12150,3038,concentrated
warehouse,3840080956,SS HALDWANI DHANPURI ES4,haldwani,29.2144809,79.5279012,0,bareilly,city-nearest,94.78,28.372,79.38,5,12,28,28118,5624,proportional
warehouse,16148347,SS HALDWANI MUKHANI ES1,haldwani,29.2144809,79.5279012,0,bareilly,city-nearest,94.78,28.372,79.38,5,12,28,28118,5624,proportional
warehouse,523101816,SS HALDWANI NUTAN COLONY ES3,haldwani,29.2144809,79.5279012,0,bareilly,city-nearest,94.78,28.372,79.38,5,12,28,28118,5624,proportional
warehouse,614122155,SS HALDWANI SHIV PURI ES2,haldwani,29.2144809,79.5279012,0,bareilly,city-nearest,94.78,28.372,79.38,5,12,28,28118,5624,proportional
warehouse,47005586,SS HARIDWAR DURGA CHOWK ES3,haridwar,29.9384473,78.1452985,0,dehradun,city-nearest,43.42,30.3165,78.0322,1,43,47,6372,6372,proportional
warehouse,2951591684,SS HARIDWAR GREEN TOWNSHIP ES2,haridwar,29.9384473,78.1452985,0,dehradun,city-nearest,43.42,30.3165,78.0322,1,43,47,6372,6372,proportional
warehouse,866168012,SS HARIDWAR HAR KI PAURI ES7,haridwar,29.9384473,78.1452985,0,dehradun,city-nearest,43.42,30.3165,78.0322,1,43,47,6372,6372,proportional
warehouse,2392731455,SS HARIDWAR JWALAPUR ES1,haridwar,29.9384473,78.1452985,0,dehradun,city-nearest,43.42,30.3165,78.0322,1,43,47,6372,6372,proportional
warehouse,3187763272,SS HARIDWAR SHIVALIK NAGAR ES5,haridwar,29.9384473,78.1452985,0,dehradun,city-nearest,43.42,30.3165,78.0322,1,43,47,6372,6372,proportional
warehouse,1909658422,SS HOSAPETE HAKKA BUKKA RD ES11,hosapete,15.266493,76.3872297,0,goa,city-nearest,242.79,15.2993,74.124,2,35,34,17782,8891,proportional
warehouse,3838727337,SS HUBLI BENGERI EXTENSION ES3,hubli,15.3518378,75.1379848,0,goa,city-nearest,108.9,15.2993,74.124,2,35,34,17782,8891,proportional
warehouse,3965496491,SS HUBLI VIDYANAGAR ES1,hubli,15.3518378,75.1379848,0,goa,city-nearest,108.9,15.2993,74.124,2,35,34,17782,8891,proportional
warehouse,1838304151,SS HYDERABAD ALKAPUR ES123,hyderabad,17.360589,78.4740613,0,hyderabad,label,3.03,17.385,78.4867,3,100,131,39128,13042,proportional
warehouse,1421282045,SS HYDERABAD ALWAL ES119,hyderabad,17.360589,78.4740613,0,hyderabad,label,3.03,17.385,78.4867,3,100,131,39128,13042,proportional
warehouse,3436463331,SS HYDERABAD AMEERPET ES121,hyderabad,17.360589,78.4740613,0,hyderabad,label,3.03,17.385,78.4867,3,100,131,39128,13042,proportional
warehouse,680078595,SS HYDERABAD AS RAO NAGAR ES127,hyderabad,17.360589,78.4740613,0,hyderabad,label,3.03,17.385,78.4867,3,100,131,39128,13042,proportional
warehouse,1383738428,SS HYDERABAD ASHVITA KPHB ES100,hyderabad,17.360589,78.4740613,0,hyderabad,label,3.03,17.385,78.4867,3,100,131,39128,13042,proportional
warehouse,1613069199,SS HYDERABAD ATTAPUR ES54,hyderabad,17.360589,78.4740613,0,hyderabad,label,3.03,17.385,78.4867,3,100,131,39128,13042,proportional
warehouse,4260214017,SS HYDERABAD BACHUPALLY ES63,hyderabad,17.360589,78.4740613,0,hyderabad,label,3.03,17.385,78.4867,3,100,131,39128,13042,proportional
warehouse,312705213,SS HYDERABAD BANDLAGUDA ES125,hyderabad,17.360589,78.4740613,0,hyderabad,label,3.03,17.385,78.4867,3,100,131,39128,13042,proportional
warehouse,3263027324,SS HYDERABAD BANJARA HILLS ES71,hyderabad,17.360589,78.4740613,0,hyderabad,label,3.03,17.385,78.4867,3,100,131,39128,13042,proportional
warehouse,312222582,SS HYDERABAD BANJARA HILLS RD 2 ES85,hyderabad,17.360589,78.4740613,0,hyderabad,label,3.03,17.385,78.4867,3,100,131,39128,13042,proportional
warehouse,303067870,SS HYDERABAD BARKAS ES134,hyderabad,17.360589,78.4740613,0,hyderabad,label,3.03,17.385,78.4867,3,100,131,39128,13042,proportional
warehouse,3569809122,SS HYDERABAD BODUPPAL ES132,hyderabad,17.360589,78.4740613,0,hyderabad,label,3.03,17.385,78.4867,3,100,131,39128,13042,proportional
warehouse,2739943707,SS HYDERABAD BORABANDA ES155,hyderabad,17.360589,78.4740613,0,hyderabad,label,3.03,17.385,78.4867,3,100,131,39128,13042,proportional
warehouse,2690448107,SS HYDERABAD BOWENPALLY ES59,hyderabad,17.360589,78.4740613,0,hyderabad,label,3.03,17.385,78.4867,3,100,131,39128,13042,proportional
warehouse,3841796123,SS HYDERABAD BRINDAVAN COLONY ES130,hyderabad,17.360589,78.4740613,0,hyderabad,label,3.03,17.385,78.4867,3,100,131,39128,13042,proportional
warehouse,3888925336,SS HYDERABAD CHANDA NAGAR ES79,hyderabad,17.360589,78.4740613,0,hyderabad,label,3.03,17.385,78.4867,3,100,131,39128,13042,proportional
warehouse,1283951835,SS HYDERABAD CHANDRAYANGUTTA ES151,hyderabad,17.360589,78.4740613,0,hyderabad,label,3.03,17.385,78.4867,3,100,131,39128,13042,proportional
warehouse,3889982536,SS HYDERABAD CHARMINAR ES112,hyderabad,17.360589,78.4740613,0,hyderabad,label,3.03,17.385,78.4867,3,100,131,39128,13042,proportional
warehouse,3972392316,SS HYDERABAD CHITRAPURI COLONY ES84,hyderabad,17.360589,78.4740613,0,hyderabad,label,3.03,17.385,78.4867,3,100,131,39128,13042,proportional
warehouse,730365157,SS HYDERABAD DAMMAIGUDA ES64,hyderabad,17.360589,78.4740613,0,hyderabad,label,3.03,17.385,78.4867,3,100,131,39128,13042,proportional
warehouse,2030827822,SS HYDERABAD DEVAR PC5 - WAREHOUSE,hyderabad,17.360589,78.4740613,0,hyderabad,label,3.03,17.385,78.4867,3,100,131,39128,13042,proportional
warehouse,2879472193,SS HYDERABAD ERRAGADDA ES160,hyderabad,17.360589,78.4740613,0,hyderabad,label,3.03,17.385,78.4867,3,100,131,39128,13042,proportional
warehouse,2754009577,SS HYDERABAD FINANCIAL DISTRICT ES82,hyderabad,17.360589,78.4740613,0,hyderabad,label,3.03,17.385,78.4867,3,100,131,39128,13042,proportional
warehouse,1640842506,SS HYDERABAD GACHIBOWLI ES98,hyderabad,17.360589,78.4740613,0,hyderabad,label,3.03,17.385,78.4867,3,100,131,39128,13042,proportional
warehouse,3850419059,SS HYDERABAD GAJULARAMARAM ES122,hyderabad,17.360589,78.4740613,0,hyderabad,label,3.03,17.385,78.4867,3,100,131,39128,13042,proportional
warehouse,1784808761,SS HYDERABAD GOLDEN MILE ROAD ES131,hyderabad,17.360589,78.4740613,0,hyderabad,label,3.03,17.385,78.4867,3,100,131,39128,13042,proportional
warehouse,606559722,SS HYDERABAD GUDIMALKAPUR ES89,hyderabad,17.360589,78.4740613,0,hyderabad,label,3.03,17.385,78.4867,3,100,131,39128,13042,proportional
warehouse,3263876836,SS HYDERABAD GUNDLAPOCHAMPALLI ES158,hyderabad,17.360589,78.4740613,0,hyderabad,label,3.03,17.385,78.4867,3,100,131,39128,13042,proportional
warehouse,1862081340,SS HYDERABAD HAFEEZPET ES74,hyderabad,17.360589,78.4740613,0,hyderabad,label,3.03,17.385,78.4867,3,100,131,39128,13042,proportional
warehouse,630032590,SS HYDERABAD HAYATHNAGAR ES144,hyderabad,17.360589,78.4740613,0,hyderabad,label,3.03,17.385,78.4867,3,100,131,39128,13042,proportional
warehouse,1606353558,SS HYDERABAD HMT HILLS ES120,hyderabad,17.360589,78.4740613,0,hyderabad,label,3.03,17.385,78.4867,3,100,131,39128,13042,proportional
warehouse,825654159,SS HYDERABAD IDPL COLONY ES169,hyderabad,17.360589,78.4740613,0,hyderabad,label,3.03,17.385,78.4867,3,100,131,39128,13042,proportional
warehouse,4208258243,SS HYDERABAD KAVURI HILLS ES88,hyderabad,17.360589,78.4740613,0,hyderabad,label,3.03,17.385,78.4867,3,100,131,39128,13042,proportional
warehouse,2819962114,SS HYDERABAD KOKAPET ES67,hyderabad,17.360589,78.4740613,0,hyderabad,label,3.03,17.385,78.4867,3,100,131,39128,13042,proportional
warehouse,800673887,SS HYDERABAD KONDAPUR ES45 PR,hyderabad,17.360589,78.4740613,0,hyderabad,label,3.03,17.385,78.4867,3,100,131,39128,13042,proportional
warehouse,2726653213,SS HYDERABAD KOTHAGUDA ES77,hyderabad,17.360589,78.4740613,0,hyderabad,label,3.03,17.385,78.4867,3,100,131,39128,13042,proportional
warehouse,323847985,SS HYDERABAD KOTHAPET ES111,hyderabad,17.360589,78.4740613,0,hyderabad,label,3.03,17.385,78.4867,3,100,131,39128,13042,proportional
warehouse,1537104507,SS HYDERABAD KPHB-V ES28,hyderabad,17.360589,78.4740613,0,hyderabad,label,3.03,17.385,78.4867,3,100,131,39128,13042,proportional
warehouse,1307931041,SS HYDERABAD KUKATPALLY ES91,hyderabad,17.360589,78.4740613,0,hyderabad,label,3.03,17.385,78.4867,3,100,131,39128,13042,proportional
warehouse,3361864122,SS HYDERABAD MADEENAGUDA ES113,hyderabad,17.360589,78.4740613,0,hyderabad,label,3.03,17.385,78.4867,3,100,131,39128,13042,proportional
warehouse,3001521249,SS HYDERABAD MADHAPUR ES87,hyderabad,17.360589,78.4740613,0,hyderabad,label,3.03,17.385,78.4867,3,100,131,39128,13042,proportional
warehouse,3342569553,SS HYDERABAD MALKAJGIRI ES58,hyderabad,17.360589,78.4740613,0,hyderabad,label,3.03,17.385,78.4867,3,100,131,39128,13042,proportional
warehouse,2414791271,SS HYDERABAD MALLAMPET ES164,hyderabad,17.360589,78.4740613,0,hyderabad,label,3.03,17.385,78.4867,3,100,131,39128,13042,proportional
warehouse,3621268514,SS HYDERABAD MANIKONDA ES118,hyderabad,17.360589,78.4740613,0,hyderabad,label,3.03,17.385,78.4867,3,100,131,39128,13042,proportional
warehouse,3437440960,SS HYDERABAD MAREDPALLY ES145,hyderabad,17.360589,78.4740613,0,hyderabad,label,3.03,17.385,78.4867,3,100,131,39128,13042,proportional
warehouse,843722589,SS HYDERABAD MARTHANDA NAGAR ES159,hyderabad,17.360589,78.4740613,0,hyderabad,label,3.03,17.385,78.4867,3,100,131,39128,13042,proportional
warehouse,560691393,SS HYDERABAD MASJID BANDA ES78,hyderabad,17.360589,78.4740613,0,hyderabad,label,3.03,17.385,78.4867,3,100,131,39128,13042,proportional
warehouse,1459756398,SS HYDERABAD MEERPET ES152,hyderabad,17.360589,78.4740613,0,hyderabad,label,3.03,17.385,78.4867,3,100,131,39128,13042,proportional
warehouse,3705451202,SS HYDERABAD MLA COLONY ES128,hyderabad,17.360589,78.4740613,0,hyderabad,label,3.03,17.385,78.4867,3,100,131,39128,13042,proportional
warehouse,373735595,SS HYDERABAD MOOSAPET ES81,hyderabad,17.360589,78.4740613,0,hyderabad,label,3.03,17.385,78.4867,3,100,131,39128,13042,proportional
warehouse,3297180452,SS HYDERABAD MOOSARAMBAGH ES117,hyderabad,17.360589,78.4740613,0,hyderabad,label,3.03,17.385,78.4867,3,100,131,39128,13042,proportional
warehouse,1571579777,SS HYDERABAD NAGOLE ES62,hyderabad,17.360589,78.4740613,0,hyderabad,label,3.03,17.385,78.4867,3,100,131,39128,13042,proportional
warehouse,2955187659,SS HYDERABAD NALLAGANDLA ES86,hyderabad,17.360589,78.4740613,0,hyderabad,label,3.03,17.385,78.4867,3,100,131,39128,13042,proportional
warehouse,1326123411,SS HYDERABAD NAWAB SAHEB KUNTA ES149,hyderabad,17.360589,78.4740613,0,hyderabad,label,3.03,17.385,78.4867,3,100,131,39128,13042,proportional
warehouse,1786698931,SS HYDERABAD NEKNAMPUR ES141,hyderabad,17.360589,78.4740613,0,hyderabad,label,3.03,17.385,78.4867,3,100,131,39128,13042,proportional
warehouse,871812698,SS HYDERABAD NIZAMPET ES70,hyderabad,17.360589,78.4740613,0,hyderabad,label,3.03,17.385,78.4867,3,100,131,39128,13042,proportional
warehouse,275810026,SS HYDERABAD OSMAN NAGAR ES133,hyderabad,17.360589,78.4740613,0,hyderabad,label,3.03,17.385,78.4867,3,100,131,39128,13042,proportional
warehouse,1661660503,SS HYDERABAD PADMARAO NAGAR ES75,hyderabad,17.360589,78.4740613,0,hyderabad,label,3.03,17.385,78.4867,3,100,131,39128,13042,proportional
warehouse,1834346372,SS HYDERABAD PBEL CITY ES161,hyderabad,17.360589,78.4740613,0,hyderabad,label,3.03,17.385,78.4867,3,100,131,39128,13042,proportional
warehouse,426234975,SS HYDERABAD PEERZADIGUDA ES129,hyderabad,17.360589,78.4740613,0,hyderabad,label,3.03,17.385,78.4867,3,100,131,39128,13042,proportional
warehouse,1572861179,SS HYDERABAD POCHARAM ES116,hyderabad,17.360589,78.4740613,0,hyderabad,label,3.03,17.385,78.4867,3,100,131,39128,13042,proportional
warehouse,612336001,SS HYDERABAD PRAGATHINAGAR ES30 PR,hyderabad,17.360589,78.4740613,0,hyderabad,label,3.03,17.385,78.4867,3,100,131,39128,13042,proportional
warehouse,3942346365,SS HYDERABAD RAMACHANDRAPURAM ES114,hyderabad,17.360589,78.4740613,0,hyderabad,label,3.03,17.385,78.4867,3,100,131,39128,13042,proportional
warehouse,2891995927,SS HYDERABAD RAMANTHAPUR ES66,hyderabad,17.360589,78.4740613,0,hyderabad,label,3.03,17.385,78.4867,3,100,131,39128,13042,proportional
warehouse,3195384083,SS HYDERABAD RASOOLPURA ES153,hyderabad,17.360589,78.4740613,0,hyderabad,label,3.03,17.385,78.4867,3,100,131,39128,13042,proportional
warehouse,340913581,SS HYDERABAD SAINIKPURI ES68,hyderabad,17.360589,78.4740613,0,hyderabad,label,3.03,17.385,78.4867,3,100,131,39128,13042,proportional
warehouse,1983538551,SS HYDERABAD SAROORNAGAR ES73,hyderabad,17.360589,78.4740613,0,hyderabad,label,3.03,17.385,78.4867,3,100,131,39128,13042,proportional
warehouse,3495584829,SS HYDERABAD SERILINGAMPALLE ES126,hyderabad,17.360589,78.4740613,0,hyderabad,label,3.03,17.385,78.4867,3,100,131,39128,13042,proportional
warehouse,722716057,SS HYDERABAD SHAMSHABAD ES142,hyderabad,17.360589,78.4740613,0,hyderabad,label,3.03,17.385,78.4867,3,100,131,39128,13042,proportional
warehouse,1106732452,SS HYDERABAD SHIVRAMPALLY ES95,hyderabad,17.360589,78.4740613,0,hyderabad,label,3.03,17.385,78.4867,3,100,131,39128,13042,proportional
warehouse,1258754997,SS HYDERABAD SOMAJIGUDA ES60,hyderabad,17.360589,78.4740613,0,hyderabad,label,3.03,17.385,78.4867,3,100,131,39128,13042,proportional
warehouse,4017830901,SS HYDERABAD SUCHITRA ES76,hyderabad,17.360589,78.4740613,0,hyderabad,label,3.03,17.385,78.4867,3,100,131,39128,13042,proportional
warehouse,1333305213,SS HYDERABAD SUDARSHAN NAGAR COLONY ES157,hyderabad,17.360589,78.4740613,0,hyderabad,label,3.03,17.385,78.4867,3,100,131,39128,13042,proportional
warehouse,397918992,SS HYDERABAD SUNCITY ES65,hyderabad,17.360589,78.4740613,0,hyderabad,label,3.03,17.385,78.4867,3,100,131,39128,13042,proportional
warehouse,2234267111,SS HYDERABAD SURARAM ES137,hyderabad,17.360589,78.4740613,0,hyderabad,label,3.03,17.385,78.4867,3,100,131,39128,13042,proportional
warehouse,3435155583,SS HYDERABAD TARNAKA ES143,hyderabad,17.360589,78.4740613,0,hyderabad,label,3.03,17.385,78.4867,3,100,131,39128,13042,proportional
warehouse,2760456009,SS HYDERABAD TELECOM NAGAR ES93,hyderabad,17.360589,78.4740613,0,hyderabad,label,3.03,17.385,78.4867,3,100,131,39128,13042,proportional
warehouse,2100758132,SS HYDERABAD TNGO COLONY ES99,hyderabad,17.360589,78.4740613,0,hyderabad,label,3.03,17.385,78.4867,3,100,131,39128,13042,proportional
warehouse,339129283,SS HYDERABAD TOLICHOWKI ES154,hyderabad,17.360589,78.4740613,0,hyderabad,label,3.03,17.385,78.4867,3,100,131,39128,13042,proportional
warehouse,3196240321,SS HYDERABAD UPPAL ES56,hyderabad,17.360589,78.4740613,0,hyderabad,label,3.03,17.385,78.4867,3,100,131,39128,13042,proportional
warehouse,2098533920,SS HYDERABAD UPPERPALLY ES80,hyderabad,17.360589,78.4740613,0,hyderabad,label,3.03,17.385,78.4867,3,100,131,39128,13042,proportional
warehouse,3872338181,SS HYDERABAD VANASTHALIPURAM ES124,hyderabad,17.360589,78.4740613,0,hyderabad,label,3.03,17.385,78.4867,3,100,131,39128,13042,proportional
warehouse,3919262631,SS HYDERABAD VIJAY NAGAR ES175,hyderabad,17.360589,78.4740613,0,hyderabad,label,3.03,17.385,78.4867,3,100,131,39128,13042,proportional
warehouse,3983010836,SS HYDERABAD WHITEFIELDS ES150,hyderabad,17.360589,78.4740613,0,hyderabad,label,3.03,17.385,78.4867,3,100,131,39128,13042,proportional
warehouse,117852847,SS HYDERABAD ZAMISTANPUR ES41 PR,hyderabad,17.360589,78.4740613,0,hyderabad,label,3.03,17.385,78.4867,3,100,131,39128,13042,proportional
warehouse,2315247423,SS JABALPUR ADARSH NAGAR ES4,jabalpur,23.1701522,79.9324505,0,nagpur,city-nearest,239.63,21.2912,78.7922,1,17,37,23108,23108,stretched
warehouse,3138668932,SS JABALPUR ADHARTAL ES3,jabalpur,23.1701522,79.9324505,0,nagpur,city-nearest,239.63,21.2912,78.7922,1,17,37,23108,23108,stretched
warehouse,2830820011,SS JABALPUR DHANVANTRI NAGAR ES7,jabalpur,23.1701522,79.9324505,0,nagpur,city-nearest,239.63,21.2912,78.7922,1,17,37,23108,23108,stretched
warehouse,1412833572,SS JABALPUR ES5,jabalpur,23.1701522,79.9324505,0,nagpur,city-nearest,239.63,21.2912,78.7922,1,17,37,23108,23108,stretched
warehouse,1355120896,SS JABALPUR GUPTESHWAR NAGAR ES1,jabalpur,23.1701522,79.9324505,0,nagpur,city-nearest,239.63,21.2912,78.7922,1,17,37,23108,23108,stretched
warehouse,3724205495,SS JABALPUR RAKSHA NAGAR ES9,jabalpur,23.1701522,79.9324505,0,nagpur,city-nearest,239.63,21.2912,78.7922,1,17,37,23108,23108,stretched
warehouse,532220614,SS JABALPUR TILHARI ES8,jabalpur,23.1701522,79.9324505,0,nagpur,city-nearest,239.63,21.2912,78.7922,1,17,37,23108,23108,stretched
warehouse,3787775564,SS JABALPUR VIJAY NAGAR ES11,jabalpur,23.1701522,79.9324505,0,nagpur,city-nearest,239.63,21.2912,78.7922,1,17,37,23108,23108,stretched
warehouse,1339180082,SS JABALPUR VIJAY NAGAR ES2,jabalpur,23.1701522,79.9324505,0,nagpur,city-nearest,239.63,21.2912,78.7922,1,17,37,23108,23108,stretched
warehouse,175672426,SS JAIPUR PC - WAREHOUSE,jaipur,26.9154576,75.8189817,0,jaipur,label,11.87,26.8108,75.7953,2,11,77,28186,14093,proportional
warehouse,800757638,SS JUNAGADH SONVATIKA ES1,junagadh,21.5220416,70.4582458,0,ahmedabad,city-nearest,244.86,22.9086,72.3062,1,38,118,38470,38470,stretched
warehouse,1177528639,SS KANPUR GANGA NAGAR PC - WAREHOUSE,kanpur,26.4609135,80.3217588,0,lucknow,city-nearest,69.69,26.7474,80.9452,2,7,92,39582,19791,stretched
warehouse,3500177133,SS KOLKATA F&V CPC 2 - WAREHOUSE,kolkata,22.5726459,88.3638953,0,kolkata,label,11.72,22.674,88.3325,3,11,121,18889,6296,proportional
warehouse,4152686853,SS KOLKATA TIKIAPARA ES168,kolkata,22.5726459,88.3638953,0,kolkata,label,11.72,22.674,88.3325,3,11,121,18889,6296,proportional
warehouse,1492283878,SS LUCKNOW HAZRAT GUNJ PC  - WAREHOUSE,lucknow,26.8381,80.9346001,0,lucknow,label,8.03,26.7875,80.9923,2,7,92,39582,19791,stretched
warehouse,3647021611,SS MUMBAI WALSHIND PC2 ZHPL,mumbai,19.054999,72.8692035,0,mumbai,label,28.78,19.2433,73.0572,3,13,189,9344,3115,concentrated
warehouse,2965287730,SS ONGOLE GADDALAGUNTA ES2,ongole,15.5058714,80.0499454,0,vijayawada,city-nearest,127.42,16.4977,80.6471,1,26,22,21290,21290,stretched
warehouse,1476811926,SS PILIBHIT EKTA NAGAR ES1,pilibhit,28.4947158,80.1076122,0,bareilly,city-nearest,68.41,28.36,79.425,5,12,28,28118,5624,proportional
warehouse,1202859382,SS PUNE KARVE NAGAR ES132,pune,18.5213738,73.8545071,0,pune,label,18.28,18.6714,73.7836,2,24,119,19984,9992,proportional
warehouse,3561779130,SS PUNE PISOLI ES143,pune,18.5213738,73.8545071,0,pune,label,18.28,18.6714,73.7836,2,24,119,19984,9992,proportional
warehouse,2979858193,SS PUNE WAKAD MULSHI ES136,pune,18.5213738,73.8545071,0,pune,label,18.28,18.6714,73.7836,2,24,119,19984,9992,proportional
warehouse,3374117423,SS RAIGARH PALACE ROAD ES17,raigarh,22.2361795,83.3529534,0,raipur,city-nearest,208.98,21.2514,81.6296,1,24,25,11862,11862,proportional
warehouse,1971634202,SS RAIPUR ADARSH NAGAR ES15,raipur,21.2380912,81.6336993,0,raipur,label,1.54,21.2514,81.6296,1,24,25,11862,11862,proportional
warehouse,628222136,SS RAIPUR ADARSH NAGAR ES4,raipur,21.2380912,81.6336993,0,raipur,label,1.54,21.2514,81.6296,1,24,25,11862,11862,proportional
warehouse,3926585095,SS RAIPUR AIIMS ROAD ES6,raipur,21.2380912,81.6336993,0,raipur,label,1.54,21.2514,81.6296,1,24,25,11862,11862,proportional
warehouse,434604104,SS RAIPUR AMLIDHI ES13,raipur,21.2380912,81.6336993,0,raipur,label,1.54,21.2514,81.6296,1,24,25,11862,11862,proportional
warehouse,1042530871,SS RAIPUR AVANTI VIHAR ES3,raipur,21.2380912,81.6336993,0,raipur,label,1.54,21.2514,81.6296,1,24,25,11862,11862,proportional
warehouse,2269754960,SS RAIPUR CIVIL LINES ES2,raipur,21.2380912,81.6336993,0,raipur,label,1.54,21.2514,81.6296,1,24,25,11862,11862,proportional
warehouse,2600180724,SS RAIPUR DEVENDRA NAGAR ES5,raipur,21.2380912,81.6336993,0,raipur,label,1.54,21.2514,81.6296,1,24,25,11862,11862,proportional
warehouse,2361022970,SS RAIPUR PROFESSOR COLONY ES10,raipur,21.2380912,81.6336993,0,raipur,label,1.54,21.2514,81.6296,1,24,25,11862,11862,proportional
warehouse,297961132,SS RAIPUR SAMTA COLONY ES12,raipur,21.2380912,81.6336993,0,raipur,label,1.54,21.2514,81.6296,1,24,25,11862,11862,proportional
warehouse,295194367,SS RAIPUR SAMTA COLONY ES7,raipur,21.2380912,81.6336993,0,raipur,label,1.54,21.2514,81.6296,1,24,25,11862,11862,proportional
warehouse,1721161876,SS RAIPUR SAPTAGIRI COLONY ES14,raipur,21.2380912,81.6336993,0,raipur,label,1.54,21.2514,81.6296,1,24,25,11862,11862,proportional
warehouse,3701785321,SS RAIPUR TOWER ROAD ES11,raipur,21.2380912,81.6336993,0,raipur,label,1.54,21.2514,81.6296,1,24,25,11862,11862,proportional
warehouse,56029148,SS RAIPUR VIDHAN SABHA ES9,raipur,21.2380912,81.6336993,0,raipur,label,1.54,21.2514,81.6296,1,24,25,11862,11862,proportional
warehouse,154958094,SS RISHIKESH SHYAMPUR ES3,rishikesh,30.1086537,78.2916193,0,dehradun,city-nearest,33.99,30.3165,78.0322,1,43,47,6372,6372,proportional
warehouse,1273566210,SS RISHIKESH STATION ROAD ES4,rishikesh,30.1086537,78.2916193,0,dehradun,city-nearest,33.99,30.3165,78.0322,1,43,47,6372,6372,proportional
warehouse,4220955762,SS RISHIKESH VEERBHADRA ES2,rishikesh,30.1086537,78.2916193,0,dehradun,city-nearest,33.99,30.3165,78.0322,1,43,47,6372,6372,proportional
warehouse,2711985848,SS ROORKEE DEFENCE COLONY ES3,roorkee,29.8693496,77.8902124,0,dehradun,city-nearest,51.56,30.3165,78.0322,1,43,47,6372,6372,proportional
warehouse,2397661399,SS ROORKEE MOJA ES1,roorkee,29.8693496,77.8902124,0,dehradun,city-nearest,51.56,30.3165,78.0322,1,43,47,6372,6372,proportional
warehouse,1545052503,SS RUDRAPUR JAGATPURA ES2,rudrapur,28.9707183,79.3972845,0,bareilly,city-nearest,66.6,28.372,79.38,5,12,28,28118,5624,proportional
warehouse,2650956362,SS RUDRAPUR MALIK COLONY ES1,rudrapur,28.9707183,79.3972845,0,bareilly,city-nearest,66.6,28.372,79.38,5,12,28,28118,5624,proportional
warehouse,4236574468,SS UDAIPUR BHUWANA ES10,udaipur,24.578721,73.6862571,0,ahmedabad,city-nearest,232.84,22.9086,72.3062,1,38,118,38470,38470,stretched
warehouse,655161097,SS UDAIPUR DELHI GATE CIRLCE ES11,udaipur,24.578721,73.6862571,0,ahmedabad,city-nearest,232.84,22.9086,72.3062,1,38,118,38470,38470,stretched
warehouse,3116436144,SS UDAIPUR GANPATI NAGAR ES4,udaipur,24.578721,73.6862571,0,ahmedabad,city-nearest,232.84,22.9086,72.3062,1,38,118,38470,38470,stretched
warehouse,4096921924,SS UDAIPUR GORDHAN VILAS ES1,udaipur,24.578721,73.6862571,0,ahmedabad,city-nearest,232.84,22.9086,72.3062,1,38,118,38470,38470,stretched
warehouse,2044017428,SS UDAIPUR HIRAN MAGRI ES2,udaipur,24.578721,73.6862571,0,ahmedabad,city-nearest,232.84,22.9086,72.3062,1,38,118,38470,38470,stretched
warehouse,2797092759,SS UDAIPUR MALLA TALAI ES6,udaipur,24.578721,73.6862571,0,ahmedabad,city-nearest,232.84,22.9086,72.3062,1,38,118,38470,38470,stretched
warehouse,372241602,SS UDAIPUR PRATAP NAGAR ES8,udaipur,24.578721,73.6862571,0,ahmedabad,city-nearest,232.84,22.9086,72.3062,1,38,118,38470,38470,stretched
warehouse,40580914,SS UP-NCR ADITYA WORLD CITY ES159,delhi,28.6138954,77.2090057,0,noida,city-majority,19.79,28.5355,77.391,1,25,317,2527,2527,concentrated
warehouse,3327234491,SS UP-NCR GR NOIDA TIGRI ES178,noida,28.5706333,77.3272147,0,noida,label,7.35,28.5355,77.391,1,25,317,2527,2527,concentrated
warehouse,3819226376,SS UP-NCR RAJ NAGAR EXTN ES196,delhi,28.6138954,77.2090057,0,noida,city-majority,19.79,28.5355,77.391,1,25,317,2527,2527,concentrated
warehouse,3909484542,SS UP-NCR RAJENDRA NAGAR ES182,delhi,28.6138954,77.2090057,0,noida,city-majority,19.79,28.5355,77.391,1,25,317,2527,2527,concentrated
warehouse,120945170,SS UPNCR AHINSA KHAND 2 ES137,delhi,28.6138954,77.2090057,0,noida,city-majority,19.79,28.5355,77.391,1,25,317,2527,2527,concentrated
warehouse,2396832412,SS UPNCR CROSSING REPUBLIC ES218,delhi,28.6138954,77.2090057,0,noida,city-majority,19.79,28.5355,77.391,1,25,317,2527,2527,concentrated
warehouse,255881415,SS UPNCR GOVINDPURAM ES117,delhi,28.6138954,77.2090057,0,noida,city-majority,19.79,28.5355,77.391,1,25,317,2527,2527,concentrated
warehouse,2058452836,SS UPNCR INDIRAPURAM PC - WAREHOUSE,indirapuram,28.6380466,77.3644168,0,noida,city-nearest,11.69,28.5355,77.391,1,25,317,2527,2527,concentrated
warehouse,4098577747,SS UPNCR NEW GAUR CITY 1 ES112,delhi,28.6138954,77.2090057,0,noida,city-majority,19.79,28.5355,77.391,1,25,317,2527,2527,concentrated
warehouse,2008691765,SS UPNCR PATEL NAGAR ES99,delhi,28.6138954,77.2090057,0,noida,city-majority,19.79,28.5355,77.391,1,25,317,2527,2527,concentrated
warehouse,3142020877,SS UPNCR RAJ NAGAR EXTN ES133,delhi,28.6138954,77.2090057,0,noida,city-majority,19.79,28.5355,77.391,1,25,317,2527,2527,concentrated
warehouse,928479630,SS VIJAYAWADA BENZCIRCLE ES7,vijayawada,16.5115306,80.6160469,0,vijayawada,label,3.65,16.4977,80.6471,1,26,22,21290,21290,stretched
warehouse,3136705064,SS VIJAYAWADA BHAVANIPURAM ES15,vijayawada,16.5115306,80.6160469,0,vijayawada,label,3.65,16.4977,80.6471,1,26,22,21290,21290,stretched
warehouse,1604912299,SS VIJAYAWADA CURRENCY NAGAR ES2,vijayawada,16.5115306,80.6160469,0,vijayawada,label,3.65,16.4977,80.6471,1,26,22,21290,21290,stretched
warehouse,4055802764,SS VIJAYAWADA GOVERNERPET ES8,vijayawada,16.5115306,80.6160469,0,vijayawada,label,3.65,16.4977,80.6471,1,26,22,21290,21290,stretched
warehouse,2415850250,SS VIJAYAWADA KANURU ES4,vijayawada,16.5115306,80.6160469,0,vijayawada,label,3.65,16.4977,80.6471,1,26,22,21290,21290,stretched
warehouse,129522090,SS VIJAYAWADA MANGALAGIRI ES27,vijayawada,16.5115306,80.6160469,0,vijayawada,label,3.65,16.4977,80.6471,1,26,22,21290,21290,stretched
warehouse,4255231921,SS VIJAYAWADA PATAMATA ES23,vijayawada,16.5115306,80.6160469,0,vijayawada,label,3.65,16.4977,80.6471,1,26,22,21290,21290,stretched
warehouse,1594897338,SS VIJAYAWADA SINGH NAGAR ES17,vijayawada,16.5115306,80.6160469,0,vijayawada,label,3.65,16.4977,80.6471,1,26,22,21290,21290,stretched
warehouse,2063791135,SS VIJAYAWADA TADEPALLI ES5,vijayawada,16.5115306,80.6160469,0,vijayawada,label,3.65,16.4977,80.6471,1,26,22,21290,21290,stretched
warehouse,960342070,SS WARANGAL HANAMKONDA ES1,hyderabad,17.360589,78.4740613,0,hyderabad,label,3.03,17.385,78.4867,3,100,131,39128,13042,proportional
warehouse,3123828591,SS WARANGAL KARIMNAGAR ES2,hyderabad,17.360589,78.4740613,0,hyderabad,label,3.03,17.385,78.4867,3,100,131,39128,13042,proportional
warehouse,3977845305,SS WARANGAL SHERPURA ES3,hyderabad,17.360589,78.4740613,0,hyderabad,label,3.03,17.385,78.4867,3,100,131,39128,13042,proportional
warehouse,1692230311,SUPER STORE AHMEDABAD - WAREHOUSE,ahmedabad,23.0215374,72.5800568,0,ahmedabad,label,30.72,22.9086,72.3062,1,38,118,38470,38470,stretched
warehouse,3601327809,SUPER STORE BAMNOLI F&V CPC - WAREHOUSE,bamnoli,28.5441341,77.0315979,0,gurgaon,city-nearest,9.42,28.4595,77.0266,1,7,87,898,898,concentrated
warehouse,3015988493,SUPER STORE BENGALURU - WAREHOUSE,bengaluru,12.9767936,77.590082,0,bengaluru,label,24.74,13.082,77.7913,3,59,220,52882,17627,stretched
warehouse,1075265029,SUPER STORE BENGALURU BELLANDUR PC - WAREHOUSE,bengaluru,12.9767936,77.590082,0,bengaluru,label,24.74,13.082,77.7913,3,59,220,52882,17627,stretched
warehouse,2789368878,SUPER STORE BENGALURU F&V CPC - WAREHOUSE,bengaluru,12.9767936,77.590082,0,bengaluru,label,24.74,13.082,77.7913,3,59,220,52882,17627,stretched
warehouse,4271256579,SUPER STORE BENGALURU INDIRANAGAR ES27,bengaluru,12.9767936,77.590082,0,bengaluru,label,24.74,13.082,77.7913,3,59,220,52882,17627,stretched
warehouse,3570245448,SUPER STORE BENGALURU KAMAKSHIPALYA ES15 PR,bengaluru,12.9767936,77.590082,0,bengaluru,label,24.74,13.082,77.7913,3,59,220,52882,17627,stretched
warehouse,4032454613,SUPER STORE BENGALURU KANAKPURA ES4,bengaluru,12.9767936,77.590082,0,bengaluru,label,24.74,13.082,77.7913,3,59,220,52882,17627,stretched
warehouse,2649461395,SUPER STORE BUDHPUR CPC F&V - WAREHOUSE,budhpur,28.7836683,77.1385885,0,kundli,city-nearest,26.55,29.0048,77.0358,1,4,20,7830,7830,proportional
warehouse,945130652,SUPER STORE DELHI JHILMIL PC3 - WAREHOUSE,delhi,28.6138954,77.2090057,0,noida,city-majority,19.79,28.5355,77.391,1,25,317,2527,2527,concentrated
warehouse,21858133,SUPER STORE DELHI MOHAN GARDEN PC - WAREHOUSE,budhpur,28.7836683,77.1385885,0,kundli,city-nearest,26.55,29.0048,77.0358,1,4,20,7830,7830,proportional
warehouse,3717295098,SUPER STORE HYDERABAD F&V CPC - WAREHOUSE,hyderabad,17.360589,78.4740613,0,hyderabad,label,3.03,17.385,78.4867,3,100,131,39128,13042,proportional
warehouse,251477998,SUPER STORE HYDERABAD FILM NAGAR ES8,hyderabad,17.360589,78.4740613,0,hyderabad,label,3.03,17.385,78.4867,3,100,131,39128,13042,proportional
warehouse,1471757942,SUPER STORE HYDERABAD HIMAYATNAGAR ES32,hyderabad,17.360589,78.4740613,0,hyderabad,label,3.03,17.385,78.4867,3,100,131,39128,13042,proportional
warehouse,3130642289,SUPER STORE HYDERABAD KOMPALLY ES27,hyderabad,17.360589,78.4740613,0,hyderabad,label,3.03,17.385,78.4867,3,100,131,39128,13042,proportional
warehouse,212661140,SUPER STORE HYDERABAD LANCO HILLS ES22,hyderabad,17.360589,78.4740613,0,hyderabad,label,3.03,17.385,78.4867,3,100,131,39128,13042,proportional
warehouse,1597017313,SUPER STORE HYDERABAD NALAGANDLA ES3,hyderabad,17.360589,78.4740613,0,hyderabad,label,3.03,17.385,78.4867,3,100,131,39128,13042,proportional
warehouse,2920412713,SUPER STORE HYDERABAD SHAIKPET ES11,hyderabad,17.360589,78.4740613,0,hyderabad,label,3.03,17.385,78.4867,3,100,131,39128,13042,proportional
warehouse,1661077231,SUPER STORE JAIPUR F&V CPC - WAREHOUSE,jaipur,26.9154576,75.8189817,0,jaipur,label,11.87,26.8108,75.7953,2,11,77,28186,14093,proportional
warehouse,1453052476,SUPER STORE JAIPUR J2 - WAREHOUSE,jaipur,26.9154576,75.8189817,0,jaipur,label,11.87,26.8108,75.7953,2,11,77,28186,14093,proportional
warehouse,4234018578,SUPER STORE KOLKATA K3 HOLISOL - WAREHOUSE,kolkata,22.5726459,88.3638953,0,kolkata,label,11.72,22.674,88.3325,3,11,121,18889,6296,proportional
warehouse,243886658,SUPER STORE LUCKNOW F&V CPC - WAREHOUSE,lucknow,26.8381,80.9346001,0,lucknow,label,8.03,26.7875,80.9923,2,7,92,39582,19791,stretched
warehouse,834300978,SUPER STORE NOIDA F&V CPC - WAREHOUSE,noida,28.5706333,77.3272147,0,noida,label,7.35,28.5355,77.391,1,25,317,2527,2527,concentrated
warehouse,3577826355,SUPER STORE PUNE F&V CPC - WAREHOUSE,pune,18.5213738,73.8545071,0,pune,label,18.28,18.6714,73.7836,2,24,119,19984,9992,proportional
warehouse,850280514,SUPER STORE UP NOIDA PC4 - WAREHOUSE,noida,28.5706333,77.3272147,0,noida,label,7.35,28.5355,77.391,1,25,317,2527,2527,concentrated
warehouse,1634564982,SUPER STORE UPNCR GYANI BORDER ES11,delhi,28.6138954,77.2090057,0,noida,city-majority,19.79,28.5355,77.391,1,25,317,2527,2527,concentrated
warehouse,1103461181,SURAT S1 - FEEDER,surat,21.2094892,72.8317058,0,surat,label,4.37,21.1702,72.8311,2,7,30,10654,5327,proportional
warehouse,1933223560,UDAIPUR DELHI GATE CIRLCE ES11,udaipur,24.578721,73.6862571,0,ahmedabad,city-nearest,232.84,22.9086,72.3062,1,38,118,38470,38470,stretched
warehouse,2871355429,VARANASI V1 - FEEDER,varanasi,25.3356491,83.0076292,0,varanasi,label,3.94,25.3176,82.9739,2,8,34,18808,9404,proportional
warehouse,730786636,VARANASI V2VARANASI V2 - FEEDER WAREHOUSE - FEEDER WAREHOUSE,varanasi,25.3356491,83.0076292,0,varanasi,label,3.94,25.3176,82.9739,2,8,34,18808,9404,proportional
warehouse,3738407000,VISAKHAPATNAM V1 - FEEDER,visakhapatnam,17.6935526,83.2921297,0,visakhapatnam,label,9.89,17.7487,83.2189,1,6,20,4779,4779,proportional
darkstore,29581,Super Store - Delhi Jhilmil ES1,delhi,28.674685,77.30319,,noida,city-majority,17.69,28.5355,77.391,1,25,317,2527,2527,concentrated
darkstore,29650,Super Store - Gurgaon Sector 112 ES14,gurgaon,28.510794,77.02068,,gurgaon,label,5.73,28.4595,77.0266,1,7,87,898,898,concentrated
darkstore,29859,Super Store - Kolkata Laketown ES1,kolkata,22.603031,88.40449,,kolkata,label,10.81,22.674,88.3325,3,11,121,18889,6296,proportional
darkstore,29861,Super Store - Ahmedabad Chandkheda ES1,ahmedabad,23.126696,72.557014,,ahmedabad,label,35.31,22.9086,72.3062,1,38,118,38470,38470,stretched
darkstore,30024,Super Store - Mumbai Mazgaon ES2,mumbai,18.954624,72.83971,,mumbai,label,34.98,19.0513,73.1563,3,13,189,9344,3115,concentrated
darkstore,30175,Super Store - Delhi Shalimar Bagh ES10,delhi,28.712389,77.15527,,noida,city-majority,30.27,28.5355,77.391,1,25,317,2527,2527,concentrated
darkstore,30248,Super Store - Bengaluru Kanakpura ES4,bengaluru,12.895992,77.55438,,bengaluru,label,28.86,12.7159,77.746,3,59,220,52882,17627,stretched
darkstore,30299,Super Store - Delhi Badli ES19,delhi,28.743301,77.15414,,noida,city-majority,32.68,28.5355,77.391,1,25,317,2527,2527,concentrated
darkstore,30303,Super Store - UPNCR Gyani Border ES11,ghaziabad,28.674564,77.329025,,noida,city-majority,16.6,28.5355,77.391,1,25,317,2527,2527,concentrated
darkstore,30308,Super Store - Faridabad Arjun Vatika ES6,faridabad,28.3501,77.316734,,faridabad,label,6.54,28.4089,77.3178,1,7,53,10208,10208,proportional
darkstore,30315,Super Store - Delhi Maaldev Market ES27,delhi,28.590866,77.3054,,noida,city-majority,10.38,28.5355,77.391,1,25,317,2527,2527,concentrated
darkstore,30320,Super Store - UPNCR Sakipur ES16,ghaziabad,28.48636,77.53471,,noida,city-majority,15.07,28.5355,77.391,1,25,317,2527,2527,concentrated
darkstore,30322,Super Store - Faridabad New DLF ES7,faridabad,28.441917,77.33518,,faridabad,label,4.05,28.4089,77.3178,1,7,53,10208,10208,proportional
darkstore,30375,Super Store - Gurgaon DLF Phase 3 ES28,gurgaon,28.495869,77.1018,,gurgaon,label,8.39,28.4595,77.0266,1,7,87,898,898,concentrated
darkstore,30377,Super Store - Bengaluru Kormangala ES14,bengaluru,12.949708,77.60332,,bengaluru,label,25.12,13.082,77.7913,3,59,220,52882,17627,stretched
darkstore,30378,Super Store - Bengaluru NR Layout ES3,bengaluru,13.009331,77.65271,,bengaluru,label,17.05,13.082,77.7913,3,59,220,52882,17627,stretched
darkstore,30415,Super Store - UPNCR Sector 143 ES17,delhi,28.500172,77.43452,,noida,city-majority,5.79,28.5355,77.391,1,25,317,2527,2527,concentrated
darkstore,30421,Super Store - Jaipur Nirman Nagar ES2,jaipur,26.88431,75.75217,,jaipur,label,9.23,26.8108,75.7953,2,11,77,28186,14093,proportional
darkstore,30422,Super Store - Jaipur Adarsh Nagar ES5,jaipur,26.912031,75.837875,,jaipur,label,12.02,26.8108,75.7953,2,11,77,28186,14093,proportional
darkstore,30442,Super Store - Pune Wadgaon Sheri ES3,pune,18.54803,73.936066,,pune,label,21.13,18.6714,73.7836,2,24,119,19984,9992,proportional
darkstore,30446,Super Store - Kolkata Joka ES17,kolkata,22.445274,88.30843,,kolkata,label,14.41,22.4825,88.1741,3,11,121,18889,6296,proportional
darkstore,30471,Super Store - Jaipur Bais Godam ES6,jaipur,26.91423,75.76684,,jaipur,label,11.84,26.8108,75.7953,2,11,77,28186,14093,proportional
darkstore,30474,Super Store - Delhi Vasant Kunj ES35,delhi,28.515665,77.136665,,noida,city-majority,24.95,28.5355,77.391,1,25,317,2527,2527,concentrated
darkstore,30484,Super Store - Lucknow Nishatganj ES4,lucknow,26.86485,80.96991,,lucknow,label,8.88,26.7875,80.9923,2,7,92,39582,19791,stretched
darkstore,30485,Super Store - Lucknow Vivek Khand ES6,lucknow,26.858433,80.99548,,lucknow,label,7.89,26.7875,80.9923,2,7,92,39582,19791,stretched
darkstore,30492,Super Store - Kolkata Canal Circular Rd ES18,kolkata,22.57052,88.383606,,kolkata,label,12.65,22.674,88.3325,3,11,121,18889,6296,proportional
darkstore,30513,Super Store - Pune Hadapsar ES5,pune,18.523209,73.91908,,pune,label,21.8,18.6714,73.7836,2,24,119,19984,9992,proportional
darkstore,30548,Super Store - Kolkata Kamalgazi ES12,kolkata,22.43146,88.388756,,kolkata,label,22.78,22.4825,88.1741,3,11,121,18889,6296,proportional
darkstore,30549,Super Store - Kolkata Nazirabad ES9,kolkata,22.510742,88.43005,,kolkata,label,20.73,22.674,88.3325,3,11,121,18889,6296,proportional
darkstore,30551,Super Store - Kolkata Tangra ES16,kolkata,22.542877,88.38842,,kolkata,label,15.67,22.674,88.3325,3,11,121,18889,6296,proportional
darkstore,30558,Super Store - Bengaluru Kadugodi ES7,bengaluru,12.99867,77.73715,,bengaluru,label,10.97,13.082,77.7913,3,59,220,52882,17627,stretched
darkstore,30559,Super Store - Bengaluru HAL ES10,bengaluru,12.9416,77.6594,,bengaluru,label,21.16,13.082,77.7913,3,59,220,52882,17627,stretched
darkstore,30560,Super Store - Ahmedabad Satellite ES6,ahmedabad,23.028675,72.53561,,ahmedabad,label,27.02,22.9086,72.3062,1,38,118,38470,38470,stretched
darkstore,30563,Super Store - Hyderabad Toli Chowki ES6,hyderabad,17.3835,78.415436,,hyderabad,label,7.56,17.385,78.4867,3,100,131,39128,13042,proportional
darkstore,30566,Super Store - Bengaluru Kamakshipalya ES15,bengaluru,12.983489,77.531715,,bengaluru,label,30.18,13.082,77.7913,3,59,220,52882,17627,stretched
darkstore,30579,Super Store - Pune Aundh ES4,pune,18.568092,73.808815,,pune,label,11.79,18.6714,73.7836,2,24,119,19984,9992,proportional
darkstore,30608,Super Store - UPNCR Vasundhara ES15,ghaziabad,28.661627,77.36637,,noida,city-majority,14.23,28.5355,77.391,1,25,317,2527,2527,concentrated
darkstore,30614,Super Store - Bengaluru Haralur ES25,bengaluru,12.881313,77.658356,,bengaluru,label,20.7,12.7159,77.746,3,59,220,52882,17627,stretched
darkstore,30615,Super Store - Pune Kondhwa ES6,pune,18.477993,73.90082,,pune,label,24.8,18.6714,73.7836,2,24,119,19984,9992,proportional
darkstore,30622,Super Store - Bengaluru Mahadevpura ES24,bengaluru,12.988562,77.69099,,bengaluru,label,15.03,13.082,77.7913,3,59,220,52882,17627,stretched
darkstore,30638,Super Store - Bengaluru Hongasandra ES30 LD,bengaluru,12.879879,77.62583,,bengaluru,label,22.41,12.7159,77.746,3,59,220,52882,17627,stretched
darkstore,30644,Super Store - Chennai Sholinganallur ES4,chennai,12.904987,80.228,,chennai,label,20.3,13.0827,80.2707,3,13,98,33883,11294,proportional
darkstore,30647,Super Store - Bengaluru Anandpura ES12,bengaluru,13.008266,77.6844,,bengaluru,label,14.19,13.082,77.7913,3,59,220,52882,17627,stretched
darkstore,30650,Super Store - Hyderabad Film Nagar ES8,hyderabad,17.412607,78.40687,,hyderabad,label,9.01,17.385,78.4867,3,100,131,39128,13042,proportional
darkstore,30660,Super Store - Mumbai Worli ES15,mumbai,18.983334,72.816666,,mumbai,label,36.5,19.0513,73.1563,3,13,189,9344,3115,concentrated
darkstore,30663,Super Store - Kolkata Shibpur ES19,howrah,22.5631,88.32497,,kolkata,city-nearest,12.36,22.674,88.3325,3,11,121,18889,6296,proportional
darkstore,30664,Super Store - Bengaluru Indiranagar ES27,bengaluru,12.962414,77.6323,,bengaluru,label,21.76,13.082,77.7913,3,59,220,52882,17627,stretched
darkstore,30667,Super Store - Pune Pimple Saudagar ES10,pune,18.60497,73.7793,,pune,label,7.4,18.6714,73.7836,2,24,119,19984,9992,proportional
darkstore,30668,Super Store - Kolkata Gallif Street ES21,kolkata,22.610119,88.36962,,kolkata,label,8.06,22.674,88.3325,3,11,121,18889,6296,proportional
darkstore,30673,Super Store - Mumbai Govandi Chembur ES9,mumbai,19.037956,72.91116,,mumbai,label,25.81,19.0513,73.1563,3,13,189,9344,3115,concentrated
darkstore,30677,Super Store - Gurgaon Sector 5 ES37,gurgaon,28.471167,77.02866,,gurgaon,label,1.31,28.4595,77.0266,1,7,87,898,898,concentrated
darkstore,30681,Super Store - Pune Kasturi Chowk ES8,pune,18.5015,73.847336,,pune,label,20.05,18.6714,73.7836,2,24,119,19984,9992,proportional
darkstore,30691,Super Store - UPNCR Gaur City 1 ES23,delhi,28.608433,77.4084,,noida,city-majority,8.29,28.5355,77.391,1,25,317,2527,2527,concentrated
darkstore,30693,Super Store - Delhi Paschim Vihar ES32,delhi,28.67058,77.09076,,noida,city-majority,32.94,28.5355,77.391,1,25,317,2527,2527,concentrated
darkstore,30697,Super Store - Chennai Perambur ES6,chennai,13.096103,80.24545,,chennai,label,3.11,13.0827,80.2707,3,13,98,33883,11294,proportional
darkstore,30699,Super Store - UPNCR Noida Sector 45 ES20,noida,28.540867,77.34707,,noida,label,4.33,28.5355,77.391,1,25,317,2527,2527,concentrated
darkstore,30708,Super Store - Delhi NFC ES48 PR,delhi,28.570837,77.27641,,noida,city-majority,11.86,28.5355,77.391,1,25,317,2527,2527,concentrated
darkstore,30710,Super Store - Mumbai Mahakali Caves ES26 (LA),mumbai,19.12992,72.86461,,mumbai,label,23.83,19.2433,73.0572,3,13,189,9344,3115,concentrated
darkstore,30720,Super Store -  Bengaluru Electronic City ES18 PR,bengaluru,12.836048,77.65609,,bengaluru,label,16.54,12.7159,77.746,3,59,220,52882,17627,stretched
darkstore,30724,Super Store - Delhi Gautam Nagar ES15,delhi,28.557142,77.21589,,noida,city-majority,17.27,28.5355,77.391,1,25,317,2527,2527,concentrated
darkstore,30725,Super Store - Faridabad Sector 16 ES9,faridabad,28.413313,77.32136,,faridabad,label,0.6,28.4089,77.3178,1,7,53,10208,10208,proportional
darkstore,30729,Super Store - Hyderabad Lanco Hills ES22,hyderabad,17.407084,78.36934,,hyderabad,label,12.69,17.385,78.4867,3,100,131,39128,13042,proportional
darkstore,30741,Super Store - Hyderabad Nalagandla ES3,hyderabad,17.475302,78.29091,,hyderabad,label,23.07,17.385,78.4867,3,100,131,39128,13042,proportional
darkstore,30752,Super Store - Kolkata Kalighat ES23,kolkata,22.519423,88.344795,,kolkata,label,17.23,22.674,88.3325,3,11,121,18889,6296,proportional
darkstore,30765,Super Store - Hyderabad Kompally ES27,hyderabad,17.533398,78.488525,,hyderabad,label,8.04,17.5366,78.5643,3,100,131,39128,13042,proportional
darkstore,30771,Super Store - Bengaluru Bellandur ES38,bengaluru,12.94349,77.68936,,bengaluru,label,18.95,13.082,77.7913,3,59,220,52882,17627,stretched
darkstore,30775,Super Store - Delhi Rana Pratap Bagh ES46,delhi,28.687765,77.201294,,noida,city-majority,25.09,28.5355,77.391,1,25,317,2527,2527,concentrated
darkstore,30779,Super Store - Delhi Ashram ES24 PR,delhi,28.573505,77.25592,,noida,city-majority,13.85,28.5355,77.391,1,25,317,2527,2527,concentrated
darkstore,30782,Super Store - Gurgaon DLF Phase 1 ES13,gurgaon,28.469326,77.09795,,gurgaon,label,7.06,28.4595,77.0266,1,7,87,898,898,concentrated
darkstore,30786,Super Store - Gurgaon DLF Phase 2 ES36,gurgaon,28.49421,77.08727,,gurgaon,label,7.08,28.4595,77.0266,1,7,87,898,898,concentrated
darkstore,30788,Super Store - Bengaluru Arekere ES33,bengaluru,12.883168,77.59002,,bengaluru,label,25.14,12.7159,77.746,3,59,220,52882,17627,stretched
darkstore,30790,Super Store - Delhi Jhandewalan ES75,delhi,28.641483,77.20811,,noida,city-majority,21.4,28.5355,77.391,1,25,317,2527,2527,concentrated
darkstore,30792,Super Store - Bengaluru Manipal County Rd ES20,bengaluru,12.871178,77.637344,,bengaluru,label,20.9,12.7159,77.746,3,59,220,52882,17627,stretched
darkstore,30795,Super Store - Mumbai Goregaon West ES21,mumbai,19.15462,72.834984,,mumbai,label,25.33,19.2433,73.0572,3,13,189,9344,3115,concentrated
darkstore,30801,Super Store - Kolkata Haridevpur ES13,kolkata,22.482462,88.34007,,kolkata,label,17.05,22.4825,88.1741,3,11,121,18889,6296,proportional
darkstore,30802,Super Store - UPNCR Noida Sector 93 ES12 PR,noida,28.5242,77.37207,,noida,label,2.24,28.5355,77.391,1,25,317,2527,2527,concentrated
darkstore,30817,Super Store - Kolkata Mominpore ES8 PR,kolkata,22.531042,88.31446,,kolkata,label,15.4,22.4825,88.1741,3,11,121,18889,6296,proportional
darkstore,30819,Super Store - Kolkata Liluah ES22 PR,howrah,22.627916,88.33729,,kolkata,city-nearest,5.15,22.674,88.3325,3,11,121,18889,6296,proportional
darkstore,30821,Super Store - Pune Hinjawadi Phase 1 ES11,pune,18.584599,73.7367,,pune,label,10.84,18.6714,73.7836,2,24,119,19984,9992,proportional
darkstore,30832,Super Store - Bengaluru Thanisandra ES13,bengaluru,13.077042,77.64209,,bengaluru,label,16.17,13.082,77.7913,3,59,220,52882,17627,stretched
darkstore,30836,Super Store - Delhi Panchsheel Vihar ES64,delhi,28.538994,77.218956,,noida,city-majority,16.81,28.5355,77.391,1,25,317,2527,2527,concentrated
darkstore,30850,Super Store - Delhi Prashant Vihar ES63,delhi,28.718937,77.13892,,noida,city-majority,31.96,28.5355,77.391,1,25,317,2527,2527,concentrated
darkstore,30860,Super Store - Mumbai Kurla West ES24,mumbai,19.083763,72.88749,,mumbai,label,25.15,19.2433,73.0572,3,13,189,9344,3115,concentrated
darkstore,30865,Super Store - UPNCR Vaishali Sec1 ES38,vaishali,28.639935,77.336876,,noida,city-nearest,12.76,28.5355,77.391,1,25,317,2527,2527,concentrated
darkstore,30868,Super Store - Chandigarh Industrial Area ES1,chandigarh,30.703407,76.801834,,mohali,city-nearest,9.88,30.7028,76.6985,1,1,62,7121,7121,proportional
darkstore,30872,Super Store - Kolkata Belgachia ES25,kolkata,22.601511,88.40039,,kolkata,label,10.65,22.674,88.3325,3,11,121,18889,6296,proportional
darkstore,30874,Super Store - Pune Dhanori ES13,pune,18.559834,73.889,,pune,label,16.65,18.6714,73.7836,2,24,119,19984,9992,proportional
darkstore,30881,Super Store - Hyderabad Shaikpet ES11,hyderabad,17.390093,78.40923,,hyderabad,label,8.24,17.385,78.4867,3,100,131,39128,13042,proportional
darkstore,30900,Super Store - Delhi Sarita Vihar ES81,delhi,28.531725,77.30022,,noida,city-majority,8.88,28.5355,77.391,1,25,317,2527,2527,concentrated
darkstore,30902,Super Store - Lucknow Krishna Nagar ES15,lucknow,26.80906,80.88251,,lucknow,label,9.26,26.7474,80.9452,2,7,92,39582,19791,stretched
darkstore,30908,Super Store - Delhi Defence Colony ES71,delhi,28.59305,77.21184,,noida,city-majority,18.63,28.5355,77.391,1,25,317,2527,2527,concentrated
darkstore,30909,Super Store - UPNCR Shyam Park ES39 PR,ghaziabad,28.670162,77.39593,,noida,city-majority,14.98,28.5355,77.391,1,25,317,2527,2527,concentrated
darkstore,30912,Super Store - UPNCR Crossings Republik ES13,ghaziabad,28.621378,77.44273,,noida,city-majority,10.8,28.5355,77.391,1,25,317,2527,2527,concentrated
darkstore,30930,Super Store - Mumbai Borivali West ES17,mumbai,19.22569,72.85168,,mumbai,label,21.67,19.2433,73.0572,3,13,189,9344,3115,concentrated
darkstore,30940,Super Store - Delhi Prahladpur ES79,delhi,28.509283,77.29092,,noida,city-majority,10.2,28.5355,77.391,1,25,317,2527,2527,concentrated
darkstore,30942,Super Store - Delhi Sant Nagar ES70,delhi,28.552853,77.24941,,noida,city-majority,13.96,28.5355,77.391,1,25,317,2527,2527,concentrated
darkstore,30985,Super Store - Delhi Rajouri Garden ES62,delhi,28.646166,77.112,,noida,city-majority,29.89,28.5355,77.391,1,25,317,2527,2527,concentrated
darkstore,30987,Super Store - Delhi Tilak Nagar ES45,delhi,28.64135,77.107895,,noida,city-majority,30.04,28.5355,77.391,1,25,317,2527,2527,concentrated
darkstore,30993,Super Store - Bengaluru Balagere Road ES36,bengaluru,12.924933,77.74274,,bengaluru,label,18.24,13.082,77.7913,3,59,220,52882,17627,stretched
darkstore,30995,Super Store - Bengaluru Frazer Town ES43,bengaluru,13.0083685,77.60381,,bengaluru,label,21.9,13.082,77.7913,3,59,220,52882,17627,stretched
darkstore,30998,Super Store - Lucknow Gudamba ES21,lucknow,26.936487,80.99263,,lucknow,label,16.57,26.7875,80.9923,2,7,92,39582,19791,stretched
darkstore,31000,Super Store - Lucknow Manas Enclave ES12,lucknow,26.909279,80.99915,,lucknow,label,13.56,26.7875,80.9923,2,7,92,39582,19791,stretched
darkstore,31004,Super Store - Gurgaon Sector 49 ES3,gurgaon,28.407166,77.05874,,gurgaon,label,6.61,28.4595,77.0266,1,7,87,898,898,concentrated
darkstore,31007,Super Store - Bengaluru Malleshpalya ES11,bengaluru,12.974934,77.67606,,bengaluru,label,17.25,13.082,77.7913,3,59,220,52882,17627,stretched
darkstore,31012,Super Store - Hyderabad KPHB-V ES28,hyderabad,17.49507,78.388275,,hyderabad,label,16.09,17.385,78.4867,3,100,131,39128,13042,proportional
darkstore,31014,Super Store - Gurgaon Sector 57 ES49,gurgaon,28.428108,77.087715,,gurgaon,label,6.92,28.4595,77.0266,1,7,87,898,898,concentrated
darkstore,31015,Super Store - Kolkata Maniktala ES15,kolkata,22.581627,88.38262,,kolkata,label,11.49,22.674,88.3325,3,11,121,18889,6296,proportional
darkstore,31021,Super Store - Bengaluru Bellandur 2 ES34,bengaluru,12.926118,77.67188,,bengaluru,label,21.63,13.082,77.7913,3,59,220,52882,17627,stretched
darkstore,31025,Super Store - Bengaluru E-City Phase1 ES46,bengaluru,12.848947,77.64763,,bengaluru,label,18.24,12.7159,77.746,3,59,220,52882,17627,stretched
darkstore,31026,Super Store - Pune Bavdhan ES24,pune,18.509047,73.78374,,pune,label,18.05,18.6714,73.7836,2,24,119,19984,9992,proportional
darkstore,31033,Super Store - Bengaluru E-City Phase-2 ES47,bengaluru,12.817388,77.70883,,bengaluru,label,11.98,12.7159,77.746,3,59,220,52882,17627,stretched
darkstore,31038,Super Store - Mumbai Seawoods ES30,thane,19.037685,73.00865,,mumbai,city-nearest,15.59,19.0513,73.1563,3,13,189,9344,3115,concentrated
darkstore,31045,Super Store - Delhi Rajendra Place ES83,delhi,28.642931,77.178154,,noida,city-majority,23.97,28.5355,77.391,1,25,317,2527,2527,concentrated
darkstore,31054,Super Store - Chennai Chitlapakkam ES5,chennai,12.926178,80.11126,,chennai,label,24.52,13.0827,80.2707,3,13,98,33883,11294,proportional
darkstore,31058,Super Store - Hyderabad Pragathinagar ES30,hyderabad,17.533398,78.406944,,hyderabad,label,16.69,17.5366,78.5643,3,100,131,39128,13042,proportional
darkstore,31059,Super Store - Kolkata Dumdum ES32,kolkata,22.636217,88.39688,,kolkata,label,7.83,22.674,88.3325,3,11,121,18889,6296,proportional
darkstore,31068,Super Store - Jaipur Vaishali Nagar ES9,jaipur,26.917473,75.73327,,jaipur,label,13.36,26.8108,75.7953,2,11,77,28186,14093,proportional
darkstore,31072,Super Store - Kolkata Khardaha ES29,kolkata,22.735825,88.37398,,kolkata,label,8.08,22.674,88.3325,3,11,121,18889,6296,proportional
darkstore,31076,Super Store - Kolkata New Town ES35,kolkata,22.589827,88.48504,,kolkata,label,16.01,22.7337,88.4787,3,11,121,18889,6296,proportional
darkstore,31084,Super Store - Delhi Model Town ES113,delhi,28.725252,77.18516,,noida,city-majority,29.13,28.5355,77.391,1,25,317,2527,2527,concentrated
darkstore,31086,Super Store - Delhi Punjabi Bagh West ES93,delhi,28.680286,77.11295,,noida,city-majority,31.56,28.5355,77.391,1,25,317,2527,2527,concentrated
darkstore,31090,Super Store - Ludhiana Model Town ES3,ludhiana,30.883127,75.8619,,ludhiana,label,2.02,30.9009,75.8573,2,2,51,38214,19107,stretched
darkstore,31092,Super Store - Ludhiana Civil Lines ES1,ludhiana,30.925962,75.806725,,ludhiana,label,5.57,30.9009,75.8573,2,2,51,38214,19107,stretched
darkstore,31102,Super Store - Mumbai Marine Lines ES37,mumbai,18.953257,72.82747,,mumbai,label,36.25,19.0513,73.1563,3,13,189,9344,3115,concentrated
darkstore,31108,Super Store - Bengaluru JP Nagar 8th Phase ES56,bengaluru,12.872814,77.58645,,bengaluru,label,24.57,12.7159,77.746,3,59,220,52882,17627,stretched
darkstore,31115,Super Store - Delhi Naraina Phase-2 ES96,delhi,28.621166,77.162,,noida,city-majority,24.31,28.5355,77.391,1,25,317,2527,2527,concentrated
darkstore,31118,Super Store - UPNCR Chander Nagar ES36,ghaziabad,28.67194,77.34909,,noida,city-majority,15.71,28.5355,77.391,1,25,317,2527,2527,concentrated
darkstore,31126,Super Store - UPNCR Kaveri Marg ES3,ghaziabad,28.641768,77.36673,,noida,city-majority,12.05,28.5355,77.391,1,25,317,2527,2527,concentrated
darkstore,31130,Super Store - Bengaluru Kadubeesanahalli ES50,bengaluru,12.927641,77.70057,,bengaluru,label,19.78,13.082,77.7913,3,59,220,52882,17627,stretched
darkstore,31135,Super Store - Lucknow Ismailganj ES8,lucknow,26.879847,81.016594,,lucknow,label,10.55,26.7875,80.9923,2,7,92,39582,19791,stretched
darkstore,31166,Super Store - Kolkata Jadavpur ES40,kolkata,22.484194,88.37317,,kolkata,label,20.45,22.4825,88.1741,3,11,121,18889,6296,proportional
darkstore,31178,Super Store - Delhi Mahipalpur ES34,delhi,28.541594,77.12942,,noida,city-majority,25.56,28.5355,77.391,1,25,317,2527,2527,concentrated
darkstore,31189,Super Store - Kolkata NSC Bose Road ES30,kolkata,22.452972,88.368614,,kolkata,label,20.26,22.4825,88.1741,3,11,121,18889,6296,proportional
darkstore,31214,Super Store - Pune Ambegaon ES17,pune,18.438389,73.84459,,pune,label,26.7,18.6714,73.7836,2,24,119,19984,9992,proportional
darkstore,31220,Super Store - Lucknow Vrindavan Sec 12 ES23,vrindavan,26.761944,80.97329,,lucknow,city-majority,3.22,26.7474,80.9452,2,7,92,39582,19791,stretched
darkstore,31225,Super Store - Mumbai Powai ES41,mumbai,19.11716,72.91006,,mumbai,label,20.87,19.2433,73.0572,3,13,189,9344,3115,concentrated
darkstore,31228,Super Store - Bengaluru Basavanagudi ES51,bengaluru,12.924933,77.5594,,bengaluru,label,30.6,13.082,77.7913,3,59,220,52882,17627,stretched
darkstore,31237,Super Store - Hyderabad Himayatnagar ES32,hyderabad,17.389208,78.474754,,hyderabad,label,1.35,17.385,78.4867,3,100,131,39128,13042,proportional
darkstore,31244,Super Store - Bengaluru Kannamangala ES58,bengaluru,13.040951,77.77213,,bengaluru,label,5.01,13.082,77.7913,3,59,220,52882,17627,stretched
darkstore,31245,Super Store - Delhi West Patel Nagar ES132,delhi,28.663475,77.16501,,noida,city-majority,26.25,28.5355,77.391,1,25,317,2527,2527,concentrated
darkstore,31250,Super Store - Bengaluru Hosa Road 2 ES52,bengaluru,12.876028,77.67656,,bengaluru,label,19.33,12.7159,77.746,3,59,220,52882,17627,stretched
darkstore,31252,Super Store - Faridabad NIT-5 ES21,faridabad,28.399622,77.30496,,faridabad,label,1.63,28.4089,77.3178,1,7,53,10208,10208,proportional
darkstore,31260,Super Store - Delhi Mayur Vihar Phase-3 ES110,delhi,28.613455,77.3328,,noida,city-majority,10.37,28.5355,77.391,1,25,317,2527,2527,concentrated
darkstore,31264,Super Store - Delhi SSN Marg ES82,delhi,28.501593,77.18192,,noida,city-majority,20.77,28.5355,77.391,1,25,317,2527,2527,concentrated
darkstore,31267,Super Store - Mumbai Kharghar ES39,panvel,19.045433,73.07357,,mumbai,city-nearest,8.72,19.0513,73.1563,3,13,189,9344,3115,concentrated
darkstore,31275,Super Store - Lucknow Chinhat ES11,lucknow,26.890423,81.05006,,lucknow,label,12.8,26.7875,80.9923,2,7,92,39582,19791,stretched
darkstore,31277,Super Store - Bengaluru Rajaji Nagar ES63,bengaluru,12.992089,77.544815,,bengaluru,label,28.51,13.082,77.7913,3,59,220,52882,17627,stretched
darkstore,31283,Super Store - Vadodara Gorwa ES2,vadodara,22.312067,73.1852,,ahmedabad,city-nearest,111.99,22.9086,72.3062,1,38,118,38470,38470,stretched
darkstore,31287,Super Store - Mumbai Nahur ES42,mumbai,19.160952,72.93693,,mumbai,label,15.6,19.2433,73.0572,3,13,189,9344,3115,concentrated
darkstore,31298,Super Store - Pune Bhumkar Chowk ES35,pune,18.613548,73.76258,,pune,label,6.8,18.6714,73.7836,2,24,119,19984,9992,proportional
darkstore,31304,Super Store - Bengaluru Hosa Road ES37,bengaluru,12.904802,77.682106,,bengaluru,label,22.12,12.7159,77.746,3,59,220,52882,17627,stretched
darkstore,31306,Super Store - Faridabad Sector 21 ES14,faridabad,28.411816,77.28947,,faridabad,label,2.79,28.4089,77.3178,1,7,53,10208,10208,proportional
darkstore,31307,Super Store - Gurgaon Sector 82 ES52,gurgaon,28.366575,76.95385,,gurgaon,label,12.55,28.4595,77.0266,1,7,87,898,898,concentrated
darkstore,31316,Super Store - Kolkata Mukundapur ES34,kolkata,22.48335,88.395905,,kolkata,label,22.18,22.674,88.3325,3,11,121,18889,6296,proportional
darkstore,31320,Super Store - Bengaluru Hoodi ES72,bengaluru,12.997789,77.73029,,bengaluru,label,11.46,13.082,77.7913,3,59,220,52882,17627,stretched
darkstore,31322,Super Store - Delhi Krishna Nagar ES91,krishna nagar,28.653273,77.28668,,noida,city-majority,16.59,28.5355,77.391,1,25,317,2527,2527,concentrated
darkstore,31336,Super Store - Bengaluru Chhanasandra ES67,bengaluru,12.974934,77.7594,,bengaluru,label,12.4,13.082,77.7913,3,59,220,52882,17627,stretched
darkstore,31344,Super Store - Meerut Mangal Pandey ES1,meerut,28.970146,77.74071,,dasna,city-nearest,32.53,28.7251,77.5582,2,2,15,4511,2256,concentrated
darkstore,31348,Super Store - Delhi Naharpur ES130,delhi,28.701334,77.12403,,noida,city-majority,31.92,28.5355,77.391,1,25,317,2527,2527,concentrated
darkstore,31351,Super Store - Vadodara Sayaji Park Society ES1,vadodara,22.287067,73.22687,,ahmedabad,city-nearest,117.09,22.9086,72.3062,1,38,118,38470,38470,stretched
darkstore,31357,Super Store - Gurgaon Sector 15 ES43,gurgaon,28.454746,77.0445,,gurgaon,label,1.83,28.4595,77.0266,1,7,87,898,898,concentrated
darkstore,31364,Super Store - Pune Wagholi 2 ES38,pune,18.570412,73.98918,,pune,label,24.4,18.6714,73.7836,2,24,119,19984,9992,proportional
darkstore,31372,Super Store - Delhi Laxmi Nagar ES57,delhi,28.643047,77.28051,,noida,city-majority,16.11,28.5355,77.391,1,25,317,2527,2527,concentrated
darkstore,31377,Super Store - UPNCR Noida Panchsheel Green ES59,noida,28.604582,77.47195,,noida,label,11.02,28.5355,77.391,1,25,317,2527,2527,concentrated
darkstore,31390,Super Store - Kolkata Salt Lake Sector-1 ES50,kolkata,22.597736,88.40441,,kolkata,label,11.24,22.674,88.3325,3,11,121,18889,6296,proportional
darkstore,31392,Super Store - UPNCR Ghaziabad Shastri Nagar ES44,ghaziabad,28.653576,77.461205,,noida,city-majority,14.81,28.5355,77.391,1,25,317,2527,2527,concentrated
darkstore,31394,Super Store - Faridabad Green Field ES11,faridabad,28.45457,77.28161,,faridabad,label,6.19,28.4089,77.3178,1,7,53,10208,10208,proportional
darkstore,31396,Super Store - Lucknow Jankipuram ES33,lucknow,26.925234,80.946175,,lucknow,label,15.98,26.7875,80.9923,2,7,92,39582,19791,stretched
darkstore,31398,Super Store - Gurgaon Sector 14 ES64,gurgaon,28.472725,77.04442,,gurgaon,label,2.28,28.4595,77.0266,1,7,87,898,898,concentrated
darkstore,31404,Super Store - Kolkata Baguihati ES46,kolkata,22.607487,88.41825,,kolkata,label,11.5,22.674,88.3325,3,11,121,18889,6296,proportional
darkstore,31406,Super Store - Chandigarh Sector 17 ES4,chandigarh,30.761452,76.783035,,mohali,city-nearest,10.38,30.7028,76.6985,1,1,62,7121,7121,proportional
darkstore,31408,Super Store - Delhi IP Extension ES78,delhi,28.633867,77.30959,,noida,city-majority,13.52,28.5355,77.391,1,25,317,2527,2527,concentrated
darkstore,31414,Super Store - Bengaluru Yelahanka ES49,bengaluru,13.0916,77.576065,,bengaluru,label,23.34,13.082,77.7913,3,59,220,52882,17627,stretched
darkstore,31424,Super Store - Hyderabad Zamistanpur ES41,hyderabad,17.408854,78.498856,,hyderabad,label,2.95,17.385,78.4867,3,100,131,39128,13042,proportional
darkstore,31434,Super Store - Bengaluru Pai Layout ES57,bengaluru,12.996517,77.66407,,bengaluru,label,16.74,13.082,77.7913,3,59,220,52882,17627,stretched
darkstore,31438,Super Store - Gurgaon Sector 48 ES50,gurgaon,28.421167,77.00367,,gurgaon,label,4.82,28.4595,77.0266,1,7,87,898,898,concentrated
darkstore,31445,Super Store - Pune Kharadi ES37,pune,18.559147,73.94982,,pune,label,21.51,18.6714,73.7836,2,24,119,19984,9992,proportional
darkstore,31446,Super Store - UPNCR Noida Sector 104 ES31,noida,28.534254,77.37008,,noida,label,2.05,28.5355,77.391,1,25,317,2527,2527,concentrated
darkstore,31448,Super Store - Kanpur Lal Bangla ES8,kanpur,26.41254,80.41576,,lucknow,city-nearest,64.49,26.7474,80.9452,2,7,92,39582,19791,stretched
darkstore,31454,Super Store - Faridabad Sector 37 ES13,faridabad,28.479874,77.30234,,faridabad,label,8.04,28.4089,77.3178,1,7,53,10208,10208,proportional
darkstore,31462,Super Store - Bengaluru DLF - Akshay Nagar ES73,bengaluru,12.877306,77.61324,,bengaluru,label,23.01,12.7159,77.746,3,59,220,52882,17627,stretched
darkstore,31466,Super Store - Pune Viman Nagar ES42,pune,18.573633,73.91439,,pune,label,17.55,18.6714,73.7836,2,24,119,19984,9992,proportional
darkstore,31468,Super Store - Kolkata Kestopur ES51,kolkata,22.59942,88.43141,,kolkata,label,13.11,22.674,88.3325,3,11,121,18889,6296,proportional
darkstore,31476,Super Store - Kanpur Barra-2 ES6,kanpur,26.4555,80.2698,,lucknow,city-nearest,74.58,26.7474,80.9452,2,7,92,39582,19791,stretched
darkstore,31482,Super Store - Mumbai Wadala ES27,mumbai,19.026009,72.87625,,mumbai,label,29.57,19.0513,73.1563,3,13,189,9344,3115,concentrated
darkstore,31486,Super Store - Pune Baner ES29,pune,18.553944,73.770386,,pune,label,13.13,18.6714,73.7836,2,24,119,19984,9992,proportional
darkstore,31490,Super Store - UPNCR Noida Sector 73 ES51,noida,28.578632,77.390854,,noida,label,4.8,28.5355,77.391,1,25,317,2527,2527,concentrated
darkstore,31494,Super Store - Delhi Green Park Extn ES97,delhi,28.553545,77.185555,,noida,city-majority,20.17,28.5355,77.391,1,25,317,2527,2527,concentrated
darkstore,31498,Super Store - UPNCR Ghaziabad Niti Khand-2 ES32,ghaziabad,28.634459,77.38629,,noida,city-majority,11.01,28.5355,77.391,1,25,317,2527,2527,concentrated
darkstore,31514,Super Store - Hyderabad Kondapur ES45,hyderabad,17.472935,78.368546,,hyderabad,label,15.9,17.385,78.4867,3,100,131,39128,13042,proportional
darkstore,31518,Super Store - Pune Gokul Nagar ES27,pune,18.434834,73.864,,pune,label,27.64,18.6714,73.7836,2,24,119,19984,9992,proportional
darkstore,31522,Super Store - UPNCR Ghaziabad Raj Nagar Extn ES28,ghaziabad,28.726944,77.40721,,noida,city-majority,21.35,28.5355,77.391,1,25,317,2527,2527,concentrated
darkstore,31530,Super Store - Bengaluru Jakkasandra ES65,bengaluru,12.921449,77.64215,,bengaluru,label,24.08,13.082,77.7913,3,59,220,52882,17627,stretched
darkstore,31532,Super Store - Bengaluru Jayanagar 4th Block ES71,bengaluru,12.937739,77.580986,,bengaluru,label,27.87,13.082,77.7913,3,59,220,52882,17627,stretched
darkstore,31547,Super Store - Mumbai Kopar Khairane ES49,mumbai,19.096329,73.011635,,mumbai,label,16.01,19.0513,73.1563,3,13,189,9344,3115,concentrated
darkstore,31552,Super Store - Gurgaon Sector 102 ES67,gurgaon,28.485443,76.9707,,gurgaon,label,6.18,28.4595,77.0266,1,7,87,898,898,concentrated
darkstore,31588,Super Store - Jaipur Jhotwara ES24,jaipur,26.93905,75.75935,,jaipur,label,10.87,27.032,75.7932,2,11,77,28186,14093,proportional
darkstore,31589,Super Store - Delhi Uttam Nagar ES59,delhi,28.626524,77.053635,,noida,city-majority,34.46,28.5355,77.391,1,25,317,2527,2527,concentrated
darkstore,31592,Super Store - Hyderabad Vijay Nagar ES35,hyderabad,17.3835,78.4571,,hyderabad,label,3.15,17.385,78.4867,3,100,131,39128,13042,proportional
darkstore,31606,Super Store - Delhi Hauz Khas ES106,delhi,28.548515,77.199684,,noida,city-majority,18.74,28.5355,77.391,1,25,317,2527,2527,concentrated
darkstore,31642,Super Store - Delhi Basant Gaon ES154,delhi,28.5616,77.165764,,noida,city-majority,22.19,28.5355,77.391,1,25,317,2527,2527,concentrated
darkstore,31645,Super Store - Delhi RK Puram Sector-12 ES117,delhi,28.570187,77.17055,,noida,city-majority,21.87,28.5355,77.391,1,25,317,2527,2527,concentrated
darkstore,31648,Super Store - Delhi Nand Nagari ES124,delhi,28.691177,77.32004,,noida,city-majority,18.64,28.5355,77.391,1,25,317,2527,2527,concentrated
darkstore,31654,Super Store - Mumbai Kandivali East ES50,mumbai,19.199675,72.87823,,mumbai,label,19.41,19.2433,73.0572,3,13,189,9344,3115,concentrated
darkstore,31661,Super Store - UPNCR Gr. Noida Beta 1 ES80,noida,28.486261,77.5169,,noida,label,13.47,28.5355,77.391,1,25,317,2527,2527,concentrated
darkstore,31664,Super Store - UPNCR Noida Sector 22 ES57,noida,28.590866,77.33873,,noida,label,8.0,28.5355,77.391,1,25,317,2527,2527,concentrated
darkstore,31669,Super Store - Chennai Velachery ES3,chennai,12.982075,80.24704,,chennai,label,11.48,13.0827,80.2707,3,13,98,33883,11294,proportional
darkstore,31675,Super Store - UPNCR Rani Laxmibai Nagar ES81,ghaziabad,28.621359,77.416954,,noida,city-majority,9.88,28.5355,77.391,1,25,317,2527,2527,concentrated
darkstore,31679,Super Store - Bengaluru Brookefield ES64,bengaluru,12.958266,77.717735,,bengaluru,label,15.9,13.082,77.7913,3,59,220,52882,17627,stretched
darkstore,31717,Super Store - Gurgaon Sector 47 ES63,gurgaon,28.421997,77.052505,,gurgaon,label,4.88,28.4595,77.0266,1,7,87,898,898,concentrated
darkstore,31719,Super Store - Gurgaon Nirvana Country ES44,gurgaon,28.409504,77.07735,,gurgaon,label,7.45,28.4595,77.0266,1,7,87,898,898,concentrated
darkstore,31755,Super Store - Chennai RK Salai ES8,chennai,13.0303335,80.25767,,chennai,label,5.99,13.0827,80.2707,3,13,98,33883,11294,proportional
darkstore,31757,Super Store - Chennai Mogappair ES9,chennai,13.091798,80.176056,,chennai,label,10.3,13.0827,80.2707,3,13,98,33883,11294,proportional
darkstore,31791,Super Store - Chennai Ashok Nagar ES10,chennai,13.032716,80.20054,,chennai,label,9.42,13.0827,80.2707,3,13,98,33883,11294,proportional
darkstore,31793,Super Store - Mumbai Mira Bhayandar 2 ES44,mira bhayandar,19.291666,72.85,,mumbai,city-nearest,22.4,19.2433,73.0572,3,13,189,9344,3115,concentrated
darkstore,31861,Super Store - Chennai Choolaimedu ES11,chennai,13.071669,80.211754,,chennai,label,6.5,13.0827,80.2707,3,13,98,33883,11294,proportional
darkstore,31862,Super Store - Chennai Mugalivakkam ES12,chennai,13.026019,80.1508,,chennai,label,14.44,13.0827,80.2707,3,13,98,33883,11294,proportional
darkstore,31931,Super Store - Lucknow Burlington ES32,lucknow,26.834402,80.952324,,lucknow,label,6.55,26.7875,80.9923,2,7,92,39582,19791,stretched
darkstore,31966,Super Store - Delhi Ashok Vihar Phase-2 ES111,delhi,28.671167,77.187,,noida,city-majority,24.98,28.5355,77.391,1,25,317,2527,2527,concentrated
darkstore,31967,Super Store - Gurgaon Ardee City ES77,gurgaon,28.43362,77.08623,,gurgaon,label,6.5,28.4595,77.0266,1,7,87,898,898,concentrated
darkstore,32002,Super Store - Kanpur Kidwai Nagar ES9,kanpur,26.427917,80.32039,,lucknow,city-nearest,71.57,26.7474,80.9452,2,7,92,39582,19791,stretched
darkstore,32036,Super Store - Delhi Rohini Sector 23 ES143,delhi,28.72452,77.072716,,noida,city-majority,37.51,28.5355,77.391,1,25,317,2527,2527,concentrated
darkstore,32038,Super Store - Delhi New Krishna Park ES163,delhi,28.629587,77.08447,,noida,city-majority,31.71,28.5355,77.391,1,25,317,2527,2527,concentrated
darkstore,32072,Super Store - Mumbai Lodha Palava ES51,mumbai,19.168825,73.0744,,mumbai,label,8.48,19.2433,73.0572,3,13,189,9344,3115,concentrated
darkstore,32254,Super Store - Pune Satara Road ES51,pune,18.4765,73.847336,,pune,label,22.69,18.6714,73.7836,2,24,119,19984,9992,proportional
darkstore,32288,Super Store - Hyderabad Marredpally ES52,hyderabad,17.4335,78.49043,,hyderabad,label,5.41,17.385,78.4867,3,100,131,39128,13042,proportional
darkstore,32360,Super Store - Pune Kothrud ES52,pune,18.484833,73.789,,pune,label,20.75,18.6714,73.7836,2,24,119,19984,9992,proportional
darkstore,32398,Super Store - Pune Bundgarden ES53,pune,18.528206,73.87255,,pune,label,18.48,18.6714,73.7836,2,24,119,19984,9992,proportional
darkstore,32502,Super Store - Hyderabad Erragada ES53,hyderabad,17.441833,78.42377,,hyderabad,label,9.19,17.385,78.4867,3,100,131,39128,13042,proportional
darkstore,32504,Super Store - Kolkata Trivoli Court ES72,kolkata,22.5381,88.3583,,kolkata,label,15.34,22.674,88.3325,3,11,121,18889,6296,proportional
darkstore,32571,Super Store - Greater Faridabad ES30,faridabad,28.407751,77.34349,,faridabad,label,2.52,28.4089,77.3178,1,7,53,10208,10208,proportional
darkstore,32573,Super Store - Chennai Thoraipakkam ES16,chennai,12.922,80.232666,,chennai,label,18.34,13.0827,80.2707,3,13,98,33883,11294,proportional
darkstore,32607,Super Store - Delhi Chattarpur ES181,chattarpur,28.48761,77.183754,,gurgaon,city-majority,15.68,28.4595,77.0266,1,7,87,898,898,concentrated
darkstore,32611,Super Store - UP-NCR E Noida Ace City ES87,noida,28.58208,77.429,,noida,label,6.37,28.5355,77.391,1,25,317,2527,2527,concentrated
darkstore,32647,Super Store - UPNCR E Noida Ithera ES86,noida,28.592178,77.44075,,noida,label,7.96,28.5355,77.391,1,25,317,2527,2527,concentrated
darkstore,32681,Super Store - Delhi Kishangarh ES182,kishangarh,28.52341,77.168686,,jaipur,city-majority,214.04,27.032,75.7932,2,11,77,28186,14093,proportional
darkstore,32748,Super Store - Delhi Chander Vihar ES180,delhi,28.589624,77.057495,,noida,city-majority,33.12,28.5355,77.391,1,25,317,2527,2527,concentrated
darkstore,32750,Super Store - UPNCR Crossings Republik ES218,ghaziabad,28.635677,77.458725,,noida,city-majority,12.95,28.5355,77.391,1,25,317,2527,2527,concentrated
darkstore,32783,Super Store - Mumbai Panvel ES55,panvel,19.013706,73.1153,,mumbai,city-nearest,6.0,19.0513,73.1563,3,13,189,9344,3115,concentrated
darkstore,32819,Super Store - Gurgaon Sector 53 ES92,gurgaon,28.44912,77.097595,,gurgaon,label,7.04,28.4595,77.0266,1,7,87,898,898,concentrated
darkstore,32853,Super Store Hyderabad Attapur ES54,hyderabad,17.350166,78.4071,,hyderabad,label,9.29,17.385,78.4867,3,100,131,39128,13042,proportional
darkstore,32889,Super Store Amritsar Shastri Nagar ES6,amritsar,31.653122,74.82645,,jammu,city-nearest,109.52,32.635,74.918,13,10,31,14483,1114,concentrated
darkstore,32925,Super Store Amritsar Mohan Nagar ES9,amritsar,31.61816,74.8769,,jammu,city-nearest,113.13,32.635,74.918,13,10,31,14483,1114,concentrated
darkstore,32959,Super Store Panchkula Sector 14 ES7,panchkula,30.686817,76.853455,,mohali,city-nearest,14.92,30.7028,76.6985,1,1,62,7121,7121,proportional
darkstore,32993,Super Store Punjab Kharar ES11,kharar,30.750607,76.661964,,mohali,city-nearest,6.36,30.7028,76.6985,1,1,62,7121,7121,proportional
darkstore,33027,Super Store Gurgaon Sector 10 ES91,gurgaon,28.425001,76.99704,,gurgaon,label,4.8,28.4595,77.0266,1,7,87,898,898,concentrated
darkstore,33063,Super Store Punjab Zirakpur ES5,zirakpur,30.655798,76.816475,,mohali,city-nearest,12.43,30.7028,76.6985,1,1,62,7121,7121,proportional
darkstore,33097,Super Store Bhopal Ecocity ES1,bhopal,23.161171,77.44431,,bhopal,label,11.45,23.2599,77.4126,1,2,28,8294,8294,proportional
darkstore,33099,Super Store UP-NCR Noida Sector 128 ES88,noida,28.517366,77.37336,,noida,label,2.65,28.5355,77.391,1,25,317,2527,2527,concentrated
darkstore,33101,Super Store Bhopal Hoshangabad ES2,bhopal,23.172333,77.455765,,bhopal,label,10.69,23.2599,77.4126,1,2,28,8294,8294,proportional
darkstore,33135,Super Store Hyderabad Uppal ES56,hyderabad,17.402216,78.57624,,hyderabad,label,9.69,17.385,78.4867,3,100,131,39128,13042,proportional
darkstore,33203,Super Store Indore Manik Bagh ES1,indore,22.68,75.84167,,indore,label,4.7,22.7196,75.8577,2,5,31,14771,7386,proportional
darkstore,33205,Super Store Indore Bhandari Marg ES2,indore,22.720476,75.8652,,indore,label,0.78,22.7196,75.8577,2,5,31,14771,7386,proportional
darkstore,33207,Super Store Lucknow Gomti Nagar ES40,lucknow,26.820168,81.01397,,lucknow,label,4.22,26.7875,80.9923,2,7,92,39582,19791,stretched
darkstore,33209,Super Store Jaipur Vidhyadhar ES29,jaipur,26.96147,75.77136,,jaipur,label,8.14,27.032,75.7932,2,11,77,28186,14093,proportional
darkstore,33243,Super Store Gurgaon Sector 84 ES100,gurgaon,28.401632,76.95245,,gurgaon,label,9.69,28.4595,77.0266,1,7,87,898,898,concentrated
darkstore,33277,Super Store Chennai Padur ES18,chennai,12.8220005,80.224335,,chennai,label,29.42,13.0827,80.2707,3,13,98,33883,11294,proportional
darkstore,33313,Super Store Mumbai Dahisar ES57,mumbai,19.24748,72.863464,,mumbai,label,20.34,19.2433,73.0572,3,13,189,9344,3115,concentrated
darkstore,33315,Super Store Gurgaon Chakkarpur ES90,gurgaon,28.46607,77.085014,,gurgaon,label,5.76,28.4595,77.0266,1,7,87,898,898,concentrated
darkstore,33317,Super Store Chennai Medavakkam ES17,chennai,12.902554,80.177666,,chennai,label,22.42,13.0827,80.2707,3,13,98,33883,11294,proportional
darkstore,33353,Super Store Delhi Sangam Vihar ES183,delhi,28.507504,77.23211,,noida,city-majority,15.83,28.5355,77.391,1,25,317,2527,2527,concentrated
darkstore,33389,Super Store Gurgaon Sushant Lok ES95,gurgaon,28.45459,77.07511,,gurgaon,label,4.77,28.4595,77.0266,1,7,87,898,898,concentrated
darkstore,33391,Super Store Delhi Geeta Colony ES185,delhi,28.653519,77.28536,,noida,city-majority,16.69,28.5355,77.391,1,25,317,2527,2527,concentrated
darkstore,33393,Super Store Gurgaon Sector 95 ES93,gurgaon,28.447742,76.95389,,gurgaon,label,7.23,28.4595,77.0266,1,7,87,898,898,concentrated
darkstore,33395,Super Store Gurgaon Sector 31 ES97,gurgaon,28.452082,77.05874,,gurgaon,label,3.25,28.4595,77.0266,1,7,87,898,898,concentrated
darkstore,33397,Super Store Gurgaon Udhyog Vihar ES98,gurgaon,28.493176,77.07872,,gurgaon,label,6.32,28.4595,77.0266,1,7,87,898,898,concentrated
darkstore,33401,Super Store Delhi Kalkaji ES184,delhi,28.53659,77.25293,,noida,city-majority,13.49,28.5355,77.391,1,25,317,2527,2527,concentrated
darkstore,33405,Super Store Bhopal Malviya Nagar ES4,bhopal,23.214,77.3891,,bhopal,label,5.64,23.2599,77.4126,1,2,28,8294,8294,proportional
darkstore,33407,Super Store Gurgaon Sector 90 ES101,gurgaon,28.4045,76.928665,,gurgaon,label,11.36,28.4595,77.0266,1,7,87,898,898,concentrated
darkstore,33409,Super Store Pune Infocity ES55,pune,18.48564,73.95336,,pune,label,27.33,18.6714,73.7836,2,24,119,19984,9992,proportional
darkstore,33411,Super Store UP-NCR Sector 51 ES95,delhi,28.574883,77.366974,,noida,city-majority,4.97,28.5355,77.391,1,25,317,2527,2527,concentrated
darkstore,33413,Super Store Dehradun Canal Road ES2,dehradun,30.37276,78.08526,,dehradun,label,8.07,30.3165,78.0322,1,43,47,6372,6372,proportional
darkstore,33415,Super Store Bengaluru Uttarahali ES85,bengaluru,12.909172,77.53735,,bengaluru,label,31.2,12.7159,77.746,3,59,220,52882,17627,stretched
darkstore,33417,Super Store UP-NCR Sector 49 ES97,delhi,28.558598,77.37729,,noida,city-majority,2.9,28.5355,77.391,1,25,317,2527,2527,concentrated
darkstore,33419,Super Store Faridabad Sector 76 ES29,faridabad,28.357128,77.369125,,faridabad,label,7.64,28.4089,77.3178,1,7,53,10208,10208,proportional
darkstore,33421,Super Store Delhi Pitampura ES197,delhi,28.69899,77.138725,,noida,city-majority,30.61,28.5355,77.391,1,25,317,2527,2527,concentrated
darkstore,33423,Super Store Indore Bicholi ES3,indore,22.728354,75.92857,,indore,label,7.33,22.7196,75.8577,2,5,31,14771,7386,proportional
darkstore,33425,Super Store Indore Mahalaxmi Nagar ES4,indore,22.78198,75.912155,,indore,label,8.9,22.7196,75.8577,2,5,31,14771,7386,proportional
darkstore,33427,Super Store Kanpur Kalyanpur ES11,kanpur,26.473295,80.255615,,lucknow,city-nearest,75.03,26.7474,80.9452,2,7,92,39582,19791,stretched
darkstore,33429,Super Store Chennai Adambakkam ES19,chennai,12.963667,80.19933,,chennai,label,15.33,13.0827,80.2707,3,13,98,33883,11294,proportional
darkstore,33431,Super Store Gurgaon Sector 62 ES94,gurgaon,28.392473,77.09635,,gurgaon,label,10.1,28.4595,77.0266,1,7,87,898,898,concentrated
darkstore,33433,Super Store Delhi New Okhla Phase 2 ES198,delhi,28.541204,77.27687,,noida,city-majority,11.17,28.5355,77.391,1,25,317,2527,2527,concentrated
darkstore,33503,Super Store Mumbai Ghatkopar ES61,mumbai,19.081455,72.907036,,mumbai,label,23.93,19.2433,73.0572,3,13,189,9344,3115,concentrated
darkstore,33507,Super Store Pune Hinjawadi Phase 2 ES57,pune,18.597313,73.69561,,pune,label,10.8,18.5655,73.5988,2,24,119,19984,9992,proportional
darkstore,33509,Super Store Bengaluru Thanisandra ES90,bengaluru,13.047081,77.63987,,bengaluru,label,16.86,13.082,77.7913,3,59,220,52882,17627,stretched
darkstore,33513,Super Store Hyderabad Somajiguda ES60,hyderabad,17.409168,78.47381,,hyderabad,label,3.02,17.385,78.4867,3,100,131,39128,13042,proportional
darkstore,33515,Super Store UPNCR Patel Nagar ES99,delhi,28.67058,77.41872,,noida,city-majority,15.26,28.5355,77.391,1,25,317,2527,2527,concentrated
darkstore,33525,Super Store Hyderabad Malkajgiri ES58,hyderabad,17.44881,78.54398,,hyderabad,label,9.34,17.385,78.4867,3,100,131,39128,13042,proportional
darkstore,33527,Super Store Jaipur Amarpali Nagar ES30,jaipur,26.881533,75.7045,,jaipur,label,11.96,26.8108,75.7953,2,11,77,28186,14093,proportional
darkstore,33529,Super Store Delhi Bindapur ES192,delhi,28.605043,77.07003,,noida,city-majority,32.28,28.5355,77.391,1,25,317,2527,2527,concentrated
darkstore,33531,Super Store Hyderabad Nagole ES62,hyderabad,17.350489,78.54925,,hyderabad,label,7.67,17.385,78.4867,3,100,131,39128,13042,proportional
darkstore,33535,Super Store Pune Manik Baug ES56,pune,18.458696,73.8124,,pune,label,23.85,18.6714,73.7836,2,24,119,19984,9992,proportional
darkstore,33537,Super Store Gurgaon Sector 64 ES105,gurgaon,28.373186,77.07516,,gurgaon,label,10.71,28.4595,77.0266,1,7,87,898,898,concentrated
darkstore,33539,Super Store UP-NCR Omega ES98,delhi,28.435942,77.54516,,noida,city-majority,18.7,28.5355,77.391,1,25,317,2527,2527,concentrated
darkstore,33541,Super Store Gurgaon Sector 103 ES103,gurgaon,28.49273,77.00104,,gurgaon,label,4.46,28.4595,77.0266,1,7,87,898,898,concentrated
darkstore,33543,Super Store Jaipur Pratap Nagar ES32,jaipur,26.791527,75.81721,,jaipur,label,3.05,26.8108,75.7953,2,11,77,28186,14093,proportional
darkstore,33545,Super Store UP-NCR Sector 2 ES100,delhi,28.577705,77.45138,,noida,city-majority,7.54,28.5355,77.391,1,25,317,2527,2527,concentrated
darkstore,33547,Super Store Kolkata New Bara Bazar ES79,kolkata,22.579842,88.35148,,kolkata,label,10.65,22.674,88.3325,3,11,121,18889,6296,proportional
darkstore,33626,Super Store Gurgaon Sector 33 ES104,gurgaon,28.421167,77.045334,,gurgaon,label,4.64,28.4595,77.0266,1,7,87,898,898,concentrated
darkstore,33628,Super Store Mumbai New Mira Bhayandar ES70,mira bhayandar,19.27723,72.87672,,mumbai,city-nearest,19.32,19.2433,73.0572,3,13,189,9344,3115,concentrated
darkstore,33664,Super Store Mumbai Upper Thane ES65,thane,19.208334,72.96667,,mumbai,city-nearest,10.27,19.2433,73.0572,3,13,189,9344,3115,concentrated
darkstore,33666,Super Store Bengaluru Kalyan Nagar ES93,bengaluru,13.015532,77.62708,,bengaluru,label,19.26,13.082,77.7913,3,59,220,52882,17627,stretched
darkstore,33668,Super Store Kolkata New Howrah ES78,howrah,22.594793,88.333496,,kolkata,city-nearest,8.81,22.674,88.3325,3,11,121,18889,6296,proportional
darkstore,33672,Super Store UP-NCR New Indirapuram ES103,indirapuram,28.638826,77.35119,,noida,city-nearest,12.13,28.5355,77.391,1,25,317,2527,2527,concentrated
darkstore,33674,Super Store Delhi Jamia Nagar ES200,delhi,28.551054,77.30022,,noida,city-majority,9.03,28.5355,77.391,1,25,317,2527,2527,concentrated
darkstore,33676,Super Store Lucknow New Vikas Nagar ES42,lucknow,26.912096,80.97754,,lucknow,label,13.93,26.7875,80.9923,2,7,92,39582,19791,stretched
darkstore,33680,Super Store Delhi New Neb Sarai ES203,delhi,28.509436,77.198,,noida,city-majority,19.08,28.5355,77.391,1,25,317,2527,2527,concentrated
darkstore,33682,Super Store Faridabad Sector 22 ES31,faridabad,28.349115,77.30543,,faridabad,label,6.76,28.4089,77.3178,1,7,53,10208,10208,proportional
darkstore,33684,Super Store Mumbai New Azad Nagar Andheri ES71,mumbai,19.137358,72.83438,,mumbai,label,26.2,19.2433,73.0572,3,13,189,9344,3115,concentrated
darkstore,33686,Super Store Ahmedabad New Bopal ES19,ahmedabad,23.024221,72.47195,,ahmedabad,label,21.29,22.9086,72.3062,1,38,118,38470,38470,stretched
darkstore,33720,Super Store Bengaluru Marathahalli ES88,bengaluru,12.950742,77.668335,,bengaluru,label,19.76,13.082,77.7913,3,59,220,52882,17627,stretched
darkstore,33722,Super Store Mumbai BKC Kalina ES66,mumbai,19.07234,72.86915,,mumbai,label,27.41,19.2433,73.0572,3,13,189,9344,3115,concentrated
darkstore,33724,Super Store Bengaluru Vijay Nagar ES92,bengaluru,12.959736,77.54724,,bengaluru,label,29.73,13.082,77.7913,3,59,220,52882,17627,stretched
darkstore,33758,Super Store Delhi Kirti Nagar ES199,delhi,28.654074,77.138725,,noida,city-majority,27.94,28.5355,77.391,1,25,317,2527,2527,concentrated
darkstore,33796,Super Store Dehradun Dalanwala ES3,dehradun,30.328781,78.0554,,dehradun,label,2.61,30.3165,78.0322,1,43,47,6372,6372,proportional
darkstore,33798,Super Store Dehradun Shewala Kala ES1,dehradun,30.295904,77.99641,,dehradun,label,4.13,30.3165,78.0322,1,43,47,6372,6372,proportional
darkstore,33802,Super Store Lucknow Triveni Nagar ES43,lucknow,26.90885,80.910576,,lucknow,label,15.74,26.7875,80.9923,2,7,92,39582,19791,stretched
darkstore,33804,Super Store Ludhiana Shobha ES4,ludhiana,30.890545,75.879135,,ludhiana,label,2.38,30.9009,75.8573,2,2,51,38214,19107,stretched
darkstore,33838,Super Store Bengaluru Hasarghatta ES86,bengaluru,13.065335,77.50285,,bengaluru,label,31.3,13.082,77.7913,3,59,220,52882,17627,stretched
darkstore,33872,Super Store Ahmedabad New Paldi ES18,ahmedabad,22.9826,72.52673,,ahmedabad,label,24.03,22.9086,72.3062,1,38,118,38470,38470,stretched
darkstore,33874,Super Store Hyderabad Bowenpally ES59,hyderabad,17.464437,78.4609,,hyderabad,label,9.25,17.385,78.4867,3,100,131,39128,13042,proportional
darkstore,33910,Super Store Mumbai Prabhadevi ES58,mumbai,19.008333,72.816666,,mumbai,label,36.02,19.0513,73.1563,3,13,189,9344,3115,concentrated
darkstore,33912,Super Store Delhi New Janakpuri ES204,delhi,28.61057,77.081375,,noida,city-majority,31.37,28.5355,77.391,1,25,317,2527,2527,concentrated
darkstore,33914,Super Store UP-NCR Noida Sector 67 ES105,noida,28.598907,77.372635,,noida,label,7.28,28.5355,77.391,1,25,317,2527,2527,concentrated
darkstore,33918,Super Store Mumbai Santacruz West ES72,mumbai,19.08794,72.835304,,mumbai,label,29.01,19.2433,73.0572,3,13,189,9344,3115,concentrated
darkstore,33920,Super Store Agra Sikandra ES2,agra,27.161604,77.92693,,faridabad,city-nearest,151.08,28.4089,77.3178,1,7,53,10208,10208,proportional
darkstore,33922,Super Store Chandigarh Sector 37 ES14,chandigarh,30.735695,76.752045,,mohali,city-nearest,6.29,30.7028,76.6985,1,1,62,7121,7121,proportional
darkstore,33924,Super Store Dehradun GMS Road ES5,dehradun,30.32652,77.98018,,dehradun,label,5.12,30.3165,78.0322,1,43,47,6372,6372,proportional
darkstore,33926,Super Store Bengaluru Hennur Road ES94,bengaluru,13.050976,77.64699,,bengaluru,label,16.01,13.082,77.7913,3,59,220,52882,17627,stretched
darkstore,33928,Super Store Jaipur Jagatpura Central ES33,jaipur,26.805841,75.87201,,jaipur,label,7.63,26.8108,75.7953,2,11,77,28186,14093,proportional
darkstore,33962,Super Store Mohali Sector 70 ES15,mohali,30.703854,76.70768,,mohali,label,0.89,30.7028,76.6985,1,1,62,7121,7121,proportional
darkstore,33964,Super Store Gurgaon Sector 7 ES110,gurgaon,28.45741,77.00717,,gurgaon,label,1.91,28.4595,77.0266,1,7,87,898,898,concentrated
darkstore,33966,Super Store Bengaluru Richmond Town ES96,bengaluru,12.975751,77.60089,,bengaluru,label,23.77,13.082,77.7913,3,59,220,52882,17627,stretched
darkstore,33968,Super Store Agra Shamsabad ES3,agra,27.122,78.041336,,faridabad,city-nearest,159.83,28.4089,77.3178,1,7,53,10208,10208,proportional
darkstore,33970,Super Store Goa Porvorim ES1,goa,15.558276,73.81334,,goa,label,19.82,15.3917,73.8791,2,35,34,17782,8891,proportional
darkstore,33972,Super Store Meerut Subedar Narendra Singh ES110,meerut,28.945333,77.70379,,dasna,city-nearest,28.3,28.7251,77.5582,2,2,15,4511,2256,concentrated
darkstore,33974,Super Store Bengaluru New Sanjay Nagar ES98,bengaluru,13.021637,77.57739,,bengaluru,label,24.12,13.082,77.7913,3,59,220,52882,17627,stretched
darkstore,33976,Super Store Kolkata Rajarhat ES82,kolkata,22.62702,88.45502,,kolkata,label,12.11,22.7337,88.4787,3,11,121,18889,6296,proportional
darkstore,33978,Super Store Kolkata New Baranagar ES81,kolkata,22.650736,88.36645,,kolkata,label,4.34,22.674,88.3325,3,11,121,18889,6296,proportional
darkstore,33980,Super Store Gurgaon Sector 54 ES108,gurgaon,28.432127,77.11316,,gurgaon,label,8.99,28.4595,77.0266,1,7,87,898,898,concentrated
darkstore,33982,Super Store Delhi New Malviya Nagar ES205,delhi,28.539341,77.2112,,noida,city-majority,17.57,28.5355,77.391,1,25,317,2527,2527,concentrated
darkstore,33986,Super Store Kolkata Barrackpur ES83,kolkata,22.77723,88.373566,,kolkata,label,11.82,22.7337,88.4787,3,11,121,18889,6296,proportional
darkstore,33988,Super Store Chennai Iyyappanthangal ES24,chennai,13.031152,80.13628,,chennai,label,15.65,13.0827,80.2707,3,13,98,33883,11294,proportional
darkstore,33990,Super Store Delhi Palam ES208,delhi,28.58194,77.072296,,noida,city-majority,31.55,28.5355,77.391,1,25,317,2527,2527,concentrated
darkstore,33992,Super Store Bengaluru BTM Layout ES95,bengaluru,12.898271,77.60845,,bengaluru,label,25.17,12.7159,77.746,3,59,220,52882,17627,stretched
darkstore,33994,Super Store Hyderabad Bachupally ES63,hyderabad,17.525002,78.34643,,hyderabad,label,21.53,17.385,78.4867,3,100,131,39128,13042,proportional
darkstore,33996,Super Store Delhi Mukherjee Nagar ES207,delhi,28.707836,77.21154,,noida,city-majority,25.96,28.5355,77.391,1,25,317,2527,2527,concentrated
darkstore,33998,Super Store Ahmedabad Shantigram ES20,ahmedabad,23.16696,72.551926,,ahmedabad,label,38.18,22.9086,72.3062,1,38,118,38470,38470,stretched
darkstore,34000,Super Store Delhi Ghitorni ES211,delhi,28.4795,77.137,,noida,city-majority,25.59,28.5355,77.391,1,25,317,2527,2527,concentrated
darkstore,34002,Super Store Goa Vagator Anjuna ES2,goa,15.5703335,73.74333,,goa,label,24.62,15.3917,73.8791,2,35,34,17782,8891,proportional
darkstore,34006,Super Store Delhi East Patel Nagar ES213,delhi,28.6295,77.170334,,noida,city-majority,23.95,28.5355,77.391,1,25,317,2527,2527,concentrated
darkstore,34008,Super Store Hyderabad Suncity ES65,hyderabad,17.358868,78.40186,,hyderabad,label,9.46,17.385,78.4867,3,100,131,39128,13042,proportional
darkstore,34010,Super Store Pune Keshav Nagar ES58,pune,18.530258,73.93067,,pune,label,22.06,18.6714,73.7836,2,24,119,19984,9992,proportional
darkstore,34012,Super Store Lucknow Malhaur ES44,lucknow,26.84613,81.06514,,lucknow,label,9.73,26.7875,80.9923,2,7,92,39582,19791,stretched
darkstore,34014,Super Store UP-NCR Gr. Noida Pi ES114,noida,28.469866,77.53727,,noida,label,16.05,28.5355,77.391,1,25,317,2527,2527,concentrated
darkstore,34016,Super Store Zirakpur Peer Muchalla ES17,zirakpur,30.64056,76.857796,,mohali,city-nearest,16.73,30.7028,76.6985,1,1,62,7121,7121,proportional
darkstore,34018,Super Store UP-NCR Gr. Noida Omicron ES116,noida,28.479122,77.558495,,noida,label,17.53,28.5355,77.391,1,25,317,2527,2527,concentrated
darkstore,34020,Super Store Delhi Vikaspuri ES212,delhi,28.65068,77.06287,,noida,city-majority,34.5,28.5355,77.391,1,25,317,2527,2527,concentrated
darkstore,34022,Super Store Vadodara Gotri ES4,vadodara,22.312067,73.14353,,ahmedabad,city-nearest,108.57,22.9086,72.3062,1,38,118,38470,38470,stretched
darkstore,34024,Super Store Ahmedabad Nava Naroda ES23,ahmedabad,23.051157,72.67549,,ahmedabad,label,40.99,22.9086,72.3062,1,38,118,38470,38470,stretched
darkstore,34026,Super Store Ahmedabad Maninagar ES21,ahmedabad,22.998444,72.606476,,ahmedabad,label,32.33,22.9086,72.3062,1,38,118,38470,38470,stretched
darkstore,34028,Super Store Vadodara Bhayli ES5,vadodara,22.263895,73.125114,,ahmedabad,city-nearest,110.49,22.9086,72.3062,1,38,118,38470,38470,stretched
darkstore,34030,Super Store Ahmedabad Motera ES24,ahmedabad,23.120844,72.61675,,ahmedabad,label,39.59,22.9086,72.3062,1,38,118,38470,38470,stretched
darkstore,34032,Super Store Gurgaon Sector 37 ES115,gurgaon,28.452955,76.99216,,gurgaon,label,3.44,28.4595,77.0266,1,7,87,898,898,concentrated
darkstore,34034,Super Store Hyderabad Dammaiguda ES64,hyderabad,17.48713,78.59184,,hyderabad,label,6.23,17.5366,78.5643,3,100,131,39128,13042,proportional
darkstore,34036,Super Store Mumbai Virar ES73,mumbai,19.45075,72.79741,,mumbai,label,35.71,19.2433,73.0572,3,13,189,9344,3115,concentrated
darkstore,34070,Super Store UP-NCR New Gaur City 1 ES112,ghaziabad,28.607246,77.43612,,noida,city-majority,9.11,28.5355,77.391,1,25,317,2527,2527,concentrated
darkstore,34104,Super Store Pune Shivaji Nagar ES59,pune,18.523209,73.837036,,pune,label,17.41,18.6714,73.7836,2,24,119,19984,9992,proportional
darkstore,34106,Super Store Goa Panjim ES3,goa,15.473135,73.81544,,goa,label,11.34,15.3917,73.8791,2,35,34,17782,8891,proportional
darkstore,34108,Super Store UP-NCR Noida Sector 150 ES107,noida,28.454632,77.4515,,noida,label,10.76,28.5355,77.391,1,25,317,2527,2527,concentrated
darkstore,34110,Super Store Gurgaon New Gwal Pahari ES114,gurgaon,28.412834,77.14533,,gurgaon,label,12.72,28.4595,77.0266,1,7,87,898,898,concentrated
darkstore,34112,Super Store Ahmedabad Makarba ES22,ahmedabad,22.986311,72.50018,,ahmedabad,label,21.66,22.9086,72.3062,1,38,118,38470,38470,stretched
darkstore,34114,Super Store Jalandhar Bashirpura ES20,jalandhar,31.330088,75.60694,,ludhiana,city-nearest,53.34,30.9009,75.8573,2,2,51,38214,19107,stretched
darkstore,34116,Super Store Mumbai Lodha Palava 2 ES74,mumbai,19.158566,73.12086,,mumbai,label,11.55,19.2433,73.0572,3,13,189,9344,3115,concentrated
darkstore,34118,Super Store UP-NCR Noida Sector 4 ES108,noida,28.572458,77.32011,,noida,label,8.05,28.5355,77.391,1,25,317,2527,2527,concentrated
darkstore,34120,Super Store Chandigarh Sector 45 ES19,chandigarh,30.695591,76.78853,,mohali,city-nearest,8.65,30.7028,76.6985,1,1,62,7121,7121,proportional
darkstore,34122,Super Store Jalandhar Wadala Road ES16,jalandhar,31.289236,75.56,,ludhiana,city-nearest,51.63,30.9009,75.8573,2,2,51,38214,19107,stretched
darkstore,34124,Super Store Hyderabad Alkapur ES69,hyderabad,17.375166,78.373764,,hyderabad,label,12.03,17.385,78.4867,3,100,131,39128,13042,proportional
darkstore,34126,Super Store Gurgaon Sector 69 ES109,gurgaon,28.407743,77.00292,,gurgaon,label,6.2,28.4595,77.0266,1,7,87,898,898,concentrated
darkstore,34128,Super Store Mohali Sector 105 ES21,mohali,30.6821,76.6725,,mohali,label,3.39,30.7028,76.6985,1,1,62,7121,7121,proportional
darkstore,34130,Super Store UP-NCR Noida Sector 135 ES113,noida,28.501272,77.384514,,noida,label,3.86,28.5355,77.391,1,25,317,2527,2527,concentrated
darkstore,34134,Super Store Bengaluru Bagalur ES100,bengaluru,13.12027,77.643326,,bengaluru,label,16.58,13.082,77.7913,3,59,220,52882,17627,stretched
darkstore,34136,Super Store Kolkata New Park Street ES80,kolkata,22.550615,88.35961,,kolkata,label,14.0,22.674,88.3325,3,11,121,18889,6296,proportional
darkstore,34138,Super Store Mumbai Ashish ES76,panvel,19.017141,73.10366,,mumbai,city-nearest,6.71,19.0513,73.1563,3,13,189,9344,3115,concentrated
darkstore,34140,Super Store Hyderabad Hafeezpet ES74,hyderabad,17.493643,78.35164,,hyderabad,label,18.74,17.385,78.4867,3,100,131,39128,13042,proportional
darkstore,34142,Super Store Gurgaon Sector 27 ES118,gurgaon,28.453253,77.09335,,gurgaon,label,6.56,28.4595,77.0266,1,7,87,898,898,concentrated
darkstore,34144,Super Store Delhi Nangloi ES218,delhi,28.681461,77.06295,,noida,city-majority,35.9,28.5355,77.391,1,25,317,2527,2527,concentrated
darkstore,34146,Super Store Pune Pimple Gurav ES60,pune,18.580662,73.80997,,pune,label,10.47,18.6714,73.7836,2,24,119,19984,9992,proportional
darkstore,34180,Super Store Delhi Najafgarh ES215,delhi,28.618483,76.99095,,noida,city-majority,40.14,28.5355,77.391,1,25,317,2527,2527,concentrated
darkstore,34184,Super Store Hyderabad Banjara Hills ES71,hyderabad,17.407084,78.45087,,hyderabad,label,4.53,17.385,78.4867,3,100,131,39128,13042,proportional
darkstore,34218,Super Store Gurgaon Sector 45 ES116,gurgaon,28.44506,77.05899,,gurgaon,label,3.55,28.4595,77.0266,1,7,87,898,898,concentrated
darkstore,34220,Super Store Delhi RK Puram Sector 13 ES206,delhi,28.571428,77.18989,,noida,city-majority,20.04,28.5355,77.391,1,25,317,2527,2527,concentrated
darkstore,34222,Super Store Jaipur Bani Park ES34,jaipur,26.945377,75.799644,,jaipur,label,9.65,27.032,75.7932,2,11,77,28186,14093,proportional
darkstore,34224,Super Store Kanpur Indira Nagar ES13,kanpur,26.497168,80.26147,,lucknow,city-nearest,73.44,26.7474,80.9452,2,7,92,39582,19791,stretched
darkstore,34258,Super Store Ahmedabad New Ranip ES25,ahmedabad,23.08797,72.56792,,ahmedabad,label,33.4,22.9086,72.3062,1,38,118,38470,38470,stretched
darkstore,34260,Super Store Ahmedabad Vastral ES28,ahmedabad,23.011278,72.649414,,ahmedabad,label,36.95,22.9086,72.3062,1,38,118,38470,38470,stretched
darkstore,34262,Super Store Bengaluru ITI Layout ES105,bengaluru,12.903657,77.63198,,bengaluru,label,24.26,12.7159,77.746,3,59,220,52882,17627,stretched
darkstore,34264,Super Store Delhi Sainik Farm ES219,delhi,28.506298,77.214424,,noida,city-majority,17.55,28.5355,77.391,1,25,317,2527,2527,concentrated
darkstore,34268,Super Store Mumbai Mahim ES59,mumbai,19.041002,72.85284,,mumbai,label,31.09,19.2433,73.0572,3,13,189,9344,3115,concentrated
darkstore,34270,Super Store Kolkata Belghoria ES86,kolkata,22.671688,88.3789,,kolkata,label,4.77,22.674,88.3325,3,11,121,18889,6296,proportional
darkstore,34272,Super Store Mumbai Vikhroli ES85,mumbai,19.129713,72.93168,,mumbai,label,18.26,19.2433,73.0572,3,13,189,9344,3115,concentrated
darkstore,34274,Super Store Pune Undri ES61,pune,18.459356,73.9178,,pune,label,27.5,18.6714,73.7836,2,24,119,19984,9992,proportional
darkstore,34276,Super Store Hyderabad Padmarao Nagar ES75,hyderabad,17.422981,78.52075,,hyderabad,label,5.56,17.385,78.4867,3,100,131,39128,13042,proportional
darkstore,34278,Super Store Delhi Zamrudpur ES220,delhi,28.557407,77.2404,,noida,city-majority,14.91,28.5355,77.391,1,25,317,2527,2527,concentrated
darkstore,34280,Super Store Delhi New Basant Gaon ES210,delhi,28.557476,77.15067,,noida,city-majority,23.6,28.5355,77.391,1,25,317,2527,2527,concentrated
darkstore,34282,Super Store Mumbai Vasai ES77,mumbai,19.377464,72.824844,,mumbai,label,28.59,19.2433,73.0572,3,13,189,9344,3115,concentrated
darkstore,34284,Super Store Hyderabad Kokapet ES67,hyderabad,17.382063,78.34986,,hyderabad,label,14.52,17.385,78.4867,3,100,131,39128,13042,proportional
darkstore,34286,Super Store Mumbai Kalyan East ES79,mumbai,19.220795,73.14127,,mumbai,label,9.17,19.2433,73.0572,3,13,189,9344,3115,concentrated
darkstore,34288,Super Store Bengaluru Sarjapura ES103,bengaluru,12.843847,77.768906,,bengaluru,label,14.44,12.7159,77.746,3,59,220,52882,17627,stretched
darkstore,34290,Super Store UP-NCR Siddharth Vihar ES119,ghaziabad,28.642593,77.39459,,noida,city-majority,11.91,28.5355,77.391,1,25,317,2527,2527,concentrated
darkstore,34292,Super Store Mumbai Lower Oshiwara ES88,mumbai,19.141895,72.83443,,mumbai,label,25.97,19.2433,73.0572,3,13,189,9344,3115,concentrated
darkstore,34294,Super Store Pune New Lohegaon ES62,pune,18.591158,73.93488,,pune,label,18.27,18.6714,73.7836,2,24,119,19984,9992,proportional
darkstore,34296,Super Store Ahmedabad Navrangpura ES26,ahmedabad,23.039389,72.55002,,ahmedabad,label,28.89,22.9086,72.3062,1,38,118,38470,38470,stretched
darkstore,34300,Super Store Delhi Adarsh Nagar ES223,delhi,28.732899,77.17123,,noida,city-majority,30.69,28.5355,77.391,1,25,317,2527,2527,concentrated
darkstore,34302,Super Store Hyderabad Sainikpuri ES68,hyderabad,17.502558,78.54263,,hyderabad,label,4.43,17.5366,78.5643,3,100,131,39128,13042,proportional
darkstore,34304,Super Store Hyderabad Suchitra ES76,hyderabad,17.517271,78.46207,,hyderabad,label,11.05,17.5366,78.5643,3,100,131,39128,13042,proportional
darkstore,34338,Super Store Hyderabad Saroornagar ES73,hyderabad,17.338287,78.52245,,hyderabad,label,6.43,17.385,78.4867,3,100,131,39128,13042,proportional
darkstore,34340,Super Store Sonipat Sector 12 ES1,sonipat,28.968042,77.03181,,kundli,city-nearest,4.11,29.0048,77.0358,1,4,20,7830,7830,proportional
darkstore,34342,Super Store Kota Talwandi ES2,kota,25.15951,75.82885,,jaipur,city-nearest,183.65,26.8108,75.7953,2,11,77,28186,14093,proportional
darkstore,34344,Super Store Goa Dabolim ES6,goa,15.394303,73.86569,,goa,label,1.47,15.3917,73.8791,2,35,34,17782,8891,proportional
darkstore,34346,Super Store UP-NCR Gr. Noida Knowledge Park 3 ES123,noida,28.479467,77.49594,,noida,label,12.0,28.5355,77.391,1,25,317,2527,2527,concentrated
darkstore,34348,Super Store Bengaluru Hulimavu ES106,bengaluru,12.865643,77.603325,,bengaluru,label,22.73,12.7159,77.746,3,59,220,52882,17627,stretched
darkstore,34350,Super Store Bengaluru Madiwala ES102,bengaluru,12.933702,77.60931,,bengaluru,label,25.7,13.082,77.7913,3,59,220,52882,17627,stretched
darkstore,34352,Super Store Ludhiana SBS Nagar ES22,ludhiana,30.864716,75.79936,,ludhiana,label,6.84,30.9009,75.8573,2,2,51,38214,19107,stretched
darkstore,34354,Super Store Bhiwadi Khanpur ES1,bhiwadi,28.196293,76.82154,,farukhnagar,city-nearest,29.23,28.458,76.8496,2,2,27,16301,8151,proportional
darkstore,34356,Super Store Mumbai Jogeshwari East ES89,mumbai,19.116667,72.85,,mumbai,label,25.92,19.2433,73.0572,3,13,189,9344,3115,concentrated
darkstore,34358,Super Store Meerut Pallavpuram ES124,meerut,29.04317,77.699036,,dasna,city-nearest,37.93,28.7251,77.5582,2,2,15,4511,2256,concentrated
darkstore,34360,Super Store UP-NCR Noida Sector 31 ES109,noida,28.582598,77.34927,,noida,label,6.64,28.5355,77.391,1,25,317,2527,2527,concentrated
darkstore,34394,Super Store Mumbai Nerul ES82,thane,19.035858,73.019684,,mumbai,city-nearest,14.46,19.0513,73.1563,3,13,189,9344,3115,concentrated
darkstore,34396,Super Store Patiala Prem Nagar ES23,patiala,30.347816,76.36187,,rajpura,city-nearest,27.96,30.4977,76.596,2,2,13,5000,2500,concentrated
darkstore,34398,Super Store Kanpur Fazalganj ES14,kanpur,26.475552,80.29651,,lucknow,city-nearest,71.22,26.7474,80.9452,2,7,92,39582,19791,stretched
darkstore,34400,Super Store Gurgaon Chauma Village ES117,gurgaon,28.50529,77.03145,,gurgaon,label,5.11,28.4595,77.0266,1,7,87,898,898,concentrated
darkstore,34402,Super Store Ahmedabad New Gurukul ES29,ahmedabad,23.049267,72.535065,,ahmedabad,label,28.17,22.9086,72.3062,1,38,118,38470,38470,stretched
darkstore,34404,Super Store Delhi Dwarka Sector 19 ES229,delhi,28.581839,77.053566,,noida,city-majority,33.36,28.5355,77.391,1,25,317,2527,2527,concentrated
darkstore,34406,Super Store Hyderabad Ramanthapur ES66,hyderabad,17.39641,78.553276,,hyderabad,label,7.18,17.385,78.4867,3,100,131,39128,13042,proportional
darkstore,34408,Super Store Gurgaon DLF Phase 3 ES119,gurgaon,28.491121,77.11426,,gurgaon,label,9.26,28.4595,77.0266,1,7,87,898,898,concentrated
darkstore,34410,Super Store Mumbai Bhandup ES84,mumbai,19.139412,72.92743,,mumbai,label,17.87,19.2433,73.0572,3,13,189,9344,3115,concentrated
darkstore,34412,Super Store Agra Indrapuri ES5,agra,27.215164,78.00898,,faridabad,city-nearest,149.13,28.4089,77.3178,1,7,53,10208,10208,proportional
darkstore,34414,Super Store UP-NCR Gr. Noida Chi-5 ES118,noida,28.39653,77.53471,,noida,label,20.88,28.5355,77.391,1,25,317,2527,2527,concentrated
darkstore,34416,Super Store UP-NCR Govindpuram ES117,ghaziabad,28.674068,77.468575,,noida,city-majority,17.17,28.5355,77.391,1,25,317,2527,2527,concentrated
darkstore,34418,Super Store Delhi Pochanpur ES233,delhi,28.543358,77.03646,,noida,city-majority,34.64,28.5355,77.391,1,25,317,2527,2527,concentrated
darkstore,34420,Super Store Delhi Kakrola ES227,delhi,28.610094,77.02662,,noida,city-majority,36.54,28.5355,77.391,1,25,317,2527,2527,concentrated
darkstore,34422,Super Store Delhi Rajouri Garden 2 ES228,delhi,28.626383,77.117584,,noida,city-majority,28.55,28.5355,77.391,1,25,317,2527,2527,concentrated
darkstore,34424,Super Store Lucknow Ruchi Khand ES48,lucknow,26.794264,80.90418,,lucknow,label,6.61,26.7474,80.9452,2,7,92,39582,19791,stretched
darkstore,34492,Super Store Mumbai Malad West ES92,mumbai,19.189121,72.83995,,mumbai,label,23.59,19.2433,73.0572,3,13,189,9344,3115,concentrated
darkstore,34527,Super Store Delhi Razapurkhurd ES239,delhi,28.627314,77.02919,,noida,city-majority,36.77,28.5355,77.391,1,25,317,2527,2527,concentrated
darkstore,34529,Super Store Mumbai Belapur ES81,thane,19.0219,73.03124,,mumbai,city-nearest,13.55,19.0513,73.1563,3,13,189,9344,3115,concentrated
darkstore,34530,Super Store Patiala Mall Road ES24,patiala,30.332842,76.40973,,rajpura,city-nearest,25.59,30.4977,76.596,2,2,13,5000,2500,concentrated
darkstore,34532,Super Store Mumbai Dombivali ES83,mumbai,19.196789,73.103165,,mumbai,label,7.07,19.2433,73.0572,3,13,189,9344,3115,concentrated
darkstore,34536,Super Store Kharar Shivjot Enclave ES25,kharar,30.749983,76.640785,,mohali,city-nearest,7.61,30.7028,76.6985,1,1,62,7121,7121,proportional
darkstore,34538,Super Store Chennai Adyar ES20,chennai,13.012583,80.26165,,chennai,label,7.86,13.0827,80.2707,3,13,98,33883,11294,proportional
darkstore,34540,Super Store Bengaluru Vidyaranyapura ES112,bengaluru,13.057356,77.559235,,bengaluru,label,25.28,13.082,77.7913,3,59,220,52882,17627,stretched
darkstore,34542,Super Store Bengaluru Gunjur ES111,bengaluru,12.908267,77.7344,,bengaluru,label,20.28,13.082,77.7913,3,59,220,52882,17627,stretched
darkstore,34544,Super Store Bengaluru Mailasandra ES117,bengaluru,12.911955,77.49651,,bengaluru,label,34.74,12.7159,77.746,3,59,220,52882,17627,stretched
darkstore,34546,Super Store Bengaluru Banashankari ES113,bengaluru,12.924795,77.54602,,bengaluru,label,31.78,12.7159,77.746,3,59,220,52882,17627,stretched
darkstore,34552,Super Store Hyderabad Chanda Nagar ES79,hyderabad,17.504293,78.2999,,hyderabad,label,23.85,17.385,78.4867,3,100,131,39128,13042,proportional
darkstore,34554,Super Store Delhi Vasant Kunj B Block ES231,delhi,28.52378,77.13817,,noida,city-majority,24.73,28.5355,77.391,1,25,317,2527,2527,concentrated
darkstore,34556,Super Store Mumbai Tilak Nagar ES90,mumbai,19.068045,72.89486,,mumbai,label,25.89,19.2433,73.0572,3,13,189,9344,3115,concentrated
darkstore,34558,Super Store Mumbai New Charkop ES91,mumbai,19.209497,72.81813,,mumbai,label,25.38,19.2433,73.0572,3,13,189,9344,3115,concentrated
darkstore,34594,Super Store Goa Calangute ES5,goa,15.553533,73.755135,,goa,label,22.37,15.3917,73.8791,2,35,34,17782,8891,proportional
darkstore,34596,Super Store Delhi Madangir ES225,delhi,28.518467,77.241356,,noida,city-majority,14.74,28.5355,77.391,1,25,317,2527,2527,concentrated
darkstore,34600,Super Store UP-NCR Gr. Noida Zeta 1 ES120,noida,28.527716,77.52319,,noida,label,12.94,28.5355,77.391,1,25,317,2527,2527,concentrated
darkstore,34602,Super Store Chennai Saligramam ES31,chennai,13.051638,80.195724,,chennai,label,8.83,13.0827,80.2707,3,13,98,33883,11294,proportional
darkstore,34604,Super Store Lucknow Eldeco ES47,lucknow,26.755373,80.91048,,lucknow,label,3.56,26.7474,80.9452,2,7,92,39582,19791,stretched
darkstore,34606,Super Store Hyderabad Upperpally ES80,hyderabad,17.366,78.42525,,hyderabad,label,6.85,17.385,78.4867,3,100,131,39128,13042,proportional
darkstore,34608,Super Store Kolkata Baruipur ES95,kolkata,22.408468,88.414635,,kolkata,label,26.05,22.4825,88.1741,3,11,121,18889,6296,proportional
darkstore,34610,Super Store Bengaluru Kengeri ES115,bengaluru,12.942997,77.47832,,bengaluru,label,37.26,13.082,77.7913,3,59,220,52882,17627,stretched
darkstore,34612,Super Store Bengaluru RR Nagar ES104,bengaluru,12.902563,77.52516,,bengaluru,label,31.69,12.7159,77.746,3,59,220,52882,17627,stretched
darkstore,34614,Super Store UP-NCR Vasundhara ES131,ghaziabad,28.65372,77.36026,,noida,city-majority,13.48,28.5355,77.391,1,25,317,2527,2527,concentrated
darkstore,34616,Super Store Dera Bassi Shivpuri Colony ES29,dera bassi,30.576904,76.843765,,mohali,city-nearest,19.73,30.7028,76.6985,1,1,62,7121,7121,proportional
darkstore,34652,Super Store Mumbai Airoli ES80,mumbai,19.159222,72.99111,,mumbai,label,11.64,19.2433,73.0572,3,13,189,9344,3115,concentrated
darkstore,34654,Super Store Mumbai Goregaon East ES111,mumbai,19.166044,72.86946,,mumbai,label,21.5,19.2433,73.0572,3,13,189,9344,3115,concentrated
darkstore,34656,Super Store Kolkata Uttarpara ES92,kolkata,22.656939,88.3483,,kolkata,label,2.5,22.674,88.3325,3,11,121,18889,6296,proportional
darkstore,34658,Super Store Bengaluru Magadi Road ES114,bengaluru,12.983965,77.56702,,bengaluru,label,26.63,13.082,77.7913,3,59,220,52882,17627,stretched
darkstore,34660,Super Store Hyderabad Masjid Banda ES78,hyderabad,17.468184,78.34513,,hyderabad,label,17.64,17.385,78.4867,3,100,131,39128,13042,proportional
darkstore,34662,Super Store Lucknow Golf City ES45,lucknow,26.789879,80.96712,,lucknow,label,2.51,26.7875,80.9923,2,7,92,39582,19791,stretched
darkstore,34664,Super Store Hyderabad Nizampet ES70,hyderabad,17.503498,78.371506,,hyderabad,label,17.97,17.385,78.4867,3,100,131,39128,13042,proportional
darkstore,34666,Super Store Ahmedabad Gandhinagar ES27,gandhinagar,23.17531,72.65236,,ahmedabad,city-nearest,46.2,22.9086,72.3062,1,38,118,38470,38470,stretched
darkstore,34668,Super Store Kolkata Birati ES85,kolkata,22.664253,88.428764,,kolkata,label,9.27,22.7337,88.4787,3,11,121,18889,6296,proportional
darkstore,34670,Super Store Mumbai Ulwe ES87,panvel,18.970789,73.0358,,mumbai,city-nearest,15.51,19.0513,73.1563,3,13,189,9344,3115,concentrated
darkstore,34672,Super Store Mumbai Thane Hiranandani ES93,mumbai,19.255424,72.987114,,mumbai,label,7.48,19.2433,73.0572,3,13,189,9344,3115,concentrated
darkstore,34674,Super Store Kolkata Salt Lake Sector 5 ES89,kolkata,22.577492,88.42337,,kolkata,label,14.22,22.674,88.3325,3,11,121,18889,6296,proportional
darkstore,34676,Super Store Ahmedabad ShahiBaug ES30,ahmedabad,23.043821,72.57984,,ahmedabad,label,31.79,22.9086,72.3062,1,38,118,38470,38470,stretched
darkstore,34679,Super Store Mumbai Bandra West ES86,mumbai,19.045116,72.819756,,mumbai,label,33.28,19.2433,73.0572,3,13,189,9344,3115,concentrated
darkstore,34680,Super Store Rohtak Kamal Colony ES2,rohtak,28.889473,76.61995,,farukhnagar,city-nearest,26.81,28.6559,76.6882,2,2,27,16301,8151,proportional
darkstore,34682,Super Store Kundli Sector 62 ES1,kundli,28.922955,77.12343,,kundli,label,12.47,29.0048,77.0358,1,4,20,7830,7830,proportional
darkstore,34684,Super Store UP-NCR Noida Sector 141 ES130,noida,28.5001,77.4084,,noida,label,4.29,28.5355,77.391,1,25,317,2527,2527,concentrated
darkstore,34686,Super Store Delhi Mehrauli ES235,delhi,28.5144,77.18637,,noida,city-majority,20.13,28.5355,77.391,1,25,317,2527,2527,concentrated
darkstore,34688,Super Store Surat Vesu ES1,surat,21.120794,72.76323,,surat,label,8.93,21.1702,72.8311,2,7,30,10654,5327,proportional
darkstore,34722,Super Store UP-NCR Noida Sector 63 ES132,noida,28.616766,77.37507,,noida,label,9.17,28.5355,77.391,1,25,317,2527,2527,concentrated
darkstore,34724,Super Store Bahadurgarh Sector 6 ES1,bahadurgarh,28.662834,76.912,,farukhnagar,city-majority,21.85,28.6559,76.6882,2,2,27,16301,8151,proportional
darkstore,34726,Super Store Kolkata Garia ES88,kolkata,22.468285,88.40449,,kolkata,label,23.73,22.4825,88.1741,3,11,121,18889,6296,proportional
darkstore,34728,Super Store Kolkata Behala Airport ES90,kolkata,22.511274,88.30552,,kolkata,label,13.88,22.4825,88.1741,3,11,121,18889,6296,proportional
darkstore,34730,Super Store UP-NCR Gr. Noida Sector 1 ES128,noida,28.554142,77.46804,,noida,label,7.81,28.5355,77.391,1,25,317,2527,2527,concentrated
darkstore,34732,Super Store Gurgaon Sector 108 ES122,gurgaon,28.514288,76.975105,,gurgaon,label,7.9,28.4595,77.0266,1,7,87,898,898,concentrated
darkstore,34734,Super Store Bengaluru New Amruthalli ES99,bengaluru,13.048425,77.60683,,bengaluru,label,20.33,13.082,77.7913,3,59,220,52882,17627,stretched
darkstore,34736,Super Store Jaipur Vivek Vihar ES36,jaipur,26.883715,75.76612,,jaipur,label,8.61,26.8108,75.7953,2,11,77,28186,14093,proportional
darkstore,34738,Super Store Lucknow Chowk ES50,lucknow,26.85637,80.88849,,lucknow,label,12.84,26.7875,80.9923,2,7,92,39582,19791,stretched
darkstore,34742,Super Store Bengaluru Yeshwanthpur ES121,bengaluru,13.02685,77.5489,,bengaluru,label,26.96,13.082,77.7913,3,59,220,52882,17627,stretched
darkstore,34744,Super Store Bengaluru Hosur Road ES126,bengaluru,12.887874,77.63249,,bengaluru,label,22.74,12.7159,77.746,3,59,220,52882,17627,stretched
darkstore,34746,Super Store Delhi Tughlakabad Extn ES234,delhi,28.519747,77.25425,,noida,city-majority,13.47,28.5355,77.391,1,25,317,2527,2527,concentrated
darkstore,34748,Super Store Delhi Connaught Place ES209,delhi,28.616194,77.21659,,noida,city-majority,19.25,28.5355,77.391,1,25,317,2527,2527,concentrated
darkstore,34750,Super Store Mumbai Grant Road ES100,mumbai,18.944462,72.79504,,mumbai,label,39.8,19.0513,73.1563,3,13,189,9344,3115,concentrated
darkstore,34752,Super Store Bengaluru Sobha Oasis ES120,bengaluru,12.875595,77.65959,,bengaluru,label,20.08,12.7159,77.746,3,59,220,52882,17627,stretched
darkstore,34754,Super Store Bengaluru Hoodi 2 ES109,bengaluru,12.981977,77.71895,,bengaluru,label,13.61,13.082,77.7913,3,59,220,52882,17627,stretched
darkstore,34756,Super Store Bengaluru Budigere ES108,bengaluru,13.063422,77.71986,,bengaluru,label,8.01,13.082,77.7913,3,59,220,52882,17627,stretched
darkstore,34758,Super Store Zirakpur Nagla Road ES26,zirakpur,30.63142,76.82935,,mohali,city-nearest,14.82,30.7028,76.6985,1,1,62,7121,7121,proportional
darkstore,34760,Super Store Mohali ISB Road ES30,mohali,30.658937,76.70768,,mohali,label,4.96,30.7028,76.6985,1,1,62,7121,7121,proportional
darkstore,34762,Super Store Delhi Malkaganj ES238,delhi,28.686365,77.21022,,noida,city-majority,24.35,28.5355,77.391,1,25,317,2527,2527,concentrated
darkstore,34764,Super Store Mumbai Vile Parle West ES104,mumbai,19.105915,72.82856,,mumbai,label,28.46,19.2433,73.0572,3,13,189,9344,3115,concentrated
darkstore,34766,Super Store Bengaluru KR Puram ES118,bengaluru,13.029974,77.723976,,bengaluru,label,9.31,13.082,77.7913,3,59,220,52882,17627,stretched
darkstore,34768,Super Store Pune Gokul Nagar ES65,pune,18.464512,73.88722,,pune,label,25.47,18.6714,73.7836,2,24,119,19984,9992,proportional
darkstore,34770,Super Store Patiala Urban Estate ES28,patiala,30.34108,76.42512,,rajpura,city-nearest,23.91,30.4977,76.596,2,2,13,5000,2500,concentrated
darkstore,34772,Super Store Jaipur Rabindra Nagar ES37,jaipur,26.824171,75.83277,,jaipur,label,4.0,26.8108,75.7953,2,11,77,28186,14093,proportional
darkstore,34774,Super Store Zirakpur VIP Road ES27,zirakpur,30.64059,76.81135,,mohali,city-nearest,12.82,30.7028,76.6985,1,1,62,7121,7121,proportional
darkstore,34776,Super Store Hyderabad Chitrapuri Colony ES84,hyderabad,17.415922,78.36971,,hyderabad,label,12.88,17.385,78.4867,3,100,131,39128,13042,proportional
darkstore,34778,Super Store Mumbai Badlapur ES107,mumbai,19.165524,73.24342,,mumbai,label,9.4,19.082,73.2298,3,13,189,9344,3115,concentrated
darkstore,34780,Super Store Bengaluru Horamavu ES125,bengaluru,13.009001,77.6784,,bengaluru,label,14.68,13.082,77.7913,3,59,220,52882,17627,stretched
darkstore,34782,Super Store Gurgaon Chakkarpur 2 ES124,gurgaon,28.4795,77.07867,,gurgaon,label,5.55,28.4595,77.0266,1,7,87,898,898,concentrated
darkstore,34784,Super Store Mumbai Thakur Village ES97,mumbai,19.20972,72.860756,,mumbai,label,20.96,19.2433,73.0572,3,13,189,9344,3115,concentrated
darkstore,34786,Super Store Gurgaon Manesar Sector 1 ES125,gurgaon,28.370672,76.925385,,gurgaon,label,13.98,28.4595,77.0266,1,7,87,898,898,concentrated
darkstore,34790,Super Store Kolkata Rajbari Dum Dum ES99,kolkata,22.643753,88.42388,,kolkata,label,9.96,22.674,88.3325,3,11,121,18889,6296,proportional
darkstore,34792,Super Store Chennai Egmore ES27,chennai,13.08159,80.25167,,chennai,label,2.06,13.0827,80.2707,3,13,98,33883,11294,proportional
darkstore,34826,Super Store Chennai Pammal ES26,chennai,12.972834,80.12659,,chennai,label,19.82,13.0827,80.2707,3,13,98,33883,11294,proportional
darkstore,34828,Super Store Hyderabad Moosapet ES81,hyderabad,17.470749,78.418655,,hyderabad,label,11.96,17.385,78.4867,3,100,131,39128,13042,proportional
darkstore,34830,Super Store Delhi Bhajanpura ES241,delhi,28.699142,77.2718,,noida,city-majority,21.6,28.5355,77.391,1,25,317,2527,2527,concentrated
darkstore,34833,Super Store Mumbai Versova ES98,mumbai,19.125,72.816666,,mumbai,label,28.48,19.2433,73.0572,3,13,189,9344,3115,concentrated
darkstore,34835,Super Store Bengaluru Whitefield Nallurhalli ES122,bengaluru,12.973565,77.732864,,bengaluru,label,13.62,13.082,77.7913,3,59,220,52882,17627,stretched
darkstore,34836,Super Store Faridabad Badkhal Road ES32,faridabad,28.395018,77.24868,,faridabad,label,6.93,28.4089,77.3178,1,7,53,10208,10208,proportional
darkstore,34870,Super Store Gurgaon Sector 52A ES127,gurgaon,28.45244,77.08789,,gurgaon,label,6.04,28.4595,77.0266,1,7,87,898,898,concentrated
darkstore,34872,Super Store Kolkata Jadavpur ES98,kolkata,22.504614,88.36452,,kolkata,label,19.12,22.674,88.3325,3,11,121,18889,6296,proportional
darkstore,34874,Super Store Kolkata New Ballygunge ES93,kolkata,22.521433,88.36663,,kolkata,label,17.32,22.674,88.3325,3,11,121,18889,6296,proportional
darkstore,34878,Super Store Mumbai New Parel ES78,mumbai,18.993301,72.83878,,mumbai,label,34.0,19.0513,73.1563,3,13,189,9344,3115,concentrated
darkstore,34912,Super Store Kanpur Phoolbagh ES16,kanpur,26.46341,80.35934,,lucknow,city-nearest,66.26,26.7474,80.9452,2,7,92,39582,19791,stretched
darkstore,34946,Super Store Chennai T Nagar ES35,chennai,13.03531,80.22583,,chennai,label,7.17,13.0827,80.2707,3,13,98,33883,11294,proportional
darkstore,34948,Super Store Kanpur New Arya Nagar ES12,kanpur,26.48592,80.29848,,lucknow,city-nearest,70.56,26.7474,80.9452,2,7,92,39582,19791,stretched
darkstore,34950,Super Store Gurgaon Sohna ES123,gurgaon,28.256735,77.0692,,gurgaon,label,22.93,28.4595,77.0266,1,7,87,898,898,concentrated
darkstore,34986,Super Store Kolkata Barasat ES100,kolkata,22.718185,88.49551,,kolkata,label,2.44,22.7337,88.4787,3,11,121,18889,6296,proportional
darkstore,34988,Super Store UP-NCR Wave City ES127,ghaziabad,28.644308,77.53235,,noida,city-majority,18.35,28.5355,77.391,1,25,317,2527,2527,concentrated
darkstore,34990,Super Store Gurgaon Palam Vihar ES126,gurgaon,28.493488,77.02415,,gurgaon,label,3.79,28.4595,77.0266,1,7,87,898,898,concentrated
darkstore,34992,Super Store Gurgaon Sector 4 ES132,gurgaon,28.484953,77.00764,,gurgaon,label,3.38,28.4595,77.0266,1,7,87,898,898,concentrated
darkstore,34994,Super Store Bengaluru Bommanahalli ES129,bengaluru,12.90389,77.62366,,bengaluru,label,24.76,12.7159,77.746,3,59,220,52882,17627,stretched
darkstore,34996,Super Store Gurgaon Sector 11 ES128,gurgaon,28.447935,77.027855,,gurgaon,label,1.29,28.4595,77.0266,1,7,87,898,898,concentrated
darkstore,35000,Super Store Goa Margaon ES8,goa,15.280347,73.980064,,goa,label,15.58,15.2993,74.124,2,35,34,17782,8891,proportional
darkstore,35002,Super Store Mumbai Chembur West ES96,mumbai,19.0621,72.879555,,mumbai,label,27.46,19.2433,73.0572,3,13,189,9344,3115,concentrated
darkstore,35004,Super Store Amritsar White Avenue ES32,amritsar,31.627695,74.86935,,jammu,city-nearest,112.1,32.635,74.918,13,10,31,14483,1114,concentrated
darkstore,35006,Super Store Rohtak Shastri Nagar ES3,rohtak,28.906067,76.56834,,farukhnagar,city-nearest,30.17,28.6559,76.6882,2,2,27,16301,8151,proportional
darkstore,35008,Super Store Delhi Grand Trunk ES243,delhi,28.680195,77.2903,,noida,city-majority,18.85,28.5355,77.391,1,25,317,2527,2527,concentrated
darkstore,35010,Super Store Gurgaon Sector 79 ES121,gurgaon,28.36378,76.97528,,gurgaon,label,11.77,28.4595,77.0266,1,7,87,898,898,concentrated
darkstore,35012,Super Store UP-NCR Gr. Noida Sector 10 ES129,noida,28.594656,77.4866,,noida,label,11.42,28.5355,77.391,1,25,317,2527,2527,concentrated
darkstore,35014,Super Store Kolkata Shapoorji ES87,kolkata,22.559233,88.472534,,kolkata,label,19.22,22.674,88.3325,3,11,121,18889,6296,proportional
darkstore,35016,Super Store Kolkata Trivoli Court ES94,kolkata,22.526764,88.36424,,kolkata,label,16.69,22.674,88.3325,3,11,121,18889,6296,proportional
darkstore,35018,Super Store Mumbai Nalasopara East ES99,mumbai,19.42238,72.824844,,mumbai,label,31.48,19.2433,73.0572,3,13,189,9344,3115,concentrated
darkstore,35020,Super Store Mumbai Thane Waghle Estate ES94,mumbai,19.183332,72.958336,,mumbai,label,12.34,19.2433,73.0572,3,13,189,9344,3115,concentrated
darkstore,35022,Super Store Lucknow Rajajipuram ES52,lucknow,26.85102,80.8646,,lucknow,label,14.03,26.7474,80.9452,2,7,92,39582,19791,stretched
darkstore,35024,Super Store Faridabad Sector 88 ES33,faridabad,28.408434,77.36673,,faridabad,label,4.79,28.4089,77.3178,1,7,53,10208,10208,proportional
darkstore,35026,Super Store Mumbai Thane Hawaiian Village ES106,mumbai,19.266197,72.96411,,mumbai,label,10.1,19.2433,73.0572,3,13,189,9344,3115,concentrated
darkstore,35028,Super Store Ahmedabad Gota ES31,ahmedabad,23.121645,72.53131,,ahmedabad,label,33.05,22.9086,72.3062,1,38,118,38470,38470,stretched
darkstore,35030,Super Store Mumbai Marol ES105,mumbai,19.11695,72.88626,,mumbai,label,22.8,19.2433,73.0572,3,13,189,9344,3115,concentrated
darkstore,35032,Super Store Ahmedabad Jodhpur Village ES32,ahmedabad,23.020594,72.52564,,ahmedabad,label,25.69,22.9086,72.3062,1,38,118,38470,38470,stretched
darkstore,35034,Super Store Pune Nehru Nagar ES64,pune,18.624737,73.80516,,pune,label,5.66,18.6714,73.7836,2,24,119,19984,9992,proportional
darkstore,35036,Super Store Chennai Thirumudivakkam ES28,chennai,12.950313,80.11331,,chennai,label,22.53,13.0827,80.2707,3,13,98,33883,11294,proportional
darkstore,35038,Super Store UP-NCR Noida Sector 116 ES138,noida,28.560339,77.384,,noida,label,2.85,28.5355,77.391,1,25,317,2527,2527,concentrated
darkstore,35040,Super Store Chennai Keelkattalai ES36,chennai,12.956273,80.17914,,chennai,label,17.21,13.0827,80.2707,3,13,98,33883,11294,proportional
darkstore,35042,Super Store Kolkata Kalyani ES104,kolkata,22.997112,88.45133,,kolkata,label,29.42,22.7337,88.4787,3,11,121,18889,6296,proportional
darkstore,35076,Super Store Mumbai Mulund West ES108,mumbai,19.172049,72.95037,,mumbai,label,13.73,19.2433,73.0572,3,13,189,9344,3115,concentrated
darkstore,35078,Super Store Kolkata Chinar Park ES101,kolkata,22.607119,88.44676,,kolkata,label,13.89,22.674,88.3325,3,11,121,18889,6296,proportional
darkstore,35080,Super Store Jaipur JNU Jagatpura ES35,jaipur,26.85448,75.86668,,jaipur,label,8.59,26.8108,75.7953,2,11,77,28186,14093,proportional
darkstore,35082,Super Store Kolkata Kasba ES103,kolkata,22.51713,88.38041,,kolkata,label,18.12,22.674,88.3325,3,11,121,18889,6296,proportional
darkstore,35084,Super Store Chennai Anna Nagar ES29,chennai,13.095839,80.219536,,chennai,label,5.73,13.0827,80.2707,3,13,98,33883,11294,proportional
darkstore,35086,Super Store Lucknow Vibhuti Khand ES53,lucknow,26.861834,80.9973,,lucknow,label,8.28,26.7875,80.9923,2,7,92,39582,19791,stretched
darkstore,35088,Super Store Bengaluru Indiranagar ES132,bengaluru,12.956506,77.64053,,bengaluru,label,21.48,13.082,77.7913,3,59,220,52882,17627,stretched
darkstore,35122,Super Store Kolkata Behala Shakerbazar ES97,kolkata,22.486824,88.31962,,kolkata,label,14.96,22.4825,88.1741,3,11,121,18889,6296,proportional
darkstore,35156,Super Store Delhi Shahpurjat ES248,delhi,28.549955,77.21476,,noida,city-majority,17.29,28.5355,77.391,1,25,317,2527,2527,concentrated
darkstore,35158,Super Store UP-NCR Ahinsa Khand 2 ES137,ghaziabad,28.659508,77.38712,,noida,city-majority,13.79,28.5355,77.391,1,25,317,2527,2527,concentrated
darkstore,35160,Super Store Delhi Mohan Garden ES250,delhi,28.621143,77.04267,,noida,city-majority,35.32,28.5355,77.391,1,25,317,2527,2527,concentrated
darkstore,35194,Super Store Lucknow Arjun Ganj ES54,lucknow,26.8035,80.98897,,lucknow,label,1.81,26.7875,80.9923,2,7,92,39582,19791,stretched
darkstore,35228,Super Store Indore Sukhlia ES5,indore,22.776106,75.87482,,indore,label,6.52,22.7196,75.8577,2,5,31,14771,7386,proportional
darkstore,35262,Super Store Pune Ravet ES70,pune,18.61873,73.75367,,pune,label,6.65,18.6714,73.7836,2,24,119,19984,9992,proportional
darkstore,35264,Super Store Bengaluru Bhartiya City ES130,bengaluru,13.083314,77.64768,,bengaluru,label,15.56,13.082,77.7913,3,59,220,52882,17627,stretched
darkstore,35298,Super Store Delhi Kishan Ganj ES251,kishanganj,28.670683,77.18906,,noida,city-majority,24.79,28.5355,77.391,1,25,317,2527,2527,concentrated
darkstore,35300,Super Store Ahmedabad Kudasan ES34,gandhinagar,23.183308,72.61283,,ahmedabad,city-nearest,43.79,22.9086,72.3062,1,38,118,38470,38470,stretched
darkstore,35302,Super Store UP-NCR Raj Nagar Extn ES133,ghaziabad,28.71108,77.42685,,noida,city-majority,19.83,28.5355,77.391,1,25,317,2527,2527,concentrated
darkstore,35304,Super Store Lucknow Civil Lines ES51,lucknow,26.845167,80.96397,,lucknow,label,7.0,26.7875,80.9923,2,7,92,39582,19791,stretched
darkstore,35306,Super Store Kharar Sector 115 ES35,kharar,30.71812,76.652824,,mohali,city-nearest,4.69,30.7028,76.6985,1,1,62,7121,7121,proportional
darkstore,35308,Super Store Kolkata Tata Medical ES91,kolkata,22.561548,88.48566,,kolkata,label,19.16,22.7337,88.4787,3,11,121,18889,6296,proportional
darkstore,35310,Super Store Hyderabad Financial District ES82,hyderabad,17.434738,78.31976,,hyderabad,label,18.56,17.385,78.4867,3,100,131,39128,13042,proportional
darkstore,35312,Super Store Pune Thergaon ES67,pune,18.61352,73.77921,,pune,label,6.45,18.6714,73.7836,2,24,119,19984,9992,proportional
darkstore,35314,Super Store Dehradun Saraswati Vihar ES6,dehradun,30.280815,78.025246,,dehradun,label,4.02,30.3165,78.0322,1,43,47,6372,6372,proportional
darkstore,35316,Super Store Dehradun Prem Nagar ES7,vikasnagar,30.334541,77.9497,,dehradun,city-nearest,8.17,30.3165,78.0322,1,43,47,6372,6372,proportional
darkstore,35318,Super Store Bhopal Lalghati ES5,bhopal,23.28657,77.3819,,bhopal,label,4.32,23.2599,77.4126,1,2,28,8294,8294,proportional
darkstore,35320,Super Store UP-NCR Noida Sector 53 ES134,noida,28.587461,77.36699,,noida,label,6.24,28.5355,77.391,1,25,317,2527,2527,concentrated
darkstore,35322,Super Store Bengaluru Rayasandra ES128,bengaluru,12.858503,77.695984,,bengaluru,label,16.76,12.7159,77.746,3,59,220,52882,17627,stretched
darkstore,35324,Super Store Delhi Naharpur ES240,delhi,28.699978,77.096504,,noida,city-majority,34.07,28.5355,77.391,1,25,317,2527,2527,concentrated
darkstore,35326,Super Store Chennai Pallikaranai ES32,chennai,12.933874,80.207855,,chennai,label,17.89,13.0827,80.2707,3,13,98,33883,11294,proportional
darkstore,35328,Super Store Delhi Karawal Nagar ES237,delhi,28.711157,77.263374,,noida,city-majority,23.17,28.5355,77.391,1,25,317,2527,2527,concentrated
darkstore,35330,Super Store Delhi Dwarka Sector 17 ES249,delhi,28.591486,77.01286,,noida,city-majority,37.45,28.5355,77.391,1,25,317,2527,2527,concentrated
darkstore,35332,Super Store Delhi Manglapuri ES256,delhi,28.600433,77.098656,,noida,city-majority,29.45,28.5355,77.391,1,25,317,2527,2527,concentrated
darkstore,35334,Super Store Gurgaon Sector 51 ES129,gurgaon,28.422976,77.061874,,gurgaon,label,5.33,28.4595,77.0266,1,7,87,898,898,concentrated
darkstore,35336,Super Store Jaipur Raja Park ES39,jaipur,26.881533,75.8045,,jaipur,label,7.92,26.8108,75.7953,2,11,77,28186,14093,proportional
darkstore,35338,Super Store Meerut Kankerkhera ES139,meerut,29.014744,77.69332,,dasna,city-nearest,34.79,28.7251,77.5582,2,2,15,4511,2256,concentrated
darkstore,35372,Super Store Hyderabad Kothaguda ES77,hyderabad,17.458601,78.37491,,hyderabad,label,14.41,17.385,78.4867,3,100,131,39128,13042,proportional
darkstore,35374,Super Store Delhi Sangam Vihar 2 ES255,delhi,28.503294,77.247986,,noida,city-majority,14.42,28.5355,77.391,1,25,317,2527,2527,concentrated
darkstore,35376,Super Store Mumbai Thane Bhayandarpada ES112,mumbai,19.269426,72.94364,,mumbai,label,12.27,19.2433,73.0572,3,13,189,9344,3115,concentrated
darkstore,35378,Super Store Jaipur Mansarovar ES38,jaipur,26.826729,75.7408,,jaipur,label,5.69,26.8108,75.7953,2,11,77,28186,14093,proportional
darkstore,35380,Super Store Lucknow IIM Road ES56,lucknow,26.93184,80.92697,,lucknow,label,17.31,26.7875,80.9923,2,7,92,39582,19791,stretched
darkstore,35382,Super Store Pune Nigdi ES72,pune,18.674957,73.777115,,pune,label,0.79,18.6714,73.7836,2,24,119,19984,9992,proportional
darkstore,35384,Super Store Amritsar GT Road ES36,amritsar,31.615253,74.81637,,jammu,city-nearest,113.79,32.635,74.918,13,10,31,14483,1114,concentrated
darkstore,35386,Super Store Pune Chikali ES68,pune,18.676163,73.82278,,pune,label,4.16,18.6714,73.7836,2,24,119,19984,9992,proportional
darkstore,35388,Super Store Bengaluru Sahakar Nagar ES134,bengaluru,13.066051,77.57639,,bengaluru,label,23.34,13.082,77.7913,3,59,220,52882,17627,stretched
darkstore,35390,Super Store Delhi Tihar Village ES253,delhi,28.626144,77.10658,,noida,city-majority,29.54,28.5355,77.391,1,25,317,2527,2527,concentrated
darkstore,35392,Super Store Surat Athwa Gate ES3,surat,21.157562,72.78905,,surat,label,4.58,21.1702,72.8311,2,7,30,10654,5327,proportional
darkstore,35426,Super Store Gurgaon Sector 66 ES131,gurgaon,28.391306,77.05579,,gurgaon,label,8.1,28.4595,77.0266,1,7,87,898,898,concentrated
darkstore,35460,Super Store Delhi Kapashera ES261,delhi,28.536608,77.072525,,noida,city-majority,31.11,28.5355,77.391,1,25,317,2527,2527,concentrated
darkstore,35494,Super Store Bengaluru LBS Nagar ES136,bengaluru,12.962898,77.66821,,bengaluru,label,18.79,13.082,77.7913,3,59,220,52882,17627,stretched
darkstore,35528,Super Store Ahmedabad Thaltej ES33,ahmedabad,23.035955,72.48677,,ahmedabad,label,23.29,22.9086,72.3062,1,38,118,38470,38470,stretched
darkstore,35530,Super Store Pune Mukai Nagar ES71,pune,18.659927,73.73165,,pune,label,5.62,18.6714,73.7836,2,24,119,19984,9992,proportional
darkstore,35532,Super Store Pune Narhe ES73,pune,18.437412,73.827614,,pune,label,26.43,18.6714,73.7836,2,24,119,19984,9992,proportional
darkstore,35534,Super Store Pune Hinjawadi Phase 3 ES75,pune,18.585955,73.68224,,pune,label,9.08,18.5655,73.5988,2,24,119,19984,9992,proportional
darkstore,35536,Super Store Lucknow Aliganj ES55,lucknow,26.889242,80.93885,,lucknow,label,12.49,26.7875,80.9923,2,7,92,39582,19791,stretched
darkstore,35538,Super Store Hyderabad Banjara Hills Rd 2 ES85,hyderabad,17.419773,78.44721,,hyderabad,label,5.7,17.385,78.4867,3,100,131,39128,13042,proportional
darkstore,35540,Super Store Delhi Asaf Ali Road ES252,delhi,28.637787,77.22782,,noida,city-majority,19.58,28.5355,77.391,1,25,317,2527,2527,concentrated
darkstore,35542,Super Store Kolkata Sarsuna ES102,kolkata,22.481007,88.27559,,kolkata,label,10.43,22.4825,88.1741,3,11,121,18889,6296,proportional
darkstore,35546,Super Store Chennai Nolambur ES30,chennai,13.070935,80.1508,,chennai,label,13.05,13.0827,80.2707,3,13,98,33883,11294,proportional
darkstore,35548,Super Store Chennai Korattur ES37,chennai,13.113538,80.207855,,chennai,label,7.62,13.0827,80.2707,3,13,98,33883,11294,proportional
darkstore,35550,Super Store Surat Pankaj Nagar ES2,surat,21.202562,72.78908,,surat,label,5.65,21.1702,72.8311,2,7,30,10654,5327,proportional
darkstore,35552,Super Store Chennai Perumbakkam ES25,chennai,12.902204,80.1956,,chennai,label,21.66,13.0827,80.2707,3,13,98,33883,11294,proportional
darkstore,35554,Super Store Delhi Lajpat Nagar ES259,delhi,28.564825,77.24109,,noida,city-majority,15.0,28.5355,77.391,1,25,317,2527,2527,concentrated
darkstore,35556,Super Store Bengaluru Subramanyapura ES116,bengaluru,12.874933,77.5344,,bengaluru,label,28.97,12.7159,77.746,3,59,220,52882,17627,stretched
darkstore,35558,Super Store Bengaluru Silver Springs Layout ES139,bengaluru,12.958756,77.70218,,bengaluru,label,16.76,13.082,77.7913,3,59,220,52882,17627,stretched
darkstore,35560,Super Store Hyderabad Nallagandla ES86,hyderabad,17.442772,78.302605,,hyderabad,label,20.56,17.385,78.4867,3,100,131,39128,13042,proportional
darkstore,35562,Super Store Chennai Navalur ES34,chennai,12.856074,80.22152,,chennai,label,25.76,13.0827,80.2707,3,13,98,33883,11294,proportional
darkstore,35564,Super Store Gurgaon Maruti Kunj ES133,gurgaon,28.361624,77.059326,,gurgaon,label,11.34,28.4595,77.0266,1,7,87,898,898,concentrated
darkstore,35566,Super Store Mumbai Chandivali ES118,mumbai,19.098059,72.89741,,mumbai,label,23.29,19.2433,73.0572,3,13,189,9344,3115,concentrated
darkstore,35568,Super Store Bengaluru Tubrahalli ES131,bengaluru,12.955603,77.71958,,bengaluru,label,16.06,13.082,77.7913,3,59,220,52882,17627,stretched
darkstore,35570,Super Store Bengaluru Siddapura ES123,bengaluru,12.953892,77.72345,,bengaluru,label,16.03,13.082,77.7913,3,59,220,52882,17627,stretched
darkstore,35572,Super Store Bengaluru Doddanekundi ES138,bengaluru,12.977561,77.69924,,bengaluru,label,15.31,13.082,77.7913,3,59,220,52882,17627,stretched
darkstore,35574,Super Store Delhi CR Park ES265,delhi,28.545605,77.24219,,noida,city-majority,14.58,28.5355,77.391,1,25,317,2527,2527,concentrated
darkstore,35576,Super Store UP-NCR Morta ES141,ghaziabad,28.716278,77.43887,,noida,city-majority,20.64,28.5355,77.391,1,25,317,2527,2527,concentrated
darkstore,35578,Super Store Bengaluru Marathahalli 14th Cross ES135,bengaluru,12.944363,77.705185,,bengaluru,label,17.92,13.082,77.7913,3,59,220,52882,17627,stretched
darkstore,35580,Super Store Indore Talawali Chanda ES6,indore,22.812963,75.93342,,indore,label,12.96,22.7196,75.8577,2,5,31,14771,7386,proportional
darkstore,35582,Super Store UP-NCR Sector 93 ES142,delhi,28.511839,77.39128,,noida,city-majority,2.63,28.5355,77.391,1,25,317,2527,2527,concentrated
darkstore,35584,Super Store Delhi Moti Nagar ES264,delhi,28.666462,77.15874,,noida,city-majority,26.95,28.5355,77.391,1,25,317,2527,2527,concentrated
darkstore,35586,Super Store Ahmedabad Shela Road ES40,ahmedabad,23.012844,72.445145,,ahmedabad,label,18.35,22.9086,72.3062,1,38,118,38470,38470,stretched
darkstore,35588,Super Store Gurgaon Sector 92 ES130,gurgaon,28.423433,76.91421,,gurgaon,label,11.7,28.4595,77.0266,1,7,87,898,898,concentrated
darkstore,35590,Super Store Jaipur Chitrakoot ES41,jaipur,26.905039,75.74559,,jaipur,label,11.58,26.8108,75.7953,2,11,77,28186,14093,proportional
darkstore,35592,Super Store Gurgaon Sector 23 ES137,gurgaon,28.50075,77.06464,,gurgaon,label,5.9,28.4595,77.0266,1,7,87,898,898,concentrated
darkstore,35594,Super Store Kolkata Kasba Garfa ES107,kolkata,22.494858,88.3903,,kolkata,label,20.78,22.674,88.3325,3,11,121,18889,6296,proportional
darkstore,35596,Super Store Jaipur New Kalyanpura ES45,jaipur,26.843224,75.76106,,jaipur,label,4.95,26.8108,75.7953,2,11,77,28186,14093,proportional
darkstore,35630,Super Store Hyderabad Kavuri Hills ES88,hyderabad,17.427074,78.405556,,hyderabad,label,9.8,17.385,78.4867,3,100,131,39128,13042,proportional
darkstore,35632,Super Store Gurgaon Sector 77 ES134,gurgaon,28.378437,76.97841,,gurgaon,label,10.17,28.4595,77.0266,1,7,87,898,898,concentrated
darkstore,35634,Super Store Delhi Aya Nagar ES260,delhi,28.474283,77.12065,,noida,city-majority,27.28,28.5355,77.391,1,25,317,2527,2527,concentrated
darkstore,35636,Super Store Delhi Rohini Sector 24 ES262,delhi,28.721909,77.08776,,noida,city-majority,36.13,28.5355,77.391,1,25,317,2527,2527,concentrated
darkstore,35638,Super Store Faridabad Sector 46 ES34,faridabad,28.442123,77.29224,,faridabad,label,4.46,28.4089,77.3178,1,7,53,10208,10208,proportional
darkstore,35640,Super Store Mumbai Borivali East ES120,mumbai,19.226637,72.86757,,mumbai,label,19.99,19.2433,73.0572,3,13,189,9344,3115,concentrated
darkstore,35642,Super Store Jaipur Kusum Vihar Jagatpura ES44,jaipur,26.824865,75.84759,,jaipur,label,5.42,26.8108,75.7953,2,11,77,28186,14093,proportional
darkstore,35644,Super Store Delhi UNA Enclave ES258,delhi,28.6082,77.275444,,noida,city-majority,13.88,28.5355,77.391,1,25,317,2527,2527,concentrated
darkstore,35646,Super Store Hyderabad Gudimalkapur ES89,hyderabad,17.36574,78.454056,,hyderabad,label,4.07,17.385,78.4867,3,100,131,39128,13042,proportional
darkstore,35647,Super Store Pune Nanded ES69,pune,18.456547,73.78249,,pune,label,22.85,18.5655,73.5988,2,24,119,19984,9992,proportional
darkstore,35648,Super Store Ahmedabad Vastrapur ES36,ahmedabad,23.037474,72.518974,,ahmedabad,label,26.07,22.9086,72.3062,1,38,118,38470,38470,stretched
darkstore,35654,Super Store Mumbai Amruthnagar ES117,mumbai,19.094803,72.91031,,mumbai,label,22.6,19.2433,73.0572,3,13,189,9344,3115,concentrated
darkstore,35656,Super Store UP-NCR Itehra ES143,ghaziabad,28.60299,77.443,,noida,city-majority,9.06,28.5355,77.391,1,25,317,2527,2527,concentrated
darkstore,35658,Super Store Delhi Wazirabad ES273,delhi,28.735935,77.21932,,noida,city-majority,27.88,28.5355,77.391,1,25,317,2527,2527,concentrated
darkstore,35660,Super Store Delhi Begumpur ES254,delhi,28.734377,77.01105,,noida,city-majority,43.17,28.5355,77.391,1,25,317,2527,2527,concentrated
darkstore,35662,Super Store Hyderabad Kukatpally ES91,hyderabad,17.484747,78.413994,,hyderabad,label,13.51,17.385,78.4867,3,100,131,39128,13042,proportional
darkstore,35664,Super Store Mumbai Dahisar West ES126,mumbai,19.250748,72.8545,,mumbai,label,21.3,19.2433,73.0572,3,13,189,9344,3115,concentrated
darkstore,35668,Super Store Ludhiana Shimlapuri ES40,ludhiana,30.834927,75.860374,,ludhiana,label,7.34,30.9009,75.8573,2,2,51,38214,19107,stretched
darkstore,35670,Super Store Chennai Guduvanchery ES41,chengalpattu,12.858278,80.06861,,chennai,city-nearest,33.2,13.0827,80.2707,3,13,98,33883,11294,proportional
darkstore,35672,Super Store Chennai Pallavaram ES42,chennai,12.95915,80.14951,,chennai,label,19.0,13.0827,80.2707,3,13,98,33883,11294,proportional
darkstore,35674,Super Store Jaipur Gopalpura ES42,jaipur,26.854988,75.79759,,jaipur,label,4.92,26.8108,75.7953,2,11,77,28186,14093,proportional
darkstore,35676,Super Store Pune Life Republic ES84,pune,18.624866,73.728874,,pune,label,7.75,18.6714,73.7836,2,24,119,19984,9992,proportional
darkstore,35680,Super Store Bengaluru Belathur ES141,bengaluru,13.017346,77.75627,,bengaluru,label,8.13,13.082,77.7913,3,59,220,52882,17627,stretched
darkstore,35682,Super Store Mumbai Chincholi Malad ES121,mumbai,19.178074,72.843414,,mumbai,label,23.59,19.2433,73.0572,3,13,189,9344,3115,concentrated
darkstore,35684,Super Store Vijayawada Currency Nagar ES2,vijayawada,16.520168,80.68303,,vijayawada,label,4.57,16.4977,80.6471,1,26,22,21290,21290,stretched
darkstore,35686,Super Store Vijayawada Kanuru ES4,vijayawada,16.506952,80.71345,,vijayawada,label,7.15,16.4977,80.6471,1,26,22,21290,21290,stretched
darkstore,35688,Super Store Bhopal Minal ES6,bhopal,23.28657,77.46659,,bhopal,label,6.26,23.2599,77.4126,1,2,28,8294,8294,proportional
darkstore,35690,Super Store Delhi Burari ES277,delhi,28.7489,77.19596,,noida,city-majority,30.42,28.5355,77.391,1,25,317,2527,2527,concentrated
darkstore,35694,Super Store Goa Siolim ES9,goa,15.653247,73.76604,,goa,label,31.5,15.3917,73.8791,2,35,34,17782,8891,proportional
darkstore,35696,Super Store Kolkata Rajarhat Chowmata ES110,kolkata,22.601562,88.532814,,kolkata,label,15.71,22.7337,88.4787,3,11,121,18889,6296,proportional
darkstore,35698,Super Store Lucknow Integral Kursi Road ES58,lucknow,26.971537,80.996506,,lucknow,label,20.47,26.7875,80.9923,2,7,92,39582,19791,stretched
darkstore,35700,Super Store Bhiwadi Thara ES6,bhiwadi,28.114645,76.80387,,farukhnagar,city-nearest,38.44,28.458,76.8496,2,2,27,16301,8151,proportional
darkstore,35702,Super Store UP-NCR Noida Sector 76 ES145,noida,28.56462,77.38633,,noida,label,3.27,28.5355,77.391,1,25,317,2527,2527,concentrated
darkstore,35704,Super Store Bengaluru Yelahanka ES142,bengaluru,13.14036,77.57453,,bengaluru,label,24.36,13.082,77.7913,3,59,220,52882,17627,stretched
darkstore,35706,Super Store Haridwar Jwalapur ES1,haridwar,29.94899,78.14716,,dehradun,city-nearest,42.33,30.3165,78.0322,1,43,47,6372,6372,proportional
darkstore,35708,Super Store Bareilly Delapeer ES1,bareilly,28.416504,79.445076,,bareilly,label,6.58,28.36,79.425,5,12,28,28118,5624,proportional
darkstore,35710,Super Store Bathinda Chandsar Basti ES37,bathinda,30.234217,74.97759,,ludhiana,city-nearest,112.2,30.9009,75.8573,2,2,51,38214,19107,stretched
darkstore,35748,Super Store Ajmer Vaishali Nagar ES7,ajmer,26.476149,74.6609,,jaipur,city-nearest,118.73,26.8108,75.7953,2,11,77,28186,14093,proportional
darkstore,35750,Super Store Kharar Jalvayu Vihar ES39,kharar,30.77951,76.65264,,mohali,city-nearest,9.59,30.7028,76.6985,1,1,62,7121,7121,proportional
darkstore,35754,Super Store Jodhpur Ratanada ES2,jodhpur,26.289505,73.032295,,jaipur,city-nearest,280.87,26.8108,75.7953,2,11,77,28186,14093,proportional
darkstore,35756,Super Store Kochi Kaloor ES1,kochi,9.988428,76.319885,,coimbatore,city-nearest,135.45,10.9795,77.0401,1,9,46,40154,40154,stretched
darkstore,35792,Super Store Gurgaon Sector 30 ES138,gurgaon,28.455667,77.06093,,gurgaon,label,3.38,28.4595,77.0266,1,7,87,898,898,concentrated
darkstore,35794,Super Store Kolkata Buroshibtala ES114,kolkata,22.51141,88.328636,,kolkata,label,16.2,22.4825,88.1741,3,11,121,18889,6296,proportional
darkstore,35798,Super Store Delhi Trilokpuri ES276,delhi,28.60392,77.30259,,noida,city-majority,11.51,28.5355,77.391,1,25,317,2527,2527,concentrated
darkstore,35832,Super Store Kolkata Karunamoyee ES115,kolkata,22.58707,88.41656,,kolkata,label,12.96,22.674,88.3325,3,11,121,18889,6296,proportional
darkstore,35834,Super Store Kolkata South Sinthee ES108,kolkata,22.629604,88.39042,,kolkata,label,7.73,22.674,88.3325,3,11,121,18889,6296,proportional
darkstore,35836,Super Store  Ahmedabad Nirma Tragad ES38,ahmedabad,23.132511,72.54864,,ahmedabad,label,35.15,22.9086,72.3062,1,38,118,38470,38470,stretched
darkstore,35838,Super Store Delhi Jwalaheri ES272,delhi,28.67045,77.10536,,noida,city-majority,31.67,28.5355,77.391,1,25,317,2527,2527,concentrated
darkstore,35840,Super Store Delhi Tilak Nagar ES280,delhi,28.631735,77.09631,,noida,city-majority,30.7,28.5355,77.391,1,25,317,2527,2527,concentrated
darkstore,35842,Super Store Hyderabad Madhapur ES87,hyderabad,17.44865,78.39023,,hyderabad,label,12.44,17.385,78.4867,3,100,131,39128,13042,proportional
darkstore,35844,Super Store Ahmedabad Narol ES43,ahmedabad,22.962366,72.5854,,ahmedabad,label,29.21,22.9086,72.3062,1,38,118,38470,38470,stretched
darkstore,35846,Super Store Nagpur Dharmpeth ES2,nagpur,21.136791,79.054085,,nagpur,label,32.12,21.2912,78.7922,1,17,37,23108,23108,stretched
darkstore,35848,Super Store Ahmedabad Samrat Nagar ES46,ahmedabad,22.977314,72.60626,,ahmedabad,label,31.66,22.9086,72.3062,1,38,118,38470,38470,stretched
darkstore,35850,Super Store Mumbai Nilije Pada ES119,thane,19.141666,73.075,,mumbai,city-nearest,11.45,19.2433,73.0572,3,13,189,9344,3115,concentrated
darkstore,35852,Super Store Kochi Kakkanad ES2,kochi,10.015741,76.34555,,coimbatore,city-nearest,131.34,10.9795,77.0401,1,9,46,40154,40154,stretched
darkstore,35886,Super Store Kolkata Shibtalla ES109,kolkata,22.493698,88.33753,,kolkata,label,16.84,22.4825,88.1741,3,11,121,18889,6296,proportional
darkstore,35888,Super Store Pune Chinchwad ES79,pune,18.626652,73.793,,pune,label,5.07,18.6714,73.7836,2,24,119,19984,9992,proportional
darkstore,35890,Super Store Sonipat Levan ES57,sonipat,28.920576,77.065445,,kundli,city-nearest,9.8,29.0048,77.0358,1,4,20,7830,7830,proportional
darkstore,35892,Super Store Pune Ambegaon Budruk ES88,pune,18.467869,73.8307,,pune,label,23.17,18.6714,73.7836,2,24,119,19984,9992,proportional
darkstore,35894,Super Store Bengaluru Surabhi Layout ES143,bengaluru,13.103103,77.60518,,bengaluru,label,20.29,13.082,77.7913,3,59,220,52882,17627,stretched
darkstore,35896,Super Store Kochi Pachalam ES3,kochi,10.0191345,76.27323,,coimbatore,city-nearest,135.77,10.9795,77.0401,1,9,46,40154,40154,stretched
darkstore,35898,Super Store Hyderabad Shivrampally ES95,hyderabad,17.317007,78.42023,,hyderabad,label,10.34,17.385,78.4867,3,100,131,39128,13042,proportional
darkstore,35900,Super Store Mysore JP Nagar ES3,mysore,12.256124,76.6213,,bengaluru,city-nearest,132.37,12.7159,77.746,3,59,220,52882,17627,stretched
darkstore,35902,Super Store Pune Baif Road ES82,pune,18.559093,73.980385,,pune,label,24.21,18.6714,73.7836,2,24,119,19984,9992,proportional
darkstore,35904,Super Store Gurgaon Sector 59 ES136,gurgaon,28.405708,77.10422,,gurgaon,label,9.66,28.4595,77.0266,1,7,87,898,898,concentrated
darkstore,35906,Super Store Ahmedabad Bapunagar ES42,ahmedabad,23.036043,72.63013,,ahmedabad,label,36.06,22.9086,72.3062,1,38,118,38470,38470,stretched
darkstore,35908,Super Store Kolkata Purbalok ES113,kolkata,22.500029,88.41217,,kolkata,label,21.0,22.674,88.3325,3,11,121,18889,6296,proportional
darkstore,35910,Super Store Pune Magarpatta ES92,pune,18.503668,73.919495,,pune,label,23.52,18.6714,73.7836,2,24,119,19984,9992,proportional
darkstore,35912,Super Store Alwar Lajpat Nagar ES3,alwar,27.60564,76.62538,,farukhnagar,city-majority,97.3,28.458,76.8496,2,2,27,16301,8151,proportional
darkstore,35914,Super Store Ahmedabad Gujarat College ES48,ahmedabad,22.999924,72.563644,,ahmedabad,label,28.25,22.9086,72.3062,1,38,118,38470,38470,stretched
darkstore,35916,Super Store Agra Dayal Bagh ES6,agra,27.22943,78.01993,,faridabad,city-nearest,148.22,28.4089,77.3178,1,7,53,10208,10208,proportional
darkstore,35918,Super Store Delhi Shakti Vihar ES274,delhi,28.498528,77.34047,,noida,city-majority,6.42,28.5355,77.391,1,25,317,2527,2527,concentrated
darkstore,35920,Super Store Delhi New Ashok Nagar ES268,delhi,28.586826,77.30539,,noida,city-majority,10.12,28.5355,77.391,1,25,317,2527,2527,concentrated
darkstore,35922,Super Store Varanasi Ranipur ES2,varanasi,25.299866,82.9692,,varanasi,label,2.03,25.3176,82.9739,2,8,34,18808,9404,proportional
darkstore,35924,Super Store Visakhapatnam Akkayyapalem ES1,visakhapatnam,17.729422,83.30143,,visakhapatnam,label,9.0,17.7487,83.2189,1,6,20,4779,4779,proportional
darkstore,35926,Super Store Vijayawada Tadepalli ES5,vijayawada,16.494467,80.61082,,vijayawada,label,3.88,16.4977,80.6471,1,26,22,21290,21290,stretched
darkstore,35928,Super Store Ahmedabad Prahlad Nagar ES39,ahmedabad,22.998528,72.53042,,ahmedabad,label,25.04,22.9086,72.3062,1,38,118,38470,38470,stretched
darkstore,35930,Super Store Vijayawada Benzcircle ES7,vijayawada,16.502174,80.63592,,vijayawada,label,1.29,16.4977,80.6471,1,26,22,21290,21290,stretched
darkstore,35932,Super Store Karnal Sector 5 ES1,karnal,29.66042,77.011444,,kundli,city-nearest,72.94,29.0048,77.0358,1,4,20,7830,7830,proportional
darkstore,35934,Super Store Rajkot Nana Mava ES2,rajkot,22.26601,70.74019,,ahmedabad,city-nearest,175.94,22.9086,72.3062,1,38,118,38470,38470,stretched
darkstore,35936,Super Store Surat Dahin Nagar ES4,surat,21.252413,72.77919,,surat,label,10.61,21.1702,72.8311,2,7,30,10654,5327,proportional
darkstore,35938,Super Store Ranchi Kantatoli ES1,ranchi,23.359564,85.35088,,ranchi,label,4.11,23.3533,85.3112,2,6,47,32731,16365,stretched
darkstore,35942,Super Store Kota Rangbari ES4,kota,25.10366,75.85164,,jaipur,city-nearest,189.91,26.8108,75.7953,2,11,77,28186,14093,proportional
darkstore,35944,Super Store Ranchi Harmu ES2,ranchi,23.357506,85.31137,,ranchi,label,0.47,23.3533,85.3112,2,6,47,32731,16365,stretched
darkstore,35946,Super Store Jamshedpur Bistupur ES2,jamshedpur,22.79455,86.16632,,ranchi,city-nearest,106.01,23.3348,85.3125,2,6,47,32731,16365,stretched
darkstore,35948,Super Store  Durgapur Bidhannagar ES117,durgapur,23.489437,87.31969,,kolkata,city-majority,137.68,22.674,88.3325,3,11,121,18889,6296,proportional
darkstore,35950,Super Store Surat Bhimrad ES6,surat,21.135809,72.81846,,surat,label,4.04,21.1702,72.8311,2,7,30,10654,5327,proportional
darkstore,35952,Super Store Vijayawada Governerpet ES8,vijayawada,16.52018,80.64226,,vijayawada,label,2.55,16.4977,80.6471,1,26,22,21290,21290,stretched
darkstore,35954,Super Store Coimbatore Nava India ES3,coimbatore,11.037394,76.98122,,coimbatore,label,9.1,10.9795,77.0401,1,9,46,40154,40154,stretched
darkstore,35956,Super Store Coimbatore Saibaba Colony ES2,coimbatore,11.036216,76.9398,,coimbatore,label,12.63,10.9795,77.0401,1,9,46,40154,40154,stretched
darkstore,35958,Super Store Rewari Model Town ES1,rewari,28.195787,76.63269,,farukhnagar,city-nearest,36.07,28.458,76.8496,2,2,27,16301,8151,proportional
darkstore,35960,Super Store Visakhapatnam Ram Nagar ES3,visakhapatnam,17.721554,83.33026,,visakhapatnam,label,12.17,17.7487,83.2189,1,6,20,4779,4779,proportional
darkstore,35994,Super Store Kolkata Topsia ES111,kolkata,22.542267,88.403,,kolkata,label,16.34,22.674,88.3325,3,11,121,18889,6296,proportional
darkstore,35996,Super Store Patiala Azad Nagar ES48,patiala,30.367323,76.40262,,rajpura,city-nearest,23.54,30.4977,76.596,2,2,13,5000,2500,concentrated
darkstore,35998,Super Store UP-NCR Gagan Vihar ES135,ghaziabad,28.695597,77.33072,,noida,city-majority,18.75,28.5355,77.391,1,25,317,2527,2527,concentrated
darkstore,36000,Super Store Pune Amanora Park Town ES87,pune,18.521265,73.93633,,pune,label,23.19,18.6714,73.7836,2,24,119,19984,9992,proportional
darkstore,36002,Super Store Pune Rambaug Colony ES89,pune,18.493166,73.830666,,pune,label,20.43,18.6714,73.7836,2,24,119,19984,9992,proportional
darkstore,36004,Super Store Lucknow Aishbagh ES60,lucknow,26.845205,80.91048,,lucknow,label,10.35,26.7875,80.9923,2,7,92,39582,19791,stretched
darkstore,36006,Super Store Ranchi MG Road ES3,ranchi,23.362646,85.31825,,ranchi,label,1.26,23.3533,85.3112,2,6,47,32731,16365,stretched
darkstore,36008,Super Store Kanpur Raipurwa ES17,kanpur,26.4555,80.31147,,lucknow,city-nearest,70.88,26.7474,80.9452,2,7,92,39582,19791,stretched
darkstore,36010,Super Store Bengaluru Mathikere ES140,bengaluru,13.0206585,77.55858,,bengaluru,label,26.12,13.082,77.7913,3,59,220,52882,17627,stretched
darkstore,36012,Super Store Nagpur Dhantoli ES4,nagpur,21.144531,79.07547,,nagpur,label,33.59,21.2912,78.7922,1,17,37,23108,23108,stretched
darkstore,36014,Super Store Chennai Mahindra City ES44,chengalpattu,12.750897,79.998024,,chennai,city-nearest,47.27,13.0827,80.2707,3,13,98,33883,11294,proportional
darkstore,36024,Super Store Goa Vasco Da Gama ES11,goa,15.392078,73.80841,,goa,label,7.58,15.3917,73.8791,2,35,34,17782,8891,proportional
darkstore,36026,Super Store Gwalior Govindpuri ES1,gwalior,26.187506,78.22544,,jhansi,city-nearest,85.41,25.47,78.53,4,15,12,12150,3038,concentrated
darkstore,36028,Super Store Jaipur Rangoli Greens ES47,jaipur,26.906784,75.70002,,jaipur,label,14.26,26.8108,75.7953,2,11,77,28186,14093,proportional
darkstore,36030,Super Store Vadodara Alkapuri ES9,vadodara,22.319458,73.104774,,ahmedabad,city-nearest,104.93,22.9086,72.3062,1,38,118,38470,38470,stretched
darkstore,36032,Super Store Pune Punawale ES80,pune,18.61654,73.73145,,pune,label,8.21,18.6714,73.7836,2,24,119,19984,9992,proportional
darkstore,36034,Super Store Delhi Karkardooma ES267,delhi,28.652073,77.307396,,noida,city-majority,15.32,28.5355,77.391,1,25,317,2527,2527,concentrated
darkstore,36036,Super Store Kolkata Alipore ES112,alipore,22.528893,88.34019,,kolkata,city-nearest,16.15,22.674,88.3325,3,11,121,18889,6296,proportional
darkstore,36038,Super Store Lucknow Akash Enclave ES59,lucknow,26.777824,80.95405,,lucknow,label,3.5,26.7474,80.9452,2,7,92,39582,19791,stretched
darkstore,36040,Super Store Jalandhar Canal Road ES49,jalandhar,31.33415,75.559975,,ludhiana,city-nearest,55.87,30.9009,75.8573,2,2,51,38214,19107,stretched
darkstore,36044,Super Store Mumbai Vashi Sector 28 ES133,thane,19.073076,72.9901,,mumbai,city-nearest,17.63,19.0513,73.1563,3,13,189,9344,3115,concentrated
darkstore,36046,Super Store Mumbai Virar North ES134,mumbai,19.477207,72.8015,,mumbai,label,37.36,19.2433,73.0572,3,13,189,9344,3115,concentrated
darkstore,36048,Super Store Gurgaon Sector 72 ES142,gurgaon,28.414202,77.01366,,gurgaon,label,5.19,28.4595,77.0266,1,7,87,898,898,concentrated
darkstore,36052,Super Store Jaipur Shankar Nagar ES46,jaipur,26.9232,75.8295,,jaipur,label,12.62,27.032,75.7932,2,11,77,28186,14093,proportional
darkstore,36054,Super Store Roorkee Moja ES1,roorkee,29.877438,77.86046,,dehradun,city-nearest,51.54,30.3165,78.0322,1,43,47,6372,6372,proportional
darkstore,36056,Super Store Indore Gopur Square ES7,indore,22.702316,75.83597,,indore,label,2.94,22.7196,75.8577,2,5,31,14771,7386,proportional
darkstore,36058,Super Store Agra Ram Nagar ES7,agra,27.18067,77.9514,,faridabad,city-nearest,150.12,28.4089,77.3178,1,7,53,10208,10208,proportional
darkstore,36060,Super Store Delhi Dwarka sector 8 ES282,delhi,28.56402,77.07142,,noida,city-majority,31.38,28.5355,77.391,1,25,317,2527,2527,concentrated
darkstore,36062,Super Store Jaipur Malviya Nagar ES43,jaipur,26.842842,75.830536,,jaipur,label,4.99,26.8108,75.7953,2,11,77,28186,14093,proportional
darkstore,36064,Super Store Lucknow Uttardhauna ES62,lucknow,26.874428,81.059166,,lucknow,label,11.72,26.7875,80.9923,2,7,92,39582,19791,stretched
darkstore,36066,Super Store Dehradun Rajpur Road ES11,dehradun,30.360332,78.04196,,dehradun,label,4.96,30.3165,78.0322,1,43,47,6372,6372,proportional
darkstore,36068,Super Store UP-NCR Noida Bhangel ES147,noida,28.607105,77.45149,,noida,label,9.91,28.5355,77.391,1,25,317,2527,2527,concentrated
darkstore,36070,Super Store Delhi Dwarka Sector 3 ES269,delhi,28.612898,77.05223,,noida,city-majority,34.18,28.5355,77.391,1,25,317,2527,2527,concentrated
darkstore,36072,Super Store Faridabad Green Field ES36,faridabad,28.4501,77.2834,,faridabad,label,5.68,28.4089,77.3178,1,7,53,10208,10208,proportional
darkstore,36074,Super Store Pune Tingre Nagar ES90,pune,18.586237,73.87513,,pune,label,13.52,18.6714,73.7836,2,24,119,19984,9992,proportional
darkstore,36076,Super Store Chandigarh Mani Majra ES44,chandigarh,30.714138,76.83452,,mohali,city-nearest,13.06,30.7028,76.6985,1,1,62,7121,7121,proportional
darkstore,36078,Super Store Phagwara Hargobind Nagar ES46,phagwara,31.219585,75.76852,,ludhiana,city-nearest,36.43,30.9009,75.8573,2,2,51,38214,19107,stretched
darkstore,36080,Super Store Jalandhar Heights ES50,jalandhar,31.282194,75.59171,,ludhiana,city-nearest,49.37,30.9009,75.8573,2,2,51,38214,19107,stretched
darkstore,36082,Super Store Ahmedabad Sindhu Bhawan 2 ES44,ahmedabad,23.054996,72.459785,,ahmedabad,label,22.63,22.9086,72.3062,1,38,118,38470,38470,stretched
darkstore,36084,Super Store Vadodara Tandalja ES7,vadodara,22.298819,73.16077,,ahmedabad,city-nearest,110.87,22.9086,72.3062,1,38,118,38470,38470,stretched
darkstore,36086,Super Store Mohali Sector 60 ES42,mohali,30.722319,76.70572,,mohali,label,2.28,30.7028,76.6985,1,1,62,7121,7121,proportional
darkstore,36154,Super Store Bengaluru Hope Farm Whitefield ES148,bengaluru,12.985586,77.74079,,bengaluru,label,12.04,13.082,77.7913,3,59,220,52882,17627,stretched
darkstore,36189,Super Store Panchkula Sector 26 ES47,panchkula,30.647165,76.87262,,mohali,city-nearest,17.76,30.7028,76.6985,1,1,62,7121,7121,proportional
darkstore,36220,Super Store Chennai Avadi ES43,chennai,13.084371,80.102005,,chennai,label,17.45,13.2073,80.0018,3,13,98,33883,11294,proportional
darkstore,36222,Super Store Bengaluru Adarsh Palm ES145,bengaluru,12.926525,77.69035,,bengaluru,label,20.46,13.082,77.7913,3,59,220,52882,17627,stretched
darkstore,36224,Super Store Visakhapatnam Parvathi Nagar ES6,visakhapatnam,17.738485,83.25899,,visakhapatnam,label,4.4,17.7487,83.2189,1,6,20,4779,4779,proportional
darkstore,36226,Super Store Kolkata Mall Road ES118,kolkata,22.629148,88.430954,,kolkata,label,11.27,22.674,88.3325,3,11,121,18889,6296,proportional
darkstore,36228,Super Store Visakhapatnam Seethammadara ES10,visakhapatnam,17.771046,83.30837,,visakhapatnam,label,9.79,17.7487,83.2189,1,6,20,4779,4779,proportional
darkstore,36230,Super Store Faridabad Sector 10 ES38,faridabad,28.365858,77.32232,,faridabad,label,4.81,28.4089,77.3178,1,7,53,10208,10208,proportional
darkstore,36232,Super Store Kochi Tripunithura ES4,kochi,9.968284,76.333755,,coimbatore,city-nearest,136.41,10.9795,77.0401,1,9,46,40154,40154,stretched
darkstore,36253,Super Store Jaipur Triveni Nagar ES48,jaipur,26.869669,75.760086,,jaipur,label,7.42,26.8108,75.7953,2,11,77,28186,14093,proportional
darkstore,36255,Super Store Rajkot Trikonbaug ES1,rajkot,22.290272,70.79205,,ahmedabad,city-nearest,169.96,22.9086,72.3062,1,38,118,38470,38470,stretched
darkstore,36257,Super Store Mumbai Mira Road Ramdev Park ES129,mumbai,19.298508,72.86632,,mumbai,label,20.96,19.2433,73.0572,3,13,189,9344,3115,concentrated
darkstore,36259,Super Store Patna Priyadarshi ES3,patna,25.608543,85.05032,,patna,label,11.68,25.6331,85.1636,2,5,54,33224,16612,stretched
darkstore,36261,Super Store Jalandhar Moti Nagar ES51,jalandhar,31.364992,75.56314,,ludhiana,city-nearest,58.71,30.9009,75.8573,2,2,51,38214,19107,stretched
darkstore,36263,Super Store Mumbai Thane Manpada ES131,mumbai,19.219404,72.963806,,mumbai,label,10.16,19.2433,73.0572,3,13,189,9344,3115,concentrated
darkstore,36267,Super Store Delhi Chirag Delhi ES283,delhi,28.540339,77.228,,noida,city-majority,15.93,28.5355,77.391,1,25,317,2527,2527,concentrated
darkstore,36269,Super Store Mumbai Ram Mandir ES127,mumbai,19.14874,72.84312,,mumbai,label,24.82,19.2433,73.0572,3,13,189,9344,3115,concentrated
darkstore,36286,Super Store Panipat Model Town ES1,panipat,29.38043,76.93529,,kundli,city-nearest,42.89,29.0048,77.0358,1,4,20,7830,7830,proportional
darkstore,36288,Super Store Pune Katraj ES97,pune,18.455135,73.85617,,pune,label,25.23,18.6714,73.7836,2,24,119,19984,9992,proportional
darkstore,36290,Super Store Amritsar Friends Colony ES31,amritsar,31.66464,74.90767,,jammu,city-nearest,107.9,32.635,74.918,13,10,31,14483,1114,concentrated
darkstore,36292,Super Store Gurgaon Sohna 2 ES141,gurgaon,28.224487,77.064545,,gurgaon,label,26.39,28.4595,77.0266,1,7,87,898,898,concentrated
darkstore,36294,Super Store Prayagraj Malviya Nagar ES2,prayagraj,25.442001,81.82726,,varanasi,city-nearest,116.02,25.3176,82.9739,2,8,34,18808,9404,proportional
darkstore,36296,Super Store Nagpur Besa ES6,nagpur,21.077734,79.10923,,nagpur,label,40.54,21.2912,78.7922,1,17,37,23108,23108,stretched
darkstore,36298,Super Store Bhiwadi Ashiana Village ES8,bhiwadi,28.195938,76.83655,,farukhnagar,city-nearest,29.17,28.458,76.8496,2,2,27,16301,8151,proportional
darkstore,36300,Super Store Lucknow Vineet Khand ES64,lucknow,26.84999,81.02258,,lucknow,label,7.57,26.7875,80.9923,2,7,92,39582,19791,stretched
darkstore,36302,Super Store Delhi Moti Bagh ES286,delhi,28.58205,77.16738,,noida,city-majority,22.44,28.5355,77.391,1,25,317,2527,2527,concentrated
darkstore,36304,Super Store Udaipur Gordhan Vilas ES1,udaipur,24.545458,73.680984,,ahmedabad,city-nearest,229.59,22.9086,72.3062,1,38,118,38470,38470,stretched
darkstore,36306,Super Store Chandigarh Sector 41 ES53,chandigarh,30.72806,76.73168,,mohali,city-nearest,4.24,30.7028,76.6985,1,1,62,7121,7121,proportional
darkstore,36310,Super Store Kochi Edapally ES5,kochi,10.026214,76.318436,,coimbatore,city-nearest,132.14,10.9795,77.0401,1,9,46,40154,40154,stretched
darkstore,36312,Super Store Indore Silicon City ES9,indore,22.6574,75.83597,,indore,label,7.27,22.7196,75.8577,2,5,31,14771,7386,proportional
darkstore,36314,Super Store Lucknow Engineering College Rd ES61,lucknow,26.901861,80.94776,,lucknow,label,13.46,26.7875,80.9923,2,7,92,39582,19791,stretched
darkstore,36319,Super Store Delhi New Razapurkhurd ES294,delhi,28.653746,77.02936,,noida,city-majority,37.68,28.5355,77.391,1,25,317,2527,2527,concentrated
darkstore,36321,Super Store Visakhapatnam Madurawada ES9,visakhapatnam,17.809256,83.35964,,visakhapatnam,label,16.35,17.7487,83.2189,1,6,20,4779,4779,proportional
darkstore,36323,Super Store Bhopal Awadhpuri ES7,bhopal,23.207064,77.477066,,bhopal,label,8.83,23.2599,77.4126,1,2,28,8294,8294,proportional
darkstore,36325,Super Store Meerut Ganga Nagar ES146,meerut,29.018866,77.7681,,dasna,city-nearest,38.53,28.7251,77.5582,2,2,15,4511,2256,concentrated
darkstore,36327,Super Store Bhopal Sai Board ES10,bhopal,23.189,77.43076,,bhopal,label,8.1,23.2599,77.4126,1,2,28,8294,8294,proportional
darkstore,36329,Super Store Mumbai Vile Parle East ES135,mumbai,19.104527,72.8553,,mumbai,label,26.23,19.2433,73.0572,3,13,189,9344,3115,concentrated
darkstore,36333,Super Store Indore Vijay Nagar ES10,indore,22.746344,75.885345,,indore,label,4.11,22.7196,75.8577,2,5,31,14771,7386,proportional
darkstore,36335,Super Store Lucknow Gomti Nagar Extn ES63,lucknow,26.830868,81.006004,,lucknow,label,5.01,26.7875,80.9923,2,7,92,39582,19791,stretched
darkstore,36339,Super Store Bhopal Katara Hills ES8,bhopal,23.19103,77.506065,,bhopal,label,12.24,23.2599,77.4126,1,2,28,8294,8294,proportional
darkstore,36341,Super Store Gurgaon Sector 39 ES143,gurgaon,28.436651,77.05789,,gurgaon,label,3.98,28.4595,77.0266,1,7,87,898,898,concentrated
darkstore,36343,Super Store Patna Kankarbagh ES6,patna,25.600985,85.175514,,patna,label,1.54,25.6106,85.1866,2,5,54,33224,16612,stretched
darkstore,36345,Super Store Jamshedpur Mango ES1,jamshedpur,22.862988,86.20295,,ranchi,city-nearest,105.1,23.3348,85.3125,2,6,47,32731,16365,stretched
darkstore,36347,Super Store Kanpur Shyam Nagar ES19,kanpur,26.415047,80.34248,,lucknow,city-nearest,70.41,26.7474,80.9452,2,7,92,39582,19791,stretched
darkstore,36349,Super Store Udaipur Ganpati Nagar ES4,udaipur,24.601791,73.73367,,ahmedabad,city-nearest,237.8,22.9086,72.3062,1,38,118,38470,38470,stretched
darkstore,36351,Super Store Visakhapatnam Waltair Road ES11,visakhapatnam,17.73328,83.34166,,visakhapatnam,label,13.11,17.7487,83.2189,1,6,20,4779,4779,proportional
darkstore,36353,Super Store Jaipur Mayfair Heights ES49,jaipur,26.956253,75.71824,,jaipur,label,11.23,27.032,75.7932,2,11,77,28186,14093,proportional
darkstore,36355,Super Store Vadodara Sultanpura ES11,vadodara,22.297695,73.20378,,ahmedabad,city-nearest,114.47,22.9086,72.3062,1,38,118,38470,38470,stretched
darkstore,36357,Super Store UP-NCR Noida Sector 18 ES151,noida,28.565378,77.337135,,noida,label,6.22,28.5355,77.391,1,25,317,2527,2527,concentrated
darkstore,36359,Super Store Nashik Mumbai Naka ES5,mumbai,19.999924,73.80183,,mumbai,label,114.72,19.2433,73.0572,3,13,189,9344,3115,concentrated
darkstore,36363,Super Store Udaipur Hiran Magri ES2,udaipur,24.554295,73.733894,,ahmedabad,city-nearest,233.68,22.9086,72.3062,1,38,118,38470,38470,stretched
darkstore,36365,Super Store Ranchi Lalpur ES6,ranchi,23.378405,85.322014,,ranchi,label,3.0,23.3533,85.3112,2,6,47,32731,16365,stretched
darkstore,36367,Super Store Kolkata Konnagar ES122,kolkata,22.704695,88.35224,,kolkata,label,3.97,22.674,88.3325,3,11,121,18889,6296,proportional
darkstore,36369,Super Store Patna Lekha Nagar ES4,patna,25.600554,85.02787,,patna,label,14.08,25.6331,85.1636,2,5,54,33224,16612,stretched
darkstore,36371,Super Store Chennai Nungabakkam ES50,chennai,13.061927,80.23416,,chennai,label,4.58,13.0827,80.2707,3,13,98,33883,11294,proportional
darkstore,36375,Super Store Bengaluru Narayanpura ES151,bengaluru,13.066198,77.64325,,bengaluru,label,16.13,13.082,77.7913,3,59,220,52882,17627,stretched
darkstore,36377,Super Store Bengaluru JP Nagar ES161,bengaluru,12.899933,77.5844,,bengaluru,label,26.94,12.7159,77.746,3,59,220,52882,17627,stretched
darkstore,36379,Super Store Kota Kunhadi ES9,kota,25.207954,75.827835,,jaipur,city-nearest,178.26,26.8108,75.7953,2,11,77,28186,14093,proportional
darkstore,36381,Super Store Prayagraj Civil Lines ES5,prayagraj,25.471836,81.8442,,varanasi,city-nearest,114.77,25.3176,82.9739,2,8,34,18808,9404,proportional
darkstore,36383,Super Store Delhi Karol Bagh ES301,delhi,28.65568,77.18746,,noida,city-majority,23.95,28.5355,77.391,1,25,317,2527,2527,concentrated
darkstore,36385,Super Store Bengaluru Madiwala 8th Cross ES156,bengaluru,12.919105,77.620964,,bengaluru,label,25.86,13.082,77.7913,3,59,220,52882,17627,stretched
darkstore,36387,Super Store Delhi Keshavpuram ES296,delhi,28.687595,77.15888,,noida,city-majority,28.27,28.5355,77.391,1,25,317,2527,2527,concentrated
darkstore,36389,Super Store Goa Mapusa ES10,goa,15.622213,73.824265,,goa,label,26.3,15.3917,73.8791,2,35,34,17782,8891,proportional
darkstore,36418,Super Store Patna Rukanpura ES5,patna,25.623016,85.071,,patna,label,9.35,25.6331,85.1636,2,5,54,33224,16612,stretched
darkstore,36420,Super Store Jamshedpur Sonari ES5,jamshedpur,22.81988,86.17916,,ranchi,city-nearest,105.54,23.3348,85.3125,2,6,47,32731,16365,stretched
darkstore,36422,Super Store Lucknow Balaganj ES65,lucknow,26.875713,80.87381,,lucknow,label,15.31,26.7875,80.9923,2,7,92,39582,19791,stretched
darkstore,36424,Super Store Delhi Naraina Phase 1 ES291,delhi,28.624178,77.130035,,noida,city-majority,27.32,28.5355,77.391,1,25,317,2527,2527,concentrated
darkstore,36426,Super Store Delhi Vikaspuri ES300,delhi,28.649529,77.090096,,noida,city-majority,32.0,28.5355,77.391,1,25,317,2527,2527,concentrated
darkstore,36428,Super Store Gurgaon Sector 56 ES144,gurgaon,28.429764,77.1049,,gurgaon,label,8.34,28.4595,77.0266,1,7,87,898,898,concentrated
darkstore,36430,Super Store Chennai Madhavaram ES51,chennai,13.134806,80.22831,,chennai,label,7.39,13.0827,80.2707,3,13,98,33883,11294,proportional
darkstore,36432,Super Store UP-NCR Noida Sector 11 ES152,noida,28.58721,77.32583,,noida,label,8.58,28.5355,77.391,1,25,317,2527,2527,concentrated
darkstore,36451,Super Store Delhi Rohini Sector 17 ES302,delhi,28.751581,77.09869,,noida,city-majority,37.3,28.5355,77.391,1,25,317,2527,2527,concentrated
darkstore,36455,Super Store Delhi Rajokri ES308,delhi,28.50795,77.12353,,noida,city-majority,26.31,28.5355,77.391,1,25,317,2527,2527,concentrated
darkstore,36457,Super Store Mumbai Majiwada ES137,mumbai,19.203005,72.98734,,mumbai,label,8.6,19.2433,73.0572,3,13,189,9344,3115,concentrated
darkstore,36459,Super Store Mumbai Kalyan Godrej Hill ES136,mumbai,19.250263,73.146385,,mumbai,label,9.39,19.2433,73.0572,3,13,189,9344,3115,concentrated
darkstore,36461,Super Store Pune FC Rd Shivaji Nagar ES108,pune,18.517393,73.83379,,pune,label,17.92,18.6714,73.7836,2,24,119,19984,9992,proportional
darkstore,36463,Super Store Nashik Gangapur Road ES3,nashik,19.997023,73.75024,,mumbai,city-nearest,110.87,19.2433,73.0572,3,13,189,9344,3115,concentrated
darkstore,36465,Super Store Mumbai Kharghar Sector 7 ES139,panvel,19.0291,73.07351,,mumbai,city-nearest,9.05,19.0513,73.1563,3,13,189,9344,3115,concentrated
darkstore,36467,Super Store Kolkata Baghajatin ES121,kolkata,22.493542,88.39423,,kolkata,label,21.04,22.674,88.3325,3,11,121,18889,6296,proportional
darkstore,36469,Super Store Prayagraj George Town ES4,prayagraj,25.44945,81.866394,,varanasi,city-nearest,112.22,25.3176,82.9739,2,8,34,18808,9404,proportional
darkstore,36473,Super Store Chennai Virungambakkam ES47,chennai,13.050425,80.15661,,chennai,label,12.87,13.0827,80.2707,3,13,98,33883,11294,proportional
darkstore,36475,Super Store Bengaluru Agara Village ES158,bengaluru,12.921689,77.64753,,bengaluru,label,23.67,13.082,77.7913,3,59,220,52882,17627,stretched
darkstore,36477,Super Store Haridwar Green Township ES2,haridwar,29.945276,78.06197,,dehradun,city-nearest,41.38,30.3165,78.0322,1,43,47,6372,6372,proportional
darkstore,36479,Super Store Ludhiana Gurdev Nagar ES54,ludhiana,30.90399,75.83843,,ludhiana,label,1.83,30.9009,75.8573,2,2,51,38214,19107,stretched
darkstore,36481,Super Store Delhi Maidangarhi ES295,delhi,28.493975,77.19246,,noida,city-majority,19.94,28.5355,77.391,1,25,317,2527,2527,concentrated
darkstore,36483,Super Store Rajkot KKV Chowk ES4,rajkot,22.28779,70.781296,,ahmedabad,city-nearest,171.09,22.9086,72.3062,1,38,118,38470,38470,stretched
darkstore,36517,Super Store Mumbai Andheri West Juhu ES144,mumbai,19.12038,72.84416,,mumbai,label,26.22,19.2433,73.0572,3,13,189,9344,3115,concentrated
darkstore,36519,Super Store Mumbai Dindoshi ES147,mumbai,19.174513,72.86867,,mumbai,label,21.22,19.2433,73.0572,3,13,189,9344,3115,concentrated
darkstore,36521,Super Store Gurgaon Sector 70 ES145,gurgaon,28.392473,76.99423,,gurgaon,label,8.1,28.4595,77.0266,1,7,87,898,898,concentrated
darkstore,36523,Super Store Gurgaon Sector 49 ES147,gurgaon,28.41677,77.04854,,gurgaon,label,5.21,28.4595,77.0266,1,7,87,898,898,concentrated
darkstore,36525,Super Store Hisar Sector 13 ES1,hisar,29.141747,75.734726,,farukhnagar,city-nearest,107.4,28.6559,76.6882,2,2,27,16301,8151,proportional
darkstore,36527,Super Store Bengaluru Koramangala Extn ES160,bengaluru,12.921046,77.63319,,bengaluru,label,24.77,13.082,77.7913,3,59,220,52882,17627,stretched
darkstore,36529,Super Store Kharar GBP Crest ES55,kharar,30.750315,76.60941,,mohali,city-nearest,10.02,30.7028,76.6985,1,1,62,7121,7121,proportional
darkstore,36531,Super Store Kolkata Ruby ES126,kolkata,22.519287,88.38909,,kolkata,label,18.16,22.674,88.3325,3,11,121,18889,6296,proportional
darkstore,36535,Super Store Bengaluru Prestige Bagmane ES164,bengaluru,12.924933,77.5094,,bengaluru,label,34.62,12.7159,77.746,3,59,220,52882,17627,stretched
darkstore,36550,Super Store Rishikesh Pragati Vihar ES1,rishikesh,30.075,78.28333,,dehradun,city-nearest,36.11,30.3165,78.0322,1,43,47,6372,6372,proportional
darkstore,36552,Super Store Hyderabad TNGO Colony ES99,hyderabad,17.437216,78.3543,,hyderabad,label,15.2,17.385,78.4867,3,100,131,39128,13042,proportional
darkstore,36554,Super Store Kolkata Netaji Nagar ES138,kolkata,22.479668,88.35065,,kolkata,label,18.14,22.4825,88.1741,3,11,121,18889,6296,proportional
darkstore,36588,Super Store Surat Adajan Pal ES7,surat,21.180908,72.740295,,surat,label,9.49,21.1702,72.8311,2,7,30,10654,5327,proportional
darkstore,36590,Super Store Kochi Info Park ES6,kochi,10.021264,76.35768,,coimbatore,city-nearest,130.08,10.9795,77.0401,1,9,46,40154,40154,stretched
darkstore,36592,Super Store Visakhapatnam Gajuwaka ES12,visakhapatnam,17.669897,83.21195,,visakhapatnam,label,8.79,17.7487,83.2189,1,6,20,4779,4779,proportional
darkstore,36594,Super Store Guntur Gorantla ES2,guntur,16.327887,80.45131,,vijayawada,city-nearest,28.15,16.4977,80.6471,1,26,22,21290,21290,stretched
darkstore,36596,Super Store Visakhapatnam Yendada ES13,visakhapatnam,17.764158,83.3587,,visakhapatnam,label,14.9,17.7487,83.2189,1,6,20,4779,4779,proportional
darkstore,36598,Super Store Mumbai Kalyan Chikanghar ES149,mumbai,19.243483,73.14214,,mumbai,label,8.92,19.2433,73.0572,3,13,189,9344,3115,concentrated
darkstore,36600,Super Store Zirakpur Bir Chatt ES58,zirakpur,30.644709,76.788475,,mohali,city-nearest,10.76,30.7028,76.6985,1,1,62,7121,7121,proportional
darkstore,36602,Super Store Chennai Thiruvanmiyur ES55,chennai,12.993196,80.2556,,chennai,label,10.09,13.0827,80.2707,3,13,98,33883,11294,proportional
darkstore,36604,Super Store Mohali Sector 65A ES57,mohali,30.696323,76.754776,,mohali,label,5.43,30.7028,76.6985,1,1,62,7121,7121,proportional
darkstore,36638,Super Store Ahmedabad Science City Sola ES49,ahmedabad,23.111814,72.50104,,ahmedabad,label,30.14,22.9086,72.3062,1,38,118,38470,38470,stretched
darkstore,36640,Super Store Dehradun Nagal ES10,dehradun,30.358654,78.10869,,dehradun,label,8.71,30.3165,78.0322,1,43,47,6372,6372,proportional
darkstore,36674,Super Store Kolkata Ganganagar ES131,kolkata,22.671127,88.45569,,kolkata,label,7.35,22.7337,88.4787,3,11,121,18889,6296,proportional
darkstore,36676,Super Store Vadodara Manjalpur ES8,vadodara,22.262129,73.19617,,ahmedabad,city-nearest,116.26,22.9086,72.3062,1,38,118,38470,38470,stretched
darkstore,36678,Super Store Bhopal Kolar Road ES9,bhopal,23.155666,77.40577,,bhopal,label,11.61,23.2599,77.4126,1,2,28,8294,8294,proportional
darkstore,36680,Super Store Anand Vallabh Vidyanagar ES1,anand,22.563482,72.91653,,ahmedabad,city-nearest,73.42,22.9086,72.3062,1,38,118,38470,38470,stretched
darkstore,36682,Super Store Nashik Sonawane ES2,nashik,19.967106,73.78092,,mumbai,city-nearest,110.56,19.2433,73.0572,3,13,189,9344,3115,concentrated
darkstore,36688,Super Store Lucknow Alambagh ES66,lucknow,26.813765,80.94231,,lucknow,label,5.76,26.7875,80.9923,2,7,92,39582,19791,stretched
darkstore,36690,Super Store Delhi Jheel Khurenja ES306,delhi,28.667183,77.26821,,noida,city-majority,18.92,28.5355,77.391,1,25,317,2527,2527,concentrated
darkstore,36692,Super Store Coimbatore Maskalipalayam ES4,coimbatore,10.998193,77.002495,,coimbatore,label,4.6,10.9795,77.0401,1,9,46,40154,40154,stretched
darkstore,36726,Super Store Jamshedpur Sakchi ES4,jamshedpur,22.816473,86.204,,ranchi,city-nearest,107.88,23.3348,85.3125,2,6,47,32731,16365,stretched
darkstore,36728,Super Store Mumbai Jankalyan Nagar ES146,mumbai,19.187267,72.819565,,mumbai,label,25.72,19.2433,73.0572,3,13,189,9344,3115,concentrated
darkstore,36730,Super Store Bengaluru Doddakannelli ES154,bengaluru,12.895626,77.69484,,bengaluru,label,20.74,12.7159,77.746,3,59,220,52882,17627,stretched
darkstore,36766,Super Store UP-NCR Rajendra Nagar ES161,ghaziabad,28.677763,77.35549,,noida,city-majority,16.19,28.5355,77.391,1,25,317,2527,2527,concentrated
darkstore,36768,Super Store Jodhpur Baldeo Nagar ES3,jodhpur,26.275688,72.95994,,jaipur,city-nearest,288.25,26.8108,75.7953,2,11,77,28186,14093,proportional
darkstore,36770,Super Store Mathura Goverdhan Crossing ES2,mathura,27.504545,77.651726,,faridabad,city-nearest,105.77,28.4089,77.3178,1,7,53,10208,10208,proportional
darkstore,36772,Super Store New Chandigarh Mulanpur ES56,chandigarh,30.795294,76.69991,,mohali,city-nearest,10.29,30.7028,76.6985,1,1,62,7121,7121,proportional
darkstore,36774,Super Store Dehradun ITBP Road ES14,dehradun,30.306332,78.01034,,dehradun,label,2.38,30.3165,78.0322,1,43,47,6372,6372,proportional
darkstore,36776,Super Store Delhi South Extn ES312,delhi,28.571167,77.212,,noida,city-majority,17.93,28.5355,77.391,1,25,317,2527,2527,concentrated
darkstore,36778,Super Store Delhi Malcha Marg ES303,delhi,28.598034,77.1992,,noida,city-majority,19.98,28.5355,77.391,1,25,317,2527,2527,concentrated
darkstore,36782,Super Store Delhi Sakarpur ES271,delhi,28.631077,77.28723,,noida,city-majority,14.68,28.5355,77.391,1,25,317,2527,2527,concentrated
darkstore,36784,Super Store Agra Uma Kunj ES9,agra,27.215635,77.95184,,faridabad,city-nearest,146.61,28.4089,77.3178,1,7,53,10208,10208,proportional
darkstore,36818,Super Store Bengaluru Manipal County 2 ES152,bengaluru,12.858957,77.639175,,bengaluru,label,19.68,12.7159,77.746,3,59,220,52882,17627,stretched
darkstore,36852,Super Store Ahmedabad Chanakyapuri ES54,ahmedabad,23.07444,72.52851,,ahmedabad,label,29.29,22.9086,72.3062,1,38,118,38470,38470,stretched
darkstore,36854,Super Store Kolkata Belur ES134,howrah,22.643902,88.34725,,kolkata,city-nearest,3.67,22.674,88.3325,3,11,121,18889,6296,proportional
darkstore,36856,Super Store Pune Mohammedwadi ES110,pune,18.46621,73.90872,,pune,label,26.35,18.6714,73.7836,2,24,119,19984,9992,proportional
darkstore,36858,Super Store Mumbai Kandivali West ES128,mumbai,19.212694,72.85308,,mumbai,label,21.7,19.2433,73.0572,3,13,189,9344,3115,concentrated
darkstore,36860,Super Store Hyderabad Charminar ES112,hyderabad,17.372068,78.46794,,hyderabad,label,2.46,17.385,78.4867,3,100,131,39128,13042,proportional
darkstore,36862,Super Store Ahmedabad Nikol Naroda ES53,ahmedabad,23.043026,72.665535,,ahmedabad,label,39.71,22.9086,72.3062,1,38,118,38470,38470,stretched
darkstore,36864,Super Store UP-NCR Noida Sector 75 ES148,noida,28.5742,77.3804,,noida,label,4.43,28.5355,77.391,1,25,317,2527,2527,concentrated
darkstore,36866,Super Store Nagpur Vivekanand ES7,nagpur,21.119297,79.0707,,nagpur,label,34.63,21.2912,78.7922,1,17,37,23108,23108,stretched
darkstore,36868,Super Store Anand Indira Gandhi Marg ES2,anand,22.579294,72.97157,,ahmedabad,city-nearest,77.44,22.9086,72.3062,1,38,118,38470,38470,stretched
darkstore,36870,Super Store Hyderabad Ashvita KPHB ES100,hyderabad,17.473845,78.38539,,hyderabad,label,14.6,17.385,78.4867,3,100,131,39128,13042,proportional
darkstore,36872,Super Store Hyderabad Gachibowli ES98,hyderabad,17.432457,78.35968,,hyderabad,label,14.47,17.385,78.4867,3,100,131,39128,13042,proportional
darkstore,36906,Super Store Pune Baner ES117,pune,18.551723,73.78409,,pune,label,13.31,18.6714,73.7836,2,24,119,19984,9992,proportional
darkstore,36908,Super Store Delhi Jamia ES284,delhi,28.555489,77.28936,,noida,city-majority,10.17,28.5355,77.391,1,25,317,2527,2527,concentrated
darkstore,36910,Super Store Jodhpur Pal Village ES4,jodhpur,26.239977,72.95329,,jaipur,city-nearest,289.78,26.8108,75.7953,2,11,77,28186,14093,proportional
darkstore,36912,Super Store Mumbai Ghansoli ES150,mumbai,19.127762,73.01316,,mumbai,label,13.65,19.2433,73.0572,3,13,189,9344,3115,concentrated
darkstore,36946,Super Store Faridabad Sector 29 ES148,faridabad,28.437637,77.33286,,faridabad,label,3.52,28.4089,77.3178,1,7,53,10208,10208,proportional
darkstore,36980,Super Store Udaipur Malla Talai ES6,udaipur,24.57582,73.68147,,ahmedabad,city-nearest,232.29,22.9086,72.3062,1,38,118,38470,38470,stretched
darkstore,37014,Super Store Delhi Pushpanjali Enclave ES310,delhi,28.690125,77.10411,,noida,city-majority,32.86,28.5355,77.391,1,25,317,2527,2527,concentrated
darkstore,37016,Super Store Varanasi Shivpur Bypass ES6,varanasi,25.37292,82.94047,,varanasi,label,7.01,25.3176,82.9739,2,8,34,18808,9404,proportional
darkstore,37018,Super Store Raipur Adarsh Nagar ES4,raipur,21.269062,81.675186,,raipur,label,5.12,21.2514,81.6296,1,24,25,11862,11862,proportional
darkstore,37020,Super Store Kakinada Jayendra Nagar ES1,kakinada,16.984818,82.24773,,visakhapatnam,city-nearest,133.56,17.7487,83.2189,1,6,20,4779,4779,proportional
darkstore,37022,Super Store Chennai Perungudi ES57,chennai,12.955334,80.216,,chennai,label,15.35,13.0827,80.2707,3,13,98,33883,11294,proportional
darkstore,37024,Super Store Kolkata Serampore ES132,kolkata,22.717712,88.3241,,kolkata,label,4.94,22.674,88.3325,3,11,121,18889,6296,proportional
darkstore,37026,Super Store Delhi Lajpat Nagar ES304,delhi,28.576385,77.23975,,noida,city-majority,15.46,28.5355,77.391,1,25,317,2527,2527,concentrated
darkstore,37028,Super Store Jaipur Jamunapuri ES54,jaipur,27.006386,75.77136,,jaipur,label,3.58,27.032,75.7932,2,11,77,28186,14093,proportional
darkstore,37030,Super Store Jaipur Jaisinghpura ES51,jaipur,26.836407,75.71654,,jaipur,label,8.32,26.8108,75.7953,2,11,77,28186,14093,proportional
darkstore,37032,Super Store Mumbai Mira Road East ES132,mumbai,19.268951,72.870964,,mumbai,label,19.76,19.2433,73.0572,3,13,189,9344,3115,concentrated
darkstore,37066,Super Store Faridabad Charmswood ES39,faridabad,28.494642,77.29182,,faridabad,label,9.87,28.4089,77.3178,1,7,53,10208,10208,proportional
darkstore,37068,Super Store Ludhiana Naulakha Road ES61,ludhiana,30.91699,75.87548,,ludhiana,label,2.49,30.9009,75.8573,2,2,51,38214,19107,stretched
darkstore,37070,Super Store Mumbai Agripada ES157,mumbai,18.983795,72.83243,,mumbai,label,34.86,19.0513,73.1563,3,13,189,9344,3115,concentrated
darkstore,37076,Super Store Lonavala Tungarli ES1,lonavala,18.752354,73.40758,,pune,city-nearest,28.94,18.5655,73.5988,2,24,119,19984,9992,proportional
darkstore,37078,Super Store Pune Bopodi ES109,pune,18.552975,73.83027,,pune,label,14.06,18.6714,73.7836,2,24,119,19984,9992,proportional
darkstore,37080,Super Store Phagwara Law Gate ES62,phagwara,31.250109,75.69441,,ludhiana,city-nearest,41.81,30.9009,75.8573,2,2,51,38214,19107,stretched
darkstore,37082,Super Store Jalandhar Choti Baradari ES59,jalandhar,31.30545,75.596344,,ludhiana,city-nearest,51.39,30.9009,75.8573,2,2,51,38214,19107,stretched
darkstore,37084,Super Store Gorakhpur Bauxipur ES1,gorakhpur,26.745827,83.35709,,gorakhpur,label,0.29,26.7468,83.3598,8,8,13,11378,1422,concentrated
darkstore,37086,Super Store Chennai Mambakkam ES60,chennai,12.855609,80.175964,,chennai,label,27.26,13.0827,80.2707,3,13,98,33883,11294,proportional
darkstore,37088,Super Store Hyderabad Kothapet ES111,hyderabad,17.362436,78.529366,,hyderabad,label,5.18,17.385,78.4867,3,100,131,39128,13042,proportional
darkstore,37122,Super Store Mumbai Tardeo ES141,mumbai,18.966585,72.82701,,mumbai,label,35.88,19.0513,73.1563,3,13,189,9344,3115,concentrated
darkstore,37124,Super Store Surat Mota Varachha ES5,surat,21.247652,72.87137,,surat,label,9.57,21.1702,72.8311,2,7,30,10654,5327,proportional
darkstore,37126,Super Store Chennai Venkatapuram ES61,chennai,13.106842,80.15429,,chennai,label,12.89,13.0827,80.2707,3,13,98,33883,11294,proportional
darkstore,37128,Super Store Mysore Vijay Nagar ES4,mysore,12.328893,76.61178,,bengaluru,city-nearest,130.42,12.7159,77.746,3,59,220,52882,17627,stretched
darkstore,37162,Super Store Dehradun Musoorie Road ES9,dehradun,30.39716,78.081856,,dehradun,label,10.16,30.3165,78.0322,1,43,47,6372,6372,proportional
darkstore,37164,Super Store Chennai Siruseri ES49,chennai,12.8220005,80.191,,chennai,label,30.25,13.0827,80.2707,3,13,98,33883,11294,proportional
darkstore,37166,Super Store Surat Katargram ES10,surat,21.231083,72.82046,,surat,label,6.86,21.1702,72.8311,2,7,30,10654,5327,proportional
darkstore,37168,Super Store Pune Balewadi ES111,pune,18.56934,73.768105,,pune,label,11.47,18.6714,73.7836,2,24,119,19984,9992,proportional
darkstore,37170,Super Store Bengaluru Mallathalli Lake ES168,bengaluru,12.978977,77.50844,,bengaluru,label,32.71,13.082,77.7913,3,59,220,52882,17627,stretched
darkstore,37172,Super Store Raipur Civil lines ES2,raipur,21.2371,81.64731,,raipur,label,2.43,21.2514,81.6296,1,24,25,11862,11862,proportional
darkstore,37208,Super Store Bengaluru Thippasandra ES173,bengaluru,12.966366,77.64203,,bengaluru,label,20.66,13.082,77.7913,3,59,220,52882,17627,stretched
darkstore,37210,Super Store Pune Alpha Homes ES113,pune,18.598,73.95617,,pune,label,19.93,18.6714,73.7836,2,24,119,19984,9992,proportional
darkstore,37244,Super Store Alwar Neemrana ES10,alwar,27.974371,76.40852,,farukhnagar,city-majority,68.99,28.458,76.8496,2,2,27,16301,8151,proportional
darkstore,37246,Super Store Mumbai Goregaon East Churiwadi ES152,mumbai,19.182964,72.86554,,mumbai,label,21.21,19.2433,73.0572,3,13,189,9344,3115,concentrated
darkstore,37280,Super Store UP-NCR Noida Sector 122 ES158,noida,28.597565,77.41177,,noida,label,7.19,28.5355,77.391,1,25,317,2527,2527,concentrated
darkstore,37282,Super Store Kolkata Sodepur ES135,kolkata,22.698013,88.384766,,kolkata,label,5.99,22.674,88.3325,3,11,121,18889,6296,proportional
darkstore,37284,Super Store Pune Dighi ES122,pune,18.633066,73.87134,,pune,label,10.18,18.6714,73.7836,2,24,119,19984,9992,proportional
darkstore,37286,Super Store Ranchi Doranda ES4,ranchi,23.33062,85.30652,,ranchi,label,0.77,23.3348,85.3125,2,6,47,32731,16365,stretched
darkstore,37288,Super Store UP-NCR Noida Rani Laxmi Bai ES149,noida,28.641163,77.414085,,noida,label,11.96,28.5355,77.391,1,25,317,2527,2527,concentrated
darkstore,37290,Super Store Haridwar Durga Chowk ES3,haridwar,29.907944,78.107895,,dehradun,city-nearest,46.01,30.3165,78.0322,1,43,47,6372,6372,proportional
darkstore,37292,Super Store Jaipur Ramchandrapura ES56,jaipur,26.757484,75.89115,,jaipur,label,11.21,26.8108,75.7953,2,11,77,28186,14093,proportional
darkstore,37328,Super Store Manipal Vidyaratna Nagar ES1,manipal,13.318933,74.80988,,manipal,label,3.9,13.346,74.787,1,2,4,8136,8136,proportional
darkstore,37330,Super Store Bengaluru RBI Layout ES144,bengaluru,12.892823,77.57358,,bengaluru,label,27.14,12.7159,77.746,3,59,220,52882,17627,stretched
darkstore,37332,Super Store Bengaluru Yelenahalli Gate ES167,bengaluru,12.861294,77.62929,,bengaluru,label,20.53,12.7159,77.746,3,59,220,52882,17627,stretched
darkstore,37334,Super Store Moradabad Parashuram Chowk ES1,moradabad,28.823875,78.74644,,bareilly,city-nearest,79.69,28.372,79.38,5,12,28,28118,5624,proportional
darkstore,37336,Super Store Patna Keshari Nagar ES9,patna,25.631008,85.09346,,patna,label,7.04,25.6331,85.1636,2,5,54,33224,16612,stretched
darkstore,37338,Super Store Navsari Lunsikui ES1,navsari,20.959665,72.95183,,surat,city-nearest,26.55,21.1702,72.8311,2,7,30,10654,5327,proportional
darkstore,37340,Super Store Mangaluru Northern Sky Palm ES1,mangalore,12.88129,74.833916,,mangalore,label,1.56,12.895,74.837,4,3,6,2318,579,concentrated
darkstore,37342,Super Store Bareilly Pilibhit Bypass ES4,bareilly,28.369886,79.4511,,bareilly,label,2.78,28.36,79.425,5,12,28,28118,5624,proportional
darkstore,37376,Super Store Jammu Akhnoor Road ES3,jammu,32.744686,74.802185,,jammu,label,3.07,32.73,74.83,13,10,31,14483,1114,concentrated
darkstore,37378,Super Store Jammu Trikuta Nagar ES1,jammu,32.69695,74.86964,,jammu,label,0.61,32.7012,74.8655,13,10,31,14483,1114,concentrated
darkstore,37380,Super Store Jammu Roopnagar ES2,jammu,32.77298,74.80554,,jammu,label,5.3,32.73,74.83,13,10,31,14483,1114,concentrated
darkstore,37414,Super Store Bengaluru Abbigere ES175,bengaluru,13.082512,77.5322,,bengaluru,label,28.06,13.082,77.7913,3,59,220,52882,17627,stretched
darkstore,37416,Super Store Kharar Nirwana Square One ES67,kharar,30.793177,76.62075,,mohali,city-nearest,12.5,30.7028,76.6985,1,1,62,7121,7121,proportional
darkstore,37418,Super Store Vellore VIT ES1,vellore,12.943794,79.14074,,chennai,city-nearest,97.76,13.2073,80.0018,3,13,98,33883,11294,proportional
darkstore,37420,Super Store Gorakhpur Medical Road ES2,gorakhpur,26.795904,83.37435,,gorakhpur,label,2.93,26.8182,83.3901,8,8,13,11378,1422,concentrated
darkstore,37422,Super Store Mysore Kuvempunagar ES5,mysore,12.306438,76.651596,,bengaluru,city-nearest,127.23,12.7159,77.746,3,59,220,52882,17627,stretched
darkstore,37424,Super Store Bengaluru Chikkabanavara ES178,bengaluru,13.0956335,77.49527,,bengaluru,label,32.1,13.082,77.7913,3,59,220,52882,17627,stretched
darkstore,37426,Super Store Hyderabad Ramachandrapuram ES114,hyderabad,17.529732,78.3045,,hyderabad,label,25.15,17.385,78.4867,3,100,131,39128,13042,proportional
darkstore,37428,Super Store Surat Parvat Patiya ES9,surat,21.18923,72.85237,,surat,label,3.06,21.1702,72.8311,2,7,30,10654,5327,proportional
darkstore,37430,Super Store Bengaluru Northridge Thanisandra ES183,bengaluru,13.112099,77.64059,,bengaluru,label,16.66,13.082,77.7913,3,59,220,52882,17627,stretched
darkstore,37432,Super Store Mumbai Kalamboli ES156,panvel,19.050833,73.10059,,mumbai,city-nearest,5.86,19.0513,73.1563,3,13,189,9344,3115,concentrated
darkstore,37434,Super Store Nagpur Trimurti Nagar ES5,nagpur,21.122023,79.02563,,nagpur,label,30.65,21.2912,78.7922,1,17,37,23108,23108,stretched
darkstore,37470,Super Store Mysore Gokulam Extn ES6,mysore,12.351354,76.651596,,bengaluru,city-nearest,125.52,12.7159,77.746,3,59,220,52882,17627,stretched
darkstore,37472,Super Store Mumbai Dadar East ES164,mumbai,19.010574,72.841194,,mumbai,label,33.43,19.0513,73.1563,3,13,189,9344,3115,concentrated
darkstore,37474,Super Store Hyderabad Moosarambagh ES117,hyderabad,17.384495,78.50184,,hyderabad,label,1.61,17.385,78.4867,3,100,131,39128,13042,proportional
darkstore,37476,Super Store Pune Undri ES118,pune,18.46827,73.915054,,pune,label,26.5,18.6714,73.7836,2,24,119,19984,9992,proportional
darkstore,37478,Super Store Mumbai Saki Vihar Road ES158,mumbai,19.102549,72.889496,,mumbai,label,23.56,19.2433,73.0572,3,13,189,9344,3115,concentrated
darkstore,37480,Super Store Mumbai Chakala Andheri ES162,mumbai,19.116234,72.84944,,mumbai,label,25.99,19.2433,73.0572,3,13,189,9344,3115,concentrated
darkstore,37516,Super Store Bengaluru E-City GM ES153,bengaluru,12.812692,77.66461,,bengaluru,label,13.92,12.7159,77.746,3,59,220,52882,17627,stretched
darkstore,37550,Super Store Bokaro Chira Chas ES1,bokaro,23.667234,86.162895,,ranchi,city-nearest,93.6,23.3533,85.3112,2,6,47,32731,16365,stretched
darkstore,37584,Super Store Bengaluru Talghattapura ES155,bengaluru,12.870616,77.524315,,bengaluru,label,29.56,12.7159,77.746,3,59,220,52882,17627,stretched
darkstore,37586,Super Store Delhi West Jyoti Nagar ES307,shahdara,28.692371,77.29326,,noida,city-nearest,19.88,28.5355,77.391,1,25,317,2527,2527,concentrated
darkstore,37588,Super Store UP-NCR Orange County ES155,ghaziabad,28.63313,77.37072,,noida,city-majority,11.04,28.5355,77.391,1,25,317,2527,2527,concentrated
darkstore,37622,Super Store Raipur Avanti Vihar ES3,raipur,21.236488,81.68711,,raipur,label,6.19,21.2514,81.6296,1,24,25,11862,11862,proportional
darkstore,37624,Super Store Raipur Devendra Nagar ES5,raipur,21.258936,81.638466,,raipur,label,1.24,21.2514,81.6296,1,24,25,11862,11862,proportional
darkstore,37626,Super Store Hyderabad Madeenaguda ES113,hyderabad,17.497765,78.33169,,hyderabad,label,20.68,17.385,78.4867,3,100,131,39128,13042,proportional
darkstore,37628,Super Store Durg Adarsh Nagar ES1,durg,21.176758,81.28768,,raipur,city-nearest,36.4,21.2514,81.6296,1,24,25,11862,11862,proportional
darkstore,37630,Super Store Bengaluru Longford Town ES171,bengaluru,12.949613,77.61326,,bengaluru,label,24.26,13.082,77.7913,3,59,220,52882,17627,stretched
darkstore,37632,Super Store Kolkata Nabapally ES140,kolkata,22.739103,88.457596,,kolkata,label,2.25,22.7337,88.4787,3,11,121,18889,6296,proportional
darkstore,37634,Super Store Nagpur Mankapur ES10,nagpur,21.172693,79.069496,,nagpur,label,31.62,21.2912,78.7922,1,17,37,23108,23108,stretched
darkstore,37636,Super Store Kolkata Madhyamgram ES119,kolkata,22.68824,88.490715,,kolkata,label,5.2,22.7337,88.4787,3,11,121,18889,6296,proportional
darkstore,37670,Super Store Patna Gola Road ES10,patna,25.64177,85.06231,,patna,label,10.2,25.6331,85.1636,2,5,54,33224,16612,stretched
darkstore,37672,Super Store Jaipur Kukas ES55,jaipur,27.028784,75.90237,,jaipur,label,10.82,27.032,75.7932,2,11,77,28186,14093,proportional
darkstore,37674,Super Store  Bengaluru Vasanth Nagar ES198,bengaluru,12.984708,77.597885,,bengaluru,label,23.58,13.082,77.7913,3,59,220,52882,17627,stretched
darkstore,37676,Super Store Bengaluru RT Nagar ES177,bengaluru,13.013841,77.58767,,bengaluru,label,23.32,13.082,77.7913,3,59,220,52882,17627,stretched
darkstore,37678,Super Store Chandigarh Sector 34 ES78,chandigarh,30.715574,76.779976,,mohali,city-nearest,7.92,30.7028,76.6985,1,1,62,7121,7121,proportional
darkstore,37680,Super Store Kharar Sector 117 ES79,kharar,30.70569,76.67245,,mohali,city-nearest,2.51,30.7028,76.6985,1,1,62,7121,7121,proportional
darkstore,37682,Super Store Mumbai Naigaon East ES159,mumbai,19.349554,72.84572,,mumbai,label,25.14,19.2433,73.0572,3,13,189,9344,3115,concentrated
darkstore,37684,Super Store Hyderabad Manikonda ES118,hyderabad,17.41216,78.38815,,hyderabad,label,10.88,17.385,78.4867,3,100,131,39128,13042,proportional
darkstore,37686,Super Store Jaipur Hathroi ES53,jaipur,26.904533,75.80183,,jaipur,label,10.44,26.8108,75.7953,2,11,77,28186,14093,proportional
darkstore,37688,Super Store Bengaluru Hagadur Whitefield ES169,bengaluru,12.967409,77.7536,,bengaluru,label,13.38,13.082,77.7913,3,59,220,52882,17627,stretched
darkstore,37690,Super Store Bengaluru Chickpet ES182,bengaluru,12.959128,77.5582,,bengaluru,label,28.71,13.082,77.7913,3,59,220,52882,17627,stretched
darkstore,37692,Super Store Mumbai Ambernath East ES161,mumbai,19.186409,73.1963,,mumbai,label,12.13,19.082,73.2298,3,13,189,9344,3115,concentrated
darkstore,37694,Super Store Kanpur Shuklaganj ES21,kanpur,26.485207,80.39718,,lucknow,city-nearest,61.79,26.7474,80.9452,2,7,92,39582,19791,stretched
darkstore,37696,Super Store Kochi Kadavanthra ES7,kochi,9.966688,76.28701,,coimbatore,city-nearest,139.51,10.9795,77.0401,1,9,46,40154,40154,stretched
darkstore,37698,Super Store Pune Solapur Road ES121,pune,18.506714,73.97355,,pune,label,27.13,18.6714,73.7836,2,24,119,19984,9992,proportional
darkstore,37700,Super Store Chennai Ramapuram ES58,chennai,13.030586,80.19566,,chennai,label,9.98,13.0827,80.2707,3,13,98,33883,11294,proportional
darkstore,37734,Super Store Ranchi Bariatu ES5,ranchi,23.377388,85.35331,,ranchi,label,5.06,23.3533,85.3112,2,6,47,32731,16365,stretched
darkstore,37738,Super Store Panchkula Amravati ES75,panchkula,30.763262,76.910065,,mohali,city-nearest,21.31,30.7028,76.6985,1,1,62,7121,7121,proportional
darkstore,37740,Super Store Delhi Dilshad Garden ES313,delhi,28.684206,77.32299,,noida,city-majority,17.82,28.5355,77.391,1,25,317,2527,2527,concentrated
darkstore,37742,Super Store Jamshedpur Hayat Nagar ES6,jamshedpur,22.838936,86.2462,,ranchi,city-nearest,110.28,23.3348,85.3125,2,6,47,32731,16365,stretched
darkstore,37748,Super Store Saharanpur Haqikatnagar ES1,saharanpur,29.958525,77.54712,,dehradun,city-nearest,61.32,30.3165,78.0322,1,43,47,6372,6372,proportional
darkstore,37750,Super Store Bhubaneshwar Niladri Vihar ES2,bhubaneswar,20.325958,85.81172,,bhubaneswar,label,12.77,20.2765,85.7012,1,1,20,5276,5276,proportional
darkstore,37752,Super Store Aligarh Marris Road ES1,aligarh,27.87873,78.0817,,faridabad,city-nearest,95.32,28.4089,77.3178,1,7,53,10208,10208,proportional
darkstore,37754,Super Store Bareilly Rampur Garden ES3,bareilly,28.324972,79.4511,,bareilly,label,4.66,28.36,79.425,5,12,28,28118,5624,proportional
darkstore,37756,Super Store Barabanki Civil Lines ES1,barabanki,26.91224,81.179016,,lucknow,city-nearest,23.14,26.7875,80.9923,2,7,92,39582,19791,stretched
darkstore,37758,Super Store Muzaffarnagar Civil Lines ES1,muzaffarnagar,29.447844,77.721634,,kundli,city-majority,82.8,29.0048,77.0358,1,4,20,7830,7830,proportional
darkstore,37760,Super Store Durg Gandhi Nagar ES2,durg,21.199211,81.3294,,raipur,city-nearest,31.65,21.2514,81.6296,1,24,25,11862,11862,proportional
darkstore,37794,Super Store Bharuch Zadeshwar ES1,bharuch,21.73329,73.024734,,surat,city-nearest,65.74,21.1702,72.8311,2,7,30,10654,5327,proportional
darkstore,37796,Super Store Nagpur Manish Nagar ES8,nagpur,21.072437,79.06307,,nagpur,label,37.15,21.2912,78.7922,1,17,37,23108,23108,stretched
darkstore,37802,Super Store Gorakhpur Taramandal ES3,gorakhpur,26.723751,83.37522,,gorakhpur,label,2.36,26.745,83.375,8,8,13,11378,1422,concentrated
darkstore,37804,Super Store Rajkot Ratyadhar Road ES5,rajkot,22.309998,70.78168,,ahmedabad,city-nearest,170.06,22.9086,72.3062,1,38,118,38470,38470,stretched
darkstore,37806,Super Store Ahmedabad Gandhinagar Sec 11 ES50,gandhinagar,23.21843,72.63593,,ahmedabad,city-nearest,48.22,22.9086,72.3062,1,38,118,38470,38470,stretched
darkstore,37808,Super Store Bengaluru Surya Nagar ES181,bengaluru,12.765857,77.642204,,bengaluru,label,12.55,12.7159,77.746,3,59,220,52882,17627,stretched
darkstore,37810,Super Store Mumbai Ulhasnagar ES155,mumbai,19.233305,73.16881,,mumbai,label,11.77,19.2433,73.0572,3,13,189,9344,3115,concentrated
darkstore,37812,Super Store UP-NCR Noida Sector 62 ES162,noida,28.619797,77.366974,,noida,label,9.66,28.5355,77.391,1,25,317,2527,2527,concentrated
darkstore,37814,Super Store Mumbai Andheri RTO Road ES163,mumbai,19.142351,72.819565,,mumbai,label,27.36,19.2433,73.0572,3,13,189,9344,3115,concentrated
darkstore,37816,Super Store Haldwani Mukhani ES1,haldwani,29.210587,79.526794,,bareilly,city-nearest,94.34,28.372,79.38,5,12,28,28118,5624,proportional
darkstore,37818,Super Store Haldwani Shiv Puri ES2,haldwani,29.224411,79.54412,,bareilly,city-nearest,96.12,28.372,79.38,5,12,28,28118,5624,proportional
darkstore,37854,Super Store Jhansi Indripuri ES3,jhansi,25.48488,78.57697,,jhansi,label,2.7,25.4625,78.5665,4,15,12,12150,3038,concentrated
darkstore,37856,Super Store Jhansi Bundelkhand ES2,jhansi,25.438742,78.60984,,jhansi,label,5.09,25.4625,78.5665,4,15,12,12150,3038,concentrated
darkstore,37860,Super Store Rudrapur Jagatpura ES2,rudrapur,29.021431,79.40133,,bareilly,city-nearest,72.24,28.372,79.38,5,12,28,28118,5624,proportional
darkstore,37862,Super Store Bardhaman Sripally ES1,bardhaman,23.220448,87.8491,,kolkata,city-nearest,78.37,22.674,88.3325,3,11,121,18889,6296,proportional
darkstore,37864,Super Store Jodhpur Mandor Road ES1,jodhpur,26.296333,73.0395,,jaipur,city-nearest,280.01,26.8108,75.7953,2,11,77,28186,14093,proportional
darkstore,37866,Super Store Ambala Cantonment ES63,ambala,30.351942,76.81912,,rajpura,city-nearest,26.84,30.4977,76.596,2,2,13,5000,2500,concentrated
darkstore,37868,Super Store Davanagere MCC B Block ES188,davanagere,14.47928,75.89406,,manipal,city-nearest,173.66,13.346,74.787,1,2,4,8136,8136,proportional
darkstore,37870,Super Store Gurgaon Sector 17 ES146,gurgaon,28.479733,77.06751,,gurgaon,label,4.59,28.4595,77.0266,1,7,87,898,898,concentrated
darkstore,37874,Super Store Patna Boring Road ES7,patna,25.598804,85.11258,,patna,label,6.38,25.6331,85.1636,2,5,54,33224,16612,stretched
darkstore,37876,Super Store Goa Kadamba ES17,goa,15.489607,73.87786,,goa,label,10.89,15.3917,73.8791,2,35,34,17782,8891,proportional
darkstore,37910,Super Store Kolkata Shalimar ES130,kolkata,22.562996,88.29898,,kolkata,label,12.81,22.674,88.3325,3,11,121,18889,6296,proportional
darkstore,37912,Super Store Varanasi Kachahri ES5,varanasi,25.333673,82.9967,,varanasi,label,2.91,25.3176,82.9739,2,8,34,18808,9404,proportional
darkstore,37914,Super Store Guwahati Tarun Nagar ES1,guwahati,26.149786,91.78717,,guwahati,label,5.25,26.1829,91.7497,2,2,25,6032,3016,concentrated
darkstore,37916,Super Store Guwahati Chandmari ES2,guwahati,26.184938,91.763435,,guwahati,label,1.39,26.1829,91.7497,2,2,25,6032,3016,concentrated
darkstore,37918,Super Store Mumbai Ulwe Wahal ES151,panvel,18.982471,73.033714,,mumbai,city-nearest,14.99,19.0513,73.1563,3,13,189,9344,3115,concentrated
darkstore,37952,Super Store Kharagpur IIT Kharagpur ES1,kharagpur,22.318783,87.2941,,kolkata,city-nearest,92.28,22.4825,88.1741,3,11,121,18889,6296,proportional
darkstore,37986,Super Store Mumbai Dombivli West ES143,mumbai,19.231247,73.05381,,mumbai,label,1.39,19.2433,73.0572,3,13,189,9344,3115,concentrated
darkstore,38022,Super Store Ahmedabad Applewoods Bopal ES41,ahmedabad,22.986967,72.46378,,ahmedabad,label,18.34,22.9086,72.3062,1,38,118,38470,38470,stretched
darkstore,38024,Super Store Jaipur Manipal University ES58,jaipur,26.860176,75.57113,,jaipur,label,22.91,26.8108,75.7953,2,11,77,28186,14093,proportional
darkstore,38026,Super Store Mumbai Kharghar Sector 35 ES154,panvel,19.078993,73.0744,,mumbai,city-nearest,9.14,19.0513,73.1563,3,13,189,9344,3115,concentrated
darkstore,38028,Super Store Kolkata Dankuni ES142,kolkata,22.70364,88.27045,,kolkata,label,7.17,22.674,88.3325,3,11,121,18889,6296,proportional
darkstore,38030,Super Store Delhi Greater Kailash ES311,delhi,28.546167,77.237,,noida,city-majority,15.09,28.5355,77.391,1,25,317,2527,2527,concentrated
darkstore,38032,Super Store Pune Yewalewadi ES120,pune,18.428726,73.891106,,pune,label,29.27,18.6714,73.7836,2,24,119,19984,9992,proportional
darkstore,38034,Super Store Mohali SAS Nagar Phase 9 ES76,sas nagar,30.690735,76.72406,,mohali,city-nearest,2.79,30.7028,76.6985,1,1,62,7121,7121,proportional
darkstore,38036,Super Store Jalandhar New Defence Colony ES81,jalandhar,31.287615,75.63708,,ludhiana,city-nearest,47.84,30.9009,75.8573,2,2,51,38214,19107,stretched
darkstore,38038,Super Store Kota Model Town ES12,kota,25.234196,75.88167,,jaipur,city-nearest,175.52,26.8108,75.7953,2,11,77,28186,14093,proportional
darkstore,38040,Super Store Rudrapur Malik Colony ES1,kichha,28.998966,79.35686,,bareilly,city-nearest,69.75,28.372,79.38,5,12,28,28118,5624,proportional
darkstore,38042,Super Store UP-NCR Noida Sector 70 ES156,noida,28.598291,77.38029,,noida,label,7.06,28.5355,77.391,1,25,317,2527,2527,concentrated
darkstore,38044,Super Store Tiruchirappalli Thillai Nagar ES1,tiruchirappalli,10.823518,78.681,,coimbatore,city-nearest,180.0,10.9795,77.0401,1,9,46,40154,40154,stretched
darkstore,38078,Super Store Gurgaon Sushant Lok 3 ES149,gurgaon,28.420506,77.07208,,gurgaon,label,6.21,28.4595,77.0266,1,7,87,898,898,concentrated
darkstore,38080,Super Store Pune BT Kawade Rd ES124,pune,18.515398,73.89292,,pune,label,20.82,18.6714,73.7836,2,24,119,19984,9992,proportional
darkstore,38082,Super Store Dharwad Saptapur ES1,dharwad,15.428706,75.01501,,goa,city-nearest,96.61,15.2993,74.124,2,35,34,17782,8891,proportional
darkstore,38084,Super Store Bengaluru Ejipura Koramangala ES196,bengaluru,12.932645,77.61941,,bengaluru,label,24.95,13.082,77.7913,3,59,220,52882,17627,stretched
darkstore,38086,Super Store Rajahmundry Prakash Nagar ES1,rajahmundry,17.002008,81.801605,,vijayawada,city-nearest,135.11,16.4977,80.6471,1,26,22,21290,21290,stretched
darkstore,38087,Super Store Sonipat sector 8 ES3,sonipat,28.9919,77.06353,,kundli,city-nearest,3.05,29.0048,77.0358,1,4,20,7830,7830,proportional
darkstore,38088,Super Store Kolkata Naihati ES139,kolkata,22.883003,88.43291,,kolkata,label,17.25,22.7337,88.4787,3,11,121,18889,6296,proportional
darkstore,38089,Super Store Kanpur IIT Kanpur ES20,kanpur,26.508425,80.246315,,lucknow,city-nearest,74.38,26.7474,80.9452,2,7,92,39582,19791,stretched
darkstore,38090,Super Store Hyderabad Pocharam ES116,hyderabad,17.425367,78.63179,,hyderabad,label,14.29,17.5366,78.5643,3,100,131,39128,13042,proportional
darkstore,38091,Super Store Kolkata Siddha Town ES129,kolkata,22.64491,88.46335,,kolkata,label,10.0,22.7337,88.4787,3,11,121,18889,6296,proportional
darkstore,38092,Super Store UP-NCR Noida Amity ES154,noida,28.532612,77.340645,,noida,label,4.93,28.5355,77.391,1,25,317,2527,2527,concentrated
darkstore,38102,Super Store Jabalpur Gupteshwar Nagar ES1,jabalpur,23.141146,79.92604,,nagpur,city-nearest,236.51,21.2912,78.7922,1,17,37,23108,23108,stretched
darkstore,38104,Super Store Udupi UB Square ES1,udupi,13.315681,74.72851,,udupi,label,3.72,13.345,74.745,1,2,1,45,45,concentrated
darkstore,38106,Super Store Chennai Potheri ES65,chennai,12.820305,80.02419,,chennai,label,39.56,13.0827,80.2707,3,13,98,33883,11294,proportional
darkstore,38108,Super Store Bhubaneshwar Patia ES4,bhubaneswar,20.33932,85.81829,,bhubaneswar,label,14.07,20.2765,85.7012,1,1,20,5276,5276,proportional
darkstore,38142,Super Store Chandigarh Dhanas ES82,chandigarh,30.776491,76.74697,,mohali,city-nearest,9.41,30.7028,76.6985,1,1,62,7121,7121,proportional
darkstore,38144,Super Store Ludhiana Gagandeep Colony ES80,ludhiana,30.945662,75.83296,,ludhiana,label,5.49,30.9009,75.8573,2,2,51,38214,19107,stretched
darkstore,38148,Super Store Bengaluru Provident Welworth ES157,bengaluru,13.230431,77.54922,,bengaluru,label,30.98,13.082,77.7913,3,59,220,52882,17627,stretched
darkstore,38150,Super Store Bengaluru Chikkabidrakallu ES165,bengaluru,13.050542,77.47215,,bengaluru,label,34.75,13.082,77.7913,3,59,220,52882,17627,stretched
darkstore,38152,Super Store UP-NCR Lal Kuan Shahpur ES160,ghaziabad,28.634281,77.468544,,noida,city-majority,13.34,28.5355,77.391,1,25,317,2527,2527,concentrated
darkstore,38186,Super Store New Chandigarh Ferozpur Banger ES60,chandigarh,30.824453,76.741936,,mohali,city-nearest,14.15,30.7028,76.6985,1,1,62,7121,7121,proportional
darkstore,38188,Super Store Belgaum Tilakwadi ES1,belgaum,15.833365,74.51867,,goa,city-nearest,72.9,15.2993,74.124,2,35,34,17782,8891,proportional
darkstore,38192,Super Store Indore Rau ES12,indore,22.6205,75.78488,,indore,label,13.31,22.7196,75.8577,2,5,31,14771,7386,proportional
darkstore,38194,Super Store Pune Thite Nagar ES127,pune,18.548288,73.941765,,pune,label,21.57,18.6714,73.7836,2,24,119,19984,9992,proportional
darkstore,38196,Super Store Mumbai Mulund East ES169,mumbai,19.175,72.96667,,mumbai,label,12.17,19.2433,73.0572,3,13,189,9344,3115,concentrated
darkstore,38198,Super Store Indore Bhawarsala ES11,indore,22.792538,75.85575,,indore,label,8.11,22.7196,75.8577,2,5,31,14771,7386,proportional
darkstore,38200,Super Store Nagpur Bezonbagh ES9,nagpur,21.170881,79.07743,,nagpur,label,32.45,21.2912,78.7922,1,17,37,23108,23108,stretched
darkstore,38202,Super Store Mumbai Kannamvar Nagar ES166,mumbai,19.106216,72.92866,,mumbai,label,20.36,19.2433,73.0572,3,13,189,9344,3115,concentrated
darkstore,38204,Super Store Pune Handewadi Road ES129,pune,18.476446,73.94151,,pune,label,27.33,18.6714,73.7836,2,24,119,19984,9992,proportional
darkstore,38206,Super Store Belgaum Azam Nagar ES2,belgaum,15.8778,74.49359,,goa,city-nearest,75.53,15.2993,74.124,2,35,34,17782,8891,proportional
darkstore,38208,Super Store Bengaluru Rashad Nagar ES194,bengaluru,13.032898,77.61322,,bengaluru,label,20.05,13.082,77.7913,3,59,220,52882,17627,stretched
darkstore,38210,Super Store Bengaluru Brookefield AECS Layout ES202,bengaluru,12.960837,77.70961,,bengaluru,label,16.12,13.082,77.7913,3,59,220,52882,17627,stretched
darkstore,38212,Super Store Bengaluru Haralur 2 ES193,bengaluru,12.895101,77.66601,,bengaluru,label,21.73,12.7159,77.746,3,59,220,52882,17627,stretched
darkstore,38214,Super Store Prayagraj Sulem Sarai ES7,prayagraj,25.446655,81.77486,,varanasi,city-nearest,121.31,25.3176,82.9739,2,8,34,18808,9404,proportional
darkstore,38216,Super Store Varanasi Lanka ES7,varanasi,25.288183,83.00525,,varanasi,label,4.54,25.3176,82.9739,2,8,34,18808,9404,proportional
darkstore,38218,Super Store Bengaluru Basavangudi 14th Cross ES186,bengaluru,12.921005,77.56963,,bengaluru,label,29.76,12.7159,77.746,3,59,220,52882,17627,stretched
darkstore,38254,Super Store UP-NCR Aditya World City ES159,ghaziabad,28.646173,77.47861,,noida,city-majority,14.99,28.5355,77.391,1,25,317,2527,2527,concentrated
darkstore,38256,Super Store Goa Dona Paula ES15,goa,15.467367,73.82132,,goa,label,10.45,15.3917,73.8791,2,35,34,17782,8891,proportional
darkstore,38258,Super Store Kolkata Santragachi ES141,howrah,22.579922,88.31146,,kolkata,city-nearest,10.68,22.674,88.3325,3,11,121,18889,6296,proportional
darkstore,38260,Super Store Chennai Urapakkam ES64,chengalpattu,12.862707,80.082,,chennai,city-nearest,31.88,13.0827,80.2707,3,13,98,33883,11294,proportional
darkstore,38262,Super Store Tirupati Tata Nagar ES1,tirupati,13.630268,79.41711,,chennai,city-nearest,78.81,13.2073,80.0018,3,13,98,33883,11294,proportional
darkstore,38264,Super Store Pune Pashan ES126,pune,18.540405,73.79682,,pune,label,14.63,18.6714,73.7836,2,24,119,19984,9992,proportional
darkstore,38266,Super Store Jabalpur Vijay Nagar ES2,jabalpur,23.178188,79.91144,,nagpur,city-nearest,239.36,21.2912,78.7922,1,17,37,23108,23108,stretched
darkstore,38268,Super Store Gurgaon Sector 5 ES154,gurgaon,28.480465,77.0222,,gurgaon,label,2.37,28.4595,77.0266,1,7,87,898,898,concentrated
darkstore,38270,Super Store Pune Pride World City ES125,pune,18.614948,73.91789,,pune,label,15.48,18.6714,73.7836,2,24,119,19984,9992,proportional
darkstore,38272,Super Store Hyderabad Telecom Nagar ES93,hyderabad,17.433615,78.37535,,hyderabad,label,12.99,17.385,78.4867,3,100,131,39128,13042,proportional
darkstore,38274,Super Store Mumbai Runwal Kalyan ES167,mumbai,19.177158,73.078896,,mumbai,label,7.7,19.2433,73.0572,3,13,189,9344,3115,concentrated
darkstore,38278,Super Store Bengaluru Pai Layout ES195,bengaluru,12.985687,77.662186,,bengaluru,label,17.62,13.082,77.7913,3,59,220,52882,17627,stretched
darkstore,38280,Super Store Bengaluru Fisherman's Warf Haralur ES170,bengaluru,12.911486,77.659096,,bengaluru,label,23.7,12.7159,77.746,3,59,220,52882,17627,stretched
darkstore,38282,Super Store Bengaluru Domlur ES190,bengaluru,12.955937,77.636314,,bengaluru,label,21.87,13.082,77.7913,3,59,220,52882,17627,stretched
darkstore,38284,Super Store Bengaluru Lakkasandra ES203,bengaluru,12.954892,77.59347,,bengaluru,label,25.67,13.082,77.7913,3,59,220,52882,17627,stretched
darkstore,38286,Super Store Mysore Ansaar Hospital ES7,mysore,12.332125,76.685326,,bengaluru,city-nearest,122.79,12.7159,77.746,3,59,220,52882,17627,stretched
darkstore,38288,Super Store Bhubaneshwar Gautam Nagar ES5,bhubaneswar,20.259277,85.841064,,bhubaneswar,label,14.71,20.2765,85.7012,1,1,20,5276,5276,proportional
darkstore,38290,Super Store Varanasi Sigra ES8,varanasi,25.316011,82.982414,,varanasi,label,0.87,25.3176,82.9739,2,8,34,18808,9404,proportional
darkstore,38324,Super Store Hubli Vidyanagar ES1,hubli,15.38795,75.104065,,goa,city-nearest,105.56,15.2993,74.124,2,35,34,17782,8891,proportional
darkstore,38326,Super Store Chennai Rajakilpakkam ES52,chennai,12.90227,80.15497,,chennai,label,23.66,13.0827,80.2707,3,13,98,33883,11294,proportional
darkstore,38364,Super Store Delhi New Green Park ES298,delhi,28.578165,77.20552,,noida,city-majority,18.73,28.5355,77.391,1,25,317,2527,2527,concentrated
darkstore,38366,Super Store Chennai Royapettah ES66,chennai,13.062234,80.26509,,chennai,label,2.36,13.0827,80.2707,3,13,98,33883,11294,proportional
darkstore,38368,Super Store Chennai Tondiarpet ES67,chennai,13.126131,80.2837,,chennai,label,5.03,13.0827,80.2707,3,13,98,33883,11294,proportional
darkstore,38370,Super Store Ludhiana Palam Vihar ES66,ludhiana,30.861649,75.77782,,ludhiana,label,8.75,30.9009,75.8573,2,2,51,38214,19107,stretched
darkstore,38404,Super Store Meerut Jagriti Vihar ES165,meerut,28.931719,77.732414,,dasna,city-nearest,28.56,28.7251,77.5582,2,2,15,4511,2256,concentrated
darkstore,38405,Super Store Thrissur Punkunnam ES1,thrissur,10.541638,76.19286,,coimbatore,city-nearest,104.58,10.9795,77.0401,1,9,46,40154,40154,stretched
darkstore,38406,Super Store Madurai SS Colony ES2,madurai,9.943349,78.09657,,coimbatore,city-nearest,163.15,10.9795,77.0401,1,9,46,40154,40154,stretched
darkstore,38407,Super Store Gwalior Kushal Nagar ES4,gwalior,26.201962,78.181274,,jhansi,city-nearest,88.56,25.47,78.53,4,15,12,12150,3038,concentrated
darkstore,38408,Super Store Ahmedabad Vavol ES55,gandhinagar,23.228312,72.63692,,ahmedabad,city-nearest,49.08,22.9086,72.3062,1,38,118,38470,38470,stretched
darkstore,38409,Super Store Mumbai Taloja Phase 2 ES168,panvel,19.06769,73.10364,,mumbai,city-nearest,5.83,19.0513,73.1563,3,13,189,9344,3115,concentrated
darkstore,38410,Super Store Hubli Keshwapur ES2,hubli,15.329062,75.136566,,goa,city-nearest,108.64,15.2993,74.124,2,35,34,17782,8891,proportional
darkstore,38450,Super Store UP-NCR Noida Sector 168 ES163,noida,28.49721,77.4045,,noida,label,4.46,28.5355,77.391,1,25,317,2527,2527,concentrated
darkstore,38452,Super Store Erode Sampath Nagar ES3,erode,11.3367605,77.702286,,coimbatore,city-nearest,82.44,10.9795,77.0401,1,9,46,40154,40154,stretched
darkstore,38454,Super Store Gulbarga Dargah Road ES3,gulbarga,17.31985,76.8758,,hyderabad,city-nearest,171.12,17.385,78.4867,3,100,131,39128,13042,proportional
darkstore,38456,Super Store Kurukshetra Pipli Road ES4,kurukshetra,29.973995,76.90196,,rajpura,city-nearest,65.23,30.4977,76.596,2,2,13,5000,2500,concentrated
darkstore,38458,Super Store Yamunanagar Gaba Hospital ES5,yamunanagar,30.14612,77.28756,,dehradun,city-majority,74.01,30.3165,78.0322,1,43,47,6372,6372,proportional
darkstore,38460,Super Store Chandrapur Civil Line ES1,chandrapur,19.965843,79.26249,,nagpur,city-nearest,155.29,21.2912,78.7922,1,17,37,23108,23108,stretched
darkstore,38464,Super Store Dehradun UPES Kandoli ES15,vikasnagar,30.370687,77.970184,,dehradun,city-nearest,8.47,30.3165,78.0322,1,43,47,6372,6372,proportional
darkstore,38466,Super Store Kolhapur Tarabai Park ES2,kolhapur,16.740606,74.24728,,goa,city-nearest,155.06,15.3917,73.8791,2,35,34,17782,8891,proportional
darkstore,38468,Super Store Guntur Stambala Garuvu ES3,guntur,16.306337,80.4014,,vijayawada,city-nearest,33.76,16.4977,80.6471,1,26,22,21290,21290,stretched
darkstore,38470,Super Store Ahmedabad Motera 2 ES56,ahmedabad,23.084438,72.59669,,ahmedabad,label,35.59,22.9086,72.3062,1,38,118,38470,38470,stretched
darkstore,38474,Super Store Hyderabad HMT Hills ES120,hyderabad,17.507595,78.41044,,hyderabad,label,15.85,17.385,78.4867,3,100,131,39128,13042,proportional
darkstore,38476,Super Store Nellore Ramalinga Puram ES2,nellore,14.4272175,80.01544,,chennai,city-nearest,135.66,13.2073,80.0018,3,13,98,33883,11294,proportional
darkstore,38478,Super Store Bathinda Multania Road ES83,bathinda,30.182377,74.946495,,ludhiana,city-nearest,118.29,30.9009,75.8573,2,2,51,38214,19107,stretched
darkstore,38514,Super Store Kottayam Collectorate ES3,kottayam,9.604951,76.58011,,trivandrum,city-nearest,119.88,8.568,76.879,6,2,8,3071,512,concentrated
darkstore,38516,Super Store Shimoga Durgigudi ES4,durgigudi,13.913514,75.58781,,manipal,city-nearest,107.1,13.346,74.787,1,2,4,8136,8136,proportional
darkstore,38518,Super Store Vrindavan Chaitanya Vihar ES1,vrindavan,27.558168,77.67891,,lucknow,city-majority,335.49,26.7474,80.9452,2,7,92,39582,19791,stretched
darkstore,38520,Super Store Jodhpur Basni ES5,jodhpur,26.221739,73.02734,,jaipur,city-nearest,283.08,26.8108,75.7953,2,11,77,28186,14093,proportional
darkstore,38524,Super Store Mumbai Aarey Colony ES178,mumbai,19.157976,72.873726,,mumbai,label,21.48,19.2433,73.0572,3,13,189,9344,3115,concentrated
darkstore,38526,Super Store Mohali Sector 88 ES84,mohali,30.667643,76.69676,,mohali,label,3.91,30.7028,76.6985,1,1,62,7121,7121,proportional
darkstore,38528,Super Store Raebareli Centroid ES1,raebareli,26.223814,81.226135,,lucknow,city-nearest,64.59,26.7474,80.9452,2,7,92,39582,19791,stretched
darkstore,38596,Super Store Bidar Devi Nagar ES5,bidar,17.921814,77.52181,,nizamabad,city-nearest,103.66,18.6742,78.1016,1,2,8,20135,20135,stretched
darkstore,38598,Super Store Ballari Bhagat Singh Nagar ES6,ballari,15.169244,76.94702,,bengaluru,city-nearest,249.31,13.082,77.7913,3,59,220,52882,17627,stretched
darkstore,38600,Super Store Bengaluru Channasandra ES200,bengaluru,12.978594,77.76897,,bengaluru,label,11.75,13.082,77.7913,3,59,220,52882,17627,stretched
darkstore,38602,Super Store Pune Chowsiwadi Alandi ES130,pune,18.657888,73.890945,,pune,label,11.41,18.6714,73.7836,2,24,119,19984,9992,proportional
darkstore,38604,Super Store Ahmedabad Memnagar ES58,ahmedabad,23.039015,72.53813,,ahmedabad,label,27.82,22.9086,72.3062,1,38,118,38470,38470,stretched
darkstore,38606,Super Store Kozhikode Nadakkavu ES2,kozhikode,11.257206,75.790924,,coimbatore,city-nearest,139.75,10.9795,77.0401,1,9,46,40154,40154,stretched
darkstore,38608,Super Store Faridabad Arjun Vatika ES40,faridabad,28.337553,77.320305,,faridabad,label,7.94,28.4089,77.3178,1,7,53,10208,10208,proportional
darkstore,38610,Super Store UP-NCR Indra Enclave ES167,delhi,28.72065,77.29296,,noida,city-majority,22.7,28.5355,77.391,1,25,317,2527,2527,concentrated
darkstore,38612,Super Store Hyderabad Gajularamaram ES122,hyderabad,17.533312,78.43319,,hyderabad,label,13.91,17.5366,78.5643,3,100,131,39128,13042,proportional
darkstore,38646,Super Store Hyderabad Alwal ES119,hyderabad,17.503458,78.48426,,hyderabad,label,9.25,17.5366,78.5643,3,100,131,39128,13042,proportional
darkstore,38682,Super Store Bengaluru New City Yelahanka ES187,bengaluru,13.128187,77.55919,,bengaluru,label,25.66,13.082,77.7913,3,59,220,52882,17627,stretched
darkstore,38716,Super Store Dhanbad Saraidhella ES1,dhanbad,23.814732,86.47205,,ranchi,city-nearest,128.95,23.3533,85.3112,2,6,47,32731,16365,stretched
darkstore,38720,Super Store Kolkata Sonarpur ES144,kolkata,22.440022,88.433876,,kolkata,label,27.11,22.4825,88.1741,3,11,121,18889,6296,proportional
darkstore,38722,Super Store Hyderabad Vanasthalipuram ES124,hyderabad,17.309458,78.56656,,hyderabad,label,11.93,17.385,78.4867,3,100,131,39128,13042,proportional
darkstore,38724,Super Store Pune SUS Road ES115,pune,18.55849,73.753204,,pune,label,12.96,18.6714,73.7836,2,24,119,19984,9992,proportional
darkstore,38794,Super Store Panipat Sector 10 ES3,panipat,29.360014,76.97007,,kundli,city-nearest,40.01,29.0048,77.0358,1,4,20,7830,7830,proportional
darkstore,38830,Super Store  Chennai Purasaiwakkam ES54,chennai,13.083757,80.24656,,chennai,label,2.62,13.0827,80.2707,3,13,98,33883,11294,proportional
darkstore,38832,Super Store Delhi Indian Army Store ES315,delhi,28.59364,77.101685,,noida,city-majority,28.98,28.5355,77.391,1,25,317,2527,2527,concentrated
darkstore,38834,Super Store Kanpur Indira Nagar ES22,kanpur,26.520464,80.283485,,lucknow,city-nearest,70.45,26.7474,80.9452,2,7,92,39582,19791,stretched
darkstore,38836,Super Store Aurangabad Osmanpura ES6,aurangabad (maharashtra),19.880098,75.31198,,pune,city-nearest,209.28,18.6714,73.7836,2,24,119,19984,9992,proportional
darkstore,38838,Super Store Bengaluru New Town Yelahanka ES211,bengaluru,13.0912695,77.548355,,bengaluru,label,26.33,13.082,77.7913,3,59,220,52882,17627,stretched
darkstore,38840,Super Store Mumbai Colaba ES180,mumbai,18.91367,72.82623,,mumbai,label,37.93,19.0513,73.1563,3,13,189,9344,3115,concentrated
darkstore,38842,Super Store Panipat Sector 13 ES2,panipat,29.421219,76.98774,,kundli,city-nearest,46.54,29.0048,77.0358,1,4,20,7830,7830,proportional
darkstore,38876,Super Store Asansol Kumarpur ES1,asansol,23.700985,86.92626,,ranchi,city-majority,169.13,23.3533,85.3112,2,6,47,32731,16365,stretched
darkstore,38878,Super Store Dhanbad Bank More ES2,dhanbad,23.778782,86.415184,,ranchi,city-nearest,122.06,23.3533,85.3112,2,6,47,32731,16365,stretched
darkstore,38880,Super Store Jaipur Lal Kothi ES61,jaipur,26.891066,75.80183,,jaipur,label,8.95,26.8108,75.7953,2,11,77,28186,14093,proportional
darkstore,38882,Super Store Vapi Chala ES2,vapi,20.395985,72.878845,,surat,city-nearest,86.23,21.1702,72.8311,2,7,30,10654,5327,proportional
darkstore,38884,Super Store Muzaffarpur Musahri ES11,muzaffarpur,26.116152,85.41378,,patna,city-nearest,59.26,25.6331,85.1636,2,5,54,33224,16612,stretched
darkstore,38886,Super Store Bhuj City Mall ES3,bhuj,23.264448,69.66116,,ahmedabad,city-nearest,273.43,22.9086,72.3062,1,38,118,38470,38470,stretched
darkstore,38922,Super Store Tumkur University ES2,tumkur,13.317175,77.120384,,bengaluru,city-nearest,77.2,13.082,77.7913,3,59,220,52882,17627,stretched
darkstore,38924,Super Store Patna Anisabad ES12,patna,25.586092,85.09346,,patna,label,8.76,25.6331,85.1636,2,5,54,33224,16612,stretched
darkstore,38960,Super Store Mumbai Sanpada ES174,thane,19.06208,73.008644,,mumbai,city-nearest,15.57,19.0513,73.1563,3,13,189,9344,3115,concentrated
darkstore,38964,Super Store Mumbai Thane Naupada ES171,mumbai,19.195232,72.971275,,mumbai,label,10.49,19.2433,73.0572,3,13,189,9344,3115,concentrated
darkstore,38966,Super Store Ayodhya Saketpuri ES4,ayodhya,26.783089,82.181915,,lucknow,city-majority,118.09,26.7875,80.9923,2,7,92,39582,19791,stretched
darkstore,38968,Super Store Akola Civil Line ES4,akola,20.666304,77.017456,,nagpur,city-nearest,196.93,21.2912,78.7922,1,17,37,23108,23108,stretched
darkstore,39004,Super Store KS UP-NCR Noida Sector 62 KS16,noida,28.60625,77.34967,,noida,label,8.84,28.5355,77.391,1,25,317,2527,2527,concentrated
darkstore,39040,Super Store Pune Talegaon Dabhade ES128,pune,18.713514,73.68376,,pune,label,11.51,18.6714,73.7836,2,24,119,19984,9992,proportional
darkstore,39042,Super Store Gaya JP Nagar ES14,gaya,24.766766,85.00648,,patna,city-nearest,95.56,25.6106,85.1866,2,5,54,33224,16612,stretched
darkstore,39044,Super Store Puducherry Venkata Nagar ES1,puducherry,11.931375,79.80703,,chennai,city-nearest,137.56,13.0827,80.2707,3,13,98,33883,11294,proportional
darkstore,39046,Super Store Hapur Tehsil Chauraha ES3,hapur,28.730396,77.77968,,dasna,city-nearest,21.6,28.7251,77.5582,2,2,15,4511,2256,concentrated
darkstore,39048,Super Store Coimbatore Saravanampatti ES5,coimbatore,11.051634,76.9917,,coimbatore,label,9.6,10.9795,77.0401,1,9,46,40154,40154,stretched
darkstore,39050,Super Store Kapurthala Mall Road ES89,kapurthala,31.387093,75.38369,,ludhiana,city-nearest,70.39,30.9009,75.8573,2,2,51,38214,19107,stretched
darkstore,39052,Super Store Kolhapur Jawahar Nagar ES5,kolhapur,16.671768,74.23041,,goa,city-nearest,147.21,15.3917,73.8791,2,35,34,17782,8891,proportional
darkstore,39054,Super Store Guwahati Bormotoria ES4,guwahati,26.14776,91.82826,,guwahati,label,8.76,26.1829,91.7497,2,2,25,6032,3016,concentrated
darkstore,39056,Super Store Kochi Chullickal ES8,kochi,9.939807,76.257,,coimbatore,city-nearest,143.87,10.9795,77.0401,1,9,46,40154,40154,stretched
darkstore,39058,Super Store Bengaluru JP Nagar 5th Phase ES209,bengaluru,12.901001,77.593575,,bengaluru,label,26.4,12.7159,77.746,3,59,220,52882,17627,stretched
darkstore,39094,Super Store Mumbai Vakola ES182,mumbai,19.080389,72.846855,,mumbai,label,28.57,19.2433,73.0572,3,13,189,9344,3115,concentrated
darkstore,39096,Super Store UP-NCR Gr Noida Ansal Link 1 ES164,noida,28.454802,77.51197,,noida,label,14.84,28.5355,77.391,1,25,317,2527,2527,concentrated
darkstore,39098,Super Store Jaipur Jhai Ashiana ES60,jaipur,26.809818,75.666016,,jaipur,label,12.83,26.8108,75.7953,2,11,77,28186,14093,proportional
darkstore,39100,Super Store Mumbai Virar East ES173,mumbai,19.46529,72.81547,,mumbai,label,35.39,19.2433,73.0572,3,13,189,9344,3115,concentrated
darkstore,39102,Super Store Jaipur Omaxcity ES57,jaipur,26.837725,75.61473,,jaipur,label,18.17,26.8108,75.7953,2,11,77,28186,14093,proportional
darkstore,39104,Super Store Vijayawada Bhavanipuram ES15,vijayawada,16.54718,80.60066,,vijayawada,label,7.4,16.4977,80.6471,1,26,22,21290,21290,stretched
darkstore,39108,Super Store Vijayawada Singh Nagar ES17,vijayawada,16.566402,80.62582,,vijayawada,label,7.97,16.4977,80.6471,1,26,22,21290,21290,stretched
darkstore,39110,Super Store Aluva Periyar Nagar ES9,aluva,10.082725,76.34677,,coimbatore,city-nearest,125.25,10.9795,77.0401,1,9,46,40154,40154,stretched
darkstore,39112,Super Store Surat Nana Varachha ES8,surat,21.227762,72.8865,,surat,label,8.6,21.1702,72.8311,2,7,30,10654,5327,proportional
darkstore,39114,Super Store Bengaluru Classic Royal Hennur ES197,bengaluru,13.035874,77.63355,,bengaluru,label,17.84,13.082,77.7913,3,59,220,52882,17627,stretched
darkstore,39116,Super Store Ranchi Morabadi ES7,ranchi,23.40211,85.32597,,ranchi,label,5.63,23.3533,85.3112,2,6,47,32731,16365,stretched
darkstore,39118,Super Store UP-NCR Noida Sector 46 ES169,noida,28.543825,77.35721,,noida,label,3.43,28.5355,77.391,1,25,317,2527,2527,concentrated
darkstore,39160,Super Store Unnao Lok Nagar ES5,unnao,26.56552,80.484276,,lucknow,city-nearest,50.07,26.7474,80.9452,2,7,92,39582,19791,stretched
darkstore,39162,Super Store Aligarh Sasni Gate ES2,aligarh,27.856565,78.06662,,faridabad,city-nearest,95.73,28.4089,77.3178,1,7,53,10208,10208,proportional
darkstore,39166,Super Store Pune Karve Nagar ES132,pune,18.49068,73.81041,,pune,label,20.29,18.6714,73.7836,2,24,119,19984,9992,proportional
darkstore,39206,Super Store Hosur Thally Road ES4,hosur,12.732937,77.827644,,bengaluru,city-nearest,9.06,12.7159,77.746,3,59,220,52882,17627,stretched
darkstore,39208,Super Store Kurnool Bhagya Nagar ES16,kurnool,15.836814,78.03024,,hyderabad,city-nearest,178.89,17.385,78.4867,3,100,131,39128,13042,proportional
darkstore,39210,Super Store Palwal Panchwati Colony ES3,palwal,28.109035,77.31692,,faridabad,city-nearest,33.34,28.4089,77.3178,1,7,53,10208,10208,proportional
darkstore,39212,Super Store Rampur Elahi Bagh ES4,rampur,28.827374,79.02919,,bareilly,city-nearest,61.13,28.372,79.38,5,12,28,28118,5624,proportional
darkstore,39214,Super Store Ajmer Nagra ES14,ajmer,26.437876,74.662285,,jaipur,city-nearest,120.02,26.8108,75.7953,2,11,77,28186,14093,proportional
darkstore,39216,Super Store Bhavnagar Atika Chowk ES5,bhavnagar,21.731258,72.14754,,surat,city-nearest,94.32,21.1702,72.8311,2,7,30,10654,5327,proportional
darkstore,39250,Super Store Sikar Nawalgarh Road ES17,sikar,27.59025,75.18464,,jaipur,city-nearest,86.42,27.032,75.7932,2,11,77,28186,14093,proportional
darkstore,39252,Super Store Hoshiarpur Central Town ES87,hoshiarpur,31.543148,75.91066,,ludhiana,city-nearest,71.59,30.9009,75.8573,2,2,51,38214,19107,stretched
darkstore,39256,Super Store Bhubaneshwar Jatni Road ES8,bhubaneswar,20.163057,85.700874,,bhubaneswar,label,12.61,20.2765,85.7012,1,1,20,5276,5276,proportional
darkstore,39290,Super Store Bengaluru Mudalapalya ES216,bengaluru,12.947479,77.52517,,bengaluru,label,32.48,13.082,77.7913,3,59,220,52882,17627,stretched
darkstore,39292,Super Store Lucknow Vikas Nagar Sec 9 ES68,lucknow,26.897385,80.955635,,lucknow,label,12.75,26.7875,80.9923,2,7,92,39582,19791,stretched
darkstore,39298,Super Store Mumbai Borivali West Eksar ES181,mumbai,19.236742,72.85463,,mumbai,label,21.28,19.2433,73.0572,3,13,189,9344,3115,concentrated
darkstore,39332,Super Store Mehsana Modhera Circle ES59,mehsana,23.602983,72.36663,,ahmedabad,city-nearest,77.46,22.9086,72.3062,1,38,118,38470,38470,stretched
darkstore,39334,Super Store Gandhidham Adipur ES4,gandhidham,23.092958,70.0765,,ahmedabad,city-nearest,229.14,22.9086,72.3062,1,38,118,38470,38470,stretched
darkstore,39340,Super Store Bengaluru Malleshpalaya ES217,bengaluru,12.984869,77.67222,,bengaluru,label,16.82,13.082,77.7913,3,59,220,52882,17627,stretched
darkstore,39342,Super Store Pune Kothrud Shastri Nagar ES131,pune,18.49637,73.79312,,pune,label,19.49,18.6714,73.7836,2,24,119,19984,9992,proportional
darkstore,39346,Super Store Mumbai Silphata ES177,mumbai,19.133287,73.064545,,mumbai,label,12.26,19.2433,73.0572,3,13,189,9344,3115,concentrated
darkstore,39348,Super Store Bikaner Sadulganj ES18,bikaner,27.99799,73.360085,,jaipur,city-nearest,262.89,27.032,75.7932,2,11,77,28186,14093,proportional
darkstore,39350,Super Store Meerut Sotiganj ES172,meerut,28.99227,77.703026,,dasna,city-nearest,32.89,28.7251,77.5582,2,2,15,4511,2256,concentrated
darkstore,39354,Super Store Delhi Dwarka Sector 12 ES316,delhi,28.594954,77.03967,,noida,city-majority,34.94,28.5355,77.391,1,25,317,2527,2527,concentrated
darkstore,39356,Super Store Pathankot Patel Nagar ES90,pathankot,32.27162,75.663704,,jammu,city-nearest,80.8,32.635,74.918,13,10,31,14483,1114,concentrated
darkstore,39358,Super Store Sirsa Agrasain Colony ES2,sirsa,29.564432,75.06725,,ludhiana,city-nearest,166.87,30.9009,75.8573,2,2,51,38214,19107,stretched
darkstore,39360,Super Store Raipur Samta Colony ES7,raipur,21.238312,81.60219,,raipur,label,3.19,21.2514,81.6296,1,24,25,11862,11862,proportional
darkstore,39364,Super Store Firozpur Dhawan Colony ES88,firozpur,30.96481,74.621666,,ludhiana,city-nearest,118.07,30.9009,75.8573,2,2,51,38214,19107,stretched
darkstore,39366,Super Store Coimbatore Nehru Nagar ES6,coimbatore,11.037404,77.02701,,coimbatore,label,6.6,10.9795,77.0401,1,9,46,40154,40154,stretched
darkstore,39368,Super Store Ahmedabad Nana Chiloda ES62,gandhinagar,23.132511,72.646324,,ahmedabad,city-nearest,42.8,22.9086,72.3062,1,38,118,38470,38470,stretched
darkstore,39370,Super Store Bengaluru Chandapur ES208,bengaluru,12.813967,77.69212,,bengaluru,label,12.37,12.7159,77.746,3,59,220,52882,17627,stretched
darkstore,39372,Super Store Mumbai Palghar West ES175,palghar,19.700153,72.76988,,mumbai,city-nearest,59.06,19.2433,73.0572,3,13,189,9344,3115,concentrated
darkstore,39374,Super Store Agra Rakabganj ES10,agra,27.16205,77.97621,,faridabad,city-nearest,153.03,28.4089,77.3178,1,7,53,10208,10208,proportional
darkstore,39408,Super Store Bhubaneshwar HB Colony ES3,bhubaneswar,20.243563,85.797935,,bhubaneswar,label,10.74,20.2765,85.7012,1,1,20,5276,5276,proportional
darkstore,39410,Super Store Cuttack Bajrakabati Road ES7,cuttack,20.441853,85.91243,,bhubaneswar,city-nearest,28.69,20.2765,85.7012,1,1,20,5276,5276,proportional
darkstore,39444,Super Store Sri Ganganagar Gagan Path ES15,sri ganganagar,29.929018,73.87311,,ludhiana,city-nearest,218.81,30.9009,75.8573,2,2,51,38214,19107,stretched
darkstore,39445,Super Store Gwalior Airport Road ES5,gwalior,26.265738,78.20773,,jhansi,city-nearest,94.17,25.47,78.53,4,15,12,12150,3038,concentrated
darkstore,39447,Super Store Vadodara Sama ES13,vadodara,22.338963,73.20237,,ahmedabad,city-nearest,111.68,22.9086,72.3062,1,38,118,38470,38470,stretched
darkstore,39448,Super Store Patna Chitrasen Nagar ES16,patna,25.599258,85.066315,,patna,label,10.46,25.6331,85.1636,2,5,54,33224,16612,stretched
darkstore,39449,Super Store Patna AIIMS ES17,patna,25.568941,85.0537,,patna,label,13.13,25.6331,85.1636,2,5,54,33224,16612,stretched
darkstore,39451,Super Store Vellore CMC ES5,vellore,12.930775,79.11251,,chennai,city-nearest,101.11,13.2073,80.0018,3,13,98,33883,11294,proportional
darkstore,39452,Super Store Jammu Greater Kailash ES5,jammu,32.666283,74.89548,,jammu,label,4.07,32.635,74.918,13,10,31,14483,1114,concentrated
darkstore,39453,Super Store Dehradun Ballupur ES18,dehradun,30.352491,78.03026,,dehradun,label,4.01,30.3165,78.0322,1,43,47,6372,6372,proportional
darkstore,39454,Super Store Pune SB Road ES114,pune,18.52926,73.82512,,pune,label,16.4,18.6714,73.7836,2,24,119,19984,9992,proportional
darkstore,39455,Super Store Mumbai Ulhasnagar Kailash ES172,mumbai,19.203524,73.15124,,mumbai,label,10.82,19.2433,73.0572,3,13,189,9344,3115,concentrated
darkstore,39456,Super Store Hyderabad Alkapur ES123,hyderabad,17.401852,78.36683,,hyderabad,label,12.86,17.385,78.4867,3,100,131,39128,13042,proportional
darkstore,39457,Super Store Hyderabad MLA Colony ES128,hyderabad,17.412928,78.43024,,hyderabad,label,6.75,17.385,78.4867,3,100,131,39128,13042,proportional
darkstore,39458,Super Store Hisar Vikas Nagar ES2,hisar,29.170328,75.74878,,farukhnagar,city-nearest,107.86,28.6559,76.6882,2,2,27,16301,8151,proportional
darkstore,39459,Super Store Bengaluru Kumaraswamy Layout ES215,bengaluru,12.906964,77.563644,,bengaluru,label,29.02,12.7159,77.746,3,59,220,52882,17627,stretched
darkstore,39460,Super Store Dehradun Selakui ES17,vikasnagar,30.361618,77.8409,,dehradun,city-nearest,19.03,30.3165,78.0322,1,43,47,6372,6372,proportional
darkstore,39462,Super Store Patna Exhibition Road ES8,patna,25.60806,85.141235,,patna,label,3.58,25.6331,85.1636,2,5,54,33224,16612,stretched
darkstore,39463,Super Store Gurgaon Sushant Lok B Block ES152,gurgaon,28.461842,77.0826,,gurgaon,label,5.48,28.4595,77.0266,1,7,87,898,898,concentrated
darkstore,39464,Super Store Jind Gandhi Nagar ES1,jind,29.339346,76.29044,,kundli,city-nearest,81.37,29.0048,77.0358,1,4,20,7830,7830,proportional
darkstore,39465,Super Store Patna Gardanibagh ES13,patna,25.588125,85.13175,,patna,label,5.93,25.6331,85.1636,2,5,54,33224,16612,stretched
darkstore,39466,Super Store Chennai West Tambaram ES71,chennai,12.898105,80.07026,,chennai,label,29.88,13.0827,80.2707,3,13,98,33883,11294,proportional
darkstore,39467,Super Store Ahmedabad Bhatt ES61,ahmedabad,23.128597,72.63593,,ahmedabad,label,41.68,22.9086,72.3062,1,38,118,38470,38470,stretched
darkstore,39526,Super Store Bengaluru Srinagar ES219,bengaluru,12.954133,77.55936,,bengaluru,label,28.87,13.082,77.7913,3,59,220,52882,17627,stretched
darkstore,39564,Super Store Mumbai Golani Naka Vasai ES192,mumbai,19.401451,72.83978,,mumbai,label,28.81,19.2433,73.0572,3,13,189,9344,3115,concentrated
darkstore,39565,Super Store Modinagar Rajendra Nagar ES168,modinagar,28.851007,77.581314,,dasna,city-nearest,14.18,28.7251,77.5582,2,2,15,4511,2256,concentrated
darkstore,39566,Super Store Mumbai Kashigaon ES179,mumbai,19.27561,72.88841,,mumbai,label,18.08,19.2433,73.0572,3,13,189,9344,3115,concentrated
darkstore,39567,Super Store Mumbai Madh Island ES191,mumbai,19.150501,72.79761,,mumbai,label,29.15,19.2433,73.0572,3,13,189,9344,3115,concentrated
darkstore,39568,Super Store Mumbai Alibaug ES195,mumbai,18.653452,72.86927,,mumbai,label,53.57,19.0513,73.1563,3,13,189,9344,3115,concentrated
darkstore,39569,Super Store Udaipur Pratap Nagar ES8,udaipur,24.576725,73.78991,,ahmedabad,city-nearest,239.18,22.9086,72.3062,1,38,118,38470,38470,stretched
darkstore,39610,Super Store Khanna Samrala Chowk ES92,khanna,30.725073,76.18593,,ludhiana,city-majority,36.98,30.9009,75.8573,2,2,51,38214,19107,stretched
darkstore,39611,Super Store UP-NCR Noida Sector 63A ES174,noida,28.631807,77.38699,,noida,label,10.72,28.5355,77.391,1,25,317,2527,2527,concentrated
darkstore,39612,Super Store Bhagalpur Adampur ES1,bhagalpur,25.244913,86.96873,,patna,city-nearest,183.53,25.6106,85.1866,2,5,54,33224,16612,stretched
darkstore,39613,Super Store Vizianagaram Tank Bund Road ES19,vizianagaram,18.109629,83.42502,,visakhapatnam,city-nearest,45.68,17.7487,83.2189,1,6,20,4779,4779,proportional
darkstore,39614,Super Store Kaithal RK Puram ES6,kaithal,29.820438,76.41003,,rajpura,city-nearest,77.4,30.4977,76.596,2,2,13,5000,2500,concentrated
darkstore,39654,Super Store Hamirpur Heera Heights ES3,hamirpur,31.685072,76.52373,,ludhiana,city-nearest,107.76,30.9009,75.8573,2,2,51,38214,19107,stretched
darkstore,39655,Super Store Solan Rajgarh Road ES1,solan,30.910343,77.10433,,mohali,city-nearest,45.11,30.7028,76.6985,1,1,62,7121,7121,proportional
darkstore,39656,Super Store Baddi Sai Road ES2,baddi,30.930897,76.830414,,mohali,city-nearest,28.32,30.7028,76.6985,1,1,62,7121,7121,proportional
darkstore,39660,Super Store Sundar Nagar Jawahar Nagar ES4,sundar nagar,31.568682,76.90956,,mohali,city-nearest,98.35,30.7028,76.6985,1,1,62,7121,7121,proportional
darkstore,39661,Super Store Alwar Malviya Nagar ES20,alwar,27.560724,76.62538,,farukhnagar,city-majority,102.17,28.458,76.8496,2,2,27,16301,8151,proportional
darkstore,39824,Super Store Thrissur Kuriachira ES6,thrissur,10.504491,76.19386,,coimbatore,city-nearest,106.47,10.9795,77.0401,1,9,46,40154,40154,stretched
darkstore,39825,Super Store Raipur Amlidih ES8,raipur,21.187687,81.659065,,raipur,label,7.71,21.2514,81.6296,1,24,25,11862,11862,proportional
darkstore,39826,Super Store Chennai Chitlapakkam ES68,chennai,12.94838,80.136955,,chennai,label,20.81,13.0827,80.2707,3,13,98,33883,11294,proportional
darkstore,39827,Super Store Visakhapatnam Kurmannapalem ES18,visakhapatnam,17.690454,83.16495,,visakhapatnam,label,8.64,17.7487,83.2189,1,6,20,4779,4779,proportional
darkstore,39828,Super Store Guwahati Kahilipara ES7,guwahati,26.143444,91.76559,,guwahati,label,4.67,26.1829,91.7497,2,2,25,6032,3016,concentrated
darkstore,39829,Super Store Rewari Gurutek City ES2,rewari,28.159653,76.61065,,farukhnagar,city-nearest,40.59,28.458,76.8496,2,2,27,16301,8151,proportional
darkstore,39830,Super Store Mathura Goverdhan Crossing ES5,mathura,27.492176,77.659706,,faridabad,city-nearest,107.32,28.4089,77.3178,1,7,53,10208,10208,proportional
darkstore,39831,Super Store Vadodara Sayajipura ES12,vadodara,22.323812,73.237434,,ahmedabad,city-nearest,115.61,22.9086,72.3062,1,38,118,38470,38470,stretched
darkstore,39832,Super Store Pune Pimple Nilakh ES134,pune,18.586918,73.79495,,pune,label,9.47,18.6714,73.7836,2,24,119,19984,9992,proportional
darkstore,39833,Super Store Gorakhpur Gorakhnath ES6,gorakhpur,26.815496,83.34039,,gorakhpur,label,4.94,26.8182,83.3901,8,8,13,11378,1422,concentrated
darkstore,39834,Super Store Udaipur Bhuwana ES10,udaipur,24.6432,73.72425,,ahmedabad,city-nearest,240.88,22.9086,72.3062,1,38,118,38470,38470,stretched
darkstore,39835,Super Store Sitapur Civil Lines ES6,sitapur,27.577814,80.65608,,lucknow,city-nearest,93.96,26.7875,80.9923,2,7,92,39582,19791,stretched
darkstore,39836,Super Store Lakhimpur Khaprel Bazar ES7,lakhimpur,27.955444,80.78181,,lucknow,city-nearest,131.52,26.7875,80.9923,2,7,92,39582,19791,stretched
darkstore,39837,Super Store Una Hamirpur Road ES5,una,31.467333,76.26168,,ludhiana,city-nearest,73.8,30.9009,75.8573,2,2,51,38214,19107,stretched
darkstore,39884,Super Store Raipur AIIMS Road ES6,raipur,21.26186,81.59373,,raipur,label,3.89,21.2514,81.6296,1,24,25,11862,11862,proportional
darkstore,39886,Super Store Delhi Narela ES322,delhi,28.850763,77.102394,,noida,city-majority,44.96,28.5355,77.391,1,25,317,2527,2527,concentrated
darkstore,39922,Super Store Siliguri Iskon Road ES147,siliguri,26.729063,88.44481,,siliguri,label,1.31,26.732,88.432,10,4,16,10303,1030,concentrated
darkstore,39924,Super Store UP-NCR Noida Sector 41 ES166,noida,28.56423,77.366104,,noida,label,4.01,28.5355,77.391,1,25,317,2527,2527,concentrated
darkstore,39926,Super Store Jamshedpur Birsanagar ES7,jamshedpur,22.786036,86.250145,,ranchi,city-nearest,113.69,23.3348,85.3125,2,6,47,32731,16365,stretched
darkstore,39928,Super Store Patna Rajendra Nagar ES15,patna,25.615395,85.17388,,patna,label,1.38,25.6106,85.1866,2,5,54,33224,16612,stretched
darkstore,39932,Super Store Aligarh AMU Dhourra ES3,aligarh,27.914478,78.08792,,faridabad,city-nearest,93.39,28.4089,77.3178,1,7,53,10208,10208,proportional
darkstore,39934,Super Store Bengaluru Sobha Nagasandra ES210,bengaluru,13.0347805,77.51763,,bengaluru,label,30.11,13.082,77.7913,3,59,220,52882,17627,stretched
darkstore,39936,Super Store Durg Nehru Nagar ES3,durg,21.233728,81.337875,,raipur,city-nearest,30.3,21.2514,81.6296,1,24,25,11862,11862,proportional
darkstore,39938,Super Store Lucknow Arjunganj ES67,lucknow,26.796658,81.00877,,lucknow,label,1.93,26.7875,80.9923,2,7,92,39582,19791,stretched
darkstore,39972,Super Store Mumbai GTB Nagar ES193,mumbai,19.027424,72.86916,,mumbai,label,30.3,19.0513,73.1563,3,13,189,9344,3115,concentrated
darkstore,39974,Super Store Mumbai Kamatghar Bhiwandi ES184,mumbai,19.279932,73.03789,,mumbai,label,4.55,19.2433,73.0572,3,13,189,9344,3115,concentrated
darkstore,39978,Super Store Mumbai Mumbra Kausa ES197,mumbai,19.160748,73.03336,,mumbai,label,9.51,19.2433,73.0572,3,13,189,9344,3115,concentrated
darkstore,39980,Super Store Mumbai Pokhran ES183,mumbai,19.217201,72.97499,,mumbai,label,9.11,19.2433,73.0572,3,13,189,9344,3115,concentrated
darkstore,39982,Super Store Mumbai Titwala ES186,mumbai,19.289406,73.20253,,mumbai,label,16.09,19.2433,73.0572,3,13,189,9344,3115,concentrated
darkstore,39984,Super Store Patna Digha ES18,patna,25.635538,85.09393,,patna,label,6.99,25.6331,85.1636,2,5,54,33224,16612,stretched
darkstore,39986,Super Store Nagpur Nandanvan ES12,nagpur,21.154415,79.11628,,nagpur,label,36.88,21.2912,78.7922,1,17,37,23108,23108,stretched
darkstore,39988,Super Store UP-NCR Noida Sector 82 ES171,noida,28.529404,77.39948,,noida,label,1.07,28.5355,77.391,1,25,317,2527,2527,concentrated
darkstore,39990,Super Store UP-NCR Gr. Noida PI ES170,noida,28.484266,77.55519,,noida,label,17.02,28.5355,77.391,1,25,317,2527,2527,concentrated
darkstore,39992,Super Store Ujjain Mahakal Vanijya ES1,ujjain,23.156729,75.779366,,indore,city-nearest,49.26,22.7196,75.8577,2,5,31,14771,7386,proportional
darkstore,39996,Super Store Lucknow Vinay Khand ES73,lucknow,26.845613,81.016396,,lucknow,label,6.89,26.7875,80.9923,2,7,92,39582,19791,stretched
darkstore,39998,Super Store Lucknow Gomti Nagar Sec 6 ES69,lucknow,26.843088,81.02456,,lucknow,label,6.96,26.7875,80.9923,2,7,92,39582,19791,stretched
darkstore,40000,Super Store Indore Sanwariya Nagar ES13,indore,22.727911,75.816315,,indore,label,4.34,22.7196,75.8577,2,5,31,14771,7386,proportional
darkstore,40002,Super Store Guwahati Gopinath Nagar ES5,guwahati,26.135393,91.74743,,guwahati,label,5.29,26.1829,91.7497,2,2,25,6032,3016,concentrated
darkstore,40004,Super Store Delhi Jungpura ES325,delhi,28.584599,77.2414,,noida,city-majority,15.6,28.5355,77.391,1,25,317,2527,2527,concentrated
darkstore,40038,Super Store Trivandrum Kowdiar ES5,trivandrum,8.541985,76.95989,,trivandrum,label,2.76,8.5204,76.9722,6,2,8,3071,512,concentrated
darkstore,40040,Super Store Patna NTPC Colony ES17,patna,25.560642,85.1447,,patna,label,6.97,25.6106,85.1866,2,5,54,33224,16612,stretched
darkstore,40074,Super Store Visakhapatnam Madhurawada ES14,visakhapatnam,17.833422,83.34331,,visakhapatnam,label,16.19,17.7487,83.2189,1,6,20,4779,4779,proportional
darkstore,40076,Super Store Bengaluru Koramangala 1st Block ES223,bengaluru,12.935621,77.62736,,bengaluru,label,24.09,13.082,77.7913,3,59,220,52882,17627,stretched
darkstore,40078,Super Store Satara Powai Naka ES9,satara,17.67563,74.030075,,pune,city-nearest,108.94,18.5655,73.5988,2,24,119,19984,9992,proportional
darkstore,40080,Super Store Solapur Konark Nagar ES8,solapur,17.602594,75.89406,,pune,city-nearest,252.7,18.6714,73.7836,2,24,119,19984,9992,proportional
darkstore,40082,Super Store Jabalpur Adhartal ES3,jabalpur,23.174204,79.95843,,nagpur,city-nearest,241.35,21.2912,78.7922,1,17,37,23108,23108,stretched
darkstore,40084,Super Store Ambala Old Town ES93,ambala,30.38497,76.77373,,rajpura,city-nearest,21.15,30.4977,76.596,2,2,13,5000,2500,concentrated
darkstore,40086,Super Store Dewas Station Road ES2,dewas,22.959312,76.065315,,indore,city-nearest,34.1,22.7196,75.8577,2,5,31,14771,7386,proportional
darkstore,40088,Super Store Ranchi Samlong ES9,ranchi,23.345913,85.34554,,ranchi,label,3.59,23.3348,85.3125,2,6,47,32731,16365,stretched
darkstore,40090,Super Store Udaipur Chamanpura ES9,udaipur,24.631563,73.669815,,ahmedabad,city-nearest,236.55,22.9086,72.3062,1,38,118,38470,38470,stretched
darkstore,40092,Super Store Bengaluru Brigade Meadows ES226,bengaluru,12.829187,77.503685,,bengaluru,label,29.14,12.7159,77.746,3,59,220,52882,17627,stretched
darkstore,40094,Super Store Kakinada Sarpavaram ES2,kakinada,16.994137,82.21223,,visakhapatnam,city-nearest,135.84,17.7487,83.2189,1,6,20,4779,4779,proportional
darkstore,40096,Super Store Mathura Anand Vihar Colony ES3,mathura,27.436005,77.68797,,faridabad,city-nearest,114.13,28.4089,77.3178,1,7,53,10208,10208,proportional
darkstore,40098,Super Store Kota Borkheda ES19,kota,25.189539,75.90341,,jaipur,city-nearest,180.6,26.8108,75.7953,2,11,77,28186,14093,proportional
darkstore,40100,Super Store Ranchi Singh More ES8,ranchi,23.31325,85.30761,,ranchi,label,2.45,23.3348,85.3125,2,6,47,32731,16365,stretched
darkstore,40102,Super Store Bengaluru Tavarekere ES225,bengaluru,12.920826,77.60998,,bengaluru,label,26.59,13.082,77.7913,3,59,220,52882,17627,stretched
darkstore,40104,Super Store Pune Nande Balewadi ES133,pune,18.577549,73.7236,,pune,label,12.2,18.6714,73.7836,2,24,119,19984,9992,proportional
darkstore,40106,Super Store Pune Hinjewadi Wakad ES138,pune,18.597124,73.73615,,pune,label,9.65,18.6714,73.7836,2,24,119,19984,9992,proportional
darkstore,40108,Super Store Pune Wakad Mulshi ES136,pune,18.605473,73.76678,,pune,label,7.54,18.6714,73.7836,2,24,119,19984,9992,proportional
darkstore,40144,Super Store Bengaluru Malleshwaram ES227,bengaluru,12.998096,77.57272,,bengaluru,label,25.45,13.082,77.7913,3,59,220,52882,17627,stretched
darkstore,40146,Super Store Mumbai Girgaon ES199,mumbai,18.949556,72.818115,,mumbai,label,37.31,19.0513,73.1563,3,13,189,9344,3115,concentrated
darkstore,40148,Super Store Ranchi Ratu Road ES10,ranchi,23.379639,85.28675,,ranchi,label,3.85,23.3533,85.3112,2,6,47,32731,16365,stretched
darkstore,40150,Super Store Bengaluru Brigade Panorama ES204,bengaluru,12.853832,77.45138,,bengaluru,label,35.44,12.7159,77.746,3,59,220,52882,17627,stretched
darkstore,40152,Super Store Moradabad Ram Ganga Vihar ES3,moradabad,28.87988,78.73061,,bareilly,city-nearest,84.89,28.372,79.38,5,12,28,28118,5624,proportional
darkstore,40186,Super Store Hassan Gowrikopula Circle ES8,hassan,13.024339,76.10847,,mangalore,city-nearest,138.28,12.8698,74.8423,4,3,6,2318,579,concentrated
darkstore,40188,Super Store Puri VIP Road ES21,puri,19.792921,85.799576,,bhubaneswar,city-nearest,54.74,20.2765,85.7012,1,1,20,5276,5276,proportional
darkstore,40190,Super Store Salem LRN Colony ES6,salem,11.690178,78.17574,,bengaluru,city-nearest,123.25,12.7159,77.746,3,59,220,52882,17627,stretched
darkstore,40192,Super Store Bhopal MP Nagar ES11,bhopal,23.233965,77.43545,,bhopal,label,3.71,23.2599,77.4126,1,2,28,8294,8294,proportional
darkstore,40194,Super Store Patiala Nabha Town ES95,patiala,30.36032,76.15519,,rajpura,city-nearest,44.94,30.4977,76.596,2,2,13,5000,2500,concentrated
darkstore,40196,Super Store Mohali City Center ES94,mohali,30.654732,76.79163,,mohali,label,10.39,30.7028,76.6985,1,1,62,7121,7121,proportional
darkstore,40200,Super Store Ankleshwar Kosamdi ES7,ankleshwar,21.595991,73.04654,,surat,city-nearest,52.34,21.1702,72.8311,2,7,30,10654,5327,proportional
darkstore,40202,Super Store Rajkot Atika South ES6,rajkot,22.265327,70.823326,,ahmedabad,city-nearest,168.21,22.9086,72.3062,1,38,118,38470,38470,stretched
darkstore,40208,Super Store Hyderabad Bandlaguda ES125,hyderabad,17.335508,78.37199,,hyderabad,label,13.36,17.385,78.4867,3,100,131,39128,13042,proportional
darkstore,40246,Super Store Hyderabad AS Rao Nagar ES127,hyderabad,17.471941,78.55874,,hyderabad,label,7.21,17.5366,78.5643,3,100,131,39128,13042,proportional
darkstore,40248,Super Store Hyderabad Boduppal ES132,hyderabad,17.412313,78.575516,,hyderabad,label,9.9,17.385,78.4867,3,100,131,39128,13042,proportional
darkstore,40250,Super Store Hyderabad Serilingampalle ES126,hyderabad,17.486616,78.340904,,hyderabad,label,19.15,17.385,78.4867,3,100,131,39128,13042,proportional
darkstore,40252,Super Store Delhi Pitampura ES323,delhi,28.697687,77.151566,,noida,city-majority,29.52,28.5355,77.391,1,25,317,2527,2527,concentrated
darkstore,40288,Super Store Firozabad Arya Nagar ES13,firozabad,27.176233,78.366,,bareilly,city-nearest,164.25,28.3406,79.3932,5,12,28,28118,5624,proportional
darkstore,40289,Super Store Bikaner Mangaram Colony ES21,bikaner,27.979774,73.30136,,jaipur,city-nearest,267.4,27.032,75.7932,2,11,77,28186,14093,proportional
darkstore,40324,Super Store Hyderabad Maredpally ES145,hyderabad,17.445404,78.50647,,hyderabad,label,7.04,17.385,78.4867,3,100,131,39128,13042,proportional
darkstore,40327,Super Store Hyderabad Golden Mile Road ES131,hyderabad,17.396044,78.338326,,hyderabad,label,15.79,17.385,78.4867,3,100,131,39128,13042,proportional
darkstore,40362,Super Store Hyderabad Barkas ES134,hyderabad,17.315926,78.49248,,hyderabad,label,7.71,17.385,78.4867,3,100,131,39128,13042,proportional
darkstore,40363,Super Store Muzaffarpur Tilak Nagar ES21,muzaffarpur,26.11219,85.36586,,patna,city-nearest,56.99,25.6331,85.1636,2,5,54,33224,16612,stretched
darkstore,40399,Super Store Haldwani Nutan Colony ES3,haldwani,29.237747,79.45803,,bareilly,city-nearest,96.57,28.372,79.38,5,12,28,28118,5624,proportional
darkstore,40401,Super Store Dharamshala Jawahar Nagar ES6,dharamshala,32.214073,76.334785,,jammu,city-nearest,140.97,32.635,74.918,13,10,31,14483,1114,concentrated
darkstore,40403,Super Store Begusarai Ratanpur ES20,begusarai,25.409964,86.158905,,patna,city-nearest,100.09,25.6106,85.1866,2,5,54,33224,16612,stretched
darkstore,40405,Super Store Chennai Redhills ES78,chennai,13.196819,80.192375,,chennai,label,15.26,13.0827,80.2707,3,13,98,33883,11294,proportional
darkstore,40439,Super Store Mumbai Digha ES198,mumbai,19.170841,72.98933,,mumbai,label,10.76,19.2433,73.0572,3,13,189,9344,3115,concentrated
darkstore,40443,Super Store Hyderabad Osman Nagar ES133,hyderabad,17.445988,78.256714,,hyderabad,label,25.33,17.385,78.4867,3,100,131,39128,13042,proportional
darkstore,40484,Super Store Zirakpur CRPF Colony ES91,zirakpur,30.666445,76.811,,mohali,city-nearest,11.49,30.7028,76.6985,1,1,62,7121,7121,proportional
darkstore,40520,Super Store Pune Manjri ES137,pune,18.522366,73.96608,,pune,label,25.39,18.6714,73.7836,2,24,119,19984,9992,proportional
darkstore,40523,Super Store Bengaluru Sarjapur Kodathi ES234,bengaluru,12.887826,77.72465,,bengaluru,label,19.26,12.7159,77.746,3,59,220,52882,17627,stretched
darkstore,40524,Super Store Anand Irma Road ES3,anand,22.534378,72.97156,,ahmedabad,city-nearest,79.93,22.9086,72.3062,1,38,118,38470,38470,stretched
darkstore,40526,Super Store Bengaluru Devanahalli Orchards ES230,bengaluru,13.225062,77.700066,,bengaluru,label,18.73,13.082,77.7913,3,59,220,52882,17627,stretched
darkstore,40527,Super Store Ahmedabad Zundal ES57,gandhinagar,23.132906,72.6062,,ahmedabad,city-nearest,39.56,22.9086,72.3062,1,38,118,38470,38470,stretched
darkstore,40528,Super Store Bengaluru Subramanyapura ES220,bengaluru,12.890752,77.51789,,bengaluru,label,31.46,12.7159,77.746,3,59,220,52882,17627,stretched
darkstore,40529,Super Store Delhi Sant Nagar Garhi ES320,delhi,28.56165,77.25429,,noida,city-majority,13.67,28.5355,77.391,1,25,317,2527,2527,concentrated
darkstore,40530,Super Store Bahadurgarh Omaxe City ES2,bahadurgarh,28.697224,76.88542,,farukhnagar,city-majority,19.78,28.6559,76.6882,2,2,27,16301,8151,proportional
darkstore,40531,Super Store Saharanpur Nawabganj ES2,saharanpur,29.985195,77.545975,,dehradun,city-nearest,59.52,30.3165,78.0322,1,43,47,6372,6372,proportional
darkstore,40532,Super Store Bengaluru Sarjapur Dommasandra ES214,bengaluru,12.887162,77.743866,,bengaluru,label,19.04,12.7159,77.746,3,59,220,52882,17627,stretched
darkstore,40580,Super Store Chennai Thoraipakkam ES69,chennai,12.933105,80.229004,,chennai,label,17.24,13.0827,80.2707,3,13,98,33883,11294,proportional
darkstore,40582,Super Store Vadodara Jawahar Nagar ES14,vadodara,22.24913,73.20237,,ahmedabad,city-nearest,117.66,22.9086,72.3062,1,38,118,38470,38470,stretched
darkstore,40583,Super Store Hyderabad Shamshabad ES142,hyderabad,17.258913,78.393166,,hyderabad,label,17.18,17.385,78.4867,3,100,131,39128,13042,proportional
darkstore,40584,Super Store Hyderabad Suraram ES137,hyderabad,17.555502,78.46367,,hyderabad,label,10.87,17.5366,78.5643,3,100,131,39128,13042,proportional
darkstore,40585,Super Store Delhi Munirka ES319,delhi,28.552645,77.174614,,noida,city-majority,21.22,28.5355,77.391,1,25,317,2527,2527,concentrated
darkstore,40586,Super Store Guwahati Beltola ES9,guwahati,26.094446,91.793846,,guwahati,label,10.78,26.1829,91.7497,2,2,25,6032,3016,concentrated
darkstore,40587,Super Store Surat Shakti Nagar ES13,surat,21.184607,72.88022,,surat,label,5.34,21.1702,72.8311,2,7,30,10654,5327,proportional
darkstore,40588,Super Store Guwahati Grant ES8,guwahati,26.179054,91.806656,,guwahati,label,5.7,26.1829,91.7497,2,2,25,6032,3016,concentrated
darkstore,40589,Super Store Bengaluru HSR Sector 2 ES179,bengaluru,12.900631,77.65019,,bengaluru,label,23.02,12.7159,77.746,3,59,220,52882,17627,stretched
darkstore,40632,Super Store Jammu Digiana ES7,jammu,32.68437,74.848495,,jammu,label,2.27,32.7047,74.8467,13,10,31,14483,1114,concentrated
darkstore,40666,Super Store Amravati Rathi Nagar ES10,amravati,20.954084,77.76636,,nagpur,city-nearest,112.81,21.2912,78.7922,1,17,37,23108,23108,stretched
darkstore,40668,Super Store Nashik Adgaon ES9,nashik,19.9921,73.85288,,mumbai,city-nearest,117.81,19.2433,73.0572,3,13,189,9344,3115,concentrated
darkstore,40670,Super Store Mumbai Fertilizer Colony ES194,mumbai,19.03702,72.89065,,mumbai,label,27.97,19.0513,73.1563,3,13,189,9344,3115,concentrated
darkstore,40672,Super Store Gonda Azad Nagar ES10,gonda,27.135206,81.96057,,lucknow,city-nearest,103.46,26.7875,80.9923,2,7,92,39582,19791,stretched
darkstore,40674,Super Store Bengaluru Bhoopasandra ES236,bengaluru,13.039345,77.57396,,bengaluru,label,24.02,13.082,77.7913,3,59,220,52882,17627,stretched
darkstore,40678,Super Store Bijapur Gurukul Road ES9,bijapur,16.865929,75.702255,,goa,city-nearest,242.44,15.2993,74.124,2,35,34,17782,8891,proportional
darkstore,40680,Super Store Bengaluru Chikkajala  ES237,bengaluru,13.132736,77.62265,,bengaluru,label,19.12,13.082,77.7913,3,59,220,52882,17627,stretched
darkstore,40686,Super Store Siliguri Junction ES156,siliguri,26.743727,88.41382,,siliguri,label,0.49,26.741,88.41,10,4,16,10303,1030,concentrated
darkstore,40721,Super Store Gorakhpur AIIMS ES5,gorakhpur,26.746355,83.43035,,gorakhpur,label,5.5,26.745,83.375,8,8,13,11378,1422,concentrated
darkstore,40723,Super Store Kanpur Barra 5 ES25,kanpur,26.435547,80.28911,,lucknow,city-nearest,73.88,26.7474,80.9452,2,7,92,39582,19791,stretched
darkstore,40725,Super Store Pune Dhanori Village ES135,pune,18.591082,73.91505,,pune,label,16.48,18.6714,73.7836,2,24,119,19984,9992,proportional
darkstore,40727,Super Store Jammu BC Road ES6,jammu,32.73216,74.85188,,jammu,label,0.78,32.7266,74.857,13,10,31,14483,1114,concentrated
darkstore,40729,Super Store Jammu Bathindi ES8,jammu,32.711197,74.89548,,jammu,label,0.34,32.709,74.893,13,10,31,14483,1114,concentrated
darkstore,40731,Super Store Amravati Dastur Nagar ES14,amravati,20.93824,77.73085,,nagpur,city-nearest,116.88,21.2912,78.7922,1,17,37,23108,23108,stretched
darkstore,40767,Super Store Kolkata Questmall ES154,kolkata,22.534204,88.36609,,kolkata,label,15.92,22.674,88.3325,3,11,121,18889,6296,proportional
darkstore,40769,Super Store Sangrur Mehal Colony ES98,sangrur,30.257048,75.87518,,ludhiana,city-nearest,71.61,30.9009,75.8573,2,2,51,38214,19107,stretched
darkstore,40771,Super Store Warangal Karimnagar ES2,karimnagar,18.436926,79.12399,,nizamabad,city-nearest,110.96,18.6742,78.1016,1,2,8,20135,20135,stretched
darkstore,40773,Super Store Bhimavaram Nehru Peta ES1,bhimavaram,16.515335,81.494194,,vijayawada,city-nearest,90.33,16.4977,80.6471,1,26,22,21290,21290,stretched
darkstore,40775,Super Store Nadiad Shanti Nagar  ES8,nadiad,22.698856,72.862755,,ahmedabad,city-nearest,61.63,22.9086,72.3062,1,38,118,38470,38470,stretched
darkstore,40777,Super Store Bengaluru Gunjur Village ES222,bengaluru,12.910264,77.73036,,bengaluru,label,20.21,13.082,77.7913,3,59,220,52882,17627,stretched
darkstore,40811,Super Store Surat Choksi Wadi ES12,surat,21.179941,72.78886,,surat,label,4.51,21.1702,72.8311,2,7,30,10654,5327,proportional
darkstore,40813,Super Store Prayagraj Naini ES10,prayagraj,25.41303,81.84207,,varanasi,city-nearest,114.21,25.3176,82.9739,2,8,34,18808,9404,proportional
darkstore,40817,Super Store Hyderabad Brindavan Colony ES130,hyderabad,17.41186,78.41242,,hyderabad,label,8.43,17.385,78.4867,3,100,131,39128,13042,proportional
darkstore,40819,Super Store Deoria CC Road ES11,deoria,26.480143,83.78115,,gorakhpur,city-nearest,49.98,26.745,83.375,8,8,13,11378,1422,concentrated
darkstore,40821,Super Store Sonipat Vikas Nagar ES4,sonipat,29.005833,76.98651,,kundli,city-nearest,4.79,29.0048,77.0358,1,4,20,7830,7830,proportional
darkstore,40823,Super Store Chennai Padi ES83,chennai,13.094586,80.18408,,chennai,label,9.47,13.0827,80.2707,3,13,98,33883,11294,proportional
darkstore,40861,Super Store Chennai Little Mount ES80,chennai,13.020488,80.225685,,chennai,label,8.46,13.0827,80.2707,3,13,98,33883,11294,proportional
darkstore,40864,Super Store Bhubaneshwar Nayapally ES10,bhubaneswar,20.285133,85.81884,,bhubaneswar,label,12.31,20.2765,85.7012,1,1,20,5276,5276,proportional
darkstore,40866,Super Store Kolkata Ghuni ES158,kolkata,22.599064,88.446014,,kolkata,label,14.32,22.674,88.3325,3,11,121,18889,6296,proportional
darkstore,40870,Super Store Darbhanga Mirzapur Road ES1,darbhanga,26.140432,85.89727,,patna,city-nearest,92.34,25.6106,85.1866,2,5,54,33224,16612,stretched
darkstore,40872,Super Store Rajpura Unilever Chowk ES99,rajpura,30.474756,76.58198,,rajpura,label,2.88,30.4977,76.596,2,2,13,5000,2500,concentrated
darkstore,40876,Super Store Hyderabad Whitefields ES150,hyderabad,17.442648,78.37532,,hyderabad,label,13.44,17.385,78.4867,3,100,131,39128,13042,proportional
darkstore,40878,Super Store Patna Bajrangpuri ES24,patna,25.610996,85.18036,,patna,label,0.63,25.6106,85.1866,2,5,54,33224,16612,stretched
darkstore,40917,Super Store Hyderabad Nawab Saheb Kunta ES149,hyderabad,17.35651,78.4598,,hyderabad,label,4.26,17.385,78.4867,3,100,131,39128,13042,proportional
darkstore,40919,Super Store Siliguri SF Road ES161,siliguri,26.712053,88.42089,,siliguri,label,1.87,26.728,88.415,10,4,16,10303,1030,concentrated
darkstore,40921,Super Store Hyderabad Hayathnagar ES144,hyderabad,17.341768,78.5705,,hyderabad,label,10.11,17.385,78.4867,3,100,131,39128,13042,proportional
darkstore,40923,Super Store Patna Kumhrar ES23,patna,25.573448,85.19345,,patna,label,4.19,25.6106,85.1866,2,5,54,33224,16612,stretched
darkstore,40959,Super Store Gurgaon Ardee City ES156,gurgaon,28.43899,77.08163,,gurgaon,label,5.84,28.4595,77.0266,1,7,87,898,898,concentrated
darkstore,40961,Super Store Indore Krishi Mandi ES14,indore,22.659212,75.84202,,indore,label,6.9,22.7196,75.8577,2,5,31,14771,7386,proportional
darkstore,40963,Super Store Jaunpur Tarapur ES12,jaunpur,25.729683,82.68075,,varanasi,city-nearest,54.45,25.3176,82.9739,2,8,34,18808,9404,proportional
darkstore,40966,Super Store Gwalior Morar Road ES6,gwalior,26.232422,78.22546,,jhansi,city-nearest,90.09,25.47,78.53,4,15,12,12150,3038,concentrated
darkstore,40968,Super Store Latur Kanheri ES17,latur,18.39806,76.57124,,nizamabad,city-nearest,164.24,18.6742,78.1016,1,2,8,20135,20135,stretched
darkstore,40970,Super Store Kotdwar Sitabpur ES4,kotdwar,29.743244,78.51317,,dehradun,city-nearest,78.78,30.3165,78.0322,1,43,47,6372,6372,proportional
darkstore,40972,Super Store Chennai Gerugambakkam ES82,chennai,13.006977,80.133965,,chennai,label,17.04,13.0827,80.2707,3,13,98,33883,11294,proportional
darkstore,40974,Super Store Kolkata Metiabruz ES151,howrah,22.52524,88.293755,,kolkata,city-nearest,13.18,22.4825,88.1741,3,11,121,18889,6296,proportional
darkstore,40976,Super Store Kolkata Ichapur ES145,kolkata,22.81927,88.367424,,kolkata,label,14.86,22.7337,88.4787,3,11,121,18889,6296,proportional
darkstore,41012,Super Store  Moga Friends Colony ES96,moga,30.823997,75.21151,,ludhiana,city-nearest,62.23,30.9009,75.8573,2,2,51,38214,19107,stretched
darkstore,41014,Super Store  Narmadapuram Malakhedi ES4,narmadapuram,22.74471,77.76906,,bhopal,city-nearest,67.92,23.2599,77.4126,1,2,28,8294,8294,proportional
darkstore,41016,Super Store  Nanded Gokul Nagar ES19,nanded,19.175064,77.2914,,nizamabad,city-nearest,101.8,18.6742,78.1016,1,2,8,20135,20135,stretched
darkstore,41018,Super Store  Delhi Inderpuri ES335,delhi,28.626322,77.14855,,noida,city-majority,25.74,28.5355,77.391,1,25,317,2527,2527,concentrated
darkstore,41020,Super Store  Satna Raghuraj Nagar ES3,satna,24.550621,80.8106,,varanasi,city-nearest,234.2,25.3176,82.9739,2,8,34,18808,9404,proportional
darkstore,41054,Super Store purnia Sarvodya Nagar ES19,purnia,25.742498,87.46772,,siliguri,city-nearest,144.69,26.728,88.415,10,4,16,10303,1030,concentrated
darkstore,41056,Super Store Bhopal Bhojpur Road ES13,bhopal,23.135303,77.484535,,bhopal,label,15.68,23.2599,77.4126,1,2,28,8294,8294,proportional
darkstore,41058,Super Store Mumbai Mira Road Central ES203,thane,19.29191,72.85775,,mumbai,city-nearest,21.62,19.2433,73.0572,3,13,189,9344,3115,concentrated
darkstore,41092,Super Store Warangal Sherpura ES3,warangal,17.953354,79.60194,,hyderabad,city-nearest,119.26,17.5366,78.5643,3,100,131,39128,13042,proportional
darkstore,41094,Super Store Hyderabad Neknampur ES141,hyderabad,17.389174,78.387794,,hyderabad,label,10.51,17.385,78.4867,3,100,131,39128,13042,proportional
darkstore,41096,Super Store Bengaluru BTM Layout 2nd Stage ES233,bengaluru,12.914631,77.59919,,bengaluru,label,27.23,12.7159,77.746,3,59,220,52882,17627,stretched
darkstore,41099,Super Store Pune Pimple Saudagar Village ES144,pune,18.586687,73.79831,,pune,label,9.55,18.6714,73.7836,2,24,119,19984,9992,proportional
darkstore,41101,Super Store Kakinada Cinema Road ES3,kakinada,16.936367,82.23052,,visakhapatnam,city-nearest,138.43,17.7487,83.2189,1,6,20,4779,4779,proportional
darkstore,41103,Super Store Hyderabad Chandrayangutta ES151,hyderabad,17.307922,78.46948,,hyderabad,label,8.76,17.385,78.4867,3,100,131,39128,13042,proportional
darkstore,41105,Super Store Moradabad Shivpuri ES4,shivpuri,28.804825,78.79746,,bareilly,city-majority,74.51,28.372,79.38,5,12,28,28118,5624,proportional
darkstore,41108,Super Store Jabalpur Adarsh Nagar ES4,jabalpur,23.11071,79.91491,,nagpur,city-nearest,233.01,21.2912,78.7922,1,17,37,23108,23108,stretched
darkstore,41109,Super Store Jamnagar Khodiyar Colony ES6,jamnagar,22.47803,70.05142,,ahmedabad,city-nearest,236.21,22.9086,72.3062,1,38,118,38470,38470,stretched
darkstore,41143,Super Store Kanpur Lajpat Nagar ES28,kanpur,26.46416,80.31296,,lucknow,city-nearest,70.31,26.7474,80.9452,2,7,92,39582,19791,stretched
darkstore,41145,Super Store Fatehpur Civil Lines ES9,fatehpur,25.920118,80.80979,,faridabad,city-majority,442.59,28.4089,77.3178,1,7,53,10208,10208,proportional
darkstore,41147,Super Store Ahmedabad South Bopal ES67,ahmedabad,23.020876,72.46661,,ahmedabad,label,20.63,22.9086,72.3062,1,38,118,38470,38470,stretched
darkstore,41149,Super Store UP-NCR Shyam Park ES176,ghaziabad,28.686821,77.3943,,noida,city-majority,16.83,28.5355,77.391,1,25,317,2527,2527,concentrated
darkstore,41151,Super Store Raipur Vidhan Sabha ES9,raipur,21.291824,81.69359,,raipur,label,8.01,21.2514,81.6296,1,24,25,11862,11862,proportional
darkstore,41153,Super Store Rajahmundry Kateru ES2,rajahmundry,17.045454,81.80403,,vijayawada,city-nearest,137.41,16.4977,80.6471,1,26,22,21290,21290,stretched
darkstore,41155,Super Store Solapur Murarji Peth ES11,solapur,17.697792,75.86963,,pune,city-nearest,245.52,18.6714,73.7836,2,24,119,19984,9992,proportional
darkstore,41157,Super Store Pune Dhawade Wasti ES139,pune,18.626537,73.85908,,pune,label,9.39,18.6714,73.7836,2,24,119,19984,9992,proportional
darkstore,41159,Super Store Bhubaneshwar Kalinga Nagar ES9,bhubaneswar,20.251923,85.766174,,bhubaneswar,label,7.31,20.2765,85.7012,1,1,20,5276,5276,proportional
darkstore,41161,Super Store Bengaluru Bilekahalli ES218,bengaluru,12.900154,77.59916,,bengaluru,label,25.95,12.7159,77.746,3,59,220,52882,17627,stretched
darkstore,41163,Super Store Mumbai Lower Parel Lodha ES202,mumbai,18.990828,72.81376,,mumbai,label,36.63,19.0513,73.1563,3,13,189,9344,3115,concentrated
darkstore,41165,Super Store Guwahati Athgaon ES6,guwahati,26.157858,91.7041,,guwahati,label,3.8,26.1259,91.6907,2,2,25,6032,3016,concentrated
darkstore,41168,Super Store Pune Vitthal Nagar  ES142,pune,18.654247,73.805145,,pune,label,2.96,18.6714,73.7836,2,24,119,19984,9992,proportional
darkstore,41201,Super Store Ahmedabad Khokhra ES64,ahmedabad,23.021358,72.6221,,ahmedabad,label,34.69,22.9086,72.3062,1,38,118,38470,38470,stretched
darkstore,41203,Super Store Dehradun Jagriti Vihar ES19,dehradun,30.282928,78.08526,,dehradun,label,6.32,30.3165,78.0322,1,43,47,6372,6372,proportional
darkstore,41205,Super Store Delhi Ghitorni ES317,delhi,28.49921,77.133545,,noida,city-majority,25.48,28.5355,77.391,1,25,317,2527,2527,concentrated
darkstore,41207,Super Store Hyderabad Peerzadiguda ES129,hyderabad,17.40248,78.58387,,hyderabad,label,10.49,17.385,78.4867,3,100,131,39128,13042,proportional
darkstore,41209,Super Store Vadodara Chhani ES16,vadodara,22.335552,73.14999,,ahmedabad,city-nearest,107.52,22.9086,72.3062,1,38,118,38470,38470,stretched
darkstore,41211,Super Store Bhiwani Adarsh Nagar Colony ES5,bhiwani,28.79205,76.141335,,farukhnagar,city-nearest,55.43,28.6559,76.6882,2,2,27,16301,8151,proportional
darkstore,41213,Super Store Nashik Deolali Village ES10,nashik,19.964989,73.82583,,mumbai,city-nearest,113.68,19.2433,73.0572,3,13,189,9344,3115,concentrated
darkstore,41215,Super Store Farrukhabad Kadrigate ES14,farrukhabad,27.38581,79.593285,,bareilly,city-nearest,107.97,28.3406,79.3932,5,12,28,28118,5624,proportional
darkstore,41217,Super Store Delhi Mandawali ES332,delhi,28.629313,77.29069,,noida,city-majority,14.31,28.5355,77.391,1,25,317,2527,2527,concentrated
darkstore,41219,Super Store Mumbai Andheri Kurla Road ES204,mumbai,19.102404,72.878426,,mumbai,label,24.45,19.2433,73.0572,3,13,189,9344,3115,concentrated
darkstore,41221,Super Store Kanpur Raipurwa ES26,kanpur,26.472149,80.31778,,lucknow,city-nearest,69.48,26.7474,80.9452,2,7,92,39582,19791,stretched
darkstore,41223,Super Store Delhi Ramesh Nagar ES336,delhi,28.644527,77.13785,,noida,city-majority,27.53,28.5355,77.391,1,25,317,2527,2527,concentrated
darkstore,41225,Super Store Hyderabad Tolichowki ES154,hyderabad,17.394014,78.413635,,hyderabad,label,7.82,17.385,78.4867,3,100,131,39128,13042,proportional
darkstore,41228,Super Store Chennai Vadapalani ES74,chennai,13.059756,80.2176,,chennai,label,6.29,13.0827,80.2707,3,13,98,33883,11294,proportional
darkstore,41262,Super Store Kolkata Birnagar ES149,kolkata,22.481709,88.38116,,kolkata,label,21.27,22.4825,88.1741,3,11,121,18889,6296,proportional
darkstore,41295,Super Store Dehradun Harrawal ES20,dehradun,30.258404,78.10167,,dehradun,label,9.29,30.3165,78.0322,1,43,47,6372,6372,proportional
darkstore,41297,Super Store Delhi Rohini D Mall ES338,delhi,28.71914,77.11209,,noida,city-majority,34.03,28.5355,77.391,1,25,317,2527,2527,concentrated
darkstore,41299,Super Store Eluru RR Peta ES1,eluru,16.728647,81.09158,,vijayawada,city-nearest,53.88,16.4977,80.6471,1,26,22,21290,21290,stretched
darkstore,41301,Super Store Delhi Saket J Block ES333,delhi,28.520555,77.2137,,noida,city-majority,17.4,28.5355,77.391,1,25,317,2527,2527,concentrated
darkstore,41303,Super Store Hyderabad Tarnaka ES143,hyderabad,17.416225,78.536995,,hyderabad,label,6.37,17.385,78.4867,3,100,131,39128,13042,proportional
darkstore,41305,Super Store Kalol Ambika Nagar ES11,kalol,23.25192,72.49697,,ahmedabad,city-nearest,42.87,22.9086,72.3062,1,38,118,38470,38470,stretched
darkstore,41307,Super Store Batala Lakkad Bazar ES97,batala,31.822374,75.19875,,jammu,city-nearest,94.14,32.635,74.918,13,10,31,14483,1114,concentrated
darkstore,41309,Super Store Kolkata Mahisbathan ES157,kolkata,22.564709,88.46485,,kolkata,label,18.23,22.674,88.3325,3,11,121,18889,6296,proportional
darkstore,41311,Super Store Lucknow LDA Colony ES79,lucknow,26.796658,80.908134,,lucknow,label,6.6,26.7474,80.9452,2,7,92,39582,19791,stretched
darkstore,41313,Super Store Delhi Ibrahimpur ES337,delhi,28.771437,77.175186,,noida,city-majority,33.64,28.5355,77.391,1,25,317,2527,2527,concentrated
darkstore,41315,Super Store Aurangabad Harsool ES15,aurangabad (maharashtra),19.91793,75.382065,,pune,city-nearest,217.61,18.6714,73.7836,2,24,119,19984,9992,proportional
darkstore,41317,Super Store Ahmednagar Savedi ES16,ahilyanagar,19.141365,74.739555,,pune,city-nearest,113.33,18.6714,73.7836,2,24,119,19984,9992,proportional
darkstore,41319,Super Store Varanasi Saarnath ES9,varanasi,25.351593,83.00903,,varanasi,label,5.17,25.3176,82.9739,2,8,34,18808,9404,proportional
darkstore,41321,Super Store Delhi Dwarka Sector 6 ES339,delhi,28.591948,77.0657,,noida,city-majority,32.38,28.5355,77.391,1,25,317,2527,2527,concentrated
darkstore,41357,Super Store Ahmedabad Kankaria ES65,ahmedabad,23.006243,72.59096,,ahmedabad,label,31.11,22.9086,72.3062,1,38,118,38470,38470,stretched
darkstore,41359,Super Store Bengaluru Hoodi Shantiniketan ES238,bengaluru,12.992937,77.72556,,bengaluru,label,12.2,13.082,77.7913,3,59,220,52882,17627,stretched
darkstore,41363,Super Store Varanasi Lahartara ES10,varanasi,25.302963,82.966255,,varanasi,label,1.8,25.3176,82.9739,2,8,34,18808,9404,proportional
darkstore,41365,Super Store Kolkata Ultadanga ES146,kolkata,22.593815,88.39423,,kolkata,label,10.94,22.674,88.3325,3,11,121,18889,6296,proportional
darkstore,41367,Super Store Kanpur Keshav Nagar ES24,kanpur,26.43121,80.31435,,lucknow,city-nearest,71.91,26.7474,80.9452,2,7,92,39582,19791,stretched
darkstore,41371,Super Store Delhi CR Park L Block ES324,delhi,28.533312,77.25394,,noida,city-majority,13.39,28.5355,77.391,1,25,317,2527,2527,concentrated
darkstore,41375,Super Store Jamshedpur Adityapur ES8,jamshedpur,22.807745,86.12854,,ranchi,city-nearest,102.0,23.3348,85.3125,2,6,47,32731,16365,stretched
darkstore,41409,Super Store Manali Ranghari ES1,manali,32.239193,77.1924,,mohali,city-nearest,177.14,30.7028,76.6985,1,1,62,7121,7121,proportional
darkstore,41445,Super Store Pune Koregaon Park ES145,pune,18.534214,73.8875,,pune,label,18.78,18.6714,73.7836,2,24,119,19984,9992,proportional
darkstore,41447,Super Store Bengaluru Yelahanka Nitte ES232,bengaluru,13.12489,77.59378,,bengaluru,label,21.92,13.082,77.7913,3,59,220,52882,17627,stretched
darkstore,41451,Super Store Prayagraj Teliyarganj ES12,prayagraj,25.491604,81.87434,,varanasi,city-nearest,112.12,25.3176,82.9739,2,8,34,18808,9404,proportional
darkstore,41453,Super Store Nashik Dindori Road ES11,nashik,20.013773,73.77786,,mumbai,city-nearest,114.18,19.2433,73.0572,3,13,189,9344,3115,concentrated
darkstore,41455,Super Store Chennai Nanganallur ES87,chennai,12.974066,80.18146,,chennai,label,15.47,13.0827,80.2707,3,13,98,33883,11294,proportional
darkstore,41457,Super Store Hyderabad Rasoolpura ES153,hyderabad,17.446764,78.48187,,hyderabad,label,6.89,17.385,78.4867,3,100,131,39128,13042,proportional
darkstore,41459,Super Store UP-NCR Vasundhara Sector 5 ES181,ghaziabad,28.673111,77.36306,,noida,city-majority,15.54,28.5355,77.391,1,25,317,2527,2527,concentrated
darkstore,41461,Super Store Indore Ranibaag ES15,indore,22.679853,75.87812,,indore,label,4.89,22.7196,75.8577,2,5,31,14771,7386,proportional
darkstore,41463,Super Store Sikar Clock Tower ES22,sikar,27.607653,75.14625,,jaipur,city-nearest,90.46,27.032,75.7932,2,11,77,28186,14093,proportional
darkstore,41465,Super Store Kolkata Kaikhali ES148,kolkata,22.633158,88.43922,,kolkata,label,11.86,22.674,88.3325,3,11,121,18889,6296,proportional
darkstore,41467,Super Store Hazaribagh Zulu Park ES1,hazaribagh,23.98482,85.36013,,ranchi,city-nearest,70.4,23.3533,85.3112,2,6,47,32731,16365,stretched
darkstore,41471,Super Store Chennai SSM Nagar ES81,chengalpattu,12.875644,80.11015,,chennai,city-nearest,28.86,13.0827,80.2707,3,13,98,33883,11294,proportional
darkstore,41473,Super Store Bengaluru Herohalli Byadarahalli ES240,bengaluru,12.986172,77.460266,,bengaluru,label,37.41,13.082,77.7913,3,59,220,52882,17627,stretched
darkstore,41479,Super Store Warangal Hanamkonda ES1,warangal,17.982777,79.552864,,hyderabad,city-nearest,115.85,17.5366,78.5643,3,100,131,39128,13042,proportional
darkstore,41513,Super Store Bengaluru Sarjapur Bidaraguppe ES231,bengaluru,12.812404,77.786156,,bengaluru,label,11.58,12.7159,77.746,3,59,220,52882,17627,stretched
darkstore,41517,Super Store Jalgaon Ramdas Colony ES13,jalgaon,21.009932,75.589005,,indore,city-nearest,192.12,22.7196,75.8577,2,5,31,14771,7386,proportional
darkstore,41519,Super Store Gurgaon Sector 53 ES160,gurgaon,28.444462,77.09673,,gurgaon,label,7.06,28.4595,77.0266,1,7,87,898,898,concentrated
darkstore,41521,Super Store Nagpur Binaki ES13,nagpur,21.201208,79.14182,,nagpur,label,37.59,21.2912,78.7922,1,17,37,23108,23108,stretched
darkstore,41523,Super Store Hyderabad Borabanda ES155,hyderabad,17.453617,78.40596,,hyderabad,label,11.47,17.385,78.4867,3,100,131,39128,13042,proportional
darkstore,41525,Super Store Hyderabad Meerpet ES152,hyderabad,17.29842,78.522194,,hyderabad,label,10.34,17.385,78.4867,3,100,131,39128,13042,proportional
darkstore,41529,Super Store Mumbai Kolshet Road ES206,thane,19.219378,72.9816,,mumbai,city-nearest,8.37,19.2433,73.0572,3,13,189,9344,3115,concentrated
darkstore,41531,Super Store Jamshedpur Baghbera ES9,jamshedpur,22.751572,86.22498,,ranchi,city-nearest,113.68,23.3348,85.3125,2,6,47,32731,16365,stretched
darkstore,41535,Super Store Jabalpur Civil Lines ES5,jabalpur,23.154419,79.94549,,nagpur,city-nearest,238.78,21.2912,78.7922,1,17,37,23108,23108,stretched
darkstore,41537,Super Store Bhopal Manak Vihar ES12,bhopal,23.248993,77.51542,,bhopal,label,10.57,23.2599,77.4126,1,2,28,8294,8294,proportional
darkstore,41539,Super Store Bengaluru E-City Ajmera ES243,bengaluru,12.820972,77.622475,,bengaluru,label,17.77,12.7159,77.746,3,59,220,52882,17627,stretched
darkstore,41541,Super Store Gurgaon Sector 29 ES162,gurgaon,28.464325,77.06523,,gurgaon,label,3.81,28.4595,77.0266,1,7,87,898,898,concentrated
darkstore,41542,Super Store Mumbai Goregaon JP Nagar ES214,mumbai,19.148037,72.8549,,mumbai,label,23.74,19.2433,73.0572,3,13,189,9344,3115,concentrated
darkstore,41543,Super Store Roorkee Defence Colony ES3,roorkee,29.831919,77.88692,,dehradun,city-nearest,55.67,30.3165,78.0322,1,43,47,6372,6372,proportional
darkstore,41544,Super Store Jhansi Awas Vikas ES4,jhansi,25.460014,78.53201,,jhansi,label,0.94,25.4582,78.5412,4,15,12,12150,3038,concentrated
darkstore,41545,Super Store Lucknow Golf City ES76,lucknow,26.785952,81.006004,,lucknow,label,1.37,26.7875,80.9923,2,7,92,39582,19791,stretched
darkstore,41547,Super Store Chennai Trustpuram ES85,chennai,13.062269,80.21676,,chennai,label,6.27,13.0827,80.2707,3,13,98,33883,11294,proportional
darkstore,41548,Super Store Rewa Samdariya ES5,rewa,24.545015,81.28492,,varanasi,city-nearest,190.74,25.3176,82.9739,2,8,34,18808,9404,proportional
darkstore,41549,Super Store Lucknow Meena Market ES78,lucknow,26.89022,80.98374,,lucknow,label,11.45,26.7875,80.9923,2,7,92,39582,19791,stretched
darkstore,41550,Super Store Bokaro Nayamore ES2,bokaro,23.643084,86.1027,,ranchi,city-nearest,86.91,23.3533,85.3112,2,6,47,32731,16365,stretched
darkstore,41551,Super Store Prayagraj Mamfordganj ES13,prayagraj,25.457947,81.84207,,varanasi,city-nearest,114.77,25.3176,82.9739,2,8,34,18808,9404,proportional
darkstore,41553,Super Store Delhi Paharganj ES341,delhi,28.637688,77.21094,,noida,city-majority,20.93,28.5355,77.391,1,25,317,2527,2527,concentrated
darkstore,41601,Super Store Surat Gopipura ES15,surat,21.194857,72.82475,,surat,label,2.82,21.1702,72.8311,2,7,30,10654,5327,proportional
darkstore,41603,Super Store Patna Sadikpur ES22,patna,25.594358,85.21836,,patna,label,3.66,25.6106,85.1866,2,5,54,33224,16612,stretched
darkstore,41607,Super Store Vijayawada Patamata ES23,vijayawada,16.499552,80.67186,,vijayawada,label,2.65,16.4977,80.6471,1,26,22,21290,21290,stretched
darkstore,41649,Super Store Mumbai Kurla West ES210,mumbai,19.073992,72.886185,,mumbai,label,26.02,19.2433,73.0572,3,13,189,9344,3115,concentrated
darkstore,41651,Super Store Bengaluru Peenya ES248,bengaluru,13.024636,77.50774,,bengaluru,label,31.37,13.082,77.7913,3,59,220,52882,17627,stretched
darkstore,41653,Super Store Kolkata Chandan Nagar ES160,kolkata,22.840431,88.37279,,kolkata,label,16.09,22.7337,88.4787,3,11,121,18889,6296,proportional
darkstore,41655,Super Store Vadodara Atladara ES15,vadodara,22.269001,73.15017,,ahmedabad,city-nearest,112.1,22.9086,72.3062,1,38,118,38470,38470,stretched
darkstore,41657,Super Store UP-NCR Gr Noida Surajpur ES180,noida,28.508812,77.49045,,noida,label,10.16,28.5355,77.391,1,25,317,2527,2527,concentrated
darkstore,41659,Super Store Pune Golden Cafe ES140,pune,18.6465,73.84644,,pune,label,7.18,18.6714,73.7836,2,24,119,19984,9992,proportional
darkstore,41661,Super Store Berhampur Hill Patna Rd ES12,brahmapur,19.311111,84.78525,,bhubaneswar,city-nearest,143.9,20.2765,85.7012,1,1,20,5276,5276,proportional
darkstore,41695,Super Store Gorakhpur Bicchiya Bazaar ES7,gorakhpur,26.766748,83.41716,,gorakhpur,label,4.71,26.761,83.3702,8,8,13,11378,1422,concentrated
darkstore,41697,Super Store Raipur Professor Colony ES10,raipur,21.215508,81.62988,,raipur,label,3.99,21.2514,81.6296,1,24,25,11862,11862,proportional
darkstore,41699,Super Store Visakhapatnam Pendurthi ES22,visakhapatnam,17.812332,83.2122,,visakhapatnam,label,7.11,17.7487,83.2189,1,6,20,4779,4779,proportional
darkstore,41701,Super Store UP-NCR Niti Khand 1 ES173,ghaziabad,28.65184,77.37151,,noida,city-majority,13.08,28.5355,77.391,1,25,317,2527,2527,concentrated
darkstore,41703,Super Store Guwahati Bhetapara ES12,guwahati,26.12273,91.78151,,guwahati,label,7.41,26.1829,91.7497,2,2,25,6032,3016,concentrated
darkstore,41705,Super Store Guntur Central City ES4,guntur,16.300121,80.460526,,vijayawada,city-nearest,29.64,16.4977,80.6471,1,26,22,21290,21290,stretched
darkstore,41707,Super Store Pune Sainikwadi ES141,pune,18.558554,73.91981,,pune,label,19.06,18.6714,73.7836,2,24,119,19984,9992,proportional
darkstore,41709,Super Store Lucknow Vibhuti Khand ES74,lucknow,26.863934,80.9978,,lucknow,label,8.52,26.7875,80.9923,2,7,92,39582,19791,stretched
darkstore,41713,Super Store Guwahati Ulubari ES11,guwahati,26.161072,91.739105,,guwahati,label,2.65,26.1829,91.7497,2,2,25,6032,3016,concentrated
darkstore,41717,Super Store Mumbai Karanjade ES207,panvel,18.989765,73.10073,,mumbai,city-nearest,9.0,19.0513,73.1563,3,13,189,9344,3115,concentrated
darkstore,41721,Super Store Hyderabad Sudarshan Nagar Colony ES157,hyderabad,17.4566,78.3337,,hyderabad,label,18.08,17.385,78.4867,3,100,131,39128,13042,proportional
darkstore,41723,Super Store Rishikesh Veerbhadra ES2,dehradun,30.085777,78.270996,,dehradun,label,34.42,30.3165,78.0322,1,43,47,6372,6372,proportional
darkstore,41725,Super Store Warangal Jagruthi Colony ES4,warangal,18.038115,79.54652,,hyderabad,city-nearest,118.0,17.5366,78.5643,3,100,131,39128,13042,proportional
darkstore,41727,Super Store Bhubaneshwar Jayadurga Vihar ES11,bhubaneswar,20.273058,85.87838,,bhubaneswar,label,18.48,20.2765,85.7012,1,1,20,5276,5276,proportional
darkstore,41729,Super Store Guwahati Kharguli Hills ES10,guwahati,26.188374,91.743,,guwahati,label,0.9,26.1829,91.7497,2,2,25,6032,3016,concentrated
darkstore,41731,Super Store Visakhapatnam Gopalapatam ES24,visakhapatnam,17.77081,83.21335,,visakhapatnam,label,2.53,17.7487,83.2189,1,6,20,4779,4779,proportional
darkstore,41735,Super Store Nagpur Ayodhya Nagar ES16,nagpur,21.105324,79.111206,,nagpur,label,39.0,21.2912,78.7922,1,17,37,23108,23108,stretched
darkstore,41737,Super Store Mumbai Dombivli Vicco Naka ES208,mumbai,19.21832,73.111885,,mumbai,label,6.38,19.2433,73.0572,3,13,189,9344,3115,concentrated
darkstore,41739,Super Store Bhopal Naveen Nagar ES14,bhopal,23.250755,77.41569,,bhopal,label,1.06,23.2599,77.4126,1,2,28,8294,8294,proportional
darkstore,41773,Super Store Mangaluru Attavar ES3,mangalore,12.856303,74.83609,,mangalore,label,0.46,12.858,74.84,4,3,6,2318,579,concentrated
darkstore,41777,Super Store Lucknow Vastu Khand ES80,lucknow,26.865276,81.02085,,lucknow,label,9.1,26.7875,80.9923,2,7,92,39582,19791,stretched
darkstore,41779,Super Store Nagpur Friends Colony ES15,nagpur,21.172724,79.0295,,nagpur,label,27.9,21.2912,78.7922,1,17,37,23108,23108,stretched
darkstore,41781,Super Store Jabalpur Dhanvantri Nagar ES7,jabalpur,23.133162,79.872604,,nagpur,city-nearest,233.06,21.2912,78.7922,1,17,37,23108,23108,stretched
darkstore,41783,Super Store Bengaluru Malleshpalya Kaggadasapura ES246,bengaluru,12.979787,77.668434,,bengaluru,label,17.5,13.082,77.7913,3,59,220,52882,17627,stretched
darkstore,41785,Super Store Morbi Sanala Road ES12,morbi,22.801025,70.81192,,ahmedabad,city-nearest,153.58,22.9086,72.3062,1,38,118,38470,38470,stretched
darkstore,41787,Super Store Mumbai Shirgaon Badlapur ES211,mumbai,19.162825,73.233665,,mumbai,label,9.0,19.082,73.2298,3,13,189,9344,3115,concentrated
darkstore,41789,Super Store Mumbai Malad East ES215,mumbai,19.186005,72.851715,,mumbai,label,22.5,19.2433,73.0572,3,13,189,9344,3115,concentrated
darkstore,41825,Super Store Bhopal Gandhi Nagar ES15,bhopal,23.289122,77.376434,,bhopal,label,4.92,23.2599,77.4126,1,2,28,8294,8294,proportional
darkstore,41827,Super Store Pune Sukhsagar Nagar ES150,pune,18.46083,73.86599,,pune,label,24.97,18.6714,73.7836,2,24,119,19984,9992,proportional
darkstore,41829,Super Store Pune Pisoli ES143,pune,18.439394,73.907104,,pune,label,28.9,18.6714,73.7836,2,24,119,19984,9992,proportional
darkstore,41865,Super Store Chennai Poonamalee ES88,chennai,13.045008,80.115685,,chennai,label,17.31,13.0827,80.2707,3,13,98,33883,11294,proportional
darkstore,41869,Super Store Mohali Mystic Arcs ES100,mohali,30.655197,76.68566,,mohali,label,5.43,30.7028,76.6985,1,1,62,7121,7121,proportional
darkstore,41873,Super Store Vadodara Jetalpur Road  ES17,vadodara,22.323956,73.17399,,ahmedabad,city-nearest,110.27,22.9086,72.3062,1,38,118,38470,38470,stretched
darkstore,41877,Super Store Delhi Fatehpur Beri ES334,fatehpur,28.45741,77.211525,,faridabad,city-majority,11.71,28.4089,77.3178,1,7,53,10208,10208,proportional
darkstore,41913,Super Store Bengaluru Brookefield Kundalahalli ES249,bengaluru,12.971711,77.71393,,bengaluru,label,14.85,13.082,77.7913,3,59,220,52882,17627,stretched
darkstore,41915,Super Store Bengaluru Nandini Layout ES250,bengaluru,13.003938,77.529366,,bengaluru,label,29.67,13.082,77.7913,3,59,220,52882,17627,stretched
darkstore,41955,Super Store Kolkata Picnic Garden  ES152,kolkata,22.522491,88.37006,,kolkata,label,17.28,22.674,88.3325,3,11,121,18889,6296,proportional
darkstore,41957,Super Store Haridwar Shivalik Nagar ES5,haridwar,29.953901,78.0964,,dehradun,city-nearest,40.79,30.3165,78.0322,1,43,47,6372,6372,proportional
darkstore,41959,Super Store Delhi Shyam Vihar ES328,delhi,28.569628,76.981926,,noida,city-majority,40.13,28.5355,77.391,1,25,317,2527,2527,concentrated
darkstore,41961,Super Store Hyderabad Nampally ES156,hyderabad,17.378187,78.46894,,hyderabad,label,2.03,17.385,78.4867,3,100,131,39128,13042,proportional
darkstore,41963,Super Store Asansol Ushagram ES2,durgapur,23.670727,86.98929,,kolkata,city-majority,176.46,22.674,88.3325,3,11,121,18889,6296,proportional
darkstore,41967,Super Store Yamunanagar Prahlad Puri ES6,yamunanagar,30.163849,77.262314,,dehradun,city-majority,75.88,30.3165,78.0322,1,43,47,6372,6372,proportional
darkstore,41969,Super Store UP-NCR Rajendra Nagar ES182,ghaziabad,28.688047,77.352425,,noida,city-majority,17.38,28.5355,77.391,1,25,317,2527,2527,concentrated
darkstore,41971,Super Store Chennai George Town ES76,chennai,13.095621,80.28074,,chennai,label,1.8,13.0827,80.2707,3,13,98,33883,11294,proportional
darkstore,41973,Super Store Delhi East Patel Nagar ES350,delhi,28.654284,77.171104,,noida,city-majority,25.21,28.5355,77.391,1,25,317,2527,2527,concentrated
darkstore,41975,Super Store Delhi Rohini Sector 21 ES340,delhi,28.698854,77.06586,,noida,city-majority,36.57,28.5355,77.391,1,25,317,2527,2527,concentrated
darkstore,41977,Super Store Delhi Mahavir Enclave ES344,delhi,28.598911,77.08235,,noida,city-majority,30.96,28.5355,77.391,1,25,317,2527,2527,concentrated
darkstore,41979,Super Store Delhi Janakpuri ES346,delhi,28.618763,77.11965,,noida,city-majority,28.07,28.5355,77.391,1,25,317,2527,2527,concentrated
darkstore,41981,Super Store Kolkata Sheoraphuli ES166,kolkata,22.773052,88.3306,,kolkata,label,11.02,22.674,88.3325,3,11,121,18889,6296,proportional
darkstore,41983,Super Store Aurangabad Town Center CIDCO ES20,aurangabad (maharashtra),19.884706,75.35614,,pune,city-nearest,213.17,18.6714,73.7836,2,24,119,19984,9992,proportional
darkstore,41985,Super Store Pune Bhugaon ES147,pune,18.496908,73.727715,,pune,label,15.59,18.5655,73.5988,2,24,119,19984,9992,proportional
darkstore,41987,Super Store Hyderabad Erragadda ES160,hyderabad,17.457869,78.434814,,hyderabad,label,9.8,17.385,78.4867,3,100,131,39128,13042,proportional
darkstore,41989,Super Store Goa Ponda ES18,goa,15.403337,73.998344,,goa,label,12.85,15.3917,73.8791,2,35,34,17782,8891,proportional
darkstore,41991,Super Store Goa Cana Benaulim ES19,goa,15.268093,73.93508,,goa,label,15.0,15.3917,73.8791,2,35,34,17782,8891,proportional
darkstore,42028,Super Store Goa Vagator Anjuna ES20,goa,15.584432,73.75367,,goa,label,25.3,15.3917,73.8791,2,35,34,17782,8891,proportional
darkstore,42030,Super Store Hyderabad Ameerpet ES121,hyderabad,17.454918,78.44789,,hyderabad,label,8.8,17.385,78.4867,3,100,131,39128,13042,proportional
darkstore,42032,Super Store Delhi Old Rajendra Nagar ES345,delhi,28.65118,77.190186,,noida,city-majority,23.45,28.5355,77.391,1,25,317,2527,2527,concentrated
darkstore,42034,Super Store Hyderabad Gundlapochampalli ES158,medchal,17.558485,78.496796,,hyderabad,city-nearest,7.56,17.5366,78.5643,3,100,131,39128,13042,proportional
darkstore,42036,Super Store Hyderabad Marthanda Nagar ES159,hyderabad,17.478289,78.3648,,hyderabad,label,16.58,17.385,78.4867,3,100,131,39128,13042,proportional
darkstore,42038,Super Store Chennai Thirumudivakkam ES86,chennai,12.981736,80.09958,,chennai,label,21.67,13.0827,80.2707,3,13,98,33883,11294,proportional
darkstore,42040,Super Store Kolkata CIT Road ES165,kolkata,22.548227,88.37013,,kolkata,label,14.51,22.674,88.3325,3,11,121,18889,6296,proportional
darkstore,42046,Super Store Delhi Manglapuri ES349,delhi,28.604374,77.09383,,noida,city-majority,30.01,28.5355,77.391,1,25,317,2527,2527,concentrated
darkstore,42048,Super Store Delhi Malviya Nagar ES351,delhi,28.532446,77.21839,,noida,city-majority,16.87,28.5355,77.391,1,25,317,2527,2527,concentrated
darkstore,42052,Super Store Vadodara Waghodia ES19,vadodara,22.294529,73.24296,,ahmedabad,city-nearest,117.94,22.9086,72.3062,1,38,118,38470,38470,stretched
darkstore,42054,Super Store Panchkula Sector 20 ES102,panchkula,30.6633,76.8566,,mohali,city-nearest,15.74,30.7028,76.6985,1,1,62,7121,7121,proportional
darkstore,42056,Super Store Kolkata Rajarhat ES155,kolkata,22.612022,88.51201,,kolkata,label,13.95,22.7337,88.4787,3,11,121,18889,6296,proportional
darkstore,42058,Super Store Delhi Vasant Kunj D Block ES347,delhi,28.50423,77.151634,,noida,city-majority,23.64,28.5355,77.391,1,25,317,2527,2527,concentrated
darkstore,42094,Super Store Chandigarh Attawa Chowk ES101,mohali,30.718252,76.743706,,mohali,label,4.65,30.7028,76.6985,1,1,62,7121,7121,proportional
darkstore,42096,Super Store Gurgaon Sector 55 ES166,gurgaon,28.419641,77.11418,,gurgaon,label,9.64,28.4595,77.0266,1,7,87,898,898,concentrated
darkstore,42098,Super Store Gurgaon DLF Ultima ES167,gurgaon,28.396727,76.94969,,gurgaon,label,10.26,28.4595,77.0266,1,7,87,898,898,concentrated
darkstore,42104,Super Store UP-NCR Pratap Vihar ES183,ghaziabad,28.640898,77.41327,,noida,city-majority,11.92,28.5355,77.391,1,25,317,2527,2527,concentrated
darkstore,42112,Super Store Bhopal Karond Circle ES16,bhopal,23.292273,77.42314,,bhopal,label,3.76,23.2599,77.4126,1,2,28,8294,8294,proportional
darkstore,42114,Super Store  Vadodara Vasant Vihar ES18,vadodara,22.294964,73.122574,,ahmedabad,city-nearest,108.07,22.9086,72.3062,1,38,118,38470,38470,stretched
darkstore,42116,Super Store Mohali Sector 79 ES103,mohali,30.683798,76.70479,,mohali,label,2.2,30.7028,76.6985,1,1,62,7121,7121,proportional
darkstore,42118,Super Store  Nagpur Ganeshpeth ES17,nagpur,21.139729,79.091255,,nagpur,label,35.28,21.2912,78.7922,1,17,37,23108,23108,stretched
darkstore,42120,Super Store Delhi Kalu Sarai ES348,delhi,28.541704,77.188095,,noida,city-majority,19.83,28.5355,77.391,1,25,317,2527,2527,concentrated
darkstore,42122,Super Store Chennai Paper Mills Road ES89,chennai,13.129611,80.22516,,chennai,label,7.18,13.0827,80.2707,3,13,98,33883,11294,proportional
darkstore,42158,Super Store Sangli Vishrambagh ES21,sangli,16.874979,74.60522,,goa,city-nearest,182.26,15.3917,73.8791,2,35,34,17782,8891,proportional
darkstore,42160,Super Store Junagadh Sonvatika ES1,junagadh,21.500074,70.4167,,ahmedabad,city-nearest,249.73,22.9086,72.3062,1,38,118,38470,38470,stretched
darkstore,42162,Super Store Mainpuri Devpura ES15,mainpuri,27.250103,79.07925,,bareilly,city-nearest,125.13,28.3406,79.3932,5,12,28,28118,5624,proportional
darkstore,42164,Super Store Mumbai Bhayander East ES217,thane,19.310062,72.85261,,mumbai,city-nearest,22.72,19.2433,73.0572,3,13,189,9344,3115,concentrated
darkstore,42166,Super Store Dehradun Graphic Era ES22,dehradun,30.274666,77.978294,,dehradun,label,6.96,30.3165,78.0322,1,43,47,6372,6372,proportional
darkstore,42170,Super Store Dehradun Doon University  ES21,dehradun,30.26008,78.04898,,dehradun,label,6.48,30.3165,78.0322,1,43,47,6372,6372,proportional
darkstore,42172,Super Store Bengaluru Jakkur ES253,bengaluru,13.063321,77.60245,,bengaluru,label,20.56,13.082,77.7913,3,59,220,52882,17627,stretched
darkstore,42174,Super Store Kharar Gillco Valley ES104,mohali,30.732962,76.63336,,mohali,label,7.07,30.7028,76.6985,1,1,62,7121,7121,proportional
darkstore,42178,Super Store Kashipur Tehsil Road ES6,kashipur,29.193157,78.974075,,bareilly,city-nearest,99.51,28.372,79.38,5,12,28,28118,5624,proportional
darkstore,42182,Super Store Bhubaneswar Raghunathpur ES13,bhubaneswar,20.392607,85.83988,,bhubaneswar,label,19.38,20.2765,85.7012,1,1,20,5276,5276,proportional
darkstore,42184,Super Store Hyderabad Pbel City ES161,hyderabad,17.349216,78.35714,,hyderabad,label,14.31,17.385,78.4867,3,100,131,39128,13042,proportional
darkstore,42218,Super Store Gurgaon Sector 42 ES157,gurgaon,28.451817,77.09965,,gurgaon,label,7.19,28.4595,77.0266,1,7,87,898,898,concentrated
darkstore,42220,Super Store Karnal Model Town ES6,karnal,29.718987,77.02153,,kundli,city-nearest,79.43,29.0048,77.0358,1,4,20,7830,7830,proportional
darkstore,42222,Super Store Kanpur Tilak Nagar ES27,kanpur,26.491894,80.32472,,lucknow,city-nearest,67.91,26.7474,80.9452,2,7,92,39582,19791,stretched
darkstore,42260,Super Store Bengaluru HRBR Layout ES254,bengaluru,13.015989,77.63668,,bengaluru,label,18.29,13.082,77.7913,3,59,220,52882,17627,stretched
darkstore,42294,Super Store UP-NCR Nehru Nagar ES189,ghaziabad,28.648542,77.449104,,noida,city-majority,13.79,28.5355,77.391,1,25,317,2527,2527,concentrated
darkstore,42298,Super Store Patna Hajipur ES25,patna,25.708162,85.21973,,patna,label,10.07,25.6331,85.1636,2,5,54,33224,16612,stretched
darkstore,42300,Super Store Kanpur Rbi Colony ES28,kanpur,26.39966,80.3227,,lucknow,city-nearest,72.99,26.7474,80.9452,2,7,92,39582,19791,stretched
darkstore,42302,Super Store UP-NCR Noida Ithera ES191,noida,28.595177,77.45161,,noida,label,8.89,28.5355,77.391,1,25,317,2527,2527,concentrated
darkstore,42304,Super Store Mumbai Nalasopara West ES218,mumbai,19.420374,72.81547,,mumbai,label,32.11,19.2433,73.0572,3,13,189,9344,3115,concentrated
darkstore,42306,Super Store Kanpur Ramadevi ES29,kanpur,26.385605,80.40948,,lucknow,city-nearest,66.76,26.7474,80.9452,2,7,92,39582,19791,stretched
darkstore,42312,Super Store  Bengaluru Cox Town ES257,bengaluru,12.9939,77.6244,,bengaluru,label,20.56,13.082,77.7913,3,59,220,52882,17627,stretched
darkstore,42314,Super Store Ranchi Kanke ES13,ranchi,23.422052,85.31106,,ranchi,label,7.64,23.3533,85.3112,2,6,47,32731,16365,stretched
darkstore,42316,Super Store Vadodara Sayaji Park ES21,vadodara,22.301489,73.249756,,ahmedabad,city-nearest,118.06,22.9086,72.3062,1,38,118,38470,38470,stretched
darkstore,42318,Super Store Hyderabad Nanakramguda ES163,hyderabad,17.426891,78.35714,,hyderabad,label,14.51,17.385,78.4867,3,100,131,39128,13042,proportional
darkstore,42320,Super Store Hyderabad Mallampet ES164,hyderabad,17.551653,78.35797,,hyderabad,label,21.94,17.5366,78.5643,3,100,131,39128,13042,proportional
darkstore,42388,Super Store Faridabad Sector 15 ES43,faridabad,28.388988,77.318085,,faridabad,label,2.21,28.4089,77.3178,1,7,53,10208,10208,proportional
darkstore,42422,Super Store Kurukshetra University ES5,kurukshetra,29.966629,76.82097,,rajpura,city-nearest,62.88,30.4977,76.596,2,2,13,5000,2500,concentrated
darkstore,42456,Super Store Aurangabad Vijayant Nagar ES22,aurangabad (maharashtra),19.85329,75.38068,,pune,city-nearest,213.01,18.6714,73.7836,2,24,119,19984,9992,proportional
darkstore,42458,Super Store Bengaluru Konanakunte ES259,bengaluru,12.873992,77.56779,,bengaluru,label,26.12,12.7159,77.746,3,59,220,52882,17627,stretched
darkstore,42462,Super Store Rohtak Suncity ES5,rohtak,28.911636,76.574165,,farukhnagar,city-nearest,30.53,28.6559,76.6882,2,2,27,16301,8151,proportional
darkstore,42464,Super Store Chandigarh Sector 24 ES105,chandigarh,30.750605,76.76295,,mohali,city-nearest,8.14,30.7028,76.6985,1,1,62,7121,7121,proportional
darkstore,42466,Super Store Delhi Vasant Kunj Sector C ES354,delhi,28.534288,77.15292,,noida,city-majority,23.26,28.5355,77.391,1,25,317,2527,2527,concentrated
darkstore,42468,Super Store Panchkula Sector 4 ES108,panchkula,30.696281,76.871735,,mohali,city-nearest,16.58,30.7028,76.6985,1,1,62,7121,7121,proportional
darkstore,42470,Super Store Kolkata Tikiapara ES168,howrah,22.607847,88.31914,,kolkata,city-nearest,7.48,22.674,88.3325,3,11,121,18889,6296,proportional
darkstore,42474,Super Store Bengaluru Jayanagar Yediyur Lake ES258,bengaluru,12.920535,77.579796,,bengaluru,label,29.03,12.7159,77.746,3,59,220,52882,17627,stretched
darkstore,42476,Super Store Pune Warje ES153,pune,18.48999,73.80525,,pune,label,20.3,18.6714,73.7836,2,24,119,19984,9992,proportional
darkstore,42478,Super Store Bharuch Gayatri Nagar ES2,bharuch,21.70372,72.99734,,surat,city-nearest,61.77,21.1702,72.8311,2,7,30,10654,5327,proportional
darkstore,42480,Super Store Prayagraj Jhusi ES195,prayagraj,25.426073,81.91384,,varanasi,city-nearest,107.18,25.3176,82.9739,2,8,34,18808,9404,proportional
darkstore,42482,Super Store Vadodara Gotri ES20,vadodara,22.318089,73.14135,,ahmedabad,city-nearest,107.98,22.9086,72.3062,1,38,118,38470,38470,stretched
darkstore,42484,Super Store Ratlam Katju Nagar ES7,ratlam,23.325577,75.05003,,indore,city-nearest,106.64,22.7196,75.8577,2,5,31,14771,7386,proportional
darkstore,42486,Super Store Nagpur Telephone Nagar ES18,nagpur,21.10017,79.16383,,nagpur,label,44.0,21.2912,78.7922,1,17,37,23108,23108,stretched
darkstore,42488,Super Store Bengaluru Banjara Layout Horamavu ES260,bengaluru,13.044484,77.654015,,bengaluru,label,15.44,13.082,77.7913,3,59,220,52882,17627,stretched
darkstore,42522,Super Store Bhagalpur Vrindavan Colony ES3,bhagalpur,25.245478,86.960846,,patna,city-nearest,182.74,25.6106,85.1866,2,5,54,33224,16612,stretched
darkstore,42524,Super Store Kolkata Kona Expressway ES169,howrah,22.607418,88.27847,,kolkata,city-nearest,9.25,22.674,88.3325,3,11,121,18889,6296,proportional
darkstore,42526,Super Store Mumbai Khar Bandra ES224,mumbai,19.073282,72.836334,,mumbai,label,29.93,19.2433,73.0572,3,13,189,9344,3115,concentrated
darkstore,42528,Super Store UP-NCR Indirapuram ES193,indirapuram,28.633657,77.35721,,noida,city-nearest,11.4,28.5355,77.391,1,25,317,2527,2527,concentrated
darkstore,42574,Super Store Delhi East Azad Nagar ES355,shahdara,28.665571,77.26968,,noida,city-nearest,18.69,28.5355,77.391,1,25,317,2527,2527,concentrated
darkstore,42576,Super Store Delhi Lajpat Nagar 3 ES358,delhi,28.577013,77.243805,,noida,city-majority,15.1,28.5355,77.391,1,25,317,2527,2527,concentrated
darkstore,42582,Super Store Mohali Sector 91 ES106,mohali,30.68531,76.64888,,mohali,label,5.13,30.7028,76.6985,1,1,62,7121,7121,proportional
darkstore,42584,Super Store UP-NCR Kaushambi ES192,delhi,28.636404,77.32616,,noida,city-majority,12.88,28.5355,77.391,1,25,317,2527,2527,concentrated
darkstore,42618,Super Store Tirupati Tummalagunta ES2,tirupati,13.596702,79.409004,,chennai,city-nearest,77.37,13.2073,80.0018,3,13,98,33883,11294,proportional
darkstore,42656,Super Store Pinjore Railway Crossing ES7,pinjore,30.819004,76.92397,,mohali,city-nearest,25.12,30.7028,76.6985,1,1,62,7121,7121,proportional
darkstore,42658,Super Store Hardoi Sadar Bazaar ES1,hardoi,27.416885,80.12515,,lucknow,city-nearest,110.15,26.7474,80.9452,2,7,92,39582,19791,stretched
darkstore,42660,Super Store Bijnor Geeta Nagri ES1,bijnor,29.371296,78.13405,,dasna,city-nearest,91.08,28.7251,77.5582,2,2,15,4511,2256,concentrated
darkstore,42664,Super Store Gurgaon Moulsari Avenue ES173,gurgaon,28.501934,77.09248,,gurgaon,label,7.98,28.4595,77.0266,1,7,87,898,898,concentrated
darkstore,42736,Super Store Haldwani Dhanpuri ES4,haldwani,29.164284,79.49448,,bareilly,city-nearest,88.8,28.372,79.38,5,12,28,28118,5624,proportional
darkstore,42738,Super Store Faridabad Sehatpur ES42,faridabad,28.484999,77.32337,,faridabad,label,8.48,28.4089,77.3178,1,7,53,10208,10208,proportional
darkstore,42740,Super Store Mumbai Jogeshwari West ES221,mumbai,19.129519,72.847046,,mumbai,label,25.44,19.2433,73.0572,3,13,189,9344,3115,concentrated
darkstore,42746,Super Store Delhi Jwalaheri 2 ES364,delhi,28.685259,77.09562,,noida,city-majority,33.3,28.5355,77.391,1,25,317,2527,2527,concentrated
darkstore,42748,Super Store Karnal Friends Colony ES7,karnal,29.68639,76.961395,,kundli,city-nearest,76.13,29.0048,77.0358,1,4,20,7830,7830,proportional
darkstore,42750,Super Store Jaipur Gopal Pura Mod ES65,jaipur,26.857979,75.783264,,jaipur,label,5.38,26.8108,75.7953,2,11,77,28186,14093,proportional
darkstore,42752,Super Store Goa Reis Margos ES22,goa,15.5064,73.77147,,goa,label,17.2,15.3917,73.8791,2,35,34,17782,8891,proportional
darkstore,42805,Super Store Lucknow Bhavyapuram ES81,lucknow,26.826294,80.871765,,lucknow,label,11.41,26.7474,80.9452,2,7,92,39582,19791,stretched
darkstore,42806,Super Store Lucknow Purania Road ES82,lucknow,26.892103,80.95192,,lucknow,label,12.3,26.7875,80.9923,2,7,92,39582,19791,stretched
darkstore,42807,Super Store Hyderabad IDPL Colony ES169,hyderabad,17.515894,78.42692,,hyderabad,label,14.75,17.5366,78.5643,3,100,131,39128,13042,proportional
darkstore,42808,Super Store Shahjahanpur Sadar Bazar ES1,shahjahanpur,27.904207,79.92844,,bareilly,city-nearest,70.75,28.36,79.425,5,12,28,28118,5624,proportional
darkstore,42810,Super Store Dhanbad Baromuri ES3,dhanbad,23.829647,86.42413,,ranchi,city-nearest,125.17,23.3533,85.3112,2,6,47,32731,16365,stretched
darkstore,42811,Super Store Delhi Civil Lines ES365,delhi,28.6757,77.228615,,noida,city-majority,22.23,28.5355,77.391,1,25,317,2527,2527,concentrated
darkstore,42812,Super Store Delhi Mahipalpur ES367,delhi,28.563345,77.13908,,noida,city-majority,24.8,28.5355,77.391,1,25,317,2527,2527,concentrated
darkstore,42813,Super Store Jaipur Mansarovar Hans Vihar ES66,jaipur,26.813978,75.77362,,jaipur,label,2.18,26.8108,75.7953,2,11,77,28186,14093,proportional
darkstore,42815,Super Store Lucknow Nirala Nagar ES83,lucknow,26.872784,80.92783,,lucknow,label,11.44,26.7875,80.9923,2,7,92,39582,19791,stretched
darkstore,42816,Super Store Bengaluru Basavangudi Puttana Rd ES263,bengaluru,12.938803,77.56785,,bengaluru,label,28.98,13.082,77.7913,3,59,220,52882,17627,stretched
darkstore,42818,Super Store Bengaluru Anand Rao Circle ES265,bengaluru,12.982191,77.58716,,bengaluru,label,24.74,13.082,77.7913,3,59,220,52882,17627,stretched
darkstore,42853,Super Store Gandhidham Gayatri Kunj ES14,gandhidham,23.052032,70.12458,,ahmedabad,city-nearest,223.9,22.9086,72.3062,1,38,118,38470,38470,stretched
darkstore,42855,Super Store Nagpur Wadi ES19,nagpur,21.148434,78.99925,,nagpur,label,26.7,21.2912,78.7922,1,17,37,23108,23108,stretched
darkstore,42857,Super Store Khammam Dwarka Nagar ES1,khammam,17.266298,80.18014,,vijayawada,city-nearest,98.86,16.4977,80.6471,1,26,22,21290,21290,stretched
darkstore,42863,Super Store UP-NCR Gr. Noida Gaur Yamuna ES186,noida,28.296585,77.549446,,noida,label,30.76,28.5355,77.391,1,25,317,2527,2527,concentrated
darkstore,42897,Super Store Deoghar Bus stand ES1,deoghar,24.492167,86.73068,,ranchi,city-nearest,191.97,23.3533,85.3112,2,6,47,32731,16365,stretched
darkstore,42931,Super Store Mumbai Kharegaon ES225,thane,19.202848,72.98545,,mumbai,city-nearest,8.77,19.2433,73.0572,3,13,189,9344,3115,concentrated
darkstore,42933,Super Store Hyderabad Tirumalagiri ES168,hyderabad,17.481192,78.49407,,hyderabad,label,9.67,17.5366,78.5643,3,100,131,39128,13042,proportional
darkstore,42937,Super Store Mumbai Vasai South ES229,mumbai,19.34557,72.799,,mumbai,label,29.39,19.2433,73.0572,3,13,189,9344,3115,concentrated
darkstore,42943,Super Store Pune Satara Road ES154,pune,18.485981,73.86881,,pune,label,22.49,18.6714,73.7836,2,24,119,19984,9992,proportional
darkstore,42945,Super Store Prayagraj Chakia ES14,prayagraj,25.43423,81.81383,,varanasi,city-nearest,117.27,25.3176,82.9739,2,8,34,18808,9404,proportional
darkstore,42947,Super Store Lucknow Saleh Nagar ES84,lucknow,26.798208,80.923874,,lucknow,label,6.03,26.7474,80.9452,2,7,92,39582,19791,stretched
darkstore,42949,Super Store Gorakhpur Raptinagar ES8,gorakhpur,26.820614,83.39776,,gorakhpur,label,0.81,26.8182,83.3901,8,8,13,11378,1422,concentrated
darkstore,42983,Super Store Nizamabad Khaleelwadi ES1,nizamabad,18.64927,78.105125,,nizamabad,label,2.8,18.6742,78.1016,1,2,8,20135,20135,stretched
darkstore,42985,Super Store Trivandrum Vazhuthacaud ES7,trivandrum,8.483968,76.94598,,trivandrum,label,2.45,8.506,76.947,6,2,8,3071,512,concentrated
darkstore,42989,Super Store Gurgaon Sector 37 D ES171,gurgaon,28.448067,76.96353,,gurgaon,label,6.3,28.4595,77.0266,1,7,87,898,898,concentrated
darkstore,42993,Super Store Ayodhya Ram Nagar ES1,ayodhya,26.78139,82.14091,,lucknow,city-majority,114.02,26.7875,80.9923,2,7,92,39582,19791,stretched
darkstore,42995,Super Store Rohtak Omaxe City ES176,rohtak,28.867022,76.664375,,farukhnagar,city-nearest,23.59,28.6559,76.6882,2,2,27,16301,8151,proportional
darkstore,42997,Super Store Delhi Rohini Sector 16 ES366,delhi,28.744831,77.11621,,noida,city-majority,35.51,28.5355,77.391,1,25,317,2527,2527,concentrated
darkstore,42999,Super Store Mumbai Kalyan Raunak City ES231,mumbai,19.25611,73.12601,,mumbai,label,7.36,19.2433,73.0572,3,13,189,9344,3115,concentrated
darkstore,43001,Super Store Delhi Patel Garden ES369,delhi,28.61904,77.03829,,noida,city-majority,35.67,28.5355,77.391,1,25,317,2527,2527,concentrated
darkstore,43005,Super Store Gurgaon Sector 9A ES175,gurgaon,28.469185,76.97781,,gurgaon,label,4.89,28.4595,77.0266,1,7,87,898,898,concentrated
darkstore,43041,Super Store Mumbai Sher-E- Punjab ES219,mumbai,19.127678,72.86277,,mumbai,label,24.13,19.2433,73.0572,3,13,189,9344,3115,concentrated
darkstore,43043,Super Store Mumbai Orlem Malad ES223,mumbai,19.1878,72.83843,,mumbai,label,23.79,19.2433,73.0572,3,13,189,9344,3115,concentrated
darkstore,43045,Super Store Mumbai Govandi East ES226,mumbai,19.036182,72.923996,,mumbai,label,24.48,19.0513,73.1563,3,13,189,9344,3115,concentrated
darkstore,43047,Super Store Bilaspur Minocha Colony ES1,bilaspur,22.102808,82.12313,,raipur,city-nearest,107.53,21.2514,81.6296,1,24,25,11862,11862,proportional
darkstore,43053,Super Store  Mumbai Goregaon Belwalkar ES233,mumbai,19.166082,72.846825,,mumbai,label,23.7,19.2433,73.0572,3,13,189,9344,3115,concentrated
darkstore,43057,Super Store Visakhapatnam Dwarka Nagar ES25,visakhapatnam,17.733788,83.28371,,visakhapatnam,label,7.06,17.7487,83.2189,1,6,20,4779,4779,proportional
darkstore,43059,Super Store Kanpur Bakar Ganj ES31,kanpur,26.45317,80.353935,,lucknow,city-nearest,67.28,26.7474,80.9452,2,7,92,39582,19791,stretched
darkstore,43061,Super Store Bilaspur Sarkanda ES2,bilaspur,22.113,82.16232,,raipur,city-nearest,110.49,21.2514,81.6296,1,24,25,11862,11862,proportional
darkstore,43063,Super Store Bengaluru Kanaka Nagar ES268,bengaluru,13.031801,77.60043,,bengaluru,label,21.42,13.082,77.7913,3,59,220,52882,17627,stretched
darkstore,43099,Super Store Delhi Shastri Nagar ES360,delhi,28.667297,77.16583,,noida,city-majority,26.42,28.5355,77.391,1,25,317,2527,2527,concentrated
darkstore,43101,Super Store Delhi Ashok Vihar ES363,delhi,28.685963,77.176025,,noida,city-majority,26.84,28.5355,77.391,1,25,317,2527,2527,concentrated
darkstore,43107,Super Store Kolkata Lake Garden ES170,kolkata,22.497541,88.35065,,kolkata,label,18.22,22.4825,88.1741,3,11,121,18889,6296,proportional
darkstore,43111,Super Store UP-NCR Noida Delta 1 ES198,noida,28.481121,77.51637,,noida,label,13.66,28.5355,77.391,1,25,317,2527,2527,concentrated
darkstore,43189,Super Store Kolkata R N Avenue ES177,kolkata,22.711754,88.4029,,kolkata,label,8.15,22.7337,88.4787,3,11,121,18889,6296,proportional
darkstore,43191,Super Store Ahmedabad Sargasan ES74,gandhinagar,23.208656,72.62862,,ahmedabad,city-nearest,46.92,22.9086,72.3062,1,38,118,38470,38470,stretched
darkstore,43192,Super Store Patna Patliputra Colony ES26,patna,25.635092,85.10807,,patna,label,5.57,25.6331,85.1636,2,5,54,33224,16612,stretched
darkstore,43197,Super Strore UP-NCR Raj Nagar Extn ES196,ghaziabad,28.689175,77.44062,,noida,city-majority,17.76,28.5355,77.391,1,25,317,2527,2527,concentrated
darkstore,43198,Super Store Meerut Subharti University ES201,meerut,28.936977,77.64192,,dasna,city-nearest,24.93,28.7251,77.5582,2,2,15,4511,2256,concentrated
darkstore,43199,Super Store Bhopal Habib Ganj ES17,bhopal,23.22155,77.460144,,bhopal,label,6.46,23.2599,77.4126,1,2,28,8294,8294,proportional
darkstore,43200,Super Store Moradabad Mangupura ES5,moradabad,28.802074,78.67936,,bareilly,city-nearest,83.47,28.372,79.38,5,12,28,28118,5624,proportional
darkstore,43239,Super Store Faridabad Greenfield ES45,faridabad,28.464367,77.29094,,faridabad,label,6.7,28.4089,77.3178,1,7,53,10208,10208,proportional
darkstore,43241,Super Store  Chandigarh Nayagaon ES115,chandigarh,30.78475,76.7827,,mohali,city-nearest,12.16,30.7028,76.6985,1,1,62,7121,7121,proportional
darkstore,43277,Super Store Saharanpur Bijopuri ES3,saharanpur,29.974985,77.50779,,dehradun,city-nearest,63.12,30.3165,78.0322,1,43,47,6372,6372,proportional
darkstore,43399,Super Store Dehradun Airport Road ES24,dehradun,30.16378,78.14165,,dehradun,label,19.97,30.3165,78.0322,1,43,47,6372,6372,proportional
darkstore,43401,Super Store Gurgaon Sector 33 ES179,gurgaon,28.441605,77.02628,,gurgaon,label,1.99,28.4595,77.0266,1,7,87,898,898,concentrated
darkstore,43435,Super Store Mumbai Devipada ES235,mumbai,19.220333,72.86992,,mumbai,label,19.83,19.2433,73.0572,3,13,189,9344,3115,concentrated
darkstore,43439,Super Store Hyderabad Narayanaguda ES167,hyderabad,17.380249,78.486084,,hyderabad,label,0.53,17.385,78.4867,3,100,131,39128,13042,proportional
darkstore,43441,Super Store Ranchi Kathal More ES14,ranchi,23.377357,85.25545,,ranchi,label,6.29,23.3533,85.3112,2,6,47,32731,16365,stretched
darkstore,43443,Super Store Bengaluru Cheemasandra ES270,bengaluru,13.041499,77.71194,,bengaluru,label,9.7,13.082,77.7913,3,59,220,52882,17627,stretched
darkstore,43449,Super Store Goa Mapusa Khorlim ES23,goa,15.595842,73.76881,,goa,label,25.59,15.3917,73.8791,2,35,34,17782,8891,proportional
darkstore,43483,Super Store Gurgaon Sector 12 ES174,gurgaon,28.470924,77.02068,,gurgaon,label,1.4,28.4595,77.0266,1,7,87,898,898,concentrated
darkstore,43485,Super Store Bengaluru Munnekollal Thubarahalli ES267,bengaluru,12.946902,77.71452,,bengaluru,label,17.17,13.082,77.7913,3,59,220,52882,17627,stretched
darkstore,43491,Super Store Indore Nipania ES20,indore,22.7703,75.95874,,indore,label,11.8,22.7196,75.8577,2,5,31,14771,7386,proportional
darkstore,43493,Super Store Bengaluru Jayanagar 4th Block ES271,bengaluru,12.925102,77.59135,,bengaluru,label,27.81,13.082,77.7913,3,59,220,52882,17627,stretched
darkstore,43495,Super Store Jabalpur Tilhari ES8,jabalpur,23.140835,79.973114,,nagpur,city-nearest,238.91,21.2912,78.7922,1,17,37,23108,23108,stretched
darkstore,43499,Super Store Guwahati Lachit Nagar ES13,guwahati,26.155346,91.768456,,guwahati,label,3.59,26.1829,91.7497,2,2,25,6032,3016,concentrated
darkstore,43501,Super Store Varanasi Nandan Nagar ES11,varanasi,25.271742,82.986465,,varanasi,label,5.25,25.3176,82.9739,2,8,34,18808,9404,proportional
darkstore,43503,Super Store Vadodara Karelibagh ES22,vadodara,22.319458,73.18887,,ahmedabad,city-nearest,111.8,22.9086,72.3062,1,38,118,38470,38470,stretched
darkstore,43505,Super Store Mumbai Kandivali Ganesh Nagar ES236,mumbai,19.201403,72.8339,,mumbai,label,23.9,19.2433,73.0572,3,13,189,9344,3115,concentrated
darkstore,43507,Super Store Mumbai Yari Road ES237,mumbai,19.138834,72.80882,,mumbai,label,28.55,19.2433,73.0572,3,13,189,9344,3115,concentrated
darkstore,43543,Super Store Chennai Adambakkam ES91,chennai,12.986488,80.21773,,chennai,label,12.14,13.0827,80.2707,3,13,98,33883,11294,proportional
darkstore,43545,Super Store Chandigarh Sector 26 ES114,chandigarh,30.731518,76.81601,,mohali,city-nearest,11.68,30.7028,76.6985,1,1,62,7121,7121,proportional
darkstore,43547,Super Store Chennai Guduvanchery ES90,chengalpattu,12.791179,80.097046,,chennai,city-nearest,37.48,13.0827,80.2707,3,13,98,33883,11294,proportional
darkstore,43549,Super Store Ludhiana Hambran Road ES116,ludhiana,30.936935,75.83501,,ludhiana,label,4.54,30.9009,75.8573,2,2,51,38214,19107,stretched
darkstore,43551,Super Store Bahadurgarh Dharm Vihar ES3,bahadurgarh,28.682056,77.01523,,farukhnagar,city-majority,29.7,28.458,76.8496,2,2,27,16301,8151,proportional
darkstore,43553,Super Store Gwalior Kampoo Road ES7,gwalior,26.187506,78.13875,,jhansi,city-nearest,88.87,25.47,78.53,4,15,12,12150,3038,concentrated
darkstore,43555,Super Store Delhi Govindpuri ES342,delhi,28.534937,77.261055,,noida,city-majority,12.69,28.5355,77.391,1,25,317,2527,2527,concentrated
darkstore,43557,Super Store Bengaluru Balagere Sobha Dream ES272,bengaluru,12.940284,77.713234,,bengaluru,label,17.88,13.082,77.7913,3,59,220,52882,17627,stretched
darkstore,43559,Super Store Mumbai Dadar West ES243,mumbai,19.024242,72.83826,,mumbai,label,33.5,19.2433,73.0572,3,13,189,9344,3115,concentrated
darkstore,43561,Super Store Muradnagar Brij Vihar ES208,ghaziabad,28.747059,77.49139,,noida,city-majority,25.48,28.5355,77.391,1,25,317,2527,2527,concentrated
darkstore,43595,Super Store Rajahmundry Morampudi ES3,rajahmundry,16.98103,81.79165,,vijayawada,city-nearest,133.2,16.4977,80.6471,1,26,22,21290,21290,stretched
darkstore,43597,Super Store Hyderabad Vijay Nagar ES175,hyderabad,17.401426,78.459816,,hyderabad,label,3.39,17.385,78.4867,3,100,131,39128,13042,proportional
darkstore,43599,Super Store Kolkata Bansdroni ES178,kolkata,22.464725,88.355865,,kolkata,label,18.78,22.4825,88.1741,3,11,121,18889,6296,proportional
darkstore,43633,Super Store Haridwar Har ki Pauri ES7,haridwar,29.990765,78.189926,,dehradun,city-nearest,39.27,30.3165,78.0322,1,43,47,6372,6372,proportional
darkstore,43635,Super Store Dehradun Old Nehru Colony ES25,dehradun,30.304996,78.04896,,dehradun,label,2.06,30.3165,78.0322,1,43,47,6372,6372,proportional
darkstore,43637,Super Store Amritsar Golden Avenue ES123,amritsar,31.64185,74.89305,,jammu,city-nearest,110.46,32.635,74.918,13,10,31,14483,1114,concentrated
darkstore,43639,Super Store Amritsar Gumtala ES125,amritsar,31.681498,74.87219,,jammu,city-nearest,106.11,32.635,74.918,13,10,31,14483,1114,concentrated
darkstore,43643,Super Store Panipat Desraj ES8,panipat,29.417685,76.95012,,kundli,city-nearest,46.66,29.0048,77.0358,1,4,20,7830,7830,proportional
darkstore,43645,Super Store Zirakpur Expressway ES121,mohali,30.645216,76.82836,,mohali,label,13.97,30.7028,76.6985,1,1,62,7121,7121,proportional
darkstore,43647,Super Store Ahmedabad Ramdevnagar ES75,ahmedabad,23.024702,72.51219,,ahmedabad,label,24.73,22.9086,72.3062,1,38,118,38470,38470,stretched
darkstore,43651,Super Store Jalandhar Model Town ES120,jalandhar,31.328245,75.586716,,ludhiana,city-nearest,54.05,30.9009,75.8573,2,2,51,38214,19107,stretched
darkstore,43653,Super Store Mohali Sector 66 ES124,mohali,30.654953,76.75097,,mohali,label,7.31,30.7028,76.6985,1,1,62,7121,7121,proportional
darkstore,43655,Super Store Lucknow Vishal Khand ES90,lucknow,26.852127,80.98097,,lucknow,label,7.27,26.7875,80.9923,2,7,92,39582,19791,stretched
darkstore,43657,Super store Rajkot Topland Residency ES7,rajkot,22.284946,70.74392,,ahmedabad,city-nearest,174.73,22.9086,72.3062,1,38,118,38470,38470,stretched
darkstore,43693,Super Store Lucknow Sarojini Nagar ES86,lucknow,26.769579,80.88138,,lucknow,label,6.8,26.7474,80.9452,2,7,92,39582,19791,stretched
darkstore,43699,Super Store Varanasi Bhakti Nagar ES12,varanasi,25.38443,82.986534,,varanasi,label,7.54,25.3176,82.9739,2,8,34,18808,9404,proportional
darkstore,43701,Super Store Kanpur Fazalganj 2 ES32,kanpur,26.480247,80.285126,,lucknow,city-nearest,72.03,26.7474,80.9452,2,7,92,39582,19791,stretched
darkstore,43703,Super Store Lucknow Raja Bazaar Road ES89,lucknow,26.856867,80.90873,,lucknow,label,11.33,26.7875,80.9923,2,7,92,39582,19791,stretched
darkstore,43705,Super Store Kanpur Panki ES33,kanpur,26.472149,80.230865,,lucknow,city-nearest,77.33,26.7474,80.9452,2,7,92,39582,19791,stretched
darkstore,43707,Super Store Varanasi BHU ES13,varanasi,25.251305,82.982124,,varanasi,label,7.42,25.3176,82.9739,2,8,34,18808,9404,proportional
darkstore,43709,Super Store Indore Goyal Nagar ES17,indore,22.702248,75.902954,,indore,label,5.03,22.7196,75.8577,2,5,31,14771,7386,proportional
darkstore,43713,Super Store Indore Chawni Road ES21,indore,22.708195,75.88244,,indore,label,2.84,22.7196,75.8577,2,5,31,14771,7386,proportional
darkstore,43715,Super Store Hyderabad Attapur ES166,hyderabad,17.35376,78.434395,,hyderabad,label,6.55,17.385,78.4867,3,100,131,39128,13042,proportional
darkstore,43717,Super Store Surat  Dindoli ES16,surat,21.144133,72.889,,surat,label,6.67,21.1702,72.8311,2,7,30,10654,5327,proportional
darkstore,43721,Super Store Bengaluru Kodigehalli Devinagar ES266,bengaluru,13.045323,77.587944,,bengaluru,label,22.4,13.082,77.7913,3,59,220,52882,17627,stretched
darkstore,43723,Super Store Muzaffarpur Shekhpur ES28,muzaffarpur,26.189592,85.399055,,patna,city-nearest,66.21,25.6331,85.1636,2,5,54,33224,16612,stretched
darkstore,43725,Super Store Lucknow Lajwanti Nagar ES87,lucknow,26.903002,81.0257,,lucknow,label,13.26,26.7875,80.9923,2,7,92,39582,19791,stretched
darkstore,43727,Super Store Lucknow Muftiganj ES88,lucknow,26.87492,80.912025,,lucknow,label,12.57,26.7875,80.9923,2,7,92,39582,19791,stretched
darkstore,43729,Super Store Patna Mithapur ES27,patna,25.597496,85.145454,,patna,label,4.36,25.6331,85.1636,2,5,54,33224,16612,stretched
darkstore,43762,Super Store Ahmedabad Nava Naroda 2 ES76,ahmedabad,23.107807,72.69246,,ahmedabad,label,45.32,22.9086,72.3062,1,38,118,38470,38470,stretched
darkstore,43799,Super Store Nagpur Digdoh Hills ES20,nagpur,21.099543,78.97105,,nagpur,label,28.25,21.2912,78.7922,1,17,37,23108,23108,stretched
darkstore,43801,Super Store Durgapur City Center ES1,durgapur,23.570288,87.34602,,kolkata,city-majority,141.81,22.674,88.3325,3,11,121,18889,6296,proportional
darkstore,43803,Super Store Bhagalpur Zero Mile ES4,bhagalpur,25.23972,87.03901,,patna,city-nearest,190.54,25.6106,85.1866,2,5,54,33224,16612,stretched
darkstore,43805,Super Store Mumbai Thane Waghbil ES242,thane,19.268976,72.966125,,mumbai,city-nearest,9.98,19.2433,73.0572,3,13,189,9344,3115,concentrated
darkstore,43809,Super Store Jamshedpur Baridih ES11,jamshedpur,22.790962,86.250175,,ranchi,city-nearest,113.4,23.3348,85.3125,2,6,47,32731,16365,stretched
darkstore,43811,Super Store Hyderabad Vittal Rao Nagar ES174,hyderabad,17.430159,78.37977,,hyderabad,label,12.41,17.385,78.4867,3,100,131,39128,13042,proportional
darkstore,43849,Super Store Ludhiana Ambedkar Nagar ES119,ludhiana,30.86142,75.92027,,ludhiana,label,7.44,30.9009,75.8573,2,2,51,38214,19107,stretched
darkstore,43850,Super Store Bareilly Saidpur Hawkins ES5,bareilly,28.40756,79.37883,,bareilly,label,3.96,28.372,79.38,5,12,28,28118,5624,proportional
darkstore,43851,Super Store Ludhiana Urban Estate Dugri ES117,ludhiana,30.843983,75.84085,,ludhiana,label,6.52,30.9009,75.8573,2,2,51,38214,19107,stretched
darkstore,43895,Super Store Agra Shamsabad ES13,agra,27.163168,78.07468,,faridabad,city-nearest,157.26,28.4089,77.3178,1,7,53,10208,10208,proportional
darkstore,43897,Super Store Ahmednagar Maniknagar ES24,ahilyanagar,19.073795,74.746185,,pune,city-nearest,110.72,18.6714,73.7836,2,24,119,19984,9992,proportional
darkstore,43899,Super Store Dehradun Patel Nagar ES26,dehradun,30.308191,78.020454,,dehradun,label,1.46,30.3165,78.0322,1,43,47,6372,6372,proportional
darkstore,43901,Super Store Jammu Old Sathwari ES10,jammu,32.69087,74.8433,,jammu,label,1.57,32.7047,74.8467,13,10,31,14483,1114,concentrated
darkstore,43937,Super Store UP-NCR Paramount Emotions ES206,ghaziabad,28.568783,77.4251,,noida,city-majority,4.98,28.5355,77.391,1,25,317,2527,2527,concentrated
darkstore,43939,Super Store Delhi Mayur Vihar Extn ES375,delhi,28.60765,77.29833,,noida,city-majority,12.09,28.5355,77.391,1,25,317,2527,2527,concentrated
darkstore,43941,Super Store Jaipur Palika Bazar ES67,jaipur,26.845903,75.797554,,jaipur,label,3.91,26.8108,75.7953,2,11,77,28186,14093,proportional
darkstore,43943,Super Store Ajmer Gyan Vihar ES23,ajmer,26.463337,74.596054,,jaipur,city-nearest,125.3,26.8108,75.7953,2,11,77,28186,14093,proportional
darkstore,43945,Super Store Agra Trans Yamuna ES12,agra,27.234983,78.05769,,faridabad,city-nearest,149.44,28.4089,77.3178,1,7,53,10208,10208,proportional
darkstore,43947,Super Store Meerut Fazalpur ES202,meerut,29.015062,77.651764,,dasna,city-nearest,33.5,28.7251,77.5582,2,2,15,4511,2256,concentrated
darkstore,43951,Super Store Gurgaon Sector 23 ES170,gurgaon,28.503294,77.04354,,gurgaon,label,5.14,28.4595,77.0266,1,7,87,898,898,concentrated
darkstore,43987,Super Store Ahmedabad Thaltej GAM ES77,ahmedabad,23.054691,72.49985,,ahmedabad,label,25.63,22.9086,72.3062,1,38,118,38470,38470,stretched
darkstore,43989,Super Store Rohtak Mansarover Colony ES6,rohtak,28.872927,76.57838,,farukhnagar,city-nearest,26.4,28.6559,76.6882,2,2,27,16301,8151,proportional
darkstore,43993,Super Store Gurgaon Sector 48 ES180,gurgaon,28.416525,77.0374,,gurgaon,label,4.89,28.4595,77.0266,1,7,87,898,898,concentrated
darkstore,43995,Super Store Delhi Southex ES370,delhi,28.57041,77.21522,,noida,city-majority,17.6,28.5355,77.391,1,25,317,2527,2527,concentrated
darkstore,43997,Super Store UP-NCR Gr Noida Tigri ES178,noida,28.624056,77.416565,,noida,label,10.16,28.5355,77.391,1,25,317,2527,2527,concentrated
darkstore,44031,Super Store Mumbai Bandra East ES249,mumbai,19.07418,72.853424,,mumbai,label,28.49,19.2433,73.0572,3,13,189,9344,3115,concentrated
darkstore,44033,Super Store Mumbai Chandivali Milan Colony ES246,mumbai,19.11049,72.89725,,mumbai,label,22.37,19.2433,73.0572,3,13,189,9344,3115,concentrated
darkstore,44043,Super Store Goa Santa Cruz ES24,goa,15.477667,73.84404,,goa,label,10.27,15.3917,73.8791,2,35,34,17782,8891,proportional
darkstore,44077,Super Store Bengaluru LHR Layout E-City ES274,bengaluru,12.854694,77.671745,,bengaluru,label,17.41,12.7159,77.746,3,59,220,52882,17627,stretched
darkstore,44079,Super Store Bengaluru Shivaji Nagar ES275,bengaluru,12.977561,77.6194,,bengaluru,label,21.95,13.082,77.7913,3,59,220,52882,17627,stretched
darkstore,44081,Super Store Jaipur Sirsi Road ES70,jaipur,26.903755,75.68635,,jaipur,label,14.95,26.8108,75.7953,2,11,77,28186,14093,proportional
darkstore,44119,Super Store Bhopal Indrapuri ES19,bhopal,23.257042,77.47524,,bhopal,label,6.41,23.2599,77.4126,1,2,28,8294,8294,proportional
darkstore,44121,Super Store Bengaluru Hoskote MV Extension ES277,bengaluru,13.0610075,77.772285,,bengaluru,label,3.11,13.082,77.7913,3,59,220,52882,17627,stretched
darkstore,44123,Super Store Mumbai Cotton Green ES252,mumbai,18.983452,72.836334,,mumbai,label,34.47,19.0513,73.1563,3,13,189,9344,3115,concentrated
darkstore,44125,Super Store Agra Bardoli ES14,bardoli,27.094448,78.04091,,surat,city-majority,844.4,21.1702,72.8311,2,7,30,10654,5327,proportional
darkstore,44129,Super Store Jhansi Khushipura ES5,jhansi,25.432318,78.584175,,jhansi,label,3.15,25.448,78.558,4,15,12,12150,3038,concentrated
darkstore,44131,Super Store Mathura Om Nagar Colony ES7,mathura,27.536848,77.66493,,faridabad,city-nearest,102.79,28.4089,77.3178,1,7,53,10208,10208,proportional
darkstore,44169,Super Store Hoshiarpur Gurdit Nagar ES126,hoshiarpur,31.520683,75.95629,,ludhiana,city-nearest,69.56,30.9009,75.8573,2,2,51,38214,19107,stretched
darkstore,44171,Super Store Gurgaon Sikanderpur ES178,gurgaon,28.478285,77.108894,,gurgaon,label,8.31,28.4595,77.0266,1,7,87,898,898,concentrated
darkstore,44173,Super Store Delhi Chandani Chowk ES381,delhi,28.665382,77.22988,,noida,city-majority,21.35,28.5355,77.391,1,25,317,2527,2527,concentrated
darkstore,44179,Super Store Aurangabad Nathapuram Colony ES23,aurangabad (maharashtra),19.837631,75.311134,,pune,city-nearest,206.22,18.6714,73.7836,2,24,119,19984,9992,proportional
darkstore,44181,Super Store Jaipur Sindhi Camp ES68,jaipur,26.921696,75.79806,,jaipur,label,12.27,27.032,75.7932,2,11,77,28186,14093,proportional
darkstore,44183,Super Store Durgapur Benachity ES2,durgapur,23.55387,87.292915,,kolkata,city-majority,144.48,22.674,88.3325,3,11,121,18889,6296,proportional
darkstore,44187,Super Store Aligarh Krishna Vihar ES4,aligarh,27.910664,78.036995,,faridabad,city-nearest,89.67,28.4089,77.3178,1,7,53,10208,10208,proportional
darkstore,44255,Super Store Bhavnagar RTO Circle ES16,bhavnagar,21.735172,72.08323,,surat,city-nearest,99.68,21.1702,72.8311,2,7,30,10654,5327,proportional
darkstore,44257,Super Store UP-NCR Noida Sector 22 ES207,noida,28.584158,77.33529,,noida,label,7.67,28.5355,77.391,1,25,317,2527,2527,concentrated
darkstore,44259,Super Store Vadodara Ajwa Chowk ES23,vadodara,22.327715,73.24324,,ahmedabad,city-nearest,115.86,22.9086,72.3062,1,38,118,38470,38470,stretched
darkstore,44261,Super Store Mumbai Bhayander West ES248,thane,19.294981,72.83225,,mumbai,city-nearest,24.3,19.2433,73.0572,3,13,189,9344,3115,concentrated
darkstore,44263,Super Store Jammu Ambika Vihar ES11,jammu,32.717644,74.81272,,jammu,label,2.12,32.73,74.83,13,10,31,14483,1114,concentrated
darkstore,44265,Super Store Jammu Sainik Colony ES12,jammu,32.67448,74.91585,,jammu,label,4.39,32.709,74.893,13,10,31,14483,1114,concentrated
darkstore,44299,Super Store Siliguri Salugara ES184,siliguri,26.752289,88.43346,,siliguri,label,0.54,26.755,88.438,10,4,16,10303,1030,concentrated
darkstore,44301,Super Store Mumbai Charkop Sec 3 ES257,mumbai,19.214857,72.83792,,mumbai,label,23.24,19.2433,73.0572,3,13,189,9344,3115,concentrated
darkstore,44303,Super Store Chennai Manali ES96,chennai,13.15606,80.256676,,chennai,label,8.3,13.0827,80.2707,3,13,98,33883,11294,proportional
darkstore,44307,Super Store Jamshedpur Kadma ES12,jamshedpur,22.821283,86.16037,,ranchi,city-nearest,103.84,23.3348,85.3125,2,6,47,32731,16365,stretched
darkstore,44309,Super Store Mumbai Virar Viva College ES253,mumbai,19.454508,72.800865,,mumbai,label,35.7,19.2433,73.0572,3,13,189,9344,3115,concentrated
darkstore,44313,Super Store Ankleshwar North ES19,bharuch,21.650928,73.02236,,surat,city-nearest,57.0,21.1702,72.8311,2,7,30,10654,5327,proportional
darkstore,44315,Super Store Mumbai Vinay Nagar ES254,thane,19.290323,72.88496,,mumbai,city-nearest,18.82,19.2433,73.0572,3,13,189,9344,3115,concentrated
darkstore,44317,Super Store Mumbai Bhandup West ES255,mumbai,19.15448,72.9454,,mumbai,label,15.34,19.2433,73.0572,3,13,189,9344,3115,concentrated
darkstore,44319,Super Store Bengaluru HAL Murugeshpalya ES278,bengaluru,12.944839,77.660095,,bengaluru,label,20.85,13.082,77.7913,3,59,220,52882,17627,stretched
darkstore,44321,Super Store Lucknow Tedhi Pulia ES91,lucknow,26.908987,80.960144,,lucknow,label,13.88,26.7875,80.9923,2,7,92,39582,19791,stretched
darkstore,44325,Super Store Bhiwani Sector 13 ES9,bhiwani,28.823402,76.15836,,farukhnagar,city-nearest,54.91,28.6559,76.6882,2,2,27,16301,8151,proportional
darkstore,44327,Super Store Delhi Vijay Nagar ES380,delhi,28.696096,77.190186,,noida,city-majority,26.52,28.5355,77.391,1,25,317,2527,2527,concentrated
darkstore,44329,Super Store Ludhiana Hari Nagar ES122,ludhiana,30.868073,75.92858,,ludhiana,label,7.72,30.9009,75.8573,2,2,51,38214,19107,stretched
darkstore,44331,Super Store Meerut Akshardham Extension ES210,meerut,29.060154,77.719215,,dasna,city-nearest,40.42,28.7251,77.5582,2,2,15,4511,2256,concentrated
darkstore,44335,Super Store Ahmedabad Vastral lake ES79,ahmedabad,23.00713,72.68585,,ahmedabad,label,40.39,22.9086,72.3062,1,38,118,38470,38470,stretched
darkstore,44337,Super Store Chandigarh Sector 44 ES128,chandigarh,30.71139,76.75097,,mohali,city-nearest,5.11,30.7028,76.6985,1,1,62,7121,7121,proportional
darkstore,44371,Super Store Agra Civil Lines ES15,agra,27.193207,78.00913,,faridabad,city-nearest,151.32,28.4089,77.3178,1,7,53,10208,10208,proportional
darkstore,44373,Super Store Ongole Gaddalagunta ES2,ongole,15.491045,80.07654,,vijayawada,city-nearest,127.47,16.4977,80.6471,1,26,22,21290,21290,stretched
darkstore,44375,Super Store Aligarh Bypass ES5,aligarh,27.892014,78.13193,,faridabad,city-nearest,98.36,28.4089,77.3178,1,7,53,10208,10208,proportional
darkstore,44377,Super Store Indore Scheme 136 ES23,indore,22.763632,75.88391,,indore,label,5.59,22.7196,75.8577,2,5,31,14771,7386,proportional
darkstore,44379,Super Store Siliguri Uttarayan ES182,siliguri,26.712301,88.389946,,siliguri,label,3.04,26.728,88.415,10,4,16,10303,1030,concentrated
darkstore,44381,Super Store Delhi Kalkaji ES362,delhi,28.549036,77.272575,,noida,city-majority,11.67,28.5355,77.391,1,25,317,2527,2527,concentrated
darkstore,44383,Super Store Kolkata Horishsaba Road ES180,kolkata,22.750883,88.371544,,kolkata,label,9.44,22.674,88.3325,3,11,121,18889,6296,proportional
darkstore,44385,Super Store Ahmedabad North Bopal ES78,ahmedabad,23.040453,72.467964,,ahmedabad,label,22.12,22.9086,72.3062,1,38,118,38470,38470,stretched
darkstore,44389,Super Store Ludhiana Southcity ES127,ludhiana,30.883913,75.7703,,ludhiana,label,8.51,30.9009,75.8573,2,2,51,38214,19107,stretched
darkstore,44391,Super Store Prayagraj Allahpur ES15,prayagraj,25.435585,81.87454,,varanasi,city-nearest,111.22,25.3176,82.9739,2,8,34,18808,9404,proportional
darkstore,44393,Super Store Solapur Karnik Nagar ES26,solapur,17.688272,75.91994,,pune,city-nearest,250.77,18.6714,73.7836,2,24,119,19984,9992,proportional
darkstore,44395,Super Store Visakhapatnam Sriharipuram ES26,visakhapatnam,17.71031,83.21345,,visakhapatnam,label,4.31,17.7487,83.2189,1,6,20,4779,4779,proportional
darkstore,44464,Super Store Bihar Sharif Patel Nagar ES30,bihar sharif,25.195398,85.52309,,patna,city-nearest,57.22,25.6106,85.1866,2,5,54,33224,16612,stretched
darkstore,44502,Super Store Cuttack CDA Sec VI ES14,cuttack,20.487215,85.87104,,bhubaneswar,city-nearest,29.37,20.2765,85.7012,1,1,20,5276,5276,proportional
darkstore,44504,Super Store Jalandhar Transport Nagar ES129,jalandhar,31.372026,75.59171,,ludhiana,city-nearest,58.17,30.9009,75.8573,2,2,51,38214,19107,stretched
darkstore,44539,Super Store Delhi Rameshwar Nagar ES385,delhi,28.721441,77.18308,,noida,city-majority,28.97,28.5355,77.391,1,25,317,2527,2527,concentrated
darkstore,44574,Super Store Sonipat Nangal Khurd ES5,sonipat,29.007345,77.09152,,kundli,city-nearest,5.43,29.0048,77.0358,1,4,20,7830,7830,proportional
darkstore,44576,Super Store Gaya Aliganj ES31,gaya,24.792042,84.9778,,patna,city-nearest,93.41,25.6106,85.1866,2,5,54,33224,16612,stretched
darkstore,44578,Super Store Delhi Bali Nagar ES386,delhi,28.646585,77.1255,,noida,city-majority,28.71,28.5355,77.391,1,25,317,2527,2527,concentrated
darkstore,44580,Super Store UP-NCR Noida Sector 44 ES205,noida,28.545,77.34064,,noida,label,5.03,28.5355,77.391,1,25,317,2527,2527,concentrated
darkstore,44582,Super Store Kolkata Chingrighata ES185,kolkata,22.565403,88.384636,,kolkata,label,13.21,22.674,88.3325,3,11,121,18889,6296,proportional
darkstore,44616,Super Store Chennai Gopalapuram ES97,chennai,13.049093,80.25438,,chennai,label,4.13,13.0827,80.2707,3,13,98,33883,11294,proportional
darkstore,44620,Super Store Nashik Kamatwade ES13,nashik,19.97967,73.73218,,mumbai,city-nearest,108.18,19.2433,73.0572,3,13,189,9344,3115,concentrated
darkstore,44622,Super Store Kolkata Broadway ES186,kolkata,22.56406,88.41474,,kolkata,label,14.86,22.674,88.3325,3,11,121,18889,6296,proportional
darkstore,44656,Super Store Patna Saguna More ES32,patna,25.619307,85.01917,,patna,label,14.56,25.6331,85.1636,2,5,54,33224,16612,stretched
darkstore,44660,Super Store Chennai Vyasarpadi ES94,chennai,13.121446,80.25022,,chennai,label,4.85,13.0827,80.2707,3,13,98,33883,11294,proportional
darkstore,44662,Super Store  UP-NCR Mayur Vihar ES379,ghaziabad,28.631092,77.343414,,noida,city-majority,11.6,28.5355,77.391,1,25,317,2527,2527,concentrated
darkstore,44664,Super Store Varanasi Kotwali ES14,varanasi,25.32674,83.010666,,varanasi,label,3.83,25.3176,82.9739,2,8,34,18808,9404,proportional
darkstore,44666,Super Store Delhi Poorbi Shalimar ES384,delhi,28.69288,77.153145,,noida,city-majority,29.07,28.5355,77.391,1,25,317,2527,2527,concentrated
darkstore,44668,Super Store Gorakhpur Lohiya Enclave ES9,gorakhpur,26.698154,83.39317,,gorakhpur,label,5.51,26.745,83.375,8,8,13,11378,1422,concentrated
darkstore,44736,Super Store Jaipur Mansarovar ES72,jaipur,26.852545,75.72997,,jaipur,label,7.97,26.8108,75.7953,2,11,77,28186,14093,proportional
darkstore,44770,Super Store Chandigarh Sector 22B ES133,chandigarh,30.733473,76.78425,,mohali,city-nearest,8.88,30.7028,76.6985,1,1,62,7121,7121,proportional
darkstore,44772,Super Store Nashik Gangapur Rd ES12,nashik,20.012707,73.72619,,mumbai,city-nearest,110.58,19.2433,73.0572,3,13,189,9344,3115,concentrated
darkstore,44774,Super Store Darbhanga Laheriasarai ES2,darbhanga,26.119343,85.90299,,patna,city-nearest,91.31,25.6106,85.1866,2,5,54,33224,16612,stretched
darkstore,44776,Super Store Delhi Janakpuri ES388,delhi,28.622421,77.063446,,noida,city-majority,33.41,28.5355,77.391,1,25,317,2527,2527,concentrated
darkstore,44810,Super Store Siliguri Champasari ES183,siliguri,26.75697,88.420906,,siliguri,label,1.08,26.748,88.425,10,4,16,10303,1030,concentrated
darkstore,44812,Super Store Siliguri Ashram Para ES181,siliguri,26.720234,88.44045,,siliguri,label,1.55,26.732,88.432,10,4,16,10303,1030,concentrated
darkstore,44814,Super Store Sonipat Adarsh Nagar ES6,sonipat,29.017418,77.04933,,kundli,city-nearest,1.92,29.0048,77.0358,1,4,20,7830,7830,proportional
darkstore,44816,Super Store Mumbai Amber Colony ES260,mumbai,19.2134,73.20785,,mumbai,label,14.79,19.082,73.2298,3,13,189,9344,3115,concentrated
darkstore,44856,Super Store Chennai Maraimalai Nagar ES95,chengalpattu,12.786619,80.03537,,chennai,city-nearest,41.65,13.0827,80.2707,3,13,98,33883,11294,proportional
darkstore,44858,Super Store Chennai Mandaveli ES93,chennai,13.017724,80.26631,,chennai,label,7.24,13.0827,80.2707,3,13,98,33883,11294,proportional
darkstore,44862,Super Store Bengaluru Gopalan Colony Whitefield ES282,bengaluru,12.977454,77.76055,,bengaluru,label,12.09,13.082,77.7913,3,59,220,52882,17627,stretched
darkstore,44864,Super Store Bengaluru Choodasandra Hosa ES283,bengaluru,12.889747,77.68015,,bengaluru,label,20.61,12.7159,77.746,3,59,220,52882,17627,stretched
darkstore,44866,Super Store Bengaluru Gummanahalli ES281,bengaluru,13.143947,77.68239,,bengaluru,label,13.66,13.082,77.7913,3,59,220,52882,17627,stretched
darkstore,44902,Super Store Kharar Sector 126 ES130,mohali,30.741177,76.66424,,mohali,label,5.38,30.7028,76.6985,1,1,62,7121,7121,proportional
darkstore,44936,Super Store Panchkula Sector 5 ES141,panchkula,30.725832,76.8611,,mohali,city-nearest,15.75,30.7028,76.6985,1,1,62,7121,7121,proportional
darkstore,44938,Super Store Wardha Kelkarwadi ES1,wardha,20.742382,78.60089,,nagpur,city-nearest,64.18,21.2912,78.7922,1,17,37,23108,23108,stretched
darkstore,44940,Super Store Nagpur Mihan ES21,nagpur,21.051346,79.06721,,nagpur,label,39.04,21.2912,78.7922,1,17,37,23108,23108,stretched
darkstore,44944,Super Store Durg Supela ES4,durg,21.211275,81.37961,,raipur,city-nearest,26.29,21.2514,81.6296,1,24,25,11862,11862,proportional
darkstore,44946,Super Store Jaipur Heerapura ES73,jaipur,26.888094,75.70206,,jaipur,label,12.63,26.8108,75.7953,2,11,77,28186,14093,proportional
darkstore,44980,Super Store Mohali Balongi ES134,chandigarh,30.755453,76.69261,,mohali,city-nearest,5.88,30.7028,76.6985,1,1,62,7121,7121,proportional
darkstore,44982,Super Store Vrindavan Rukmini Vihar ES8,mathura,27.571018,77.61773,,faridabad,city-nearest,97.71,28.4089,77.3178,1,7,53,10208,10208,proportional
darkstore,45016,Super Store Ahmedabad Bhimjipura ES80,ahmedabad,23.076843,72.54826,,ahmedabad,label,31.05,22.9086,72.3062,1,38,118,38470,38470,stretched
darkstore,45018,Super Store Chennai Kandigai ES92,chengalpattu,12.863517,80.13163,,chennai,city-nearest,28.65,13.0827,80.2707,3,13,98,33883,11294,proportional
darkstore,45020,Super Store Palanpur Dhundiyawadi ES21,palanpur,24.161623,72.4334,,ahmedabad,city-nearest,139.93,22.9086,72.3062,1,38,118,38470,38470,stretched
darkstore,45024,Super Store Etawah Friends Colony ES2,etawah,26.797623,79.03618,,jhansi,city-nearest,155.69,25.4625,78.5665,4,15,12,12150,3038,concentrated
darkstore,45028,Super Store Bareilly Chandra Puram Colony ES6,bareilly,28.347422,79.406906,,bareilly,label,0.67,28.3519,79.4115,5,12,28,28118,5624,proportional
darkstore,45030,Super Store Pune Loni Kalbhor ES162,pune,18.487766,74.05054,,pune,label,34.76,18.6714,73.7836,2,24,119,19984,9992,proportional
darkstore,45032,Super Store UP-NCR Barclays Sec 62 ES214,delhi,28.61796,77.35177,,noida,city-majority,9.94,28.5355,77.391,1,25,317,2527,2527,concentrated
darkstore,45036,Super Store Hisar Old Sabzi Mandi ES3,hisar,29.11351,75.69261,,farukhnagar,city-nearest,109.48,28.6559,76.6882,2,2,27,16301,8151,proportional
darkstore,45070,Super Store Bengaluru Green Woods Layout ES285,bengaluru,13.032705,77.70238,,bengaluru,label,11.08,13.082,77.7913,3,59,220,52882,17627,stretched
darkstore,45072,Super Store Aurangabad Waluj ES28,aurangabad (maharashtra),19.869987,75.248695,,pune,city-nearest,203.5,18.6714,73.7836,2,24,119,19984,9992,proportional
darkstore,45074,Super Store Kolkata Bhatpara ES187,kolkata,22.84983,88.38569,,kolkata,label,16.05,22.7337,88.4787,3,11,121,18889,6296,proportional
darkstore,45076,Super Store Bengaluru Basavanapura Bannerghatta ES289,bengaluru,12.8388195,77.58635,,bengaluru,label,22.06,12.7159,77.746,3,59,220,52882,17627,stretched
darkstore,45078,Super Store UP-NCR Sector 133 ES215,faridabad,28.509283,77.37945,,faridabad,label,12.69,28.4089,77.3178,1,7,53,10208,10208,proportional
darkstore,45080,Super Store Nagpur Shivaji Nagar ES22,nagpur,21.155045,79.04822,,nagpur,label,30.55,21.2912,78.7922,1,17,37,23108,23108,stretched
darkstore,45084,Super Store Kolhapur MK Nagar ES29,kolhapur,16.67784,74.184364,,goa,city-nearest,146.69,15.3917,73.8791,2,35,34,17782,8891,proportional
darkstore,45086,Super Store Raipur Tower Road ES11,raipur,21.28968,81.67243,,raipur,label,6.15,21.2514,81.6296,1,24,25,11862,11862,proportional
darkstore,45092,Super Store Delhi Rohini Sector 3 ES387,delhi,28.69415,77.08842,,noida,city-majority,34.4,28.5355,77.391,1,25,317,2527,2527,concentrated
darkstore,45094,Super Store Bengaluru Garudachar Palya ES284,bengaluru,12.990643,77.70228,,bengaluru,label,14.01,13.082,77.7913,3,59,220,52882,17627,stretched
darkstore,45130,Super Store Raichur Thimmapurpet ES1,raichur,16.23436,77.35398,,hyderabad,city-nearest,175.8,17.385,78.4867,3,100,131,39128,13042,proportional
darkstore,45164,Super Store Goa Parra ES25,goa,15.557411,73.80064,,goa,label,20.25,15.3917,73.8791,2,35,34,17782,8891,proportional
darkstore,45198,Super Store Pune Kiwale Lodha ES158,pune,18.680204,73.72251,,pune,label,6.51,18.6714,73.7836,2,24,119,19984,9992,proportional
darkstore,45232,Super Store Delhi Shakurpur ES389,delhi,28.67363,77.14585,,noida,city-majority,28.44,28.5355,77.391,1,25,317,2527,2527,concentrated
darkstore,45266,Super Store Faridabad Sector 7 ES48,faridabad,28.35763,77.33153,,faridabad,label,5.86,28.4089,77.3178,1,7,53,10208,10208,proportional
darkstore,45268,Super Store Vapi Gunjan ES20,valsad,20.364794,72.939156,,surat,city-nearest,90.26,21.1702,72.8311,2,7,30,10654,5327,proportional
darkstore,45272,Super Store Aurangabad High Court Colony ES27,aurangabad (maharashtra),19.847086,75.34067,,pune,city-nearest,209.3,18.6714,73.7836,2,24,119,19984,9992,proportional
darkstore,45274,Super Store Faridabad Sector 28 ES47,faridabad,28.437805,77.31342,,faridabad,label,3.24,28.4089,77.3178,1,7,53,10208,10208,proportional
darkstore,45276,Super Store Amritsar Golden Gate ES135,amritsar,31.595694,74.92257,,jammu,city-nearest,115.57,32.635,74.918,13,10,31,14483,1114,concentrated
darkstore,45278,Super Store Ludhiana Gurudev 2 ES137,ludhiana,30.893497,75.82449,,ludhiana,label,3.24,30.9009,75.8573,2,2,51,38214,19107,stretched
darkstore,45280,Super Store Rajkot Mavdi ES8,rajkot,22.227015,70.76688,,ahmedabad,city-nearest,175.29,22.9086,72.3062,1,38,118,38470,38470,stretched
darkstore,45282,Super Store Pune Somwar Peth ES164,pune,18.501358,73.86144,,pune,label,20.61,18.6714,73.7836,2,24,119,19984,9992,proportional
darkstore,45284,Super Store Phagwara Hargobind Nagar ES138,kapurthala,31.206991,75.81228,,ludhiana,city-nearest,34.3,30.9009,75.8573,2,2,51,38214,19107,stretched
darkstore,45286,Super Store Muzaffarpur Bairiya ES29,muzaffarpur,26.14037,85.34784,,patna,city-nearest,59.34,25.6331,85.1636,2,5,54,33224,16612,stretched
darkstore,45288,Super Store Delhi Maldev Market ES390,delhi,28.597332,77.32267,,noida,city-majority,9.58,28.5355,77.391,1,25,317,2527,2527,concentrated
darkstore,45322,Super Store UP-NCR Crossing Republik ES211,ghaziabad,28.62941,77.43291,,noida,city-majority,11.22,28.5355,77.391,1,25,317,2527,2527,concentrated
darkstore,45324,Super Store Chennai Ayanavaram ES99,chennai,13.088698,80.22906,,chennai,label,4.56,13.0827,80.2707,3,13,98,33883,11294,proportional
darkstore,45326,Super Store Bengaluru Koramangala 6th Block ES291,bengaluru,12.94106,77.62202,,bengaluru,label,24.12,13.082,77.7913,3,59,220,52882,17627,stretched
darkstore,45332,Super Store Hyderabad Miyapur ES180,hyderabad,17.500238,78.35599,,hyderabad,label,18.88,17.385,78.4867,3,100,131,39128,13042,proportional
darkstore,45334,Super Store Hyderabad Yakutpura ES179,hyderabad,17.36734,78.492065,,hyderabad,label,2.04,17.385,78.4867,3,100,131,39128,13042,proportional
darkstore,45338,Super Store Bhopal Neelbad ES20,bhopal,23.21053,77.37428,,bhopal,label,6.74,23.2599,77.4126,1,2,28,8294,8294,proportional
darkstore,45342,Super Store Bengaluru Haralur 3 ES287,bengaluru,12.896985,77.66073,,bengaluru,label,22.16,12.7159,77.746,3,59,220,52882,17627,stretched
darkstore,45380,Super Store Gurgaon Sector 65 ES182,gurgaon,28.394073,77.08163,,gurgaon,label,9.05,28.4595,77.0266,1,7,87,898,898,concentrated
darkstore,45382,Super Store Pune DPCOE Road Kharadi ES160,pune,18.564144,73.96647,,pune,label,22.66,18.6714,73.7836,2,24,119,19984,9992,proportional
darkstore,45384,Super Store Pune Kalyani Nagar ES165,pune,18.548876,73.89788,,pune,label,18.18,18.6714,73.7836,2,24,119,19984,9992,proportional
darkstore,45386,Super Store Rohtak Sector 2 ES7,rohtak,28.893671,76.654144,,farukhnagar,city-nearest,26.65,28.6559,76.6882,2,2,27,16301,8151,proportional
darkstore,45422,Super Store Pune Indira College Road ES161,pune,18.607588,73.73605,,pune,label,8.69,18.6714,73.7836,2,24,119,19984,9992,proportional
darkstore,45424,Super Store Meerut Suraj Kund ES212,meerut,28.956364,77.71758,,dasna,city-nearest,30.04,28.7251,77.5582,2,2,15,4511,2256,concentrated
darkstore,45426,Super Store Valsad Circuit House ES17,valsad,20.615936,72.92834,,surat,city-nearest,62.45,21.1702,72.8311,2,7,30,10654,5327,proportional
darkstore,45428,Super Store Pune Mhalunghe ES163,pune,18.57416,73.75336,,pune,label,11.27,18.6714,73.7836,2,24,119,19984,9992,proportional
darkstore,45430,Super Store Hyderabad Medchal ES183,medchal,17.612358,78.506966,,hyderabad,city-nearest,10.39,17.5366,78.5643,3,100,131,39128,13042,proportional
darkstore,45434,Super Store Hyderabad Hayathnagar Khalsa ES185,hyderabad,17.308811,78.597374,,hyderabad,label,14.48,17.385,78.4867,3,100,131,39128,13042,proportional
darkstore,45468,Super Store UP-NCR Bennett University ES213,delhi,28.453785,77.59369,,noida,city-majority,21.79,28.5355,77.391,1,25,317,2527,2527,concentrated
darkstore,45470,Super Store Kolkata MG Road ES194,kolkata,22.586542,88.3596,,kolkata,label,10.11,22.674,88.3325,3,11,121,18889,6296,proportional
darkstore,45472,Super Store Kolkata Ashwin Nagar ES195,kolkata,22.607779,88.43191,,kolkata,label,12.58,22.674,88.3325,3,11,121,18889,6296,proportional
darkstore,45474,Super Store Mumbai Seawoods East ES262,thane,19.01815,73.028824,,mumbai,city-nearest,13.9,19.0513,73.1563,3,13,189,9344,3115,concentrated
darkstore,45476,Super Store Kolkata Shibpur ES193,howrah,22.55991,88.324196,,kolkata,city-nearest,12.71,22.674,88.3325,3,11,121,18889,6296,proportional
darkstore,45478,Super Store Ahmedabad Ambawadi ES81,ahmedabad,23.031927,72.54828,,ahmedabad,label,28.32,22.9086,72.3062,1,38,118,38470,38470,stretched
darkstore,45480,Super Store Ahmedabad Nava Naroda 3 ES82,ahmedabad,23.062859,72.6398,,ahmedabad,label,38.22,22.9086,72.3062,1,38,118,38470,38470,stretched
darkstore,45516,Super Store Vadodara Parul University ES24,vadodara,22.305147,73.39538,,ahmedabad,city-nearest,130.39,22.9086,72.3062,1,38,118,38470,38470,stretched
darkstore,45550,Super Store Mathura Dampier Nagar ES9,mathura,27.499338,77.66836,,faridabad,city-nearest,106.84,28.4089,77.3178,1,7,53,10208,10208,proportional
darkstore,45552,Super Store UP-NCR Sector 141 ES217,delhi,28.519054,77.40543,,noida,city-majority,2.31,28.5355,77.391,1,25,317,2527,2527,concentrated
darkstore,45586,Super Store Siliguri Panchnai ES190,siliguri,26.745045,88.39665,,siliguri,label,1.4,26.741,88.41,10,4,16,10303,1030,concentrated
darkstore,45588,Super Store Nashik Shramik Nagar ES14,nashik,19.983828,73.70515,,mumbai,city-nearest,106.71,19.2433,73.0572,3,13,189,9344,3115,concentrated
darkstore,45590,Super Store Khanna Mandi Gobindgarh ES140,khanna,30.682966,76.260445,,ludhiana,city-majority,45.5,30.9009,75.8573,2,2,51,38214,19107,stretched
darkstore,45592,Super Store Gurgaon DLF Phase 3 ES184,gurgaon,28.48371,77.10102,,gurgaon,label,7.76,28.4595,77.0266,1,7,87,898,898,concentrated
darkstore,45628,Super Store Muzaffarpur Ram Dayalu Nagar ES33,muzaffarpur,26.0937,85.37046,,patna,city-nearest,55.24,25.6331,85.1636,2,5,54,33224,16612,stretched
darkstore,45629,Super Store Guwahati Lokhra ES15,guwahati,26.131117,91.71914,,guwahati,label,2.9,26.1259,91.6907,2,2,25,6032,3016,concentrated
darkstore,45630,Super Store Guwahati BG colony ES16,guwahati,26.149786,91.7005,,guwahati,label,2.83,26.1259,91.6907,2,2,25,6032,3016,concentrated
darkstore,45631,Super Store Bengaluru Whitefield Palm Meadows ES293,bengaluru,12.96355,77.74239,,bengaluru,label,14.2,13.082,77.7913,3,59,220,52882,17627,stretched
darkstore,45632,Super Store Bhopal Kotra ES21,bhopal,23.241653,77.38191,,bhopal,label,3.73,23.2599,77.4126,1,2,28,8294,8294,proportional
darkstore,45638,Super Store Anantapur Gulzarpet ES1,anantapur,14.683595,77.58361,,bengaluru,city-nearest,179.5,13.082,77.7913,3,59,220,52882,17627,stretched
darkstore,45640,Super Store Ranchi BIT Mesra ES15,ranchi,23.420296,85.428345,,ranchi,label,14.09,23.3533,85.3112,2,6,47,32731,16365,stretched
darkstore,45644,Super Store Sangli Mangalwar peth ES31,sangli,16.866833,74.627365,,goa,city-nearest,182.41,15.2993,74.124,2,35,34,17782,8891,proportional
darkstore,45686,Super Store Nellore Bhaskar Rice Mill ES3,nellore,14.424206,79.97202,,chennai,city-nearest,135.35,13.2073,80.0018,3,13,98,33883,11294,proportional
darkstore,45688,Super Store Ahmedabad Vinzol ES84,ahmedabad,22.966019,72.628624,,ahmedabad,label,33.63,22.9086,72.3062,1,38,118,38470,38470,stretched
darkstore,45692,Super Store Udaipur Delhi Gate Cirlce ES11,udaipur,24.587587,73.68659,,ahmedabad,city-nearest,233.65,22.9086,72.3062,1,38,118,38470,38470,stretched
darkstore,45694,Super Store Bhopal Bairagarh ES22,bhopal,23.257233,77.28423,,bhopal,label,13.12,23.2599,77.4126,1,2,28,8294,8294,proportional
darkstore,45698,Super Store Jaipur Dev Vihar Colony ES75,jaipur,26.909788,75.894714,,jaipur,label,14.78,26.8108,75.7953,2,11,77,28186,14093,proportional
darkstore,45700,Super Store Coimbatore Vadavalli ES7,coimbatore,11.045124,76.90595,,coimbatore,label,16.36,10.9795,77.0401,1,9,46,40154,40154,stretched
darkstore,45702,Super Store Yavatmal Bharti Nagar ES32,yavatmal,20.370424,78.09879,,nagpur,city-nearest,125.2,21.2912,78.7922,1,17,37,23108,23108,stretched
darkstore,45704,Super Store Delhi Harsh Vihar ES393,ghaziabad,28.704811,77.29788,,noida,city-majority,20.91,28.5355,77.391,1,25,317,2527,2527,concentrated
darkstore,45706,Super Store Amroha Chakli Road ES1,amroha,28.884207,78.478035,,dasna,city-nearest,91.35,28.7251,77.5582,2,2,15,4511,2256,concentrated
darkstore,45708,Super Store Chikkamagaluru Joythinagar ES1,chikkamagaluru,13.297578,75.80178,,manipal,city-nearest,109.93,13.346,74.787,1,2,4,8136,8136,proportional
darkstore,45744,Super Store Bengaluru Pai Uday Nagar ES297,bengaluru,12.994172,77.67401,,bengaluru,label,16.03,13.082,77.7913,3,59,220,52882,17627,stretched
darkstore,45746,Super Store Hubli Bengeri Extension ES3,dharwad,15.373146,75.145294,,goa,city-nearest,109.83,15.2993,74.124,2,35,34,17782,8891,proportional
darkstore,45748,Super Store Mumbai Bamandongri ES265,panvel,18.967434,73.014984,,mumbai,city-nearest,17.54,19.0513,73.1563,3,13,189,9344,3115,concentrated
darkstore,45752,Super Store Hyderabad Nagaram ES188,hyderabad,17.473392,78.637764,,hyderabad,label,10.49,17.5366,78.5643,3,100,131,39128,13042,proportional
darkstore,45754,Super Store Hyderabad Sabza Colony ES187,hyderabad,17.418488,78.39708,,hyderabad,label,10.21,17.385,78.4867,3,100,131,39128,13042,proportional
darkstore,45762,Super Store Chitradurga Vijaynagar ES2,chitradurga,14.213838,76.40424,,bengaluru,city-nearest,195.71,13.082,77.7913,3,59,220,52882,17627,stretched
darkstore,45766,Super Store Bengaluru Nelamangala Town ES298,bengaluru,13.08721,77.40522,,bengaluru,label,41.82,13.082,77.7913,3,59,220,52882,17627,stretched
darkstore,45768,Super Store Bengaluru Hoodi 3 ES294,bengaluru,12.98985,77.72405,,bengaluru,label,12.57,13.082,77.7913,3,59,220,52882,17627,stretched
darkstore,45777,Super Store Tirupati Mangalam ES3,tirupati,13.6553335,79.45845,,chennai,city-nearest,77.04,13.2073,80.0018,3,13,98,33883,11294,proportional
darkstore,45779,Super Store Chennai Padur ES105,chennai,12.753822,80.1925,,chennai,label,37.54,13.0827,80.2707,3,13,98,33883,11294,proportional
darkstore,45781,Super Store Guwahati IIT Campus ES18,guwahati,26.190235,91.69057,,guwahati,label,5.96,26.1829,91.7497,2,2,25,6032,3016,concentrated
darkstore,45783,Super Store Bengaluru Anekal Road ES300,bengaluru,12.756058,77.70358,,bengaluru,label,6.41,12.7159,77.746,3,59,220,52882,17627,stretched
darkstore,45785,Super Store Delhi South D Chattarpur ES396,chattarpur,28.479605,77.1745,,gurgaon,city-majority,14.63,28.4595,77.0266,1,7,87,898,898,concentrated
darkstore,45789,Super Store Prayagraj Phaphamau ES16,prayagraj,25.530077,81.849754,,varanasi,city-nearest,115.34,25.3176,82.9739,2,8,34,18808,9404,proportional
darkstore,45793,Super Store Katihar Gami Tola ES36,katihar,25.540098,87.58145,,siliguri,city-nearest,156.11,26.728,88.415,10,4,16,10303,1030,concentrated
darkstore,45795,Super Store Siliguri Sushruta Nagar ES196,siliguri,26.689602,88.37735,,siliguri,label,5.68,26.728,88.415,10,4,16,10303,1030,concentrated
darkstore,45797,Super Store Bengaluru Attibele Jigala ES299,bengaluru,12.778512,77.74347,,bengaluru,label,6.97,12.7159,77.746,3,59,220,52882,17627,stretched
darkstore,45801,Super Store Giridih Jhanda Maidan ES1,giridih,24.185953,86.30412,,ranchi,city-nearest,137.05,23.3533,85.3112,2,6,47,32731,16365,stretched
darkstore,45805,Super Store Raipur Samta Colony ES12,raipur,21.250206,81.63061,,raipur,label,0.17,21.2514,81.6296,1,24,25,11862,11862,proportional
darkstore,45807,Super Store Faridkot Ajit Nagar ES142,faridkot,30.690094,74.79222,,ludhiana,city-nearest,104.4,30.9009,75.8573,2,2,51,38214,19107,stretched
darkstore,45809,Super Store Pune Kunjir Chowk ES167,pune,18.5919,73.79264,,pune,label,8.89,18.6714,73.7836,2,24,119,19984,9992,proportional
darkstore,45811,Super Store Siliguri Netaji Nagar ES197,siliguri,26.698336,88.46158,,siliguri,label,4.76,26.732,88.432,10,4,16,10303,1030,concentrated
darkstore,45813,Super Store Kolkata Chinshura ES198,chinshura,22.889843,88.38102,,kolkata,city-nearest,20.04,22.7337,88.4787,3,11,121,18889,6296,proportional
darkstore,45817,Super Store UP-NCR Ankur Vihar ES222,delhi,28.753973,77.2647,,noida,city-majority,27.24,28.5355,77.391,1,25,317,2527,2527,concentrated
darkstore,45819,Super Store Kolkata Maheshtala ES200,kolkata,22.502789,88.25164,,kolkata,label,8.28,22.4825,88.1741,3,11,121,18889,6296,proportional
darkstore,45845,Super Store Delhi Pitampura ES399,delhi,28.70384,77.14576,,noida,city-majority,30.39,28.5355,77.391,1,25,317,2527,2527,concentrated
darkstore,45851,Super Store Vikasnagar Bahadur Garh ES28,vikasnagar,30.430252,77.7967,,dehradun,city-nearest,25.89,30.3165,78.0322,1,43,47,6372,6372,proportional
darkstore,45853,Super Store Silvassa Kilvani Naka ES1,dadra and nagar haveli,20.224737,73.02538,,surat,city-nearest,107.06,21.1702,72.8311,2,7,30,10654,5327,proportional
darkstore,45855,Super Store Delhi Prashant Vihar ES395,delhi,28.71006,77.11454,,noida,city-majority,33.24,28.5355,77.391,1,25,317,2527,2527,concentrated
darkstore,45857,Super Store Mandya Ashok Nagar ES10,mandya,12.527206,76.86151,,bengaluru,city-nearest,98.24,12.7159,77.746,3,59,220,52882,17627,stretched
darkstore,45859,Super Store Bharatpur Chauburja Road ES24,bharatpur,27.195156,77.52925,,faridabad,city-nearest,136.56,28.4089,77.3178,1,7,53,10208,10208,proportional
darkstore,45861,Super Store Dehradun Bidholi ES27,vikasnagar,30.37664,77.9532,,dehradun,city-nearest,10.11,30.3165,78.0322,1,43,47,6372,6372,proportional
darkstore,45863,Super Store Chennai Perungudi ES103,chennai,12.967148,80.23379,,chennai,label,13.46,13.0827,80.2707,3,13,98,33883,11294,proportional
darkstore,45865,Super Store Faridabad Sector 88 ES49,faridabad,28.412182,77.363785,,faridabad,label,4.51,28.4089,77.3178,1,7,53,10208,10208,proportional
darkstore,45867,Super Store Patna IGIMS ES35,patna,25.622778,85.09346,,patna,label,7.13,25.6331,85.1636,2,5,54,33224,16612,stretched
darkstore,45869,Super Store Ramgarh Shivaji Road ES14,ramgarh,23.686518,85.50972,,ranchi,city-nearest,42.22,23.3533,85.3112,2,6,47,32731,16365,stretched
darkstore,45871,Super Store Shirdi Laxmibai Marg ES33,shirdi,19.759813,74.47631,,pune,city-nearest,141.2,18.6714,73.7836,2,24,119,19984,9992,proportional
darkstore,45873,Super Store Patna Saheb ES38,patna,25.566097,85.21952,,patna,label,5.95,25.6106,85.1866,2,5,54,33224,16612,stretched
darkstore,45875,Super Store Mumbai Mulund Expressway ES270,mumbai,19.150984,72.95117,,mumbai,label,15.14,19.2433,73.0572,3,13,189,9344,3115,concentrated
darkstore,45877,Super Store Bhopal Sai Board ES23,bhopal,23.18905,77.43545,,bhopal,label,8.22,23.2599,77.4126,1,2,28,8294,8294,proportional
darkstore,45881,Super Store Bengaluru Devanahalli Hosathota ES301,bengaluru,13.218963,77.69461,,bengaluru,label,18.48,13.082,77.7913,3,59,220,52882,17627,stretched
darkstore,45915,Super Store Trivandrum Kazhakootam ES9,trivandrum,8.513472,76.8994,,trivandrum,label,5.04,8.518,76.945,6,2,8,3071,512,concentrated
darkstore,45921,Super Store Jabalpur Raksha Nagar ES9,jabalpur,23.209126,80.022675,,nagpur,city-nearest,248.02,21.2912,78.7922,1,17,37,23108,23108,stretched
darkstore,45925,Super Store Bhagalpur Nathnagar ES5,bhagalpur,25.240656,86.92875,,patna,city-nearest,179.72,25.6106,85.1866,2,5,54,33224,16612,stretched
darkstore,45927,Super Store Guwahati Hatigaon ES19,guwahati,26.141903,91.78642,,guwahati,label,5.85,26.1829,91.7497,2,2,25,6032,3016,concentrated
darkstore,45933,Super Store Bengaluru Sadahalli Gate ES302,bengaluru,13.206319,77.631546,,bengaluru,label,22.14,13.082,77.7913,3,59,220,52882,17627,stretched
darkstore,45937,Super Store Mumbai Thane Waghle Industrial ES271,thane,19.20743,72.95422,,mumbai,city-nearest,11.52,19.2433,73.0572,3,13,189,9344,3115,concentrated
darkstore,45941,Super Store Mumbai Subhash Nagar ES273,mumbai,19.052113,72.900665,,mumbai,label,26.87,19.0513,73.1563,3,13,189,9344,3115,concentrated
darkstore,45943,Super Store Mysore Alanahalli 3rd Main ES8,mysore,12.309894,76.67441,,bengaluru,city-nearest,124.78,12.7159,77.746,3,59,220,52882,17627,stretched
darkstore,45945,Super Store Rishikesh Shyampur ES3,rishikesh,30.085777,78.18108,,dehradun,city-nearest,29.38,30.3165,78.0322,1,43,47,6372,6372,proportional
darkstore,46015,Super Store Guntur Tenali ES5,guntur,16.275782,80.64308,,vijayawada,city-nearest,24.68,16.4977,80.6471,1,26,22,21290,21290,stretched
darkstore,46019,Super Store Guwahati Chandmari ES20,guwahati,26.185938,91.79027,,guwahati,label,4.06,26.1829,91.7497,2,2,25,6032,3016,concentrated
darkstore,46020,Super Store Delhi Sarita Vihar Express ES401,delhi,28.548576,77.29591,,noida,city-majority,9.4,28.5355,77.391,1,25,317,2527,2527,concentrated
darkstore,46022,Super Store Pilibhit Ekta Nagar ES1,pilibhit,28.614653,79.794975,,bareilly,city-nearest,45.93,28.36,79.425,5,12,28,28118,5624,proportional
darkstore,46023,Super Store Raipur Amlidhi ES13,raipur,21.221212,81.66228,,raipur,label,4.77,21.2514,81.6296,1,24,25,11862,11862,proportional
darkstore,46024,Super Store Gaya Magadh Colony ES39,gaya,24.768742,84.95451,,patna,city-nearest,96.48,25.6106,85.1866,2,5,54,33224,16612,stretched
darkstore,46025,Super Store Samastipur Kashipur ES37,samastipur,25.874182,85.760445,,patna,city-nearest,64.52,25.6106,85.1866,2,5,54,33224,16612,stretched
darkstore,46026,Super Store Hyderabad Vasanth Nagar Colony ES190,hyderabad,17.516531,78.38581,,hyderabad,label,18.12,17.385,78.4867,3,100,131,39128,13042,proportional
darkstore,46030,Super Store Bengaluru Bagalur Sathanur ES303,bengaluru,13.124425,77.6263,,bengaluru,label,18.48,13.082,77.7913,3,59,220,52882,17627,stretched
darkstore,46115,Super Store Indore Manik Bagh ES25,indore,22.714622,75.8485,,indore,label,1.09,22.7196,75.8577,2,5,31,14771,7386,proportional
darkstore,46149,Super Store Charkhi Dadri Purana Nagar ES9,charkhi dadri,28.604837,76.26672,,farukhnagar,city-nearest,41.53,28.6559,76.6882,2,2,27,16301,8151,proportional
darkstore,46183,Super Store Chennai Tiruvottiyur ES108,chennai,13.143906,80.29578,,chennai,label,7.33,13.0827,80.2707,3,13,98,33883,11294,proportional
darkstore,46185,Super Store Bhopal Kolar Road ES24,bhopal,23.181557,77.410675,,bhopal,label,8.71,23.2599,77.4126,1,2,28,8294,8294,proportional
darkstore,46187,Super Store Bettiah Kamalnath Nagar ES40,bettiah,26.788137,84.50926,,gorakhpur,city-nearest,111.12,26.8182,83.3901,8,8,13,11378,1422,concentrated
darkstore,46189,Super Store Nanded Khadakpura ES34,nanded,19.13616,77.32823,,nizamabad,city-nearest,96.22,18.6742,78.1016,1,2,8,20135,20135,stretched
darkstore,46193,Super Store Motihari Sri Krishna Nagar ES41,motihari,26.646963,84.9089,,patna,city-nearest,115.57,25.6331,85.1636,2,5,54,33224,16612,stretched
darkstore,46197,Super Store Mumbai Mathuradas Compound ES275,mumbai,19.005154,72.83203,,mumbai,label,34.47,19.0513,73.1563,3,13,189,9344,3115,concentrated
darkstore,46203,Super Store Jammu  Akhnoor Road ES13,jammu,32.77473,74.816216,,jammu,label,5.14,32.73,74.83,13,10,31,14483,1114,concentrated
darkstore,46237,Super Store Delhi East Patel Nagar ES405,delhi,28.642593,77.18987,,noida,city-majority,22.97,28.5355,77.391,1,25,317,2527,2527,concentrated
darkstore,46239,Super Store Ahmedabad Gurukul ES85,ahmedabad,23.058796,72.541306,,ahmedabad,label,29.29,22.9086,72.3062,1,38,118,38470,38470,stretched
darkstore,46241,Super Store Delhi Vishal Enclave ES402,delhi,28.65643,77.123856,,noida,city-majority,29.34,28.5355,77.391,1,25,317,2527,2527,concentrated
darkstore,46249,Super Store Ujjain Teliwada ES9,ujjain,23.211016,75.77861,,indore,city-nearest,55.24,22.7196,75.8577,2,5,31,14771,7386,proportional
darkstore,46317,Super Store Ahmedabad Jamalpur ES86,ahmedabad,23.022009,72.59294,,ahmedabad,label,31.95,22.9086,72.3062,1,38,118,38470,38470,stretched
darkstore,46321,Super Store Hosapete Hakka Bukka Rd ES11,hosapete,15.271722,76.3845,,goa,city-nearest,242.48,15.2993,74.124,2,35,34,17782,8891,proportional
darkstore,46329,Super Store Madurai KK Nagar ES8,madurai,9.907586,78.15074,,coimbatore,city-nearest,170.17,10.9795,77.0401,1,9,46,40154,40154,stretched
darkstore,46331,Super Store Bengaluru Doddaballapura ES306,bengaluru,13.311039,77.53126,,bengaluru,label,37.96,13.082,77.7913,3,59,220,52882,17627,stretched
darkstore,46367,Super Store Mirzapur Tathai Road ES6,mirzapur,25.138813,82.567276,,varanasi,city-nearest,45.48,25.3176,82.9739,2,8,34,18808,9404,proportional
darkstore,46401,Super Store Pune Chakan ES171,pune,18.754658,73.86985,,pune,label,12.97,18.6714,73.7836,2,24,119,19984,9992,proportional
darkstore,46403,Super Store Vijayawada Mangalagiri ES27,vijayawada,16.458609,80.56879,,vijayawada,label,9.41,16.4977,80.6471,1,26,22,21290,21290,stretched
darkstore,46405,Super Store Srikakulam Meher Nagar ES1,srikakulam,18.28492,83.912766,,visakhapatnam,city-nearest,94.54,17.7487,83.2189,1,6,20,4779,4779,proportional
darkstore,46407,Super Store Sultanpur Majorganj ES5,sultanpur,26.262442,82.07472,,lucknow,city-nearest,122.5,26.7875,80.9923,2,7,92,39582,19791,stretched
darkstore,46411,Super Store Pune Hinjawadi Megapolis ES169,pune,18.574701,73.68867,,pune,label,9.53,18.5655,73.5988,2,24,119,19984,9992,proportional
darkstore,46413,Super Store Prayagraj Patrakar Colony ES17,prayagraj,25.45807,81.818146,,varanasi,city-nearest,117.15,25.3176,82.9739,2,8,34,18808,9404,proportional
darkstore,46417,Super Store Pune Punawale ES170,pune,18.633366,73.726524,,pune,label,7.35,18.6714,73.7836,2,24,119,19984,9992,proportional
darkstore,46419,Super Store Sambalpur Budharaja Road ES15,sambalpur,21.472618,83.97046,,bhubaneswar,city-nearest,223.66,20.2765,85.7012,1,1,20,5276,5276,proportional
darkstore,46423,Super Store Bengaluru Chokkenahalli Yelahanka ES305,bengaluru,13.184394,77.54712,,bengaluru,label,28.79,13.082,77.7913,3,59,220,52882,17627,stretched
darkstore,46427,Super Store Bengaluru Yelahanka Anantapura ES307,bengaluru,13.128145,77.58371,,bengaluru,label,23.06,13.082,77.7913,3,59,220,52882,17627,stretched
darkstore,46467,Super Store Indore Deoguradia ES27,indore,22.665445,75.90756,,indore,label,7.9,22.7196,75.8577,2,5,31,14771,7386,proportional
darkstore,46469,Super Store Nagpur Wathoda Road ES24,nagpur,21.132261,79.144455,,nagpur,label,40.57,21.2912,78.7922,1,17,37,23108,23108,stretched
darkstore,46473,Super Store Bolpur Shantiniketan ES207,bolpur,23.665607,87.73499,,kolkata,city-nearest,126.05,22.674,88.3325,3,11,121,18889,6296,proportional
darkstore,46475,Super Store Chennai Madhavaram ES110,chennai,13.13906,80.2322,,chennai,label,7.53,13.0827,80.2707,3,13,98,33883,11294,proportional
darkstore,46477,Super Store Kolkata Habra ES204,kolkata,22.84605,88.63187,,kolkata,label,20.07,22.7337,88.4787,3,11,121,18889,6296,proportional
darkstore,46479,Super Store Mumbai Worli Koliwada ES277,mumbai,19.010185,72.82601,,mumbai,label,35.02,19.0513,73.1563,3,13,189,9344,3115,concentrated
darkstore,46481,Super Store Karad Budhwar Peth ES35,karad,17.291998,74.179054,,pune,city-nearest,154.34,18.5655,73.5988,2,24,119,19984,9992,proportional
darkstore,46483,Super Store Indore RAU Road ES26,indore,22.634937,75.79382,,indore,label,11.47,22.7196,75.8577,2,5,31,14771,7386,proportional
darkstore,46485,Super Store Jalna Millat Nagar ES37,jalna,19.84491,75.882164,,pune,city-nearest,256.03,18.6714,73.7836,2,24,119,19984,9992,proportional
darkstore,46487,Super Store Pune Sadashiv Peth ES173,pune,18.514366,73.832855,,pune,label,18.22,18.6714,73.7836,2,24,119,19984,9992,proportional
darkstore,46489,Super Store Bhopal Jatkhedi ES25,bhopal,23.180218,77.484535,,bhopal,label,11.51,23.2599,77.4126,1,2,28,8294,8294,proportional
darkstore,46491,Super Store Raniganj TBD College ES208,asansol,23.608074,87.10489,,ranchi,city-majority,185.11,23.3533,85.3112,2,6,47,32731,16365,stretched
darkstore,46527,Super Store Bilaspur Bharti Nagar ES3,bilaspur,22.068678,82.1358,,raipur,city-nearest,104.86,21.2514,81.6296,1,24,25,11862,11862,proportional
darkstore,46529,Super Store Ghazipur Mahuabagh ES8,ghazipur,25.58041,83.57191,,varanasi,city-nearest,66.78,25.3176,82.9739,2,8,34,18808,9404,proportional
darkstore,46531,Super Store Durg Mohan Nagar ES5,durg,21.210423,81.29561,,raipur,city-nearest,34.92,21.2514,81.6296,1,24,25,11862,11862,proportional
darkstore,46533,Super Store Ichalkaranji Jawahar Nagar ES36,ichalkaranji,16.696516,74.429665,,goa,city-nearest,156.56,15.3917,73.8791,2,35,34,17782,8891,proportional
darkstore,46535,Super Store Raipur Saptagiri Colony ES14,raipur,21.276596,81.618546,,raipur,label,3.03,21.2514,81.6296,1,24,25,11862,11862,proportional
darkstore,46537,Super Store Bhopal Bagmugaliya ES26,bhopal,23.186314,77.47311,,bhopal,label,10.26,23.2599,77.4126,1,2,28,8294,8294,proportional
darkstore,46539,Super Store Indore Bhawrasala ES28,indore,22.792149,75.83597,,indore,label,8.37,22.7196,75.8577,2,5,31,14771,7386,proportional
darkstore,46575,Super Store Jodhpur Baldeo Nagar ES6,jodhpur,26.292683,72.97955,,jaipur,city-nearest,285.93,26.8108,75.7953,2,11,77,28186,14093,proportional
darkstore,46609,Super Store Basti Madwa Nagar ES2,basti,26.800259,82.773994,,gorakhpur,city-nearest,56.56,26.7485,83.3408,8,8,13,11378,1422,concentrated
darkstore,46611,Super Store Nagpur Vivekanand Nagar ES23,nagpur,21.12405,79.06039,,nagpur,label,33.44,21.2912,78.7922,1,17,37,23108,23108,stretched
darkstore,46613,Super Store Azamgarh Sudanipuri ES7,azamgarh,26.052063,83.16292,,gorakhpur,city-nearest,79.44,26.7485,83.3408,8,8,13,11378,1422,concentrated
darkstore,46615,Super Store Delhi Vinod Nagar ES409,delhi,28.629768,77.30319,,noida,city-majority,13.54,28.5355,77.391,1,25,317,2527,2527,concentrated
darkstore,46617,Super Store Chennai Iyyapanthangal ES111,chennai,13.045901,80.145035,,chennai,label,14.21,13.0827,80.2707,3,13,98,33883,11294,proportional
darkstore,46619,Super Store Chennai Pattabiram ES112,chennai,13.118234,80.075,,chennai,label,12.68,13.2073,80.0018,3,13,98,33883,11294,proportional
darkstore,46625,Super Store Mumbai Nilje Palava ES278,thane,19.161898,73.08608,,mumbai,city-nearest,9.55,19.2433,73.0572,3,13,189,9344,3115,concentrated
darkstore,46661,Super Store Etah Police Line ES3,etah,27.538483,78.651344,,bareilly,city-nearest,115.18,28.3406,79.3932,5,12,28,28118,5624,proportional
darkstore,46663,Super Store Mangaluru North Kavoor ES13,mangalore,12.929316,74.87995,,mangalore,label,6.02,12.895,74.837,4,3,6,2318,579,concentrated
darkstore,46665,Super Store Bengaluru Prestige Bagmane ES308,bengaluru,12.926304,77.51945,,bengaluru,label,33.92,12.7159,77.746,3,59,220,52882,17627,stretched
darkstore,46667,Super Store Bengaluru Brigade Meadows ES309,bengaluru,12.833285,77.53047,,bengaluru,label,26.77,12.7159,77.746,3,59,220,52882,17627,stretched
darkstore,46669,Super Store Latur Shiv Nagar ES38,latur,18.402891,76.565605,,nizamabad,city-nearest,164.72,18.6742,78.1016,1,2,8,20135,20135,stretched
darkstore,46673,Super Store Kota Talwandi SIS ES25,kota,25.11095,75.8851,,jaipur,city-nearest,189.23,26.8108,75.7953,2,11,77,28186,14093,proportional
darkstore,46675,Flex Store Jhunjhunu BITS Pilani ES79,jhunjhunu,28.375322,75.59677,,farukhnagar,city-nearest,111.11,28.6559,76.6882,2,2,27,16301,8151,proportional
darkstore,46681,Super Store Arrah Mahavir Tola Road ES42,arrah,25.563602,84.614456,,patna,city-nearest,55.61,25.6331,85.1636,2,5,54,33224,16612,stretched
darkstore,46687,Super Store Mangaluru Deralakatte ES12,mangalore,12.794569,74.87995,,mangalore,label,8.28,12.858,74.84,4,3,6,2318,579,concentrated
darkstore,46691,Super Store Sagar Gopal Ganj ES11,sagar,23.846777,78.73068,,bhopal,city-nearest,149.36,23.2599,77.4126,1,2,28,8294,8294,proportional
darkstore,46727,Super Store Dewas Kalani Bagh ES10,dewas,22.971804,76.06182,,indore,city-nearest,34.99,22.7196,75.8577,2,5,31,14771,7386,proportional
darkstore,46729,Super Store Siliguri Jyoti Nagar ES206,siliguri,26.73143,88.463974,,siliguri,label,2.8,26.75,88.445,10,4,16,10303,1030,concentrated
darkstore,46731,Super Store Shikohabad Sudama Puri ES4,shikohabad,27.092356,78.563156,,bareilly,city-nearest,161.06,28.3406,79.3932,5,12,28,28118,5624,proportional
darkstore,46733,Super Store Dibrugarh Convoy Road ES21,dibrugarh,27.47605,94.934525,,guwahati,city-nearest,347.17,26.1829,91.7497,2,2,25,6032,3016,concentrated
darkstore,46735,Super Store Purnia Madhubani ES44,purnia,25.807854,87.449,,siliguri,city-nearest,140.52,26.728,88.415,10,4,16,10303,1030,concentrated
darkstore,46737,Super Store Rishikesh Station Road ES4,rishikesh,30.120642,78.29602,,dehradun,city-nearest,33.42,30.3165,78.0322,1,43,47,6372,6372,proportional
darkstore,46739,Super Store Hathras Naya Ganj ES10,hathras,27.603573,78.067986,,faridabad,city-nearest,115.94,28.4089,77.3178,1,7,53,10208,10208,proportional
darkstore,46743,Super Store Raipur Adarsh Nagar ES15,raipur,21.256739,81.668365,,raipur,label,4.06,21.2514,81.6296,1,24,25,11862,11862,proportional
darkstore,46745,Super Store Bhopal Lalita Nagar ES27,bhopal,23.156786,77.384056,,bhopal,label,11.83,23.2599,77.4126,1,2,28,8294,8294,proportional
darkstore,46749,Super Store Bhubaneshwar HB Colony ES16,bhubaneswar,20.273058,85.79544,,bhubaneswar,label,9.84,20.2765,85.7012,1,1,20,5276,5276,proportional
darkstore,46785,Super Store Chennai Thirumazhisai ES113,chennai,13.045866,80.076996,,chennai,label,19.71,13.2073,80.0018,3,13,98,33883,11294,proportional
darkstore,46791,Super Store Delhi Alipur ES410,delhi,28.771826,77.11426,,noida,city-majority,37.68,28.5355,77.391,1,25,317,2527,2527,concentrated
darkstore,46795,Super Store Jamnagar Pawanchakki ES24,jamnagar,22.432844,70.05148,,ahmedabad,city-nearest,237.31,22.9086,72.3062,1,38,118,38470,38470,stretched
darkstore,46797,Super Store Delhi Ibrahimpur ES404,delhi,28.752142,77.18507,,noida,city-majority,31.37,28.5355,77.391,1,25,317,2527,2527,concentrated
darkstore,46799,Super Store Delhi Nawada ES408,delhi,28.622257,77.0341,,noida,city-majority,36.16,28.5355,77.391,1,25,317,2527,2527,concentrated
darkstore,46801,Super Store Jammu Sidhra ES14,jammu,32.747932,74.90422,,jammu,label,3.33,32.7216,74.8873,13,10,31,14483,1114,concentrated
darkstore,46803,Flex Store Pune Lavale Symbiosis ES175,pune,18.553915,73.72702,,pune,label,13.58,18.5655,73.5988,2,24,119,19984,9992,proportional
darkstore,46805,Super Store Guntur Stambala Garuvu ES6,guntur,16.290497,80.39787,,vijayawada,city-nearest,35.18,16.4977,80.6471,1,26,22,21290,21290,stretched
darkstore,46809,Super Store Bhubaneswar Pahala ES18,bhubaneswar,20.324413,85.875946,,bhubaneswar,label,18.99,20.2765,85.7012,1,1,20,5276,5276,proportional
darkstore,46847,Super Store Amritsar Mohan Nagar ES144,amritsar,31.61816,74.8769,,jammu,city-nearest,113.13,32.635,74.918,13,10,31,14483,1114,concentrated
darkstore,46849,Super Store Baraut Gandhi Road ES12,baraut,29.081875,77.29935,,kundli,city-nearest,27.02,29.0048,77.0358,1,4,20,7830,7830,proportional
darkstore,46851,Super Store Bhuj Arihant Nagar ES25,bhuj,23.24179,69.63984,,ahmedabad,city-nearest,275.26,22.9086,72.3062,1,38,118,38470,38470,stretched
darkstore,46855,Super Store Himatnagar Dowlat Villas ES26,himatnagar,23.605246,72.96241,,ahmedabad,city-nearest,102.44,22.9086,72.3062,1,38,118,38470,38470,stretched
darkstore,46857,Super Store Delhi SSN Marg ES419,delhi,28.495684,77.1665,,noida,city-majority,22.38,28.5355,77.391,1,25,317,2527,2527,concentrated
darkstore,46859,Super Store Gurgaon Aravali Hills ES192,gurgaon,28.436462,77.12838,,gurgaon,label,10.28,28.4595,77.0266,1,7,87,898,898,concentrated
darkstore,46861,Super Store Pune Dehu Alandi Road ES176,pune,18.70124,73.78322,,pune,label,3.32,18.6714,73.7836,2,24,119,19984,9992,proportional
darkstore,46895,Super Store Khurja Peeli Kothi ES11,khurja,28.246534,77.84517,,faridabad,city-nearest,54.68,28.4089,77.3178,1,7,53,10208,10208,proportional
darkstore,46901,Super Store Delhi Paharganj ES416,delhi,28.636827,77.20962,,noida,city-majority,20.99,28.5355,77.391,1,25,317,2527,2527,concentrated
darkstore,46907,Super Store Bengaluru Sarjapura ES310,bengaluru,12.851765,77.77852,,bengaluru,label,15.51,12.7159,77.746,3,59,220,52882,17627,stretched
darkstore,46911,Super Store Delhi Bawana Road ES415,delhi,28.78626,77.06465,,noida,city-majority,42.32,28.5355,77.391,1,25,317,2527,2527,concentrated
darkstore,46913,Super Store Jodhpur Pal Village ES7,jodhpur,26.247768,72.97955,,jaipur,city-nearest,287.03,26.8108,75.7953,2,11,77,28186,14093,proportional
darkstore,46915,Super Store Gulbarga Yadulla Colony ES15,gulbarga,17.349209,76.87969,,hyderabad,city-nearest,170.59,17.385,78.4867,3,100,131,39128,13042,proportional
darkstore,46917,Super Store Patna Khagaul ES46,patna,25.582375,85.01137,,patna,label,16.27,25.6331,85.1636,2,5,54,33224,16612,stretched
darkstore,46919,Super Store Bengaluru Soukya Road ES311,bengaluru,12.971819,77.81702,,bengaluru,label,11.4,13.0743,77.8171,3,59,220,52882,17627,stretched
darkstore,46921,Super Store Bengaluru Kumaraswamy ES313,bengaluru,12.909424,77.55589,,bengaluru,label,29.8,12.7159,77.746,3,59,220,52882,17627,stretched
darkstore,46923,Super Store Bhilwara Peepli Chauraha ES26,bhilwara,25.33831,74.64317,,jaipur,city-nearest,200.12,26.8108,75.7953,2,11,77,28186,14093,proportional
darkstore,46959,Super Store Coimbatore Thudiyalur ES8,coimbatore,11.062449,76.962555,,coimbatore,label,12.52,10.9795,77.0401,1,9,46,40154,40154,stretched
darkstore,46963,Super Store Jhajjar Bhatti Gate ES10,jhajjar,28.593864,76.653465,,farukhnagar,city-nearest,7.69,28.6559,76.6882,2,2,27,16301,8151,proportional
darkstore,46967,Flex Store Coimbatore Karunya University ES10,coimbatore,10.940569,76.75251,,coimbatore,label,31.69,10.9795,77.0401,1,9,46,40154,40154,stretched
darkstore,46969,Super Store Durgapur Bidhan Nagar ES3,durgapur,23.496243,87.370834,,kolkata,city-majority,134.3,22.674,88.3325,3,11,121,18889,6296,proportional
darkstore,46973,Super Store Coimbatore Gandhipuram ES11,coimbatore,11.016692,76.970055,,coimbatore,label,8.69,10.9795,77.0401,1,9,46,40154,40154,stretched
darkstore,46975,Super Store Daltonganj Sarvodaya Nagar ES1,deoghar,24.028189,84.115074,,ranchi,city-nearest,143.06,23.3533,85.3112,2,6,47,32731,16365,stretched
darkstore,46983,Super Store Patna IIT Campus ES48,patna,25.566296,84.87858,,patna,label,29.53,25.6331,85.1636,2,5,54,33224,16612,stretched
darkstore,46985,Super Store Salem Gugai ES9,salem,11.644848,78.13649,,bengaluru,city-nearest,126.43,12.7159,77.746,3,59,220,52882,17627,stretched
darkstore,46987,Super Store Darbhanga Mirzapur ES3,darbhanga,26.151579,85.897224,,patna,city-nearest,93.13,25.6106,85.1866,2,5,54,33224,16612,stretched
darkstore,46989,Super Store Patna Aashiyana ES49,patna,25.605478,85.08265,,patna,label,8.68,25.6331,85.1636,2,5,54,33224,16612,stretched
darkstore,46991,Super Store Jaipur Shankar Nagar ES80,jaipur,26.933617,75.819855,,jaipur,label,11.25,27.032,75.7932,2,11,77,28186,14093,proportional
darkstore,46995,Super Store Trivandrum Kumarapuram ES10,trivandrum,8.515829,76.90898,,trivandrum,label,3.97,8.518,76.945,6,2,8,3071,512,concentrated
darkstore,47029,Super Store Chennai Ekkatuthangal ES115,chennai,13.003558,80.19073,,chennai,label,12.35,13.0827,80.2707,3,13,98,33883,11294,proportional
darkstore,47031,Flex Store Gurgaon Amity University ES195,gurgaon,28.30071,76.86319,,gurgaon,label,23.82,28.4595,77.0266,1,7,87,898,898,concentrated
darkstore,47035,Super Store Coimbatore Town Hall ES9,coimbatore,11.000088,76.949005,,coimbatore,label,10.2,10.9795,77.0401,1,9,46,40154,40154,stretched
darkstore,47037,Super Store Daman Nani ES2,dadra and nagar haveli,20.418447,72.83734,,surat,city-nearest,83.59,21.1702,72.8311,2,7,30,10654,5327,proportional
darkstore,47043,Super Store Ahmedabad Gota Ognaj ES89,ahmedabad,23.118416,72.502014,,ahmedabad,label,30.76,22.9086,72.3062,1,38,118,38470,38470,stretched
darkstore,47051,Super Store Udaipur Bhuwana ES12,udaipur,24.609089,73.72014,,ahmedabad,city-nearest,237.61,22.9086,72.3062,1,38,118,38470,38470,stretched
darkstore,47060,Super Store Ahmedabad Paldi ES90,ahmedabad,22.986813,72.564125,,ahmedabad,label,27.81,22.9086,72.3062,1,38,118,38470,38470,stretched
darkstore,47064,Super Store Barnala Guru Nanak Nagar ES145,barnala,30.374733,75.544754,,ludhiana,city-nearest,65.71,30.9009,75.8573,2,2,51,38214,19107,stretched
darkstore,47066,Super Store Bilaspur Kashimpara ES4,bilaspur,22.076927,82.18581,,raipur,city-nearest,108.31,21.2514,81.6296,1,24,25,11862,11862,proportional
darkstore,47072,Super Store Jabalpur Vijay Nagar ES11,jabalpur,23.20054,79.91491,,nagpur,city-nearest,241.71,21.2912,78.7922,1,17,37,23108,23108,stretched
darkstore,47108,Super Store Gurgaon Chakkarpur 3 ES197,gurgaon,28.479467,77.08714,,gurgaon,label,6.32,28.4595,77.0266,1,7,87,898,898,concentrated
darkstore,47110,Super Store Kharagpur Malancha Road ES2,kharagpur,22.345758,87.285194,,kolkata,city-nearest,92.63,22.4825,88.1741,3,11,121,18889,6296,proportional
darkstore,47112,Super Store Tiruchirappalli Kajamalai ES2,tiruchirappalli,10.770796,78.69518,,coimbatore,city-nearest,182.22,10.9795,77.0401,1,9,46,40154,40154,stretched
darkstore,47114,Super Store Kadapa Nagarajupeta ES2,kadapa,14.477385,78.8233,,chennai,city-nearest,190.09,13.2073,80.0018,3,13,98,33883,11294,proportional
darkstore,47116,Super Store Indore Super Corridor ES29,indore,22.747149,75.802185,,indore,label,6.47,22.7196,75.8577,2,5,31,14771,7386,proportional
darkstore,47118,Super Store Patna Parsa ES50,patna,25.565287,85.128,,patna,label,7.74,25.6106,85.1866,2,5,54,33224,16612,stretched
darkstore,47122,Super Store Indore Sudama Nagar ES30,indore,22.68755,75.84214,,indore,label,3.9,22.7196,75.8577,2,5,31,14771,7386,proportional
darkstore,47196,Super Store Shamli Kamla Colony ES14,shamli,29.449162,77.31363,,kundli,city-nearest,56.29,29.0048,77.0358,1,4,20,7830,7830,proportional
darkstore,47198,Super Store Malda Mirchak Road ES215,malda,25.027775,88.12737,,siliguri,city-nearest,191.23,26.728,88.415,10,4,16,10303,1030,concentrated
darkstore,47278,Super Store Bahadurgarh Sector 6 ES4,bahadurgarh,28.666162,76.91686,,farukhnagar,city-majority,22.34,28.6559,76.6882,2,2,27,16301,8151,proportional
darkstore,47284,Super Store Delhi Durga Puri ES422,shahdara,28.683369,77.296715,,noida,city-nearest,18.84,28.5355,77.391,1,25,317,2527,2527,concentrated
darkstore,47286,Super Store Delhi Saidujulab ES421,delhi,28.518896,77.201454,,noida,city-majority,18.61,28.5355,77.391,1,25,317,2527,2527,concentrated
darkstore,47288,Super Store Hyderabad Isnapur ES198,hyderabad,17.532858,78.21958,,hyderabad,label,32.76,17.385,78.4867,3,100,131,39128,13042,proportional
darkstore,47292,Super Store Karnal Friends Colony ES8,karnal,29.682995,76.966125,,kundli,city-nearest,75.71,29.0048,77.0358,1,4,20,7830,7830,proportional
darkstore,47298,Super Store Shillong Laitumkhrah ES2,shillong,25.560621,91.90564,,guwahati,city-nearest,66.43,26.1259,91.6907,2,2,25,6032,3016,concentrated
darkstore,47300,Super Store UP-NCR Capetown Road ES226,delhi,28.579195,77.40088,,noida,city-majority,4.95,28.5355,77.391,1,25,317,2527,2527,concentrated
darkstore,47302,Super Store UP-NCR Sector 75 ES229,delhi,28.5903,77.38905,,noida,city-majority,6.1,28.5355,77.391,1,25,317,2527,2527,concentrated
darkstore,47340,FS Tiruchirappalli NIT Trichy ES3,tiruchirappalli,10.734496,78.75496,,coimbatore,city-nearest,189.24,10.9795,77.0401,1,9,46,40154,40154,stretched
darkstore,47346,Super Store Bokaro Tara Nagar ES3,bokaro,23.620596,86.16755,,ranchi,city-nearest,92.25,23.3533,85.3112,2,6,47,32731,16365,stretched
darkstore,47350,Super Store Kochi Nettoor ES13,kochi,9.919095,76.31452,,coimbatore,city-nearest,142.12,10.9795,77.0401,1,9,46,40154,40154,stretched
darkstore,47386,Super Store Morbi Genda Circle ES27,morbi,22.823477,70.85412,,ahmedabad,city-nearest,149.08,22.9086,72.3062,1,38,118,38470,38470,stretched
darkstore,47388,Super Store Varanasi Ramnagar ES19,varanasi,25.266293,83.03971,,varanasi,label,8.74,25.3176,82.9739,2,8,34,18808,9404,proportional
darkstore,47390,Super Store Surat Udhana Gam ES17,surat,21.15749,72.83057,,surat,label,1.41,21.1702,72.8311,2,7,30,10654,5327,proportional
darkstore,47394,Super Store Kochi North Edappally ES15,kochi,10.0419655,76.28594,,coimbatore,city-nearest,132.91,10.9795,77.0401,1,9,46,40154,40154,stretched
darkstore,47396,Super Store Jodhpur Ratnada ES8,jodhpur,26.273344,73.04874,,jaipur,city-nearest,279.67,26.8108,75.7953,2,11,77,28186,14093,proportional
darkstore,47400,Super Store Kozhikode Thondayad ES11,kozhikode,11.265029,75.823875,,coimbatore,city-nearest,136.44,10.9795,77.0401,1,9,46,40154,40154,stretched
darkstore,47402,Super Store Trivandrum Sasthamangalam ES12,trivandrum,8.517143,76.97979,,trivandrum,label,0.91,8.5204,76.9722,6,2,8,3071,512,concentrated
darkstore,47404,Super Store Kochi Elamakkara ES11,kochi,10.016941,76.28412,,coimbatore,city-nearest,135.23,10.9795,77.0401,1,9,46,40154,40154,stretched
darkstore,47440,Super Store Sawai Madhopur Civil Lines ES28,sawai madhopur,26.022243,76.36488,,jaipur,city-nearest,104.43,26.8108,75.7953,2,11,77,28186,14093,proportional
darkstore,47478,Super Store Ranchi Dipatoli ES16,ranchi,23.399841,85.39569,,ranchi,label,10.06,23.3533,85.3112,2,6,47,32731,16365,stretched
darkstore,47480,Super Store Rupnagar Aman Nagar ES147,rupnagar,30.96643,76.524025,,mohali,city-nearest,33.72,30.7028,76.6985,1,1,62,7121,7121,proportional
darkstore,47482,Super Store Varanasi Tara Nagar Colony ES16,varanasi,25.271378,82.99749,,varanasi,label,5.66,25.3176,82.9739,2,8,34,18808,9404,proportional
darkstore,47484,Super Store UP-NCR Galgotias ES230,delhi,28.363539,77.56794,,noida,city-majority,25.79,28.5355,77.391,1,25,317,2527,2527,concentrated
darkstore,47488,Super Store Delhi Budh Vihar Phase 1 ES427,delhi,28.70962,77.08755,,noida,city-majority,35.39,28.5355,77.391,1,25,317,2527,2527,concentrated
darkstore,47490,Super Store Delhi Shakti Nagar ES426,delhi,28.674646,77.200806,,noida,city-majority,24.17,28.5355,77.391,1,25,317,2527,2527,concentrated
darkstore,47526,Super Store Jalandhar Basti Bawa Khel ES148,jalandhar,31.322079,75.52961,,ludhiana,city-nearest,56.27,30.9009,75.8573,2,2,51,38214,19107,stretched
darkstore,47562,Super Store Budaun Jogipura ES13,budaun,28.031855,79.11079,,bareilly,city-nearest,44.1,28.3406,79.3932,5,12,28,28118,5624,proportional
darkstore,47564,Super Store Shillong Marwroh ES3,shillong,25.594154,91.91237,,guwahati,city-nearest,63.15,26.1259,91.6907,2,2,25,6032,3016,concentrated
darkstore,47568,Super Store Bahraich Brahmnipura ES15,bahraich,27.559849,81.608986,,lucknow,city-nearest,105.34,26.7875,80.9923,2,7,92,39582,19791,stretched
darkstore,47570,Super Store Bhubaneswar Botanda ES20,bhubaneswar,20.217718,85.78905,,bhubaneswar,label,11.26,20.2765,85.7012,1,1,20,5276,5276,proportional
darkstore,47574,Super Store Hansi Gandhi Nagar ES11,hansi,29.099354,75.96922,,farukhnagar,city-nearest,85.63,28.6559,76.6882,2,2,27,16301,8151,proportional
darkstore,47578,Super Store Mumbai Saat Bangla ES285,mumbai,19.126383,72.82085,,mumbai,label,28.02,19.2433,73.0572,3,13,189,9344,3115,concentrated
darkstore,47580,Super Store Chennai Uthandi ES116,chennai,12.890064,80.240746,,chennai,label,21.66,13.0827,80.2707,3,13,98,33883,11294,proportional
darkstore,47584,Super Store Jorhat Nehru Park ES24,jorhat,26.741957,94.1858,,guwahati,city-nearest,250.34,26.1829,91.7497,2,2,25,6032,3016,concentrated
darkstore,47586,Super Store UP-NCR Dadri ES231,ghaziabad,28.539742,77.539825,,noida,city-majority,14.55,28.5355,77.391,1,25,317,2527,2527,concentrated
darkstore,47594,Super Store Bengaluru Kengeri ES319,bengaluru,12.938793,77.45829,,bengaluru,label,39.44,13.082,77.7913,3,59,220,52882,17627,stretched
darkstore,47596,Super Store Jodhpur Lal Bagh ES9,jodhpur,26.347246,73.05234,,jaipur,city-nearest,277.59,26.8108,75.7953,2,11,77,28186,14093,proportional
darkstore,47664,Super Store Lucknow Bijnor Bazaar ES95,lucknow,26.737091,80.928795,,lucknow,label,1.99,26.7474,80.9452,2,7,92,39582,19791,stretched
darkstore,47666,Super Store Lucknow Dalibagh Colony ES94,lucknow,26.841911,80.95553,,lucknow,label,7.07,26.7875,80.9923,2,7,92,39582,19791,stretched
darkstore,47700,Super Store Udaipur Mewar Hospital ES13,udaipur,24.646576,73.668945,,ahmedabad,city-nearest,237.85,22.9086,72.3062,1,38,118,38470,38470,stretched
darkstore,47702,Super Store Tezpur Mahabhairab ES23,guwahati,26.660881,92.80786,,guwahati,label,118.02,26.1829,91.7497,2,2,25,6032,3016,concentrated
darkstore,47776,Super Store Mumbai Nahar Amritshakti ES287,mumbai,19.109505,72.89382,,mumbai,label,22.71,19.2433,73.0572,3,13,189,9344,3115,concentrated
darkstore,47814,Super Store Mughalsarai GT Road ES16,mughalsarai,25.278475,83.10491,,varanasi,city-nearest,13.87,25.3176,82.9739,2,8,34,18808,9404,proportional
darkstore,47854,Super Store Hyderabad RTC X Roads ES201,hyderabad,17.404335,78.49325,,hyderabad,label,2.26,17.385,78.4867,3,100,131,39128,13042,proportional
darkstore,47894,Flex Store Perundurai Kongu Engineering College ES10,perundurai,11.278873,77.59389,,coimbatore,city-nearest,68.98,10.9795,77.0401,1,9,46,40154,40154,stretched
darkstore,47928,Flex Store Chennai Vel Tech ES117,chennai,13.184223,80.10352,,chennai,label,11.31,13.2073,80.0018,3,13,98,33883,11294,proportional
darkstore,47930,Super Store Jamshedpur S Type ES16,jamshedpur,22.78624,86.166595,,ranchi,city-nearest,106.57,23.3348,85.3125,2,6,47,32731,16365,stretched
darkstore,47932,Super Store UP-NCR Ahinsa Khand ES232,ghaziabad,28.657282,77.384964,,noida,city-majority,13.55,28.5355,77.391,1,25,317,2527,2527,concentrated
darkstore,47934,Super Store Coimbatore Podanur ES13,coimbatore,10.960863,76.976776,,coimbatore,label,7.22,10.9795,77.0401,1,9,46,40154,40154,stretched
darkstore,47968,Super Store Orai Raj Marg ES17,orai,26.00864,79.44788,,jhansi,city-nearest,107.15,25.4625,78.5665,4,15,12,12150,3038,concentrated
darkstore,48006,Super Store Gurgaon Sector 90 ES198,gurgaon,28.374687,76.93257,,gurgaon,label,13.17,28.4595,77.0266,1,7,87,898,898,concentrated
darkstore,48014,Super Store Abohar Ekta Colony ES149,abohar,30.142197,74.19561,,ludhiana,city-nearest,180.14,30.9009,75.8573,2,2,51,38214,19107,stretched
darkstore,48048,Super Store Gwalior Anand Nagar ES8,gwalior,26.248415,78.17212,,jhansi,city-nearest,93.67,25.47,78.53,4,15,12,12150,3038,concentrated
darkstore,48050,Super Store Delhi Daryaganj ES430,delhi,28.638788,77.24883,,noida,city-majority,18.02,28.5355,77.391,1,25,317,2527,2527,concentrated
darkstore,48052,Super Store Kolkata Aiims ES221,kolkata,22.951078,88.470345,,kolkata,label,24.19,22.7337,88.4787,3,11,121,18889,6296,proportional
darkstore,48054,Super Store Delhi Sangam Vihar ES429,delhi,28.515665,77.225204,,noida,city-majority,16.35,28.5355,77.391,1,25,317,2527,2527,concentrated
darkstore,48094,Super Store Guwahati Azara ES27,guwahati,26.138771,91.59389,,guwahati,label,9.77,26.1259,91.6907,2,2,25,6032,3016,concentrated
darkstore,48096,Super Store Tirupati Tiruchanur ES4,tirupati,13.619157,79.44903,,chennai,city-nearest,75.31,13.2073,80.0018,3,13,98,33883,11294,proportional
darkstore,48098,Super Store Hyderabad Gandi Maisamma ES202,hyderabad,17.584618,78.420876,,hyderabad,label,16.12,17.5366,78.5643,3,100,131,39128,13042,proportional
darkstore,48102,Super Store Nagpur Koradi Road ES25,nagpur,21.208889,79.09502,,nagpur,label,32.69,21.2912,78.7922,1,17,37,23108,23108,stretched
darkstore,48106,Super Store Mumbai Vasai Waliv ES289,mumbai,19.430508,72.84795,,mumbai,label,30.25,19.2433,73.0572,3,13,189,9344,3115,concentrated
darkstore,48140,Super Store Mumbai Dharavi ES292,mumbai,19.04181,72.84437,,mumbai,label,31.65,19.2433,73.0572,3,13,189,9344,3115,concentrated
darkstore,48142,Super Store Kolkata Bhadreshwar ES223,kolkata,22.792055,88.33758,,kolkata,label,13.14,22.674,88.3325,3,11,121,18889,6296,proportional
darkstore,48144,Super Store Haridwar Shyam Nagar ES8,haridwar,29.92277,78.113625,,dehradun,city-nearest,44.48,30.3165,78.0322,1,43,47,6372,6372,proportional
darkstore,48146,Super Store Purulia Old Manbazar ES222,purulia,23.339075,86.34016,,ranchi,city-nearest,104.92,23.3348,85.3125,2,6,47,32731,16365,stretched
darkstore,48150,Super Store Amritsar Khazana Gate ES150,amritsar,31.617182,74.83858,,jammu,city-nearest,113.42,32.635,74.918,13,10,31,14483,1114,concentrated
darkstore,48152,Super Store Gaya Manpur ES55,gaya,24.81087,85.02878,,patna,city-nearest,90.33,25.6106,85.1866,2,5,54,33224,16612,stretched
darkstore,48154,Super Store Mumbai Boisar ES291,mumbai,19.79923,72.76882,,mumbai,label,68.81,19.2433,73.0572,3,13,189,9344,3115,concentrated
darkstore,48156,Super Store Asansol Burnpur ES3,asansol,23.633617,86.96874,,ranchi,city-majority,171.88,23.3533,85.3112,2,6,47,32731,16365,stretched
darkstore,48158,Super Store Mumbai Goregaon Pathanwadi ES293,mumbai,19.176634,72.86385,,mumbai,label,21.61,19.2433,73.0572,3,13,189,9344,3115,concentrated
darkstore,48194,Super Store Trivandrum Kulathoor ES14,trivandrum,8.570098,76.872215,,trivandrum,label,0.78,8.568,76.879,6,2,8,3071,512,concentrated
darkstore,48196,Flex Store Kharar Chandigarh University ES154,kharar,30.779861,76.560936,,mohali,city-nearest,15.69,30.7028,76.6985,1,1,62,7121,7121,proportional
darkstore,48234,Super Store UP-NCR Loni ES235,delhi,28.761627,77.297195,,noida,city-majority,26.76,28.5355,77.391,1,25,317,2527,2527,concentrated
darkstore,48236,Super Store Jaipur Hathoj Bus Stand ES82,jaipur,26.974195,75.68034,,jaipur,label,12.9,27.032,75.7932,2,11,77,28186,14093,proportional
darkstore,48238,Super Store Jodhpur Mandor Road ES10,jodhpur,26.30038,73.0345,,jaipur,city-nearest,280.4,26.8108,75.7953,2,11,77,28186,14093,proportional
darkstore,48240,Super Store Kota Model Town ES31,kota,25.22689,75.871826,,jaipur,city-nearest,176.29,26.8108,75.7953,2,11,77,28186,14093,proportional
darkstore,48244,Super Store Gaya Bodh ES58,gaya,24.7134,84.94791,,patna,city-nearest,102.62,25.6106,85.1866,2,5,54,33224,16612,stretched
darkstore,48246,Super Store Gangtok Krishi Bhawan ES1,gangtok,27.31572,88.60098,,gangtok,label,2.31,27.334,88.612,1,0,1,38,38,concentrated
darkstore,48248,Super Store Bardhaman Golap Bagh ES3,bardhaman,23.265364,87.8491,,kolkata,city-nearest,82.3,22.674,88.3325,3,11,121,18889,6296,proportional
darkstore,48252,Super Store Hyderabad Keshava Nagar ES207,hyderabad,17.369366,78.56754,,hyderabad,label,8.75,17.385,78.4867,3,100,131,39128,13042,proportional
darkstore,48254,Super Store Chennai Koyembedu Rohini ES120,chennai,13.068015,80.17359,,chennai,label,10.64,13.0827,80.2707,3,13,98,33883,11294,proportional
darkstore,48290,Super Store Ambikapur Bramha Road ES16,ambikapur,23.120993,83.20249,,ranchi,city-nearest,216.91,23.3348,85.3125,2,6,47,32731,16365,stretched
darkstore,48292,Super Store Itarsi Suraj Ganj ES13,itarsi,22.596254,77.775566,,bhopal,city-nearest,82.63,23.2599,77.4126,1,2,28,8294,8294,proportional
darkstore,48294,Super Store Buxar Ambedkar Chowk ES56,buxar,25.563751,83.982315,,varanasi,city-nearest,104.89,25.3176,82.9739,2,8,34,18808,9404,proportional
darkstore,48296,Super Store Anakapalle Woodpeta ES4,anakapalle,17.69906,83.003105,,visakhapatnam,city-nearest,23.51,17.7487,83.2189,1,6,20,4779,4779,proportional
darkstore,48304,Super Store Tiruppur Noyyal ES11,tiruppur,11.10961,77.35345,,coimbatore,city-nearest,37.13,10.9795,77.0401,1,9,46,40154,40154,stretched
darkstore,48306,Super Store Pune Rambaug Colony ES186,pune,18.505766,73.818825,,pune,label,18.79,18.6714,73.7836,2,24,119,19984,9992,proportional
darkstore,48308,Super Store Karimnagar Jyothinagar ES204,karimnagar,18.459517,79.11566,,nizamabad,city-nearest,109.52,18.6742,78.1016,1,2,8,20135,20135,stretched
darkstore,48353,Super Store Sangareddy Manjeera Nagar ES205,sangareddy,17.611368,78.077,,hyderabad,city-nearest,50.21,17.385,78.4867,3,100,131,39128,13042,proportional
darkstore,48387,Super Store Bardoli Sardar Patel Museum ES28,bardoli,21.115665,73.10704,,surat,city-majority,29.25,21.1702,72.8311,2,7,30,10654,5327,proportional
darkstore,48389,Super Store Kochi Kaloor ES14,kochi,10.003018,76.31565,,coimbatore,city-nearest,134.4,10.9795,77.0401,1,9,46,40154,40154,stretched
darkstore,48393,Super Store UP-NCR Ram Park ES234,ghaziabad,28.761127,77.25355,,noida,city-majority,28.45,28.5355,77.391,1,25,317,2527,2527,concentrated
darkstore,48399,Super Store Chennai Ram Nagar ES119,chennai,12.950126,80.210175,,chennai,label,16.13,13.0827,80.2707,3,13,98,33883,11294,proportional
darkstore,48405,Super Store Bankura Bypass ES225,bankura,23.227468,87.05327,,kolkata,city-nearest,141.6,22.4825,88.1741,3,11,121,18889,6296,proportional
darkstore,48441,Super Store Mumbai Ulhasnagar Colony ES296,mumbai,19.192947,73.15972,,mumbai,label,12.13,19.2433,73.0572,3,13,189,9344,3115,concentrated
darkstore,48445,Super Store Mau Junction ES18,mau,25.947094,83.57521,,gorakhpur,city-nearest,90.94,26.745,83.375,8,8,13,11378,1422,concentrated
darkstore,48447,Super Store Mahbubnagar Rajendra Nagar ES203,mahbubnagar,16.74796,78.00919,,hyderabad,city-nearest,87.14,17.385,78.4867,3,100,131,39128,13042,proportional
darkstore,48449,Super Store Dehradun Baronwala ES33,dehradun,30.309784,77.91602,,dehradun,label,11.18,30.3165,78.0322,1,43,47,6372,6372,proportional
darkstore,48451,Super Store Machilipatnam Koneru Centre ES3,machilipatnam,16.181458,81.127884,,vijayawada,city-nearest,62.2,16.4977,80.6471,1,26,22,21290,21290,stretched
darkstore,48453,Super Store Kurnool Kalluru ES32,kurnool,15.8096285,78.05626,,hyderabad,city-nearest,181.08,17.385,78.4867,3,100,131,39128,13042,proportional
darkstore,48455,Super Store Hyderabad Thumukunta ES208,hyderabad,17.554506,78.551056,,hyderabad,label,2.44,17.5366,78.5643,3,100,131,39128,13042,proportional
darkstore,48457,Super Store Mumbai Central ES295,mumbai,18.965864,72.828766,,mumbai,label,35.72,19.0513,73.1563,3,13,189,9344,3115,concentrated
darkstore,48461,Super Store Dehradun Shewala Kala ES32,dehradun,30.284275,77.99811,,dehradun,label,4.85,30.3165,78.0322,1,43,47,6372,6372,proportional
darkstore,48467,Super Store Jaipur Lal Kothi ES83,jaipur,26.876968,75.80959,,jaipur,label,7.49,26.8108,75.7953,2,11,77,28186,14093,proportional
darkstore,48501,Super Store Jalandhar New Defence Colony ES151,jalandhar,31.29569,75.63535,,ludhiana,city-nearest,48.72,30.9009,75.8573,2,2,51,38214,19107,stretched
darkstore,48503,Super Store Dhanbad Gobindpur ES4,dhanbad,23.829647,86.50918,,ranchi,city-nearest,133.07,23.3533,85.3112,2,6,47,32731,16365,stretched
darkstore,48505,Super Store Kangra Adarsh Colony ES7,kangra,32.102444,76.27028,,ludhiana,city-nearest,139.22,30.9009,75.8573,2,2,51,38214,19107,stretched
darkstore,48509,Super Store Nalgonda Clock Tower ES209,nalgonda,17.040636,79.29707,,hyderabad,city-nearest,94.21,17.385,78.4867,3,100,131,39128,13042,proportional
darkstore,48511,Super Store Nandyal Statebank Colony ES5,nandyal,15.485599,78.490814,,hyderabad,city-nearest,211.2,17.385,78.4867,3,100,131,39128,13042,proportional
darkstore,48513,Super Store Rajnandgaon Fawara Chowk ES18,rajnandgaon,21.09923,81.03727,,raipur,city-nearest,63.71,21.2514,81.6296,1,24,25,11862,11862,proportional
darkstore,48515,Super Store Dumka Tin Bazaar ES2,dumka,24.268518,87.24884,,kolkata,city-nearest,208.93,22.674,88.3325,3,11,121,18889,6296,proportional
darkstore,48517,Super Store Dharamshala Sidhpur ES8,dharamshala,32.19148,76.33574,,jammu,city-nearest,141.93,32.635,74.918,13,10,31,14483,1114,concentrated
darkstore,48587,Super Store Kolar Antharagange RD ES17,kolar,13.164522,78.13649,,bengaluru,city-nearest,36.01,13.0743,77.8171,3,59,220,52882,17627,stretched
darkstore,48599,Super Store Ludhiana Model Town ES152,ludhiana,30.889862,75.850784,,ludhiana,label,1.38,30.9009,75.8573,2,2,51,38214,19107,stretched
darkstore,48601,Super Store Muktsar Deep Nagar ES155,muktsar,30.4673,74.51801,,ludhiana,city-nearest,136.85,30.9009,75.8573,2,2,51,38214,19107,stretched
darkstore,48603,Super Store Kishangarh Subhash Colony ES33,kishangarh,26.564165,74.810684,,jaipur,city-majority,101.59,26.8108,75.7953,2,11,77,28186,14093,proportional
darkstore,48609,Super Store Kochi Pachalam ES17,kochi,9.977901,76.282974,,coimbatore,city-nearest,138.77,10.9795,77.0401,1,9,46,40154,40154,stretched
darkstore,48647,Super Store Ballari Cowl Bazar ES18,ballari,15.164553,76.88984,,bengaluru,city-nearest,251.14,13.082,77.7913,3,59,220,52882,17627,stretched
darkstore,48651,Super Store Chennai Mangadu ES124,chennai,13.045019,80.10753,,chennai,label,18.16,13.0827,80.2707,3,13,98,33883,11294,proportional
darkstore,48653,Super Store UP-NCR Rani Laxmibai ES236,ghaziabad,28.608555,77.42016,,noida,city-majority,8.61,28.5355,77.391,1,25,317,2527,2527,concentrated
darkstore,48655,Super Store Kolkata Gariahat ES230,kolkata,22.523708,88.35177,,kolkata,label,16.83,22.674,88.3325,3,11,121,18889,6296,proportional
darkstore,48659,Super Store Madanapalle Krishna Nagar ES6,madanapalle,13.554695,78.50512,,bengaluru,city-nearest,91.63,13.0743,77.8171,3,59,220,52882,17627,stretched
darkstore,48737,Super Store Muzaffarnagar Roorkee RD ES20,muzaffarnagar,29.48955,77.71316,,kundli,city-majority,84.99,29.0048,77.0358,1,4,20,7830,7830,proportional
darkstore,48743,Super Store Raigarh Palace Road ES17,raigarh,21.893644,83.39632,,raipur,city-nearest,196.15,21.2514,81.6296,1,24,25,11862,11862,proportional
darkstore,48745,Super Store Nellore Kisan Nagar ES4,nellore,14.475403,79.992325,,chennai,city-nearest,141.01,13.2073,80.0018,3,13,98,33883,11294,proportional
darkstore,48747,Super Store UP-NCR Salarpur ES237,delhi,28.541975,77.38699,,noida,city-majority,0.82,28.5355,77.391,1,25,317,2527,2527,concentrated
darkstore,48785,Super Store Nawada Sherpur ES61,nawada,24.884089,85.542625,,patna,city-nearest,88.36,25.6106,85.1866,2,5,54,33224,16612,stretched
darkstore,48793,Super Store Ahmedabad Navrangpura ES94,ahmedabad,23.033293,72.55548,,ahmedabad,label,29.04,22.9086,72.3062,1,38,118,38470,38470,stretched
darkstore,48801,Super Store Amritsar Verka ES159,amritsar,31.663898,74.93905,,jammu,city-nearest,108.0,32.635,74.918,13,10,31,14483,1114,concentrated
darkstore,48807,Super Store Mumbai New Panvel ES300,mumbai,18.97765,73.14943,,mumbai,label,8.22,19.0513,73.1563,3,13,189,9344,3115,concentrated
darkstore,48811,Super Store Tumkur Gubbi Gate ES20,tumkur,13.33963,77.08041,,bengaluru,city-nearest,82.11,13.082,77.7913,3,59,220,52882,17627,stretched
darkstore,48813,Super Store Kolkata Bally ES231,kolkata,22.64552,88.33282,,kolkata,label,3.17,22.674,88.3325,3,11,121,18889,6296,proportional
darkstore,48849,Flex Store Ambala Maharishi Markandeshwar ES157,ambala,30.255161,77.05069,,rajpura,city-nearest,51.28,30.4977,76.596,2,2,13,5000,2500,concentrated
darkstore,48851,Super Store Tarn Taran Sahib Station Road ES153,tarn taran sahib,31.459703,74.92186,,ludhiana,city-nearest,108.54,30.9009,75.8573,2,2,51,38214,19107,stretched
darkstore,48853,Super Store Delhi NFC 2 ES434,delhi,28.564749,77.26166,,noida,city-majority,13.05,28.5355,77.391,1,25,317,2527,2527,concentrated
darkstore,48855,Super Store Delhi Jungpura ES433,delhi,28.600296,77.24626,,noida,city-majority,15.87,28.5355,77.391,1,25,317,2527,2527,concentrated
darkstore,48889,Super Store Jaipur Chokhi Dhani ES84,jaipur,26.768143,75.82736,,jaipur,label,5.71,26.8108,75.7953,2,11,77,28186,14093,proportional
darkstore,48923,Flex Store Kozhikode NIT ES15,kozhikode,11.318235,75.937325,,coimbatore,city-nearest,126.07,10.9795,77.0401,1,9,46,40154,40154,stretched
darkstore,48959,Super Store Delhi Vasant Vihar ES435,delhi,28.558233,77.175575,,noida,city-majority,21.19,28.5355,77.391,1,25,317,2527,2527,concentrated
darkstore,48967,Flex Store Rajpura Chitkara University ES158,rajpura,30.496374,76.62977,,rajpura,label,3.24,30.4977,76.596,2,2,13,5000,2500,concentrated
darkstore,48969,Super Store Goa Dabolim ES28,goa,15.379083,73.87967,,goa,label,1.4,15.3917,73.8791,2,35,34,17782,8891,proportional
darkstore,48973,Super Store Aurangabad Gurdeo Nagar ES43,aurangabad (bihar),24.747477,84.38038,,patna,city-nearest,125.67,25.6106,85.1866,2,5,54,33224,16612,stretched
darkstore,48977,Super Store Bhubaneswar Tamando ES23,bhubaneswar,20.24086,85.74872,,bhubaneswar,label,6.35,20.2765,85.7012,1,1,20,5276,5276,proportional
darkstore,48979,Super Store Bhubaneswar Patia 2 ES24,bhubaneswar,20.344341,85.82423,,bhubaneswar,label,14.88,20.2765,85.7012,1,1,20,5276,5276,proportional
darkstore,49013,Super Store Krishnanagar Mayapur ES233,krishna nagar,23.395779,88.50561,,noida,city-majority,1248.63,28.5355,77.391,1,25,317,2527,2527,concentrated
darkstore,49017,Super Store Kurali Morinda Rd ES156,kharar,30.842337,76.55865,,mohali,city-nearest,20.48,30.7028,76.6985,1,1,62,7121,7121,proportional
darkstore,49019,Super Store Munger Refugee Colony ES62,munger,25.37779,86.48931,,patna,city-nearest,133.29,25.6106,85.1866,2,5,54,33224,16612,stretched
darkstore,49055,Super Store Ranchi Ratu Kathitand ES19,ranchi,23.402946,85.237785,,ranchi,label,9.31,23.3533,85.3112,2,6,47,32731,16365,stretched
darkstore,49057,Super Store Ahmedabad Sector 24 ES95,ahmedabad,23.235283,72.672226,,ahmedabad,label,52.17,22.9086,72.3062,1,38,118,38470,38470,stretched
darkstore,49059,Super Store Goa Verna ES29,goa,15.372867,73.91879,,goa,label,4.74,15.3917,73.8791,2,35,34,17782,8891,proportional
darkstore,49061,Super Store Bengaluru Prestige Falcon City ES321,bengaluru,12.872421,77.55797,,bengaluru,label,26.81,12.7159,77.746,3,59,220,52882,17627,stretched
darkstore,49065,Super Store Surat Athwa 2 ES18,surat,21.174637,72.78065,,surat,label,5.25,21.1702,72.8311,2,7,30,10654,5327,proportional
darkstore,49067,Super Store Berhampur Gajapati Nagar ES22,berhampur,19.28923,84.8148,,bhubaneswar,city-nearest,143.71,20.2765,85.7012,1,1,20,5276,5276,proportional
darkstore,49071,Super Store Lucknow Bakshi Ka Talab ES97,lucknow,26.97962,80.92013,,lucknow,label,22.53,26.7875,80.9923,2,7,92,39582,19791,stretched
darkstore,49077,Super Store Hyderabad Turkayamjal ES210,hyderabad,17.27878,78.58872,,hyderabad,label,16.02,17.385,78.4867,3,100,131,39128,13042,proportional
darkstore,49081,Super Store Hazaribagh Pugmil ES3,hazaribagh,24.008123,85.35025,,ranchi,city-nearest,72.92,23.3533,85.3112,2,6,47,32731,16365,stretched
darkstore,49093,Super Store Indore LIG ES32,indore,22.739859,75.88432,,indore,label,3.54,22.7196,75.8577,2,5,31,14771,7386,proportional
darkstore,49127,Super Store Jamshedpur Bistupur ES17,jamshedpur,22.80947,86.186356,,ranchi,city-nearest,106.79,23.3348,85.3125,2,6,47,32731,16365,stretched
darkstore,49131,Super Store Delhi Nihal Vihar ES436,delhi,28.66988,77.077415,,noida,city-majority,34.07,28.5355,77.391,1,25,317,2527,2527,concentrated
darkstore,49133,Super Store Danta Ramgarh Khatu Shyam ES35,danta ramgarh,27.364481,75.40339,,jaipur,city-nearest,53.41,27.032,75.7932,2,11,77,28186,14093,proportional
darkstore,49139,Super Store Hyderabad Aziz Nagar ES212,hyderabad,17.330679,78.33832,,hyderabad,label,16.87,17.385,78.4867,3,100,131,39128,13042,proportional
darkstore,49141,Super Store Roorkee Civil Lines ES4,roorkee,29.88335,77.93566,,dehradun,city-nearest,49.05,30.3165,78.0322,1,43,47,6372,6372,proportional
darkstore,49149,Super Store Delhi Bhagwati Garden ES439,delhi,28.646307,77.04335,,noida,city-majority,36.11,28.5355,77.391,1,25,317,2527,2527,concentrated
darkstore,49153,Super Store Guwahati Ganakpara ES29,guwahati,26.119226,91.612,,guwahati,label,7.89,26.1259,91.6907,2,2,25,6032,3016,concentrated
darkstore,49193,Super Store Bengaluru Shanti Nagar ES324,bengaluru,12.962238,77.59326,,bengaluru,label,25.25,13.082,77.7913,3,59,220,52882,17627,stretched
darkstore,49203,Super Store Jehanabad Station Road ES64,jehanabad,25.216797,84.98695,,patna,city-nearest,48.16,25.6106,85.1866,2,5,54,33224,16612,stretched
darkstore,49207,Super Store Dindigul Karunanidhi Nagar ES14,dindigul,10.363929,77.968155,,coimbatore,city-nearest,122.35,10.9795,77.0401,1,9,46,40154,40154,stretched
darkstore,49241,Super Store Ranchi Sail City ES17,ranchi,23.31331,85.29695,,ranchi,label,2.87,23.3348,85.3125,2,6,47,32731,16365,stretched
darkstore,49243,Super Store Bharatpur Subhash Nagar ES36,bharatpur,27.242432,77.49314,,faridabad,city-nearest,130.85,28.4089,77.3178,1,7,53,10208,10208,proportional
darkstore,49247,Super Store Alappuzha AK Arcade ES16,alappuzha,9.522282,76.33189,,trivandrum,city-nearest,121.94,8.568,76.879,6,2,8,3071,512,concentrated
darkstore,49285,Super Store Amritsar Chheharta ES162,amritsar,31.620697,74.803696,,jammu,city-nearest,113.3,32.635,74.918,13,10,31,14483,1114,concentrated
darkstore,49287,Super Store Hyderabad Jawahar Nagar Colony ES214,hyderabad,17.355654,78.50535,,hyderabad,label,3.82,17.385,78.4867,3,100,131,39128,13042,proportional
darkstore,49289,Super Store Tiruchirappalli Srirangam ES4,tiruchirappalli,10.862488,78.70312,,coimbatore,city-nearest,182.04,10.9795,77.0401,1,9,46,40154,40154,stretched
darkstore,49293,Super Store Hyderabad Mahendra Hills ES213,hyderabad,17.436682,78.54306,,hyderabad,label,8.29,17.385,78.4867,3,100,131,39128,13042,proportional
darkstore,49333,Super Store Bengaluru RT Nagar ES327,bengaluru,13.029623,77.59789,,bengaluru,label,21.74,13.082,77.7913,3,59,220,52882,17627,stretched
darkstore,49335,Super Store Dehradun Bansiwala ES34,dehradun,30.333267,77.89895,,dehradun,label,12.92,30.3165,78.0322,1,43,47,6372,6372,proportional
darkstore,49337,Super Store Dehradun Graphic Era ES35,dehradun,30.27118,77.973236,,dehradun,label,7.58,30.3165,78.0322,1,43,47,6372,6372,proportional
darkstore,49341,Super Store Ahmedabad Vatva ES97,ahmedabad,22.92073,72.61957,,ahmedabad,label,32.12,22.9086,72.3062,1,38,118,38470,38470,stretched
darkstore,49343,Super Store Mumbai Thane Dhokali ES301,mumbai,19.225336,72.97863,,mumbai,label,8.49,19.2433,73.0572,3,13,189,9344,3115,concentrated
darkstore,49349,Super Store Varanasi Shivpur ES21,varanasi,25.366236,82.9426,,varanasi,label,6.26,25.3176,82.9739,2,8,34,18808,9404,proportional
darkstore,49385,Super Store Kichha Pant Colony ES10,kichha,28.893084,79.50993,,bareilly,city-nearest,59.31,28.372,79.38,5,12,28,28118,5624,proportional
darkstore,49389,Super Store Shivpuri Madhav Chowk ES17,shivpuri,25.425858,77.651855,,bareilly,city-majority,367.23,28.3406,79.3932,5,12,28,28118,5624,proportional
darkstore,49391,Super Store Jammu Bari Brahman ES19,jammu,32.635983,74.888885,,jammu,label,2.73,32.635,74.918,13,10,31,14483,1114,concentrated
darkstore,49395,Super Store Srinagar ML Road ES18,srinagar,34.095028,74.82659,,srinagar,label,3.68,34.127,74.837,2,0,2,97,48,concentrated
darkstore,49431,Super Store Surendranagar Pashuram Chowk ES29,surendranagar,22.7399,71.61946,,ahmedabad,city-nearest,72.84,22.9086,72.3062,1,38,118,38470,38470,stretched
darkstore,49435,Super Store Pune Bhavani Peth ES190,pune,18.506784,73.87882,,pune,label,20.88,18.6714,73.7836,2,24,119,19984,9992,proportional
darkstore,49437,Super Store Jaipur Raja Park ES86,jaipur,26.913517,75.84544,,jaipur,label,12.46,26.8108,75.7953,2,11,77,28186,14093,proportional
darkstore,49477,Super Store Malerkotla Jamalpura ES160,malerkotla,30.533236,75.8897,,ludhiana,city-nearest,41.0,30.9009,75.8573,2,2,51,38214,19107,stretched
darkstore,49483,Super Store Kozhikode Vattakinar ES18,kozhikode,11.224751,75.80546,,coimbatore,city-nearest,137.45,10.9795,77.0401,1,9,46,40154,40154,stretched
darkstore,49487,Super Store Palakkad Gandhi Bazar ES19,palakkad,10.787532,76.663956,,coimbatore,city-nearest,46.29,10.9795,77.0401,1,9,46,40154,40154,stretched
darkstore,49489,Super Store Mumbai Bangur Nagar ES302,mumbai,19.150728,72.82653,,mumbai,label,26.32,19.2433,73.0572,3,13,189,9344,3115,concentrated
darkstore,49501,Super Store Chittoor Thotapalyam ES8,chittoor,13.213225,79.09001,,chennai,city-nearest,98.71,13.2073,80.0018,3,13,98,33883,11294,proportional
darkstore,49543,Super Store Tiruvannamalai Gandhi Nagar ES15,tiruvannamalai,12.258338,79.07421,,chennai,city-nearest,145.79,13.2073,80.0018,3,13,98,33883,11294,proportional
darkstore,49545,Super Store Banda DM Colony ES22,banda,25.487064,80.33805,,lucknow,city-nearest,152.69,26.7474,80.9452,2,7,92,39582,19791,stretched
darkstore,49549,Super Store Jodhpur Saran Nagar ES11,jodhpur,26.315483,73.066216,,jaipur,city-nearest,276.95,26.8108,75.7953,2,11,77,28186,14093,proportional
darkstore,49585,Super Store Mumbai Fort ES305,mumbai,18.93696,72.83411,,mumbai,label,36.18,19.0513,73.1563,3,13,189,9344,3115,concentrated
darkstore,49595,Super Store Guwahati Mathura Nagar ES30,guwahati,26.149675,91.795815,,guwahati,label,5.9,26.1829,91.7497,2,2,25,6032,3016,concentrated
darkstore,49597,Super Store Coimbatore Irugur ES16,coimbatore,11.009193,77.06303,,coimbatore,label,4.14,10.9795,77.0401,1,9,46,40154,40154,stretched
darkstore,49599,Super Store Ranchi Tatisilwai ES21,ranchi,23.375153,85.434975,,ranchi,label,12.87,23.3533,85.3112,2,6,47,32731,16365,stretched
darkstore,49601,Super Store Gurdaspur Hanuman Chowk ES163,gurdaspur,32.057938,75.399506,,jammu,city-nearest,78.51,32.635,74.918,13,10,31,14483,1114,concentrated
darkstore,49611,Super Store Chhatarpur Mahal Road ES19,chattarpur,24.913723,79.588585,,gurgaon,city-majority,469.25,28.4595,77.0266,1,7,87,898,898,concentrated
darkstore,49613,Super Store Pratapgarh Civil lines ES25,pratapgarh,25.921032,82.00256,,varanasi,city-nearest,118.27,25.3176,82.9739,2,8,34,18808,9404,proportional
darkstore,49683,Super Store Delhi IP Extension ES441,delhi,28.63462,77.30346,,noida,city-majority,13.95,28.5355,77.391,1,25,317,2527,2527,concentrated
darkstore,49693,Super Store Mumbai Borivali Devidas ES303,mumbai,19.249569,72.84313,,mumbai,label,22.48,19.2433,73.0572,3,13,189,9344,3115,concentrated
darkstore,49695,Super Store Tiruvallur Periyakuppam ES16,tiruvallur,13.131031,79.91367,,chennai,city-nearest,12.77,13.2073,80.0018,3,13,98,33883,11294,proportional
darkstore,49697,Super Store Lucknow Safedabad ES99,lucknow,26.913048,81.14719,,lucknow,label,20.76,26.7875,80.9923,2,7,92,39582,19791,stretched
darkstore,49699,Super Store Solan Dehu ES11,solan,30.906511,77.10648,,mohali,city-nearest,45.07,30.7028,76.6985,1,1,62,7121,7121,proportional
darkstore,49705,Super Store Amritsar White Avenue ES164,amritsar,31.642763,74.85656,,jammu,city-nearest,110.48,32.635,74.918,13,10,31,14483,1114,concentrated
darkstore,49709,Super Store Kochi Vazhakkala ES20,kochi,10.04333,76.34981,,coimbatore,city-nearest,128.58,10.9795,77.0401,1,9,46,40154,40154,stretched
darkstore,49711,Super Store Coimbatore Karatumedu ES17,coimbatore,11.113366,77.04346,,coimbatore,label,14.89,10.9795,77.0401,1,9,46,40154,40154,stretched
darkstore,49713,Super Store Dehradun Naugaon ES38,dehradun,30.388203,77.94299,,dehradun,label,11.7,30.3165,78.0322,1,43,47,6372,6372,proportional
darkstore,49717,Super Store Mumbai Airoli Sector 1 ES308,mumbai,19.174746,72.98752,,mumbai,label,10.57,19.2433,73.0572,3,13,189,9344,3115,concentrated
darkstore,49719,Super Store Kishanganj Line Para ES69,kishanganj,26.102194,87.95176,,noida,city-majority,1077.4,28.5355,77.391,1,25,317,2527,2527,concentrated
darkstore,49721,Super Store Purnia Gulab bagh ES68,purnia,25.786016,87.51281,,siliguri,city-nearest,138.08,26.728,88.415,10,4,16,10303,1030,concentrated
darkstore,49725,Super Store Bareilly Mohanpur ES7,bareilly,28.292082,79.50211,,bareilly,label,10.68,28.36,79.425,5,12,28,28118,5624,proportional
darkstore,49771,Super Store Udaipur Mewar Hospital ES14,udaipur,24.64571,73.67433,,ahmedabad,city-nearest,238.09,22.9086,72.3062,1,38,118,38470,38470,stretched
darkstore,49773,Super Store Ahmedabad Sarkhej ES99,ahmedabad,22.982012,72.510864,,ahmedabad,label,22.49,22.9086,72.3062,1,38,118,38470,38470,stretched
darkstore,49807,Super Store Ahmedabad TP Rd ES101,ahmedabad,23.117208,72.5988,,ahmedabad,label,37.88,22.9086,72.3062,1,38,118,38470,38470,stretched
darkstore,49817,Super Store Pune Marunji Road ES191,pune,18.612886,73.723015,,pune,label,9.11,18.6714,73.7836,2,24,119,19984,9992,proportional
darkstore,49827,Super Store Chennai Kuthambakkam ES125,chennai,13.032948,80.029594,,chennai,label,19.62,13.2073,80.0018,3,13,98,33883,11294,proportional
darkstore,49839,Super Store Hyderabad Nallakunta ES215,hyderabad,17.387964,78.50527,,hyderabad,label,2.0,17.385,78.4867,3,100,131,39128,13042,proportional
darkstore,49841,Super Store Bhilwara Bapu Nagar ES38,bhilwara,25.31085,74.6494,,jaipur,city-nearest,202.28,26.8108,75.7953,2,11,77,28186,14093,proportional
darkstore,49849,Super Store Hyderabad Kushaiguda ES216,hyderabad,17.484295,78.57455,,hyderabad,label,5.92,17.5366,78.5643,3,100,131,39128,13042,proportional
darkstore,49967,Super Store Srinagar University of Kashmir ES22,srinagar,34.139942,74.82659,,srinagar,label,1.73,34.127,74.837,2,0,2,97,48,concentrated
darkstore,49969,Super Store Bhandara Santaji Nagar ES52,bhandara,21.160042,79.640495,,nagpur,city-nearest,89.13,21.2912,78.7922,1,17,37,23108,23108,stretched
darkstore,49991,Super Store Mumbai Powai Kailash ES313,mumbai,19.113556,72.91651,,mumbai,label,20.65,19.2433,73.0572,3,13,189,9344,3115,concentrated
darkstore,50033,Super Store Kolkata Batanagar ES238,kolkata,22.486082,88.23028,,kolkata,label,5.79,22.4825,88.1741,3,11,121,18889,6296,proportional
darkstore,50037,Super Store Panchkula Sector-14 ES169,panchkula,30.697113,76.84359,,mohali,city-nearest,13.89,30.7028,76.6985,1,1,62,7121,7121,proportional
darkstore,50155,Super Store Kolkata Saltlake ES240,kolkata,22.596807,88.40501,,kolkata,label,11.36,22.674,88.3325,3,11,121,18889,6296,proportional
darkstore,50243,Super Store Kochi Thevara ES21,kochi,9.931268,76.30013,,coimbatore,city-nearest,141.89,10.9795,77.0401,1,9,46,40154,40154,stretched
darkstore,50339,Super Store Rishikesh Tapovan ES5,rishikesh,30.13053,78.32017,,dehradun,city-nearest,34.54,30.3165,78.0322,1,43,47,6372,6372,proportional
darkstore,50399,Super Store Mangalore Surathkal ES25,mangalore,12.985771,74.79687,,mangalore,label,6.81,12.925,74.805,4,3,6,2318,579,concentrated
