"filter_key","city","pos_city","variant_id","item_id","item_name","units","image_url","sales_countribution","osa_d3","osa_d2","osa_d1","frontend_inv_qty","backend_inv_qty","drr_7_be","drr_7_fe_be","doi_be","doi_fe_be","po_count","units_ordered","remaining_quantity","total_amount"
mumbai-10249574,mumbai,mumbai,"696713","10249574",SuperYou Pro Fermented Yeast Protein Powder Chocolate 1 kg (24g protein per scoop)(Pouch),"1000 g",https://cdn.grofers.com/da/cms-assets/cms/product/1d6c1dfb-649a-4fd5-8f61-38b58f2568d4.png?bg_token=color.surface.quaternary,1.8,53.0,53.0,50.0,18,168,36.285714285714285,36.285714285714285,4.6299212598425195,5.125984251968504,4,720,720,1461096.0
delhi-10249574,delhi,delhi,"696713","10249574",SuperYou Pro Fermented Yeast Protein Powder Chocolate 1 kg (24g protein per scoop)(Pouch),"1000 g",https://cdn.grofers.com/da/cms-assets/cms/product/1d6c1dfb-649a-4fd5-8f61-38b58f2568d4.png?bg_token=color.surface.quaternary,1.74,71.0,59.0,39.0,12,8,5.411566681053086,11.12635631781589,2.0580463215863922,4.6306042235693825,0,0,0,0.0
indirapuram-10249574,ghaziabad,indirapuram,"696713","10249574",SuperYou Pro Fermented Yeast Protein Powder Chocolate 1 kg (24g protein per scoop)(Pouch),"1000 g",https://cdn.grofers.com/da/cms-assets/cms/product/1d6c1dfb-649a-4fd5-8f61-38b58f2568d4.png?bg_token=color.surface.quaternary,1.56,59.0,54.0,49.0,0,0,0.0,0.0,0.0,0.0,0,0,0,0.0
mumbai-10252336,mumbai,mumbai,"700334","10252336",SuperYou Pro Fermented Yeast Protein- Coffee | 24g Protein Per Scoop 1.0 KILOGRAM,"1000 g",https://cdn.grofers.com/da/cms-assets/cms/product/86025951-c6d2-46e6-8dd2-3154bdfed892.png?bg_token=color.surface.quaternary,1.22,57.0,56.0,55.0,67,23,15.571428571428571,15.571428571428571,10.818565910188315,22.185538387252535,4,168,168,340922.4
gurgaon-10249574,gurgaon,gurgaon,"696713","10249574",SuperYou Pro Fermented Yeast Protein Powder Chocolate 1 kg (24g protein per scoop)(Pouch),"1000 g",https://cdn.grofers.com/da/cms-assets/cms/product/1d6c1dfb-649a-4fd5-8f61-38b58f2568d4.png?bg_token=color.surface.quaternary,1.09,86.0,79.0,73.0,6,0,1.3338368580060422,8.901085054252714,0.0,4.664904995595823,0,0,0,0.0
pune-10249574,pune,pune,"696713","10249574",SuperYou Pro Fermented Yeast Protein Powder Chocolate 1 kg (24g protein per scoop)(Pouch),"1000 g",https://cdn.grofers.com/da/cms-assets/cms/product/1d6c1dfb-649a-4fd5-8f61-38b58f2568d4.png?bg_token=color.surface.quaternary,1.04,71.0,69.0,49.0,6,6,21.571428571428573,21.571428571428573,2.3178807947019866,1.3169777242624923,4,240,240,487032.0
hyderabad-10249576,hyderabad,hyderabad,"696715","10249576",SuperYou Pro Fermented Yeast Protein Powder Unflavored 1 kg (24g protein per scoop),"1000 g",https://cdn.grofers.com/da/cms-assets/cms/product/f2f4c9dc-8c1c-462e-8bb9-f056c076e95d.png?bg_token=color.surface.quaternary,0.82,66.0,67.0,67.0,22,0,9.571428571428571,9.571428571428571,0.0,2.298507462686567,3,96,96,188092.8
bengaluru-10249576,bengaluru,bengaluru,"696715","10249576",SuperYou Pro Fermented Yeast Protein Powder Unflavored 1 kg (24g protein per scoop),"1000 g",https://cdn.grofers.com/da/cms-assets/cms/product/f2f4c9dc-8c1c-462e-8bb9-f056c076e95d.png?bg_token=color.surface.quaternary,0.67,70.0,64.0,54.0,31,21,11.0,11.0,2.6225108225108222,4.547186147186148,4,180,180,352674.0
ahmedabad-10249574,ahmedabad,ahmedabad,"696713","10249574",SuperYou Pro Fermented Yeast Protein Powder Chocolate 1 kg (24g protein per scoop)(Pouch),"1000 g",https://cdn.grofers.com/da/cms-assets/cms/product/1d6c1dfb-649a-4fd5-8f61-38b58f2568d4.png?bg_token=color.surface.quaternary,0.65,54.0,57.0,28.0,0,0,29.873372249663227,22.811881188118807,0.0,0.0,3,108,108,219164.4
kolkata-10249574,kolkata,kolkata,"696713","10249574",SuperYou Pro Fermented Yeast Protein Powder Chocolate 1 kg (24g protein per scoop)(Pouch),"1000 g",https://cdn.grofers.com/da/cms-assets/cms/product/1d6c1dfb-649a-4fd5-8f61-38b58f2568d4.png?bg_token=color.surface.quaternary,0.63,54.0,63.0,66.0,134,279,12.14285714285714,12.142857142857142,185.49469696969697,239.96898395721925,4,144,144,292219.2
pune-10249576,pune,pune,"696715","10249576",SuperYou Pro Fermented Yeast Protein Powder Unflavored 1 kg (24g protein per scoop),"1000 g",https://cdn.grofers.com/da/cms-assets/cms/product/f2f4c9dc-8c1c-462e-8bb9-f056c076e95d.png?bg_token=color.surface.quaternary,0.63,80.0,80.0,80.0,47,30,6.0,6.0,9.375,13.78125,1,12,12,23511.6
mumbai-10291036,mumbai,mumbai,"757418","10291036",SuperYou Pro Assorted Yeast Protein Powder Sachets(Box) 8 x 36 g - Rs 1099.0,"288 g",https://cdn.grofers.com/da/cms-assets/cms/product/rc-upload-1772003663615-40.png,0.58,79.0,80.0,80.0,264,45,21.285714285714285,21.285714285714285,5.47992554954759,22.37690552853481,7,288,288,221558.4
mumbai-10249576,mumbai,mumbai,"696715","10249576",SuperYou Pro Fermented Yeast Protein Powder Unflavored 1 kg (24g protein per scoop),"1000 g",https://cdn.grofers.com/da/cms-assets/cms/product/f2f4c9dc-8c1c-462e-8bb9-f056c076e95d.png?bg_token=color.surface.quaternary,0.57,51.0,51.0,49.0,33,11,6.428571428571429,6.428571428571429,0.0,5.133333333333333,3,96,96,188092.8
hyderabad-10249574,hyderabad,hyderabad,"696713","10249574",SuperYou Pro Fermented Yeast Protein Powder Chocolate 1 kg (24g protein per scoop)(Pouch),"1000 g",https://cdn.grofers.com/da/cms-assets/cms/product/1d6c1dfb-649a-4fd5-8f61-38b58f2568d4.png?bg_token=color.surface.quaternary,0.56,4.0,19.0,17.0,2,0,7.142857142857143,7.142857142857143,0.0,0.27999999999999997,4,228,228,462680.4
indirapuram-10252336,ghaziabad,indirapuram,"700334","10252336",SuperYou Pro Fermented Yeast Protein- Coffee | 24g Protein Per Scoop 1.0 KILOGRAM,"1000 g",https://cdn.grofers.com/da/cms-assets/cms/product/86025951-c6d2-46e6-8dd2-3154bdfed892.png?bg_token=color.surface.quaternary,0.56,70.0,68.0,59.0,0,0,0.0,0.0,0.0,0.0,0,0,0,0.0
jaipur-10249574,jaipur,jaipur,"696713","10249574",SuperYou Pro Fermented Yeast Protein Powder Chocolate 1 kg (24g protein per scoop)(Pouch),"1000 g",https://cdn.grofers.com/da/cms-assets/cms/product/1d6c1dfb-649a-4fd5-8f61-38b58f2568d4.png?bg_token=color.surface.quaternary,0.54,81.0,63.0,49.0,42,0,13.255500673551863,22.630834512022627,0.0,15.088392857142857,3,228,228,462680.4
pune-10252336,pune,pune,"700334","10252336",SuperYou Pro Fermented Yeast Protein- Coffee | 24g Protein Per Scoop 1.0 KILOGRAM,"1000 g",https://cdn.grofers.com/da/cms-assets/cms/product/86025951-c6d2-46e6-8dd2-3154bdfed892.png?bg_token=color.surface.quaternary,0.52,58.0,58.0,58.0,16,1,6.571428571428571,6.571428571428571,0.15217391304347827,2.5869565217391304,5,216,216,438328.8
delhi-10249577,delhi,delhi,"696716","10249577",SuperYou Pro Fermented Yeast Protein Powder Chocolate Pack of 8 (24g protein per sachet)(Box),"288 g",https://cdn.grofers.com/da/cms-assets/cms/product/0b3c511b-e8de-47de-adc6-0d102857934d.png,0.49,81.0,79.0,78.0,115,4,4.889129259058951,4.501652950692833,1.1005952380952382,24.873452380952376,0,0,0,0.0
delhi-10297369,delhi,delhi,"766912","10297369",SuperYou Pro Fermented Yeast Protein (Chocolate)(Pack) 500 g - Rs 1499.0,"500 g",https://cdn.grofers.com/da/cms-assets/cms/product/rc-upload-1774415486764-6.png,0.44,66.0,63.0,58.0,48,0,1.028880866425993,3.993869060652507,0.0,46.65263157894736,0,0,0,0.0
ahmedabad-10252336,ahmedabad,ahmedabad,"700334","10252336",SuperYou Pro Fermented Yeast Protein- Coffee | 24g Protein Per Scoop 1.0 KILOGRAM,"1000 g",https://cdn.grofers.com/da/cms-assets/cms/product/86025951-c6d2-46e6-8dd2-3154bdfed892.png?bg_token=color.surface.quaternary,0.41,78.0,72.0,67.0,54,0,11.092014252777195,9.340694006309151,0.0,4.688057445200302,4,60,60,121758.0
lucknow-10249574,lucknow,lucknow,"696713","10249574",SuperYou Pro Fermented Yeast Protein Powder Chocolate 1 kg (24g protein per scoop)(Pouch),"1000 g",https://cdn.grofers.com/da/cms-assets/cms/product/1d6c1dfb-649a-4fd5-8f61-38b58f2568d4.png?bg_token=color.surface.quaternary,0.35,71.0,69.0,69.0,42,8,15.231252806466097,15.558698727015555,3.711666666666666,8.692845695970695,2,48,48,97406.4
mumbai-10249577,mumbai,mumbai,"696716","10249577",SuperYou Pro Fermented Yeast Protein Powder Chocolate Pack of 8 (24g protein per sachet)(Box),"288 g",https://cdn.grofers.com/da/cms-assets/cms/product/0b3c511b-e8de-47de-adc6-0d102857934d.png,0.35,68.0,66.0,62.0,175,1,16.14285714285714,16.142857142857142,0.10840707964601771,9.359144542772864,9,420,420,323106.0
bengaluru-10249577,bengaluru,bengaluru,"696716","10249577",SuperYou Pro Fermented Yeast Protein Powder Chocolate Pack of 8 (24g protein per sachet)(Box),"288 g",https://cdn.grofers.com/da/cms-assets/cms/product/0b3c511b-e8de-47de-adc6-0d102857934d.png,0.34,75.0,75.0,76.0,87,46,16.85714285714286,16.857142857142858,3.0159805137433224,6.513603498447745,4,150,150,115395.0
lucknow-10252336,lucknow,lucknow,"700334","10252336",SuperYou Pro Fermented Yeast Protein- Coffee | 24g Protein Per Scoop 1.0 KILOGRAM,"1000 g",https://cdn.grofers.com/da/cms-assets/cms/product/86025951-c6d2-46e6-8dd2-3154bdfed892.png?bg_token=color.surface.quaternary,0.33,82.0,78.0,76.0,87,1,3.5388807377908194,8.375394321766564,1.57771164021164,52.150541125541125,3,108,108,219164.4
agra-10249574,agra,agra,"696713","10249574",SuperYou Pro Fermented Yeast Protein Powder Chocolate 1 kg (24g protein per scoop)(Pouch),"1000 g",https://cdn.grofers.com/da/cms-assets/cms/product/1d6c1dfb-649a-4fd5-8f61-38b58f2568d4.png?bg_token=color.surface.quaternary,0.3,100.0,89.0,67.0,3,0,0.0,0.5091937765205091,0.0,0.0,0,0,0,0.0
mumbai-10297369,mumbai,mumbai,"766912","10297369",SuperYou Pro Fermented Yeast Protein (Chocolate)(Pack) 500 g - Rs 1499.0,"500 g",https://cdn.grofers.com/da/cms-assets/cms/product/rc-upload-1774415486764-6.png,0.3,60.0,59.0,58.0,83,2,8.857142857142858,8.857142857142858,0.22580645161290322,9.596774193548386,4,100,100,104930.0
kolkata-10249576,kolkata,kolkata,"696715","10249576",SuperYou Pro Fermented Yeast Protein Powder Unflavored 1 kg (24g protein per scoop),"1000 g",https://cdn.grofers.com/da/cms-assets/cms/product/f2f4c9dc-8c1c-462e-8bb9-f056c076e95d.png?bg_token=color.surface.quaternary,0.29,70.0,74.0,74.0,83,87,3.0000000000000004,3.0000000000000004,60.05731922398589,110.76719576719576,0,0,0,0.0
delhi-10291036,delhi,delhi,"757418","10291036",SuperYou Pro Assorted Yeast Protein Powder Sachets(Box) 8 x 36 g - Rs 1099.0,"288 g",https://cdn.grofers.com/da/cms-assets/cms/product/rc-upload-1772003663615-40.png,0.28,51.0,50.0,58.0,58,6,2.0393311963960845,4.00581553839164,3.3262538940809967,26.56508177570093,0,0,0,0.0
indirapuram-10297369,ghaziabad,indirapuram,"766912","10297369",SuperYou Pro Fermented Yeast Protein (Chocolate)(Pack) 500 g - Rs 1499.0,"500 g",https://cdn.grofers.com/da/cms-assets/cms/product/rc-upload-1774415486764-6.png,0.25,73.0,73.0,68.0,0,0,0.0,0.0,0.0,0.0,0,0,0,0.0
dehradun-10249574,dehradun,dehradun,"696713","10249574",SuperYou Pro Fermented Yeast Protein Powder Chocolate 1 kg (24g protein per scoop)(Pouch),"1000 g",https://cdn.grofers.com/da/cms-assets/cms/product/1d6c1dfb-649a-4fd5-8f61-38b58f2568d4.png?bg_token=color.surface.quaternary,0.24,52.0,52.0,43.0,0,0,0.25145936237090255,1.0466760961810464,0.0,0.0,0,0,0,0.0
indore-10249574,indore,indore,"696713","10249574",SuperYou Pro Fermented Yeast Protein Powder Chocolate 1 kg (24g protein per scoop)(Pouch),"1000 g",https://cdn.grofers.com/da/cms-assets/cms/product/1d6c1dfb-649a-4fd5-8f61-38b58f2568d4.png?bg_token=color.surface.quaternary,0.22,35.0,30.0,15.0,6,34,0.2155365963179165,0.3394625176803394,157.7458333333333,185.58333333333331,1,12,12,24351.6
kolkata-10252336,kolkata,kolkata,"700334","10252336",SuperYou Pro Fermented Yeast Protein- Coffee | 24g Protein Per Scoop 1.0 KILOGRAM,"1000 g",https://cdn.grofers.com/da/cms-assets/cms/product/86025951-c6d2-46e6-8dd2-3154bdfed892.png?bg_token=color.surface.quaternary,0.22,72.0,75.0,73.0,100,130,4.857142857142857,4.857142857142855,22.015047879616965,40.65937072503421,1,12,12,24351.6
delhi-10249578,delhi,delhi,"696717","10249578",SuperYou Pro Fermented Yeast Protein Powder Coffee Pack of 8 (24g protein per sachet)(Box),"288 g",https://cdn.grofers.com/da/cms-assets/cms/product/9b35537d-2637-423e-b63c-8d14c11d9875.png,0.2,61.0,62.0,63.0,68,0,0.9312174985257065,3.706105226900888,0.0,53.69314910765687,0,0,0,0.0
patna-10249574,patna,patna,"696713","10249574",SuperYou Pro Fermented Yeast Protein Powder Chocolate 1 kg (24g protein per scoop)(Pouch),"1000 g",https://cdn.grofers.com/da/cms-assets/cms/product/1d6c1dfb-649a-4fd5-8f61-38b58f2568d4.png?bg_token=color.surface.quaternary,0.2,54.0,46.0,50.0,35,32,7.543780871127077,1.7425742574257423,5.882328869047619,12.013206845238095,0,0,0,0.0
jodhpur-10252336,jodhpur,jodhpur,"700334","10252336",SuperYou Pro Fermented Yeast Protein- Coffee | 24g Protein Per Scoop 1.0 KILOGRAM,"1000 g",https://cdn.grofers.com/da/cms-assets/cms/product/86025951-c6d2-46e6-8dd2-3154bdfed892.png?bg_token=color.surface.quaternary,0.2,43.0,43.0,43.0,0,0,0.0,0.0,0.0,0.0,0,0,0,0.0
mohali-10249574,mohali,mohali,"696713","10249574",SuperYou Pro Fermented Yeast Protein Powder Chocolate 1 kg (24g protein per scoop)(Pouch),"1000 g",https://cdn.grofers.com/da/cms-assets/cms/product/1d6c1dfb-649a-4fd5-8f61-38b58f2568d4.png?bg_token=color.surface.quaternary,0.2,93.0,71.0,57.0,0,0,0.0,0.0,0.0,0.0,0,0,0,0.0
faridabad-10249574,faridabad,faridabad,"696713","10249574",SuperYou Pro Fermented Yeast Protein Powder Chocolate 1 kg (24g protein per scoop)(Pouch),"1000 g",https://cdn.grofers.com/da/cms-assets/cms/product/1d6c1dfb-649a-4fd5-8f61-38b58f2568d4.png?bg_token=color.surface.quaternary,0.2,52.0,38.0,52.0,40,147,65.62477341389727,56.00266013300665,2.240007734165677,2.849533648224365,5,912,912,1850721.6
gurgaon-10252336,gurgaon,gurgaon,"700334","10252336",SuperYou Pro Fermented Yeast Protein- Coffee | 24g Protein Per Scoop 1.0 KILOGRAM,"1000 g",https://cdn.grofers.com/da/cms-assets/cms/product/86025951-c6d2-46e6-8dd2-3154bdfed892.png?bg_token=color.surface.quaternary,0.2,0.0,10.0,56.0,7,4,0.45475424896646766,0.13101736972704717,0.0,8.795959595959594,0,0,0,0.0
mumbai-10298083,mumbai,mumbai,"767792","10298083",SuperYou Pro Fermented Yeast Protein Powder (Cold Coffee)(Pack) 500 g - Rs 1499.0,"500 g",https://cdn.grofers.com/da/cms-assets/cms/product/rc-upload-1774593406383-65.png,0.18,53.0,53.0,53.0,99,6,5.999999999999999,6.000000000000001,5.298913043478262,23.77717391304348,3,60,60,62958.0
mumbai-10315546,mumbai,mumbai,"796933","10315546",SuperYou Cheesy Cheese Power Puffs,"55 g",https://cdn.grofers.com/da/cms-assets/cms/product/2ff1017a297a4ed2a175f47650936e6c.png,0.17,83.0,81.0,77.0,510,704,141.85714285714286,141.85714285714286,6.027878786090774,9.499549479987449,14,1872,1872,60840.0
mumbai-10249578,mumbai,mumbai,"696717","10249578",SuperYou Pro Fermented Yeast Protein Powder Coffee Pack of 8 (24g protein per sachet)(Box),"288 g",https://cdn.grofers.com/da/cms-assets/cms/product/9b35537d-2637-423e-b63c-8d14c11d9875.png,0.17,72.0,73.0,70.0,253,92,8.714285714285714,8.714285714285712,9.936911827507167,39.210590808865184,3,72,72,55389.6
indirapuram-10291036,ghaziabad,indirapuram,"757418","10291036",SuperYou Pro Assorted Yeast Protein Powder Sachets(Box) 8 x 36 g - Rs 1099.0,"288 g",https://cdn.grofers.com/da/cms-assets/cms/product/rc-upload-1772003663615-40.png,0.17,68.0,65.0,65.0,0,0,0.0,0.0,0.0,0.0,0,0,0,0.0
bengaluru-10216726,bengaluru,bengaluru,"650010","10216726",SuperYou Multigrain Sour Cream & Onion Chips,"40 g",https://cdn.grofers.com/da/cms-assets/cms/product/a9fe1088-c207-4753-b69d-62e3a661919a.png?bg_token=color.surface.quaternary,0.17,83.0,73.0,61.0,458,4544,234.27779690189325,232.70204978038066,46.3109888971597,48.36068632212847,7,2664,2664,69264.0
delhi-10252336,delhi,delhi,"700334","10252336",SuperYou Pro Fermented Yeast Protein- Coffee | 24g Protein Per Scoop 1.0 KILOGRAM,"1000 g",https://cdn.grofers.com/da/cms-assets/cms/product/86025951-c6d2-46e6-8dd2-3154bdfed892.png?bg_token=color.surface.quaternary,0.15,12.0,21.0,31.0,10,2,0.9095084979329353,1.1136476426799007,4.397979797979797,21.98989898989899,0,0,0,0.0
haldwani-10249574,haldwani,haldwani,"696713","10249574",SuperYou Pro Fermented Yeast Protein Powder Chocolate 1 kg (24g protein per scoop)(Pouch),"1000 g",https://cdn.grofers.com/da/cms-assets/cms/product/1d6c1dfb-649a-4fd5-8f61-38b58f2568d4.png?bg_token=color.surface.quaternary,0.15,75.0,75.0,75.0,0,0,0.0,0.0,0.0,0.0,0,0,0,0.0
mumbai-10265737,mumbai,mumbai,"719409","10265737",SUPERYOU Assorted Wafer Protein Bar - Pack of 5 200.0 g,"200 g",https://cdn.grofers.com/da/cms-assets/cms/product/c423d7ed-abbf-490c-8c5c-6cb3f443f266.png,0.15,81.0,81.0,79.0,289,57,25.714285714285715,25.714285714285715,11.862854938271603,35.142283950617276,7,252,252,47628.0
ahmedabad-10291036,ahmedabad,ahmedabad,"757418","10291036",SuperYou Pro Assorted Yeast Protein Powder Sachets(Box) 8 x 36 g - Rs 1099.0,"288 g",https://cdn.grofers.com/da/cms-assets/cms/product/rc-upload-1772003663615-40.png,0.15,70.0,65.0,63.0,47,0,0.0,5.42437732239432,0.0,0.0,1,72,72,55389.6
indirapuram-10249577,ghaziabad,indirapuram,"696716","10249577",SuperYou Pro Fermented Yeast Protein Powder Chocolate Pack of 8 (24g protein per sachet)(Box),"288 g",https://cdn.grofers.com/da/cms-assets/cms/product/0b3c511b-e8de-47de-adc6-0d102857934d.png,0.15,62.0,62.0,57.0,0,0,0.0,0.0,0.0,0.0,0,0,0,0.0
delhi-10298083,delhi,delhi,"767792","10298083",SuperYou Pro Fermented Yeast Protein Powder (Cold Coffee)(Pack) 500 g - Rs 1499.0,"500 g",https://cdn.grofers.com/da/cms-assets/cms/product/rc-upload-1774593406383-65.png,0.15,36.0,36.0,34.0,19,0,2.375,1.6406685236768803,0.0,6.842105263157895,0,0,0,0.0
bengaluru-10249578,bengaluru,bengaluru,"696717","10249578",SuperYou Pro Fermented Yeast Protein Powder Coffee Pack of 8 (24g protein per sachet)(Box),"288 g",https://cdn.grofers.com/da/cms-assets/cms/product/9b35537d-2637-423e-b63c-8d14c11d9875.png,0.14,79.0,80.0,79.0,80,76,8.714285714285714,8.714285714285714,11.970806604894275,17.891452839154194,2,48,48,36926.4
mumbai-10260300,mumbai,mumbai,"711067","10260300",SuperYou Energy Bar(Pack) 200 g - Rs. 300,"200 g",https://cdn.grofers.com/da/cms-assets/cms/product/6aeda2ef-e808-416c-aa0a-047962cc607f.png,0.14,79.0,80.0,77.0,255,42,21.285714285714285,21.28571428571429,2.634080212321116,19.580614029783934,8,360,360,68040.0
pune-10249577,pune,pune,"696716","10249577",SuperYou Pro Fermented Yeast Protein Powder Chocolate Pack of 8 (24g protein per sachet)(Box),"288 g",https://cdn.grofers.com/da/cms-assets/cms/product/0b3c511b-e8de-47de-adc6-0d102857934d.png,0.13,79.0,79.0,78.0,45,6,6.142857142857144,6.142857142857143,5.104651162790697,7.081804782181459,2,30,30,23079.0
ahmedabad-10252336,vadodara,ahmedabad,"700334","10252336",SuperYou Pro Fermented Yeast Protein- Coffee | 24g Protein Per Scoop 1.0 KILOGRAM,"1000 g",https://cdn.grofers.com/da/cms-assets/cms/product/86025951-c6d2-46e6-8dd2-3154bdfed892.png?bg_token=color.surface.quaternary,0.13,38.0,38.0,38.0,54,0,11.092014252777195,9.340694006309151,0.0,4.688057445200302,4,60,60,121758.0
kanpur-10252336,kanpur,kanpur,"700334","10252336",SuperYou Pro Fermented Yeast Protein- Coffee | 24g Protein Per Scoop 1.0 KILOGRAM,"1000 g",https://cdn.grofers.com/da/cms-assets/cms/product/86025951-c6d2-46e6-8dd2-3154bdfed892.png?bg_token=color.surface.quaternary,0.13,74.0,68.0,68.0,0,0,0.0,0.0,0.0,0.0,0,0,0,0.0
mohali-10249574,kharar,mohali,"696713","10249574",SuperYou Pro Fermented Yeast Protein Powder Chocolate 1 kg (24g protein per scoop)(Pouch),"1000 g",https://cdn.grofers.com/da/cms-assets/cms/product/1d6c1dfb-649a-4fd5-8f61-38b58f2568d4.png?bg_token=color.surface.quaternary,0.13,75.0,62.0,62.0,0,0,0.0,0.0,0.0,0.0,0,0,0,0.0
ahmedabad-10249574,vadodara,ahmedabad,"696713","10249574",SuperYou Pro Fermented Yeast Protein Powder Chocolate 1 kg (24g protein per scoop)(Pouch),"1000 g",https://cdn.grofers.com/da/cms-assets/cms/product/1d6c1dfb-649a-4fd5-8f61-38b58f2568d4.png?bg_token=color.surface.quaternary,0.13,25.0,19.0,19.0,0,0,29.873372249663227,22.811881188118807,0.0,0.0,3,108,108,219164.4
guwahati-10249574,guwahati,guwahati,"696713","10249574",SuperYou Pro Fermented Yeast Protein Powder Chocolate 1 kg (24g protein per scoop)(Pouch),"1000 g",https://cdn.grofers.com/da/cms-assets/cms/product/1d6c1dfb-649a-4fd5-8f61-38b58f2568d4.png?bg_token=color.surface.quaternary,0.13,53.0,53.0,53.0,27,15,4.1311180960934,2.178217821782178,24.247346230158733,27.72703373015873,1,12,12,24351.6
bamnoli-10249574,bahadurgarh,bamnoli,"696713","10249574",SuperYou Pro Fermented Yeast Protein Powder Chocolate 1 kg (24g protein per scoop)(Pouch),"1000 g",https://cdn.grofers.com/da/cms-assets/cms/product/1d6c1dfb-649a-4fd5-8f61-38b58f2568d4.png?bg_token=color.surface.quaternary,0.13,67.0,67.0,67.0,0,0,0.0,0.0,0.0,0.0,0,0,0,0.0
mohali-10252336,kharar,mohali,"700334","10252336",SuperYou Pro Fermented Yeast Protein- Coffee | 24g Protein Per Scoop 1.0 KILOGRAM,"1000 g",https://cdn.grofers.com/da/cms-assets/cms/product/86025951-c6d2-46e6-8dd2-3154bdfed892.png?bg_token=color.surface.quaternary,0.13,62.0,62.0,50.0,0,0,0.0,0.0,0.0,0.0,0,0,0,0.0
faridabad-10252336,faridabad,faridabad,"700334","10252336",SuperYou Pro Fermented Yeast Protein- Coffee | 24g Protein Per Scoop 1.0 KILOGRAM,"1000 g",https://cdn.grofers.com/da/cms-assets/cms/product/86025951-c6d2-46e6-8dd2-3154bdfed892.png?bg_token=color.surface.quaternary,0.13,19.0,29.0,33.0,26,111,12.278364722094627,8.909181141439205,9.040291806958471,11.157837635615412,3,252,252,511383.6
surat-10252336,surat,surat,"700334","10252336",SuperYou Pro Fermented Yeast Protein- Coffee | 24g Protein Per Scoop 1.0 KILOGRAM,"1000 g",https://cdn.grofers.com/da/cms-assets/cms/product/86025951-c6d2-46e6-8dd2-3154bdfed892.png?bg_token=color.surface.quaternary,0.13,44.0,44.0,44.0,53,5,4.1198910081743865,3.037854889589906,1.2136243386243388,10.92261904761905,2,36,36,73054.8
nagpur-10249576,nagpur,nagpur,"696715","10249576",SuperYou Pro Fermented Yeast Protein Powder Unflavored 1 kg (24g protein per scoop),"1000 g",https://cdn.grofers.com/da/cms-assets/cms/product/f2f4c9dc-8c1c-462e-8bb9-f056c076e95d.png?bg_token=color.surface.quaternary,0.13,61.0,61.0,61.0,40,0,6.963270027957197,5.869017632241815,0.0,5.74442752318981,1,12,12,23511.6
faridabad-10249576,faridabad,faridabad,"696715","10249576",SuperYou Pro Fermented Yeast Protein Powder Unflavored 1 kg (24g protein per scoop),"1000 g",https://cdn.grofers.com/da/cms-assets/cms/product/f2f4c9dc-8c1c-462e-8bb9-f056c076e95d.png?bg_token=color.surface.quaternary,0.13,67.0,67.0,67.0,23,35,19.73411478807805,17.191780821917803,1.7735784136182544,2.93907279971025,2,48,48,94046.4
delhi-10325396,delhi,delhi,"1368466","10325396",SuperYou Cranberry Crunch Mega Protein Bar(Wrap) 60 g - Rs 120,"60 g",https://cdn.grofers.com/da/cms-assets/cms/product/rc-upload-1785345745206-354.png,0.12,68.0,66.0,64.0,118,0,10.963955026455025,17.200750337783184,0.0,7.345803546298903,0,0,0,0.0
mumbai-10258761,mumbai,mumbai,"708957","10258761",SuperYou Cookies & Cream Mini Wafer Protein Bar - Pack of 10 (Box),"200 g",https://cdn.grofers.com/da/cms-assets/cms/product/9c9ac202-8979-419f-ab1d-27106eba90ab.png,0.12,80.0,77.0,76.0,245,45,20.0,20.0,11.753734671125981,34.01677814938686,7,288,288,54432.0
mohali-10297369,chandigarh,mohali,"766912","10297369",SuperYou Pro Fermented Yeast Protein (Chocolate)(Pack) 500 g - Rs 1499.0,"500 g",https://cdn.grofers.com/da/cms-assets/cms/product/rc-upload-1774415486764-6.png,0.12,75.0,75.0,75.0,0,0,0.0,0.0,0.0,0.0,0,0,0,0.0
pune-10249578,pune,pune,"696717","10249578",SuperYou Pro Fermented Yeast Protein Powder Coffee Pack of 8 (24g protein per sachet)(Box),"288 g",https://cdn.grofers.com/da/cms-assets/cms/product/9b35537d-2637-423e-b63c-8d14c11d9875.png,0.12,80.0,80.0,79.0,38,14,5.42857142857143,5.428571428571429,20.26315789473684,14.141995614035086,2,120,120,92316.0
hyderabad-10249577,hyderabad,hyderabad,"696716","10249577",SuperYou Pro Fermented Yeast Protein Powder Chocolate Pack of 8 (24g protein per sachet)(Box),"288 g",https://cdn.grofers.com/da/cms-assets/cms/product/0b3c511b-e8de-47de-adc6-0d102857934d.png,0.12,65.0,71.0,70.0,66,85,6.0,6.0,14.166666666666666,25.166666666666668,0,0,0,0.0
dehradun-10216715,dehradun,dehradun,"649989","10216715",SuperYou Multigrain Super Masala Chips,"40 g",https://cdn.grofers.com/da/cms-assets/cms/product/223c6142-82a0-4171-be32-a6b1b37c704b.png?bg_token=color.surface.quaternary,0.11,76.0,76.0,76.0,799,525,160.16297241710419,153.7179116724721,2.1994653924018817,5.853445282126148,3,504,504,13104.0
hyderabad-10252336,hyderabad,hyderabad,"700334","10252336",SuperYou Pro Fermented Yeast Protein- Coffee | 24g Protein Per Scoop 1.0 KILOGRAM,"1000 g",https://cdn.grofers.com/da/cms-assets/cms/product/86025951-c6d2-46e6-8dd2-3154bdfed892.png?bg_token=color.surface.quaternary,0.11,27.0,16.0,4.0,2,11,3.5714285714285716,3.5714285714285716,3.0799999999999996,3.6399999999999997,3,120,120,243516.0
roorkee-10249574,yamunanagar,roorkee,"696713","10249574",SuperYou Pro Fermented Yeast Protein Powder Chocolate 1 kg (24g protein per scoop)(Pouch),"1000 g",https://cdn.grofers.com/da/cms-assets/cms/product/1d6c1dfb-649a-4fd5-8f61-38b58f2568d4.png?bg_token=color.surface.quaternary,0.11,100.0,50.0,50.0,0,0,0.0,0.0,0.0,0.0,0,0,0,0.0
surat-10249574,surat,surat,"696713","10249574",SuperYou Pro Fermented Yeast Protein Powder Chocolate 1 kg (24g protein per scoop)(Pouch),"1000 g",https://cdn.grofers.com/da/cms-assets/cms/product/1d6c1dfb-649a-4fd5-8f61-38b58f2568d4.png?bg_token=color.surface.quaternary,0.11,44.0,44.0,31.0,44,16,12.522676246070949,11.287128712871285,1.0820029507529507,4.523452126577126,0,0,0,0.0
bareilly-10249574,bareilly,bareilly,"696713","10249574",SuperYou Pro Fermented Yeast Protein Powder Chocolate 1 kg (24g protein per scoop)(Pouch),"1000 g",https://cdn.grofers.com/da/cms-assets/cms/product/1d6c1dfb-649a-4fd5-8f61-38b58f2568d4.png?bg_token=color.surface.quaternary,0.11,60.0,60.0,60.0,0,0,0.0,0.0,0.0,0.0,0,0,0,0.0
varanasi-10249574,varanasi,varanasi,"696713","10249574",SuperYou Pro Fermented Yeast Protein Powder Chocolate 1 kg (24g protein per scoop)(Pouch),"1000 g",https://cdn.grofers.com/da/cms-assets/cms/product/1d6c1dfb-649a-4fd5-8f61-38b58f2568d4.png?bg_token=color.surface.quaternary,0.11,46.0,46.0,46.0,8,0,0.2155365963179165,1.3578500707213577,0.0,37.11666666666667,0,0,0,0.0
prayagraj-10249574,prayagraj,prayagraj,"696713","10249574",SuperYou Pro Fermented Yeast Protein Powder Chocolate 1 kg (24g protein per scoop)(Pouch),"1000 g",https://cdn.grofers.com/da/cms-assets/cms/product/1d6c1dfb-649a-4fd5-8f61-38b58f2568d4.png?bg_token=color.surface.quaternary,0.11,55.0,55.0,55.0,0,0,0.0,0.0,0.0,0.0,0,0,0,0.0
dehradun-10252336,dehradun,dehradun,"700334","10252336",SuperYou Pro Fermented Yeast Protein- Coffee | 24g Protein Per Scoop 1.0 KILOGRAM,"1000 g",https://cdn.grofers.com/da/cms-assets/cms/product/86025951-c6d2-46e6-8dd2-3154bdfed892.png?bg_token=color.surface.quaternary,0.11,52.0,52.0,38.0,9,23,0.905470551247118,1.277602523659306,25.40115740740741,34.23634259259259,0,0,0,0.0
kolkata-10292367,kolkata,kolkata,"759656","10292367",SuperYou Nutty Chocolate Mega Protein Wafer Protein Bar(Wrap) 60 g - Rs 115.0,"60 g",https://cdn.grofers.com/da/cms-assets/cms/product/rc-upload-1772450349128-73.png,0.11,76.0,76.0,76.0,467,90,47.714285714285715,47.71428571428571,2.124000534347602,11.73613914546196,3,432,432,33285.6
kolkata-10249577,kolkata,kolkata,"696716","10249577",SuperYou Pro Fermented Yeast Protein Powder Chocolate Pack of 8 (24g protein per sachet)(Box),"288 g",https://cdn.grofers.com/da/cms-assets/cms/product/0b3c511b-e8de-47de-adc6-0d102857934d.png,0.11,75.0,74.0,72.0,76,120,2.8571428571428577,2.857142857142857,84.02357142857143,112.86547619047617,0,0,0,0.0
delhi-10265737,delhi,delhi,"719409","10265737",SUPERYOU Assorted Wafer Protein Bar - Pack of 5 200.0 g,"200 g",https://cdn.grofers.com/da/cms-assets/cms/product/c423d7ed-abbf-490c-8c5c-6cb3f443f266.png,0.11,84.0,81.0,78.0,163,2,2.3893533607293,4.143523920653442,2.0480514096185733,51.01793587617467,0,0,0,0.0
ahmedabad-10249576,vadodara,ahmedabad,"696715","10249576",SuperYou Pro Fermented Yeast Protein Powder Unflavored 1 kg (24g protein per scoop),"1000 g",https://cdn.grofers.com/da/cms-assets/cms/product/f2f4c9dc-8c1c-462e-8bb9-f056c076e95d.png?bg_token=color.surface.quaternary,0.1,69.0,69.0,69.0,63,6,9.883351007423117,6.00424845326121,0.6070815450643777,6.779077253218884,1,12,12,23511.6
indirapuram-10249578,ghaziabad,indirapuram,"696717","10249578",SuperYou Pro Fermented Yeast Protein Powder Coffee Pack of 8 (24g protein per sachet)(Box),"288 g",https://cdn.grofers.com/da/cms-assets/cms/product/9b35537d-2637-423e-b63c-8d14c11d9875.png,0.1,84.0,78.0,76.0,0,0,0.0,0.0,0.0,0.0,0,0,0,0.0
dehradun-10176795,dehradun,dehradun,"581440","10176795",SuperYou Strawberry Creme Wafer Protein Bar(Pouch),"40 g",https://cdn.grofers.com/da/cms-assets/cms/product/a86b95b0-fb0f-40ab-a9ba-515fea3070de.png?bg_token=color.surface.quaternary,0.09,76.0,76.0,76.0,827,247,120.43377267687104,122.66604481395112,2.5290394944990644,12.214782062072997,1,180,180,6804.0
gwalior-10252336,gwalior,gwalior,"700334","10252336",SuperYou Pro Fermented Yeast Protein- Coffee | 24g Protein Per Scoop 1.0 KILOGRAM,"1000 g",https://cdn.grofers.com/da/cms-assets/cms/product/86025951-c6d2-46e6-8dd2-3154bdfed892.png?bg_token=color.surface.quaternary,0.09,50.0,17.0,17.0,0,0,0.0,0.0,0.0,0.0,0,0,0,0.0
chennai-10249574,chennai,chennai,"696713","10249574",SuperYou Pro Fermented Yeast Protein Powder Chocolate 1 kg (24g protein per scoop)(Pouch),"1000 g",https://cdn.grofers.com/da/cms-assets/cms/product/1d6c1dfb-649a-4fd5-8f61-38b58f2568d4.png?bg_token=color.surface.quaternary,0.09,21.0,17.0,8.0,0,50,1.6240601503759402,0.8120300751879699,30.78703703703703,30.78703703703703,0,0,0,0.0
ludhiana-10252336,ludhiana,ludhiana,"700334","10252336",SuperYou Pro Fermented Yeast Protein- Coffee | 24g Protein Per Scoop 1.0 KILOGRAM,"1000 g",https://cdn.grofers.com/da/cms-assets/cms/product/86025951-c6d2-46e6-8dd2-3154bdfed892.png?bg_token=color.surface.quaternary,0.09,53.0,53.0,53.0,30,0,2.112764619576608,4.116719242902209,0.0,14.199404761904766,1,12,12,24351.6
bengaluru-10252336,bengaluru,bengaluru,"700334","10252336",SuperYou Pro Fermented Yeast Protein- Coffee | 24g Protein Per Scoop 1.0 KILOGRAM,"1000 g",https://cdn.grofers.com/da/cms-assets/cms/product/86025951-c6d2-46e6-8dd2-3154bdfed892.png?bg_token=color.surface.quaternary,0.09,7.0,3.0,2.0,3,3,1.8571428571428574,1.8571428571428572,2.2615384615384615,3.957692307692307,3,288,288,584438.4
nashik-10249574,nashik,nashik,"696713","10249574",SuperYou Pro Fermented Yeast Protein Powder Chocolate 1 kg (24g protein per scoop)(Pouch),"1000 g",https://cdn.grofers.com/da/cms-assets/cms/product/1d6c1dfb-649a-4fd5-8f61-38b58f2568d4.png?bg_token=color.surface.quaternary,0.09,86.0,71.0,71.0,0,0,0.0,0.0,0.0,0.0,0,0,0,0.0
ranchi-10249576,ranchi,ranchi,"696715","10249576",SuperYou Pro Fermented Yeast Protein Powder Unflavored 1 kg (24g protein per scoop),"1000 g",https://cdn.grofers.com/da/cms-assets/cms/product/f2f4c9dc-8c1c-462e-8bb9-f056c076e95d.png?bg_token=color.surface.quaternary,0.08,65.0,71.0,65.0,15,36,2.6184462409276827,1.9148684256346566,57.62777777777778,63.11024876808139,0,0,0,0.0
chennai-10249576,chennai,chennai,"696715","10249576",SuperYou Pro Fermented Yeast Protein Powder Unflavored 1 kg (24g protein per scoop),"1000 g",https://cdn.grofers.com/da/cms-assets/cms/product/f2f4c9dc-8c1c-462e-8bb9-f056c076e95d.png?bg_token=color.surface.quaternary,0.08,50.0,47.0,38.0,1,18,0.0,0.0,0.0,0.0,0,0,0,0.0
guwahati-10249576,guwahati,guwahati,"696715","10249576",SuperYou Pro Fermented Yeast Protein Powder Unflavored 1 kg (24g protein per scoop),"1000 g",https://cdn.grofers.com/da/cms-assets/cms/product/f2f4c9dc-8c1c-462e-8bb9-f056c076e95d.png?bg_token=color.surface.quaternary,0.08,53.0,53.0,53.0,17,7,1.1231080690253543,0.567969448281466,2.671158798283262,17.807725321888412,2,24,24,47023.2
mohali-10249576,chandigarh,mohali,"696715","10249576",SuperYou Pro Fermented Yeast Protein Powder Unflavored 1 kg (24g protein per scoop),"1000 g",https://cdn.grofers.com/da/cms-assets/cms/product/f2f4c9dc-8c1c-462e-8bb9-f056c076e95d.png?bg_token=color.surface.quaternary,0.08,50.0,19.0,19.0,0,0,0.0,0.0,0.0,0.0,0,0,0,0.0
raipur-10249576,raipur,raipur,"696715","10249576",SuperYou Pro Fermented Yeast Protein Powder Unflavored 1 kg (24g protein per scoop),"1000 g",https://cdn.grofers.com/da/cms-assets/cms/product/f2f4c9dc-8c1c-462e-8bb9-f056c076e95d.png?bg_token=color.surface.quaternary,0.08,82.0,73.0,73.0,0,0,0.0,0.0,0.0,0.0,0,0,0,0.0
ludhiana-10249576,ludhiana,ludhiana,"696715","10249576",SuperYou Pro Fermented Yeast Protein Powder Unflavored 1 kg (24g protein per scoop),"1000 g",https://cdn.grofers.com/da/cms-assets/cms/product/f2f4c9dc-8c1c-462e-8bb9-f056c076e95d.png?bg_token=color.surface.quaternary,0.08,40.0,40.0,40.0,20,0,0.6738648414152125,2.271877793125864,0.0,29.679542203147356,0,0,0,0.0
hyderabad-10249578,hyderabad,hyderabad,"696717","10249578",SuperYou Pro Fermented Yeast Protein Powder Coffee Pack of 8 (24g protein per sachet)(Box),"288 g",https://cdn.grofers.com/da/cms-assets/cms/product/9b35537d-2637-423e-b63c-8d14c11d9875.png,0.08,65.0,66.0,67.0,55,56,3.857142857142857,3.857142857142857,14.518518518518519,28.77777777777778,0,0,0,0.0
ahmedabad-10249577,ahmedabad,ahmedabad,"696716","10249577",SuperYou Pro Fermented Yeast Protein Powder Chocolate Pack of 8 (24g protein per sachet)(Box),"288 g",https://cdn.grofers.com/da/cms-assets/cms/product/0b3c511b-e8de-47de-adc6-0d102857934d.png,0.08,80.0,78.0,78.0,78,75,10.607734806629836,8.408355721256646,7.118409863945578,28.04653486394558,1,24,24,18463.2
dehradun-10176797,dehradun,dehradun,"581442","10176797",SuperYou Chocolate Wafer Protein Bar(Pouch),"40 g",https://cdn.grofers.com/da/cms-assets/cms/product/eb2ee9f1-e45c-42a8-a4f0-f265305bcdba.png?bg_token=color.surface.quaternary,0.08,76.0,76.0,76.0,559,278,104.71204284341098,95.22334024371744,1.6871244128183076,6.381476834784176,1,180,180,6804.0
bengaluru-10325396,bengaluru,bengaluru,"1368466","10325396",SuperYou Cranberry Crunch Mega Protein Bar(Wrap) 60 g - Rs 120,"60 g",https://cdn.grofers.com/da/cms-assets/cms/product/rc-upload-1785345745206-354.png,0.07,62.0,57.0,49.0,127,0,44.71428571428572,43.58939802336029,0.0,15.398928381256653,5,1296,1296,108540.0
mumbai-10176794,mumbai,mumbai,"581439","10176794",SuperYou Choco Peanut Butter Wafer Protein Bar(Pouch),"40 g",https://cdn.grofers.com/da/cms-assets/cms/product/87cb2b31-9210-4607-9e1a-6669caf5dbb5.png?bg_token=color.surface.quaternary,0.07,76.0,74.0,70.0,434,127,55.85714285714286,55.857142857142854,2.6933763925614462,28.65465583924555,5,900,900,34020.0
mumbai-10258333,mumbai,mumbai,"708261","10258333",SuperYou Mini Choco Hazelnut Wafer Protein Bar,"200 g",https://cdn.grofers.com/da/cms-assets/cms/product/0f3d3f01-a7dc-4be2-80ab-17e11267874c.png,0.07,77.0,76.0,76.0,257,105,12.0,12.0,12.646990740740739,31.506861772486772,2,72,72,13608.0
mumbai-10315543,mumbai,mumbai,"796930","10315543",SuperYou Maaad Achaari Power Puffs,"55 g",https://cdn.grofers.com/da/cms-assets/cms/product/c6f9ca0a4fbc45889f4c3c4367c0ac85.png,0.07,79.0,75.0,67.0,361,312,72.57142857142857,72.57142857142857,4.482519072466776,9.045783145092015,12,960,960,31200.0
jammu-10252336,amritsar,jammu,"700334","10252336",SuperYou Pro Fermented Yeast Protein- Coffee | 24g Protein Per Scoop 1.0 KILOGRAM,"1000 g",https://cdn.grofers.com/da/cms-assets/cms/product/86025951-c6d2-46e6-8dd2-3154bdfed892.png?bg_token=color.surface.quaternary,0.07,45.0,45.0,36.0,0,0,0.0,0.0,0.0,0.0,0,0,0,0.0
durg-10249574,durg,durg,"696713","10249574",SuperYou Pro Fermented Yeast Protein Powder Chocolate 1 kg (24g protein per scoop)(Pouch),"1000 g",https://cdn.grofers.com/da/cms-assets/cms/product/1d6c1dfb-649a-4fd5-8f61-38b58f2568d4.png?bg_token=color.surface.quaternary,0.07,100.0,80.0,80.0,0,0,0.0,0.0,0.0,0.0,0,0,0,0.0
varanasi-10252336,varanasi,varanasi,"700334","10252336",SuperYou Pro Fermented Yeast Protein- Coffee | 24g Protein Per Scoop 1.0 KILOGRAM,"1000 g",https://cdn.grofers.com/da/cms-assets/cms/product/86025951-c6d2-46e6-8dd2-3154bdfed892.png?bg_token=color.surface.quaternary,0.07,77.0,46.0,46.0,39,0,1.5845734646824563,5.25236593059937,0.0,24.61230158730159,3,60,60,121758.0
coimbatore-10249574,kozhikode,coimbatore,"696713","10249574",SuperYou Pro Fermented Yeast Protein Powder Chocolate 1 kg (24g protein per scoop)(Pouch),"1000 g",https://cdn.grofers.com/da/cms-assets/cms/product/1d6c1dfb-649a-4fd5-8f61-38b58f2568d4.png?bg_token=color.surface.quaternary,0.07,25.0,25.0,25.0,47,0,0.9473684210526317,1.7593984962406017,0.0,49.6111111111111,1,12,12,24351.6
jamshedpur-10249574,jamshedpur,jamshedpur,"696713","10249574",SuperYou Pro Fermented Yeast Protein Powder Chocolate 1 kg (24g protein per scoop)(Pouch),"1000 g",https://cdn.grofers.com/da/cms-assets/cms/product/1d6c1dfb-649a-4fd5-8f61-38b58f2568d4.png?bg_token=color.surface.quaternary,0.07,9.0,9.0,9.0,0,0,0.0,0.0,0.0,0.0,0,0,0,0.0
kochi-10252336,kochi,kochi,"700334","10252336",SuperYou Pro Fermented Yeast Protein- Coffee | 24g Protein Per Scoop 1.0 KILOGRAM,"1000 g",https://cdn.grofers.com/da/cms-assets/cms/product/86025951-c6d2-46e6-8dd2-3154bdfed892.png?bg_token=color.surface.quaternary,0.07,57.0,50.0,50.0,0,0,0.0,0.0,0.0,0.0,0,0,0,0.0
aurangabad-(maharashtra)-10252336,aurangabad (maharashtra),aurangabad-(maharashtra),"700334","10252336",SuperYou Pro Fermented Yeast Protein- Coffee | 24g Protein Per Scoop 1.0 KILOGRAM,"1000 g",https://cdn.grofers.com/da/cms-assets/cms/product/86025951-c6d2-46e6-8dd2-3154bdfed892.png?bg_token=color.surface.quaternary,0.07,100.0,86.0,71.0,0,0,0.0,0.0,0.0,0.0,0,0,0,0.0
udaipur-10249574,udaipur,udaipur,"696713","10249574",SuperYou Pro Fermented Yeast Protein Powder Chocolate 1 kg (24g protein per scoop)(Pouch),"1000 g",https://cdn.grofers.com/da/cms-assets/cms/product/1d6c1dfb-649a-4fd5-8f61-38b58f2568d4.png?bg_token=color.surface.quaternary,0.07,62.0,62.0,50.0,0,0,0.0,0.0,0.0,0.0,0,0,0,0.0
ranchi-10249574,ranchi,ranchi,"696713","10249574",SuperYou Pro Fermented Yeast Protein Powder Chocolate 1 kg (24g protein per scoop)(Pouch),"1000 g",https://cdn.grofers.com/da/cms-assets/cms/product/1d6c1dfb-649a-4fd5-8f61-38b58f2568d4.png?bg_token=color.surface.quaternary,0.07,29.0,18.0,35.0,9,0,2.3709025594970816,3.055162659123055,0.0,4.970982142857143,1,12,12,24351.6
jodhpur-10249574,jodhpur,jodhpur,"696713","10249574",SuperYou Pro Fermented Yeast Protein Powder Chocolate 1 kg (24g protein per scoop)(Pouch),"1000 g",https://cdn.grofers.com/da/cms-assets/cms/product/1d6c1dfb-649a-4fd5-8f61-38b58f2568d4.png?bg_token=color.surface.quaternary,0.07,29.0,29.0,29.0,0,0,0.0,0.0,0.0,0.0,0,0,0,0.0
visakhapatnam-10249574,visakhapatnam,visakhapatnam,"696713","10249574",SuperYou Pro Fermented Yeast Protein Powder Chocolate 1 kg (24g protein per scoop)(Pouch),"1000 g",https://cdn.grofers.com/da/cms-assets/cms/product/1d6c1dfb-649a-4fd5-8f61-38b58f2568d4.png?bg_token=color.surface.quaternary,0.07,29.0,36.0,21.0,13,5,2.4140098787606648,1.5275813295615275,2.0712425595238093,7.4564732142857135,1,12,12,24351.6
kota-10249574,kota,kota,"696713","10249574",SuperYou Pro Fermented Yeast Protein Powder Chocolate 1 kg (24g protein per scoop)(Pouch),"1000 g",https://cdn.grofers.com/da/cms-assets/cms/product/1d6c1dfb-649a-4fd5-8f61-38b58f2568d4.png?bg_token=color.surface.quaternary,0.07,83.0,83.0,33.0,0,0,0.0,0.0,0.0,0.0,0,0,0,0.0
haridwar-10249574,haridwar,haridwar,"696713","10249574",SuperYou Pro Fermented Yeast Protein Powder Chocolate 1 kg (24g protein per scoop)(Pouch),"1000 g",https://cdn.grofers.com/da/cms-assets/cms/product/1d6c1dfb-649a-4fd5-8f61-38b58f2568d4.png?bg_token=color.surface.quaternary,0.07,20.0,20.0,20.0,0,0,0.0,0.0,0.0,0.0,0,0,0,0.0
nagpur-10249574,nagpur,nagpur,"696713","10249574",SuperYou Pro Fermented Yeast Protein Powder Chocolate 1 kg (24g protein per scoop)(Pouch),"1000 g",https://cdn.grofers.com/da/cms-assets/cms/product/1d6c1dfb-649a-4fd5-8f61-38b58f2568d4.png?bg_token=color.surface.quaternary,0.07,44.0,44.0,39.0,28,226,27.45936237090256,24.356435643564353,8.230344060701203,9.250032705389847,4,144,144,292219.2
raipur-10252336,raipur,raipur,"700334","10252336",SuperYou Pro Fermented Yeast Protein- Coffee | 24g Protein Per Scoop 1.0 KILOGRAM,"1000 g",https://cdn.grofers.com/da/cms-assets/cms/product/86025951-c6d2-46e6-8dd2-3154bdfed892.png?bg_token=color.surface.quaternary,0.07,55.0,27.0,27.0,0,0,0.0,0.0,0.0,0.0,1,12,12,24351.6
rajkot-10249574,rajkot,rajkot,"696713","10249574",SuperYou Pro Fermented Yeast Protein Powder Chocolate 1 kg (24g protein per scoop)(Pouch),"1000 g",https://cdn.grofers.com/da/cms-assets/cms/product/1d6c1dfb-649a-4fd5-8f61-38b58f2568d4.png?bg_token=color.surface.quaternary,0.07,43.0,43.0,43.0,0,0,0.0,0.0,0.0,0.0,0,0,0,0.0
bilaspur-10249576,bilaspur,bilaspur,"696715","10249576",SuperYou Pro Fermented Yeast Protein Powder Unflavored 1 kg (24g protein per scoop),"1000 g",https://cdn.grofers.com/da/cms-assets/cms/product/f2f4c9dc-8c1c-462e-8bb9-f056c076e95d.png?bg_token=color.surface.quaternary,0.06,50.0,75.0,75.0,0,0,0.0,0.0,0.0,0.0,0,0,0,0.0
jodhpur-10249576,jodhpur,jodhpur,"696715","10249576",SuperYou Pro Fermented Yeast Protein Powder Unflavored 1 kg (24g protein per scoop),"1000 g",https://cdn.grofers.com/da/cms-assets/cms/product/f2f4c9dc-8c1c-462e-8bb9-f056c076e95d.png?bg_token=color.surface.quaternary,0.06,43.0,43.0,43.0,0,0,0.0,0.0,0.0,0.0,0,0,0,0.0
bhubaneswar-10249576,bhubaneswar,bhubaneswar,"696715","10249576",SuperYou Pro Fermented Yeast Protein Powder Unflavored 1 kg (24g protein per scoop),"1000 g",https://cdn.grofers.com/da/cms-assets/cms/product/f2f4c9dc-8c1c-462e-8bb9-f056c076e95d.png?bg_token=color.surface.quaternary,0.06,38.0,38.0,38.0,5,4,0.8984864552202835,0.324553970446552,4.451931330472103,10.016845493562231,0,0,0,0.0
udaipur-10249576,udaipur,udaipur,"696715","10249576",SuperYou Pro Fermented Yeast Protein Powder Unflavored 1 kg (24g protein per scoop),"1000 g",https://cdn.grofers.com/da/cms-assets/cms/product/f2f4c9dc-8c1c-462e-8bb9-f056c076e95d.png?bg_token=color.surface.quaternary,0.06,75.0,75.0,75.0,0,0,0.0,0.0,0.0,0.0,0,0,0,0.0
agra-10249576,mathura,agra,"696715","10249576",SuperYou Pro Fermented Yeast Protein Powder Unflavored 1 kg (24g protein per scoop),"1000 g",https://cdn.grofers.com/da/cms-assets/cms/product/f2f4c9dc-8c1c-462e-8bb9-f056c076e95d.png?bg_token=color.surface.quaternary,0.06,40.0,40.0,40.0,2,0,0.0,0.162276985223276,0.0,0.0,0,0,0,0.0
puducherry-10249576,tiruchirappalli,puducherry,"696715","10249576",SuperYou Pro Fermented Yeast Protein Powder Unflavored 1 kg (24g protein per scoop),"1000 g",https://cdn.grofers.com/da/cms-assets/cms/product/f2f4c9dc-8c1c-462e-8bb9-f056c076e95d.png?bg_token=color.surface.quaternary,0.06,75.0,75.0,75.0,2,0,0.0,0.162276985223276,0.0,0.0,0,0,0,0.0
visakhapatnam-10249576,visakhapatnam,visakhapatnam,"696715","10249576",SuperYou Pro Fermented Yeast Protein Powder Unflavored 1 kg (24g protein per scoop),"1000 g",https://cdn.grofers.com/da/cms-assets/cms/product/f2f4c9dc-8c1c-462e-8bb9-f056c076e95d.png?bg_token=color.surface.quaternary,0.06,57.0,57.0,57.0,8,21,1.1231080690253543,1.5903144551881045,18.698111587982833,25.821201716738198,0,0,0,0.0
dehradun-10249576,dehradun,dehradun,"696715","10249576",SuperYou Pro Fermented Yeast Protein Powder Unflavored 1 kg (24g protein per scoop),"1000 g",https://cdn.grofers.com/da/cms-assets/cms/product/f2f4c9dc-8c1c-462e-8bb9-f056c076e95d.png?bg_token=color.surface.quaternary,0.06,43.0,24.0,10.0,12,5,0.22462161380507087,0.681563337937759,22.259656652360515,66.77896995708154,0,0,0,0.0
surat-10249576,surat,surat,"696715","10249576",SuperYou Pro Fermented Yeast Protein Powder Unflavored 1 kg (24g protein per scoop),"1000 g",https://cdn.grofers.com/da/cms-assets/cms/product/f2f4c9dc-8c1c-462e-8bb9-f056c076e95d.png?bg_token=color.surface.quaternary,0.06,38.0,38.0,38.0,46,5,1.010797262122819,3.2184935402616404,1.9786361468764901,18.797043395326657,2,24,24,47023.2
agra-10249576,agra,agra,"696715","10249576",SuperYou Pro Fermented Yeast Protein Powder Unflavored 1 kg (24g protein per scoop),"1000 g",https://cdn.grofers.com/da/cms-assets/cms/product/f2f4c9dc-8c1c-462e-8bb9-f056c076e95d.png?bg_token=color.surface.quaternary,0.06,100.0,100.0,78.0,2,0,0.0,0.162276985223276,0.0,0.0,0,0,0,0.0
kolkata-10265737,kolkata,kolkata,"719409","10265737",SUPERYOU Assorted Wafer Protein Bar - Pack of 5 200.0 g,"200 g",https://cdn.grofers.com/da/cms-assets/cms/product/c423d7ed-abbf-490c-8c5c-6cb3f443f266.png,0.06,75.0,76.0,72.0,168,9,10.0,10.0,1.395,11.850454545454546,3,108,108,20412.0
jaipur-10249578,jaipur,jaipur,"696717","10249578",SuperYou Pro Fermented Yeast Protein Powder Coffee Pack of 8 (24g protein per sachet)(Box),"288 g",https://cdn.grofers.com/da/cms-assets/cms/product/9b35537d-2637-423e-b63c-8d14c11d9875.png,0.06,79.0,79.0,70.0,96,1,2.1235793126444706,5.828355862936183,0.6390827265372169,67.23150283171522,2,72,72,55389.6
dehradun-10249577,dehradun,dehradun,"696716","10249577",SuperYou Pro Fermented Yeast Protein Powder Chocolate Pack of 8 (24g protein per sachet)(Box),"288 g",https://cdn.grofers.com/da/cms-assets/cms/product/0b3c511b-e8de-47de-adc6-0d102857934d.png,0.06,76.0,71.0,76.0,53,6,3.5956398387337614,2.625143922364164,1.6686877076411961,16.40876245847176,1,6,6,4615.8
jaipur-10291036,jaipur,jaipur,"757418","10291036",SuperYou Pro Assorted Yeast Protein Powder Sachets(Box) 8 x 36 g - Rs 1099.0,"288 g",https://cdn.grofers.com/da/cms-assets/cms/product/rc-upload-1772003663615-40.png,0.06,58.0,53.0,49.0,60,3,1.3251169351844976,4.758225721398525,2.8928264604811003,72.99565435280643,2,96,96,73852.8
indirapuram-10298083,ghaziabad,indirapuram,"767792","10298083",SuperYou Pro Fermented Yeast Protein Powder (Cold Coffee)(Pack) 500 g - Rs 1499.0,"500 g",https://cdn.grofers.com/da/cms-assets/cms/product/rc-upload-1774593406383-65.png,0.06,62.0,65.0,65.0,0,0,0.0,0.0,0.0,0.0,0,0,0,0.0
pune-10325396,pune,pune,"1368466","10325396",SuperYou Cranberry Crunch Mega Protein Bar(Wrap) 60 g - Rs 120,"60 g",https://cdn.grofers.com/da/cms-assets/cms/product/rc-upload-1785345745206-354.png,0.05,58.0,56.0,57.0,187,169,15.142857142857142,14.577825159914712,11.160377358490566,23.50943396226415,1,144,144,12060.0
dehradun-10216726,dehradun,dehradun,"650010","10216726",SuperYou Multigrain Sour Cream & Onion Chips,"40 g",https://cdn.grofers.com/da/cms-assets/cms/product/a9fe1088-c207-4753-b69d-62e3a661919a.png?bg_token=color.surface.quaternary,0.05,76.0,76.0,76.0,487,660,71.0462304158091,60.601420957839025,6.552919194502156,11.78904262589772,1,72,72,1872.0
bengaluru-10315341,bengaluru,bengaluru,"796627","10315341",SuperYou Power Puffs - Pizza Party,"55 g",https://cdn.grofers.com/da/cms-assets/cms/product/bad73efb8dd3499c8be56e7a3ecbe71b.png,0.05,71.0,66.0,62.0,208,498,50.85714285714285,50.64118895966029,956.365168539326,529.6628696887511,9,1296,1296,42120.0
gurgaon-10324645,gurgaon,gurgaon,"1365580","10324645",SuperYou Kesar Pista Badam Protein Bar(Wrap) 60 g - Rs 120,"60 g",https://cdn.grofers.com/da/cms-assets/cms/product/rc-upload-1785352202796-346.png,0.05,86.0,82.0,74.0,5,0,0.0,3.201964285714286,0.0,0.0,0,0,0,0.0
mumbai-10315586,mumbai,mumbai,"796973","10315586",SuperYou Orange Mini Wafer Protein Bar(Box) 10 x 20 g - Rs 300,"200 g",https://cdn.grofers.com/da/cms-assets/cms/product/7ebfe18185ee42a1b7bdc1c5ad7c916a.png,0.05,79.0,79.0,78.0,242,74,6.142857142857144,6.142857142857142,11.933333333333332,51.377777777777766,1,36,36,6804.0
ludhiana-10249578,ludhiana,ludhiana,"696717","10249578",SuperYou Pro Fermented Yeast Protein Powder Coffee Pack of 8 (24g protein per sachet)(Box),"288 g",https://cdn.grofers.com/da/cms-assets/cms/product/9b35537d-2637-423e-b63c-8d14c11d9875.png,0.05,87.0,80.0,73.0,74,0,4.191274959166718,5.412044729869312,0.0,17.655725458468176,0,0,0,0.0
dehradun-10249578,dehradun,dehradun,"696717","10249578",SuperYou Pro Fermented Yeast Protein Powder Coffee Pack of 8 (24g protein per sachet)(Box),"288 g",https://cdn.grofers.com/da/cms-assets/cms/product/9b35537d-2637-423e-b63c-8d14c11d9875.png,0.05,71.0,67.0,52.0,51,2,0.4889820785694504,4.856963219113487,2.045064724919094,85.89271844660196,2,72,72,55389.6
delhi-10324645,delhi,delhi,"1365580","10324645",SuperYou Kesar Pista Badam Protein Bar(Wrap) 60 g - Rs 120,"60 g",https://cdn.grofers.com/da/cms-assets/cms/product/rc-upload-1785352202796-346.png,0.05,41.0,38.0,35.0,23,0,1.1816793893129771,7.025892857142857,0.0,5.923772609819121,0,0,0,0.0
raipur-10176797,raipur,raipur,"581442","10176797",SuperYou Chocolate Wafer Protein Bar(Pouch),"40 g",https://cdn.grofers.com/da/cms-assets/cms/product/eb2ee9f1-e45c-42a8-a4f0-f265305bcdba.png?bg_token=color.surface.quaternary,0.05,82.0,73.0,73.0,0,0,0.0,0.0,0.0,0.0,1,180,180,6804.0
lucknow-10298083,lucknow,lucknow,"767792","10298083",SuperYou Pro Fermented Yeast Protein Powder (Cold Coffee)(Pack) 500 g - Rs 1499.0,"500 g",https://cdn.grofers.com/da/cms-assets/cms/product/rc-upload-1774593406383-65.png,0.04,55.0,55.0,53.0,39,0,0.0,1.7054034048852698,0.0,0.0,2,60,60,62958.0
dehradun-10292367,dehradun,dehradun,"759656","10292367",SuperYou Nutty Chocolate Mega Protein Wafer Protein Bar(Wrap) 60 g - Rs 115.0,"60 g",https://cdn.grofers.com/da/cms-assets/cms/product/rc-upload-1772450349128-73.png,0.04,76.0,76.0,76.0,329,84,39.45047971455002,42.30953658972983,4.014577201111332,14.359528326646375,1,144,144,11095.2
jaipur-10249574,sikar,jaipur,"696713","10249574",SuperYou Pro Fermented Yeast Protein Powder Chocolate 1 kg (24g protein per scoop)(Pouch),"1000 g",https://cdn.grofers.com/da/cms-assets/cms/product/1d6c1dfb-649a-4fd5-8f61-38b58f2568d4.png?bg_token=color.surface.quaternary,0.04,50.0,50.0,50.0,42,0,13.255500673551863,22.630834512022627,0.0,15.088392857142857,3,228,228,462680.4
ahmedabad-10249574,anand,ahmedabad,"696713","10249574",SuperYou Pro Fermented Yeast Protein Powder Chocolate 1 kg (24g protein per scoop)(Pouch),"1000 g",https://cdn.grofers.com/da/cms-assets/cms/product/1d6c1dfb-649a-4fd5-8f61-38b58f2568d4.png?bg_token=color.surface.quaternary,0.04,33.0,33.0,33.0,0,0,29.873372249663227,22.811881188118807,0.0,0.0,3,108,108,219164.4
udaipur-10252336,udaipur,udaipur,"700334","10252336",SuperYou Pro Fermented Yeast Protein- Coffee | 24g Protein Per Scoop 1.0 KILOGRAM,"1000 g",https://cdn.grofers.com/da/cms-assets/cms/product/86025951-c6d2-46e6-8dd2-3154bdfed892.png?bg_token=color.surface.quaternary,0.04,75.0,75.0,75.0,0,0,0.0,0.0,0.0,0.0,0,0,0,0.0
chennai-10252336,chennai,chennai,"700334","10252336",SuperYou Pro Fermented Yeast Protein- Coffee | 24g Protein Per Scoop 1.0 KILOGRAM,"1000 g",https://cdn.grofers.com/da/cms-assets/cms/product/86025951-c6d2-46e6-8dd2-3154bdfed892.png?bg_token=color.surface.quaternary,0.04,12.0,6.0,6.0,0,31,0.0,0.0,0.0,0.0,0,0,0,0.0
bhubaneswar-10249574,berhampur,bhubaneswar,"696713","10249574",SuperYou Pro Fermented Yeast Protein Powder Chocolate 1 kg (24g protein per scoop)(Pouch),"1000 g",https://cdn.grofers.com/da/cms-assets/cms/product/1d6c1dfb-649a-4fd5-8f61-38b58f2568d4.png?bg_token=color.surface.quaternary,0.04,0.0,0.0,0.0,4,11,0.5029187247418051,0.3394625176803394,21.87232142857143,29.825892857142858,0,0,0,0.0
jamshedpur-10249574,durgapur,jamshedpur,"696713","10249574",SuperYou Pro Fermented Yeast Protein Powder Chocolate 1 kg (24g protein per scoop)(Pouch),"1000 g",https://cdn.grofers.com/da/cms-assets/cms/product/1d6c1dfb-649a-4fd5-8f61-38b58f2568d4.png?bg_token=color.surface.quaternary,0.04,75.0,75.0,75.0,0,0,0.0,0.0,0.0,0.0,0,0,0,0.0
akola-10249574,amravati,akola,"696713","10249574",SuperYou Pro Fermented Yeast Protein Powder Chocolate 1 kg (24g protein per scoop)(Pouch),"1000 g",https://cdn.grofers.com/da/cms-assets/cms/product/1d6c1dfb-649a-4fd5-8f61-38b58f2568d4.png?bg_token=color.surface.quaternary,0.04,100.0,100.0,50.0,0,0,0.0,0.0,0.0,0.0,0,0,0,0.0
bhubaneswar-10252336,berhampur,bhubaneswar,"700334","10252336",SuperYou Pro Fermented Yeast Protein- Coffee | 24g Protein Per Scoop 1.0 KILOGRAM,"1000 g",https://cdn.grofers.com/da/cms-assets/cms/product/86025951-c6d2-46e6-8dd2-3154bdfed892.png?bg_token=color.surface.quaternary,0.04,0.0,0.0,0.0,3,23,0.6791029134353385,0.993690851735016,33.86820987654321,38.2858024691358,0,0,0,0.0
kolkata-10249574,bardhaman,kolkata,"696713","10249574",SuperYou Pro Fermented Yeast Protein Powder Chocolate 1 kg (24g protein per scoop)(Pouch),"1000 g",https://cdn.grofers.com/da/cms-assets/cms/product/1d6c1dfb-649a-4fd5-8f61-38b58f2568d4.png?bg_token=color.surface.quaternary,0.04,50.0,50.0,50.0,134,279,12.14285714285714,12.142857142857142,185.49469696969697,239.96898395721925,4,144,144,292219.2
trivandrum-10249574,trivandrum,trivandrum,"696713","10249574",SuperYou Pro Fermented Yeast Protein Powder Chocolate 1 kg (24g protein per scoop)(Pouch),"1000 g",https://cdn.grofers.com/da/cms-assets/cms/product/1d6c1dfb-649a-4fd5-8f61-38b58f2568d4.png?bg_token=color.surface.quaternary,0.04,33.0,33.0,33.0,0,0,0.0,0.0,0.0,0.0,0,0,0,0.0
bhubaneswar-10252336,bhubaneswar,bhubaneswar,"700334","10252336",SuperYou Pro Fermented Yeast Protein- Coffee | 24g Protein Per Scoop 1.0 KILOGRAM,"1000 g",https://cdn.grofers.com/da/cms-assets/cms/product/86025951-c6d2-46e6-8dd2-3154bdfed892.png?bg_token=color.surface.quaternary,0.04,31.0,31.0,31.0,3,23,0.6791029134353385,0.993690851735016,33.86820987654321,38.2858024691358,0,0,0,0.0
patna-10252336,bhagalpur,patna,"700334","10252336",SuperYou Pro Fermented Yeast Protein- Coffee | 24g Protein Per Scoop 1.0 KILOGRAM,"1000 g",https://cdn.grofers.com/da/cms-assets/cms/product/86025951-c6d2-46e6-8dd2-3154bdfed892.png?bg_token=color.surface.quaternary,0.04,25.0,25.0,25.0,88,11,7.39467616851813,4.802839116719244,1.4078042328042328,13.330449735449736,0,0,0,0.0
bhubaneswar-10249574,bhubaneswar,bhubaneswar,"696713","10249574",SuperYou Pro Fermented Yeast Protein Powder Chocolate 1 kg (24g protein per scoop)(Pouch),"1000 g",https://cdn.grofers.com/da/cms-assets/cms/product/1d6c1dfb-649a-4fd5-8f61-38b58f2568d4.png?bg_token=color.surface.quaternary,0.04,31.0,23.0,15.0,4,11,0.5029187247418051,0.3394625176803394,21.87232142857143,29.825892857142858,0,0,0,0.0
jamshedpur-10252336,jamshedpur,jamshedpur,"700334","10252336",SuperYou Pro Fermented Yeast Protein- Coffee | 24g Protein Per Scoop 1.0 KILOGRAM,"1000 g",https://cdn.grofers.com/da/cms-assets/cms/product/86025951-c6d2-46e6-8dd2-3154bdfed892.png?bg_token=color.surface.quaternary,0.04,18.0,18.0,18.0,0,0,0.0,0.0,0.0,0.0,0,0,0,0.0
ranchi-10252336,ranchi,ranchi,"700334","10252336",SuperYou Pro Fermented Yeast Protein- Coffee | 24g Protein Per Scoop 1.0 KILOGRAM,"1000 g",https://cdn.grofers.com/da/cms-assets/cms/product/86025951-c6d2-46e6-8dd2-3154bdfed892.png?bg_token=color.surface.quaternary,0.04,47.0,47.0,24.0,15,6,4.1198910081743865,0.8517350157728708,0.24272486772486776,3.3981481481481484,1,12,12,24351.6
patna-10249574,bhagalpur,patna,"696713","10249574",SuperYou Pro Fermented Yeast Protein Powder Chocolate 1 kg (24g protein per scoop)(Pouch),"1000 g",https://cdn.grofers.com/da/cms-assets/cms/product/1d6c1dfb-649a-4fd5-8f61-38b58f2568d4.png?bg_token=color.surface.quaternary,0.04,25.0,25.0,25.0,35,32,7.543780871127077,1.7425742574257423,5.882328869047619,12.013206845238095,0,0,0,0.0
bilaspur-10252336,bilaspur,bilaspur,"700334","10252336",SuperYou Pro Fermented Yeast Protein- Coffee | 24g Protein Per Scoop 1.0 KILOGRAM,"1000 g",https://cdn.grofers.com/da/cms-assets/cms/product/86025951-c6d2-46e6-8dd2-3154bdfed892.png?bg_token=color.surface.quaternary,0.04,50.0,50.0,50.0,0,0,0.0,0.0,0.0,0.0,0,0,0,0.0
bidar-10252336,latur,bidar,"700334","10252336",SuperYou Pro Fermented Yeast Protein- Coffee | 24g Protein Per Scoop 1.0 KILOGRAM,"1000 g",https://cdn.grofers.com/da/cms-assets/cms/product/86025951-c6d2-46e6-8dd2-3154bdfed892.png?bg_token=color.surface.quaternary,0.04,0.0,0.0,0.0,0,0,0.0,0.0,0.0,0.0,0,0,0,0.0
jaipur-10249574,ajmer,jaipur,"696713","10249574",SuperYou Pro Fermented Yeast Protein Powder Chocolate 1 kg (24g protein per scoop)(Pouch),"1000 g",https://cdn.grofers.com/da/cms-assets/cms/product/1d6c1dfb-649a-4fd5-8f61-38b58f2568d4.png?bg_token=color.surface.quaternary,0.04,100.0,100.0,67.0,42,0,13.255500673551863,22.630834512022627,0.0,15.088392857142857,3,228,228,462680.4
eluru-10249574,rajahmundry,eluru,"696713","10249574",SuperYou Pro Fermented Yeast Protein Powder Chocolate 1 kg (24g protein per scoop)(Pouch),"1000 g",https://cdn.grofers.com/da/cms-assets/cms/product/1d6c1dfb-649a-4fd5-8f61-38b58f2568d4.png?bg_token=color.surface.quaternary,0.04,33.0,33.0,33.0,0,0,0.0,0.0,0.0,0.0,0,0,0,0.0
bengaluru-10249574,tumkur,bengaluru,"696713","10249574",SuperYou Pro Fermented Yeast Protein Powder Chocolate 1 kg (24g protein per scoop)(Pouch),"1000 g",https://cdn.grofers.com/da/cms-assets/cms/product/1d6c1dfb-649a-4fd5-8f61-38b58f2568d4.png?bg_token=color.surface.quaternary,0.04,50.0,50.0,50.0,8,97,1.4285714285714284,1.4285714285714284,111.10272727272726,120.31939393939392,7,792,792,1607205.6
durg-10252336,durg,durg,"700334","10252336",SuperYou Pro Fermented Yeast Protein- Coffee | 24g Protein Per Scoop 1.0 KILOGRAM,"1000 g",https://cdn.grofers.com/da/cms-assets/cms/product/86025951-c6d2-46e6-8dd2-3154bdfed892.png?bg_token=color.surface.quaternary,0.04,60.0,80.0,80.0,0,0,0.0,0.0,0.0,0.0,0,0,0,0.0
jabalpur-10249574,jabalpur,jabalpur,"696713","10249574",SuperYou Pro Fermented Yeast Protein Powder Chocolate 1 kg (24g protein per scoop)(Pouch),"1000 g",https://cdn.grofers.com/da/cms-assets/cms/product/1d6c1dfb-649a-4fd5-8f61-38b58f2568d4.png?bg_token=color.surface.quaternary,0.04,12.0,12.0,12.0,0,0,0.0,0.0,0.0,0.0,0,0,0,0.0
goa-10249574,goa,goa,"696713","10249574",SuperYou Pro Fermented Yeast Protein Powder Chocolate 1 kg (24g protein per scoop)(Pouch),"1000 g",https://cdn.grofers.com/da/cms-assets/cms/product/1d6c1dfb-649a-4fd5-8f61-38b58f2568d4.png?bg_token=color.surface.quaternary,0.04,6.0,22.0,22.0,35,13,5.682981589582399,7.8415841584158406,2.393435846560846,13.900338955026456,0,0,0,0.0
shimoga-10249574,hassan,shimoga,"696713","10249574",SuperYou Pro Fermented Yeast Protein Powder Chocolate 1 kg (24g protein per scoop)(Pouch),"1000 g",https://cdn.grofers.com/da/cms-assets/cms/product/1d6c1dfb-649a-4fd5-8f61-38b58f2568d4.png?bg_token=color.surface.quaternary,0.04,100.0,100.0,0.0,0,0,0.0,0.0,0.0,0.0,0,0,0,0.0
mohali-10249574,chandigarh,mohali,"696713","10249574",SuperYou Pro Fermented Yeast Protein Powder Chocolate 1 kg (24g protein per scoop)(Pouch),"1000 g",https://cdn.grofers.com/da/cms-assets/cms/product/1d6c1dfb-649a-4fd5-8f61-38b58f2568d4.png?bg_token=color.surface.quaternary,0.04,38.0,38.0,38.0,0,0,0.0,0.0,0.0,0.0,0,0,0,0.0
dasna-10252336,meerut,dasna,"700334","10252336",SuperYou Pro Fermented Yeast Protein- Coffee | 24g Protein Per Scoop 1.0 KILOGRAM,"1000 g",https://cdn.grofers.com/da/cms-assets/cms/product/86025951-c6d2-46e6-8dd2-3154bdfed892.png?bg_token=color.surface.quaternary,0.04,30.0,30.0,30.0,41,0,0.36380339917317417,2.8075150655795817,0.0,19.241161616161612,1,108,108,219164.4
jamshedpur-10249574,dhanbad,jamshedpur,"696713","10249574",SuperYou Pro Fermented Yeast Protein Powder Chocolate 1 kg (24g protein per scoop)(Pouch),"1000 g",https://cdn.grofers.com/da/cms-assets/cms/product/1d6c1dfb-649a-4fd5-8f61-38b58f2568d4.png?bg_token=color.surface.quaternary,0.04,50.0,50.0,50.0,0,0,0.0,0.0,0.0,0.0,0,0,0,0.0
ranchi-10249574,hazaribagh,ranchi,"696713","10249574",SuperYou Pro Fermented Yeast Protein Powder Chocolate 1 kg (24g protein per scoop)(Pouch),"1000 g",https://cdn.grofers.com/da/cms-assets/cms/product/1d6c1dfb-649a-4fd5-8f61-38b58f2568d4.png?bg_token=color.surface.quaternary,0.04,50.0,50.0,50.0,9,0,2.3709025594970816,3.055162659123055,0.0,4.970982142857143,1,12,12,24351.6
patna-10252336,gaya,patna,"700334","10252336",SuperYou Pro Fermented Yeast Protein- Coffee | 24g Protein Per Scoop 1.0 KILOGRAM,"1000 g",https://cdn.grofers.com/da/cms-assets/cms/product/86025951-c6d2-46e6-8dd2-3154bdfed892.png?bg_token=color.surface.quaternary,0.04,60.0,60.0,60.0,88,11,7.39467616851813,4.802839116719244,1.4078042328042328,13.330449735449736,0,0,0,0.0
ranchi-10252336,hazaribagh,ranchi,"700334","10252336",SuperYou Pro Fermented Yeast Protein- Coffee | 24g Protein Per Scoop 1.0 KILOGRAM,"1000 g",https://cdn.grofers.com/da/cms-assets/cms/product/86025951-c6d2-46e6-8dd2-3154bdfed892.png?bg_token=color.surface.quaternary,0.04,50.0,50.0,50.0,15,6,4.1198910081743865,0.8517350157728708,0.24272486772486776,3.3981481481481484,1,12,12,24351.6
roorkee-10252336,muzaffarnagar,roorkee,"700334","10252336",SuperYou Pro Fermented Yeast Protein- Coffee | 24g Protein Per Scoop 1.0 KILOGRAM,"1000 g",https://cdn.grofers.com/da/cms-assets/cms/product/86025951-c6d2-46e6-8dd2-3154bdfed892.png?bg_token=color.surface.quaternary,0.04,50.0,50.0,0.0,0,0,0.0,0.0,0.0,0.0,0,0,0,0.0
agra-10249574,bharatpur,agra,"696713","10249574",SuperYou Pro Fermented Yeast Protein Powder Chocolate 1 kg (24g protein per scoop)(Pouch),"1000 g",https://cdn.grofers.com/da/cms-assets/cms/product/1d6c1dfb-649a-4fd5-8f61-38b58f2568d4.png?bg_token=color.surface.quaternary,0.04,0.0,0.0,0.0,3,0,0.0,0.5091937765205091,0.0,0.0,0,0,0,0.0
dehradun-10265737,dehradun,dehradun,"719409","10265737",SUPERYOU Assorted Wafer Protein Bar - Pack of 5 200.0 g,"200 g",https://cdn.grofers.com/da/cms-assets/cms/product/c423d7ed-abbf-490c-8c5c-6cb3f443f266.png,0.04,67.0,67.0,67.0,71,3,3.2573330507735077,10.29987668310892,0.3470430456413584,22.03723339822626,2,72,72,13608.0
kundli-10249576,rohtak,kundli,"696715","10249576",SuperYou Pro Fermented Yeast Protein Powder Unflavored 1 kg (24g protein per scoop),"1000 g",https://cdn.grofers.com/da/cms-assets/cms/product/f2f4c9dc-8c1c-462e-8bb9-f056c076e95d.png?bg_token=color.surface.quaternary,0.04,50.0,50.0,50.0,12,0,5.074486659791498,4.634650590240513,0.0,2.3647712181576725,4,72,72,141069.6
coimbatore-10249576,kozhikode,coimbatore,"696715","10249576",SuperYou Pro Fermented Yeast Protein Powder Unflavored 1 kg (24g protein per scoop),"1000 g",https://cdn.grofers.com/da/cms-assets/cms/product/f2f4c9dc-8c1c-462e-8bb9-f056c076e95d.png?bg_token=color.surface.quaternary,0.04,25.0,25.0,25.0,69,15,1.7142857142857142,1.7142857142857142,8.75,49.0,1,24,24,47023.2
trivandrum-10249576,trivandrum,trivandrum,"696715","10249576",SuperYou Pro Fermented Yeast Protein Powder Unflavored 1 kg (24g protein per scoop),"1000 g",https://cdn.grofers.com/da/cms-assets/cms/product/f2f4c9dc-8c1c-462e-8bb9-f056c076e95d.png?bg_token=color.surface.quaternary,0.04,50.0,50.0,50.0,0,0,0.0,0.0,0.0,0.0,0,0,0,0.0
ludhiana-10249576,hoshiarpur,ludhiana,"696715","10249576",SuperYou Pro Fermented Yeast Protein Powder Unflavored 1 kg (24g protein per scoop),"1000 g",https://cdn.grofers.com/da/cms-assets/cms/product/f2f4c9dc-8c1c-462e-8bb9-f056c076e95d.png?bg_token=color.surface.quaternary,0.04,100.0,100.0,50.0,20,0,0.6738648414152125,2.271877793125864,0.0,29.679542203147356,0,0,0,0.0
ongole-10249576,ongole,ongole,"696715","10249576",SuperYou Pro Fermented Yeast Protein Powder Unflavored 1 kg (24g protein per scoop),"1000 g",https://cdn.grofers.com/da/cms-assets/cms/product/f2f4c9dc-8c1c-462e-8bb9-f056c076e95d.png?bg_token=color.surface.quaternary,0.04,100.0,100.0,0.0,0,0,0.0,0.0,0.0,0.0,0,0,0,0.0
bareilly-10249576,bareilly,bareilly,"696715","10249576",SuperYou Pro Fermented Yeast Protein Powder Unflavored 1 kg (24g protein per scoop),"1000 g",https://cdn.grofers.com/da/cms-assets/cms/product/f2f4c9dc-8c1c-462e-8bb9-f056c076e95d.png?bg_token=color.surface.quaternary,0.04,60.0,60.0,20.0,0,0,0.0,0.0,0.0,0.0,0,0,0,0.0
bamnoli-10249576,bahadurgarh,bamnoli,"696715","10249576",SuperYou Pro Fermented Yeast Protein Powder Unflavored 1 kg (24g protein per scoop),"1000 g",https://cdn.grofers.com/da/cms-assets/cms/product/f2f4c9dc-8c1c-462e-8bb9-f056c076e95d.png?bg_token=color.surface.quaternary,0.04,67.0,67.0,67.0,0,0,0.0,0.0,0.0,0.0,0,0,0,0.0
coimbatore-10249576,coimbatore,coimbatore,"696715","10249576",SuperYou Pro Fermented Yeast Protein Powder Unflavored 1 kg (24g protein per scoop),"1000 g",https://cdn.grofers.com/da/cms-assets/cms/product/f2f4c9dc-8c1c-462e-8bb9-f056c076e95d.png?bg_token=color.surface.quaternary,0.04,69.0,69.0,69.0,69,15,1.7142857142857142,1.7142857142857142,8.75,49.0,1,24,24,47023.2
mohali-10249576,kharar,mohali,"696715","10249576",SuperYou Pro Fermented Yeast Protein Powder Unflavored 1 kg (24g protein per scoop),"1000 g",https://cdn.grofers.com/da/cms-assets/cms/product/f2f4c9dc-8c1c-462e-8bb9-f056c076e95d.png?bg_token=color.surface.quaternary,0.04,75.0,62.0,62.0,0,0,0.0,0.0,0.0,0.0,0,0,0,0.0
bidar-10249576,gulbarga,bidar,"696715","10249576",SuperYou Pro Fermented Yeast Protein Powder Unflavored 1 kg (24g protein per scoop),"1000 g",https://cdn.grofers.com/da/cms-assets/cms/product/f2f4c9dc-8c1c-462e-8bb9-f056c076e95d.png?bg_token=color.surface.quaternary,0.04,50.0,50.0,50.0,0,0,0.0,0.0,0.0,0.0,0,0,0,0.0
rajpura-10249576,rajpura,rajpura,"696715","10249576",SuperYou Pro Fermented Yeast Protein Powder Unflavored 1 kg (24g protein per scoop),"1000 g",https://cdn.grofers.com/da/cms-assets/cms/product/f2f4c9dc-8c1c-462e-8bb9-f056c076e95d.png?bg_token=color.surface.quaternary,0.04,50.0,50.0,50.0,47,3,2.021594524245638,10.872558009959489,1.4839771101573676,24.732951835956126,1,36,36,70534.8
bengaluru-10216722,bengaluru,bengaluru,"650002","10216722",SuperYou Multigrain Cheese & Tomato Chips(Pouch),"40 g",https://cdn.grofers.com/da/cms-assets/cms/product/e8787348-4e8f-4923-9cde-44c35a31d036.png?bg_token=color.surface.quaternary,0.04,72.0,64.0,57.0,223,818,82.83704566942986,82.33517080745341,756.8750005343506,834.7993887027567,9,2520,2520,65520.0
kochi-10249577,kochi,kochi,"696716","10249577",SuperYou Pro Fermented Yeast Protein Powder Chocolate Pack of 8 (24g protein per sachet)(Box),"288 g",https://cdn.grofers.com/da/cms-assets/cms/product/0b3c511b-e8de-47de-adc6-0d102857934d.png,0.04,64.0,64.0,64.0,0,0,0.0,0.0,0.0,0.0,0,0,0,0.0
kanpur-10291036,kanpur,kanpur,"757418","10291036",SuperYou Pro Assorted Yeast Protein Powder Sachets(Box) 8 x 36 g - Rs 1099.0,"288 g",https://cdn.grofers.com/da/cms-assets/cms/product/rc-upload-1772003663615-40.png,0.04,74.0,74.0,74.0,0,0,0.0,0.0,0.0,0.0,0,0,0,0.0
chennai-10291036,chennai,chennai,"757418","10291036",SuperYou Pro Assorted Yeast Protein Powder Sachets(Box) 8 x 36 g - Rs 1099.0,"288 g",https://cdn.grofers.com/da/cms-assets/cms/product/rc-upload-1772003663615-40.png,0.04,65.0,62.0,76.0,63,11,1.6806722689075628,2.2857142857142856,7.140000000000001,43.489090909090905,1,120,120,92316.0
faridabad-10249577,faridabad,faridabad,"696716","10249577",SuperYou Pro Fermented Yeast Protein Powder Chocolate Pack of 8 (24g protein per sachet)(Box),"288 g",https://cdn.grofers.com/da/cms-assets/cms/product/0b3c511b-e8de-47de-adc6-0d102857934d.png,0.04,86.0,81.0,76.0,5,14,0.0,1.2604628261939932,0.0,0.0,0,0,0,0.0
jodhpur-10176797,jodhpur,jodhpur,"581442","10176797",SuperYou Chocolate Wafer Protein Bar(Pouch),"40 g",https://cdn.grofers.com/da/cms-assets/cms/product/eb2ee9f1-e45c-42a8-a4f0-f265305bcdba.png?bg_token=color.surface.quaternary,0.04,43.0,43.0,43.0,0,0,0.0,0.0,0.0,0.0,0,0,0,0.0
mumbai-10325396,mumbai,mumbai,"1368466","10325396",SuperYou Cranberry Crunch Mega Protein Bar(Wrap) 60 g - Rs 120,"60 g",https://cdn.grofers.com/da/cms-assets/cms/product/rc-upload-1785345745206-354.png,0.04,41.0,36.0,27.0,69,1,27.999999999999996,28.0,0.15816326530612249,3.936507936507937,9,1440,1440,120600.0
kolkata-10325396,kolkata,kolkata,"1368466","10325396",SuperYou Cranberry Crunch Mega Protein Bar(Wrap) 60 g - Rs 120,"60 g",https://cdn.grofers.com/da/cms-assets/cms/product/rc-upload-1785345745206-354.png,0.04,53.0,53.0,53.0,72,0,8.571428571428571,8.571428571428571,0.0,8.4,0,0,0,0.0
indirapuram-10315546,ghaziabad,indirapuram,"796933","10315546",SuperYou Cheesy Cheese Power Puffs,"55 g",https://cdn.grofers.com/da/cms-assets/cms/product/2ff1017a297a4ed2a175f47650936e6c.png,0.04,86.0,81.0,73.0,0,0,0.0,0.0,0.0,0.0,0,0,0,0.0
jammu-10216715,amritsar,jammu,"649989","10216715",SuperYou Multigrain Super Masala Chips,"40 g",https://cdn.grofers.com/da/cms-assets/cms/product/223c6142-82a0-4171-be32-a6b1b37c704b.png?bg_token=color.surface.quaternary,0.04,55.0,55.0,55.0,0,0,0.0,0.0,0.0,0.0,0,0,0,0.0
jodhpur-10216715,jodhpur,jodhpur,"649989","10216715",SuperYou Multigrain Super Masala Chips,"40 g",https://cdn.grofers.com/da/cms-assets/cms/product/223c6142-82a0-4171-be32-a6b1b37c704b.png?bg_token=color.surface.quaternary,0.04,43.0,43.0,43.0,0,0,0.0,0.0,0.0,0.0,0,0,0,0.0
mumbai-10258187,mumbai,mumbai,"708073","10258187",SuperYou Mini Mango Protein Wafer Bar(Box) 200 g,"200 g",https://cdn.grofers.com/da/cms-assets/cms/product/ca5a9b92-3514-40a8-be32-a5e264ad0641.png,0.04,76.0,78.0,76.0,231,49,5.285714285714286,5.285714285714286,17.11111111111111,58.12268518518518,0,0,0,0.0
kochi-10176797,kochi,kochi,"581442","10176797",SuperYou Chocolate Wafer Protein Bar(Pouch),"40 g",https://cdn.grofers.com/da/cms-assets/cms/product/eb2ee9f1-e45c-42a8-a4f0-f265305bcdba.png?bg_token=color.surface.quaternary,0.04,64.0,64.0,64.0,0,0,0.0,0.0,0.0,0.0,0,0,0,0.0
indirapuram-10325396,ghaziabad,indirapuram,"1368466","10325396",SuperYou Cranberry Crunch Mega Protein Bar(Wrap) 60 g - Rs 120,"60 g",https://cdn.grofers.com/da/cms-assets/cms/product/rc-upload-1785345745206-354.png,0.04,49.0,46.0,46.0,0,0,0.0,0.0,0.0,0.0,0,0,0,0.0
kolkata-10324645,kolkata,kolkata,"1365580","10324645",SuperYou Kesar Pista Badam Protein Bar(Wrap) 60 g - Rs 120,"60 g",https://cdn.grofers.com/da/cms-assets/cms/product/rc-upload-1785352202796-346.png,0.04,55.0,54.0,53.0,72,2,8.428571428571429,8.428571428571429,0.23728813559322035,8.779661016949152,0,0,0,0.0
dehradun-10258761,dehradun,dehradun,"708957","10258761",SuperYou Cookies & Cream Mini Wafer Protein Bar - Pack of 10 (Box),"200 g",https://cdn.grofers.com/da/cms-assets/cms/product/9c9ac202-8979-419f-ab1d-27106eba90ab.png,0.03,71.0,76.0,76.0,84,10,4.486143030958498,7.3329605814928716,2.1653981264636997,23.38629976580796,0,0,0,0.0
ahmedabad-10298083,vadodara,ahmedabad,"767792","10298083",SuperYou Pro Fermented Yeast Protein Powder (Cold Coffee)(Pack) 500 g - Rs 1499.0,"500 g",https://cdn.grofers.com/da/cms-assets/cms/product/rc-upload-1774593406383-65.png,0.03,44.0,69.0,69.0,103,38,4.205626668492025,1.9896373056994814,9.035514322916669,33.526513671875,0,0,0,0.0
jammu-10291036,jammu,jammu,"757418","10291036",SuperYou Pro Assorted Yeast Protein Powder Sachets(Box) 8 x 36 g - Rs 1099.0,"288 g",https://cdn.grofers.com/da/cms-assets/cms/product/rc-upload-1772003663615-40.png,0.03,36.0,36.0,36.0,0,0,0.0,0.0,0.0,0.0,0,0,0,0.0
ludhiana-10249578,jalandhar,ludhiana,"696717","10249578",SuperYou Pro Fermented Yeast Protein Powder Coffee Pack of 8 (24g protein per sachet)(Box),"288 g",https://cdn.grofers.com/da/cms-assets/cms/product/9b35537d-2637-423e-b63c-8d14c11d9875.png,0.03,80.0,80.0,70.0,74,0,4.191274959166718,5.412044729869312,0.0,17.655725458468176,0,0,0,0.0
faridabad-10249578,faridabad,faridabad,"696717","10249578",SuperYou Pro Fermented Yeast Protein Powder Coffee Pack of 8 (24g protein per sachet)(Box),"288 g",https://cdn.grofers.com/da/cms-assets/cms/product/9b35537d-2637-423e-b63c-8d14c11d9875.png,0.03,62.0,62.0,52.0,8,17,0.20693722189460143,0.6980108499095841,82.15051813471501,120.80958549222797,0,0,0,0.0
kochi-10292367,kochi,kochi,"759656","10292367",SuperYou Nutty Chocolate Mega Protein Wafer Protein Bar(Wrap) 60 g - Rs 115.0,"60 g",https://cdn.grofers.com/da/cms-assets/cms/product/rc-upload-1772450349128-73.png,0.03,64.0,64.0,64.0,0,0,0.0,0.0,0.0,0.0,0,0,0,0.0
mumbai-10324645,mumbai,mumbai,"1365580","10324645",SuperYou Kesar Pista Badam Protein Bar(Wrap) 60 g - Rs 120,"60 g",https://cdn.grofers.com/da/cms-assets/cms/product/rc-upload-1785352202796-346.png,0.03,39.0,33.0,27.0,58,0,20.142857142857142,20.142857142857146,0.0,5.892021276595744,7,1152,1152,96480.0
kolkata-10258761,kolkata,kolkata,"708957","10258761",SuperYou Cookies & Cream Mini Wafer Protein Bar - Pack of 10 (Box),"200 g",https://cdn.grofers.com/da/cms-assets/cms/product/9c9ac202-8979-419f-ab1d-27106eba90ab.png,0.03,77.0,76.0,74.0,167,6,5.571428571428571,5.571428571428571,1.0769230769230769,9.333333333333334,1,36,36,6804.0
bengaluru-10216709,bengaluru,bengaluru,"649981","10216709",SuperYou Multigrain Pudina Chips,"40 g",https://cdn.grofers.com/da/cms-assets/cms/product/6bfbcb3b-be75-4323-972d-6316a8be183b.png?bg_token=color.surface.quaternary,0.03,74.0,65.0,60.0,186,619,39.714285714285715,39.71428571428572,326.09684198587075,356.42863276946014,5,576,576,14976.0
jammu-10258761,jammu,jammu,"708957","10258761",SuperYou Cookies & Cream Mini Wafer Protein Bar - Pack of 10 (Box),"200 g",https://cdn.grofers.com/da/cms-assets/cms/product/9c9ac202-8979-419f-ab1d-27106eba90ab.png,0.03,82.0,73.0,73.0,0,0,0.0,0.0,0.0,0.0,0,0,0,0.0
jodhpur-10176795,jodhpur,jodhpur,"581440","10176795",SuperYou Strawberry Creme Wafer Protein Bar(Pouch),"40 g",https://cdn.grofers.com/da/cms-assets/cms/product/a86b95b0-fb0f-40ab-a9ba-515fea3070de.png?bg_token=color.surface.quaternary,0.03,43.0,43.0,43.0,0,0,0.0,0.0,0.0,0.0,0,0,0,0.0
bilaspur-10292367,bilaspur,bilaspur,"759656","10292367",SuperYou Nutty Chocolate Mega Protein Wafer Protein Bar(Wrap) 60 g - Rs 115.0,"60 g",https://cdn.grofers.com/da/cms-assets/cms/product/rc-upload-1772450349128-73.png,0.03,75.0,75.0,75.0,0,0,0.0,0.0,0.0,0.0,0,0,0,0.0
kochi-10176795,kochi,kochi,"581440","10176795",SuperYou Strawberry Creme Wafer Protein Bar(Pouch),"40 g",https://cdn.grofers.com/da/cms-assets/cms/product/a86b95b0-fb0f-40ab-a9ba-515fea3070de.png?bg_token=color.surface.quaternary,0.03,64.0,64.0,64.0,0,0,0.0,0.0,0.0,0.0,0,0,0,0.0
jammu-10216726,amritsar,jammu,"650010","10216726",SuperYou Multigrain Sour Cream & Onion Chips,"40 g",https://cdn.grofers.com/da/cms-assets/cms/product/a9fe1088-c207-4753-b69d-62e3a661919a.png?bg_token=color.surface.quaternary,0.03,55.0,55.0,55.0,0,0,0.0,0.0,0.0,0.0,0,0,0,0.0
mangalore-10216715,mangalore,mangalore,"649989","10216715",SuperYou Multigrain Super Masala Chips,"40 g",https://cdn.grofers.com/da/cms-assets/cms/product/223c6142-82a0-4171-be32-a6b1b37c704b.png?bg_token=color.surface.quaternary,0.03,80.0,80.0,80.0,11,36,6.300376516524893,5.497063690341002,5.7139442231075686,7.459871624612659,0,0,0,0.0
ahmedabad-10315341,ahmedabad,ahmedabad,"796627","10315341",SuperYou Power Puffs - Pizza Party,"55 g",https://cdn.grofers.com/da/cms-assets/cms/product/bad73efb8dd3499c8be56e7a3ecbe71b.png,0.02,78.0,72.0,70.0,46,22,31.653556722987368,30.839406523561635,0.6950245810456812,1.9902976639035415,5,720,720,23400.0
faridabad-10291036,faridabad,faridabad,"757418","10291036",SuperYou Pro Assorted Yeast Protein Powder Sachets(Box) 8 x 36 g - Rs 1099.0,"288 g",https://cdn.grofers.com/da/cms-assets/cms/product/rc-upload-1772003663615-40.png,0.02,52.0,57.0,71.0,6,0,0.0,0.08333874213020057,0.0,0.0,0,0,0,0.0
mohali-10291036,chandigarh,mohali,"757418","10291036",SuperYou Pro Assorted Yeast Protein Powder Sachets(Box) 8 x 36 g - Rs 1099.0,"288 g",https://cdn.grofers.com/da/cms-assets/cms/product/rc-upload-1772003663615-40.png,0.02,56.0,56.0,56.0,0,0,0.0,0.0,0.0,0.0,0,0,0,0.0
ahmedabad-10249577,vadodara,ahmedabad,"696716","10249577",SuperYou Pro Fermented Yeast Protein Powder Chocolate Pack of 8 (24g protein per sachet)(Box),"288 g",https://cdn.grofers.com/da/cms-assets/cms/product/0b3c511b-e8de-47de-adc6-0d102857934d.png,0.02,25.0,75.0,75.0,78,75,10.607734806629836,8.408355721256646,7.118409863945578,28.04653486394558,1,24,24,18463.2
jammu-10249577,amritsar,jammu,"696716","10249577",SuperYou Pro Fermented Yeast Protein Powder Chocolate Pack of 8 (24g protein per sachet)(Box),"288 g",https://cdn.grofers.com/da/cms-assets/cms/product/0b3c511b-e8de-47de-adc6-0d102857934d.png,0.02,55.0,55.0,55.0,0,0,0.0,0.0,0.0,0.0,0,0,0,0.0
indore-10291036,indore,indore,"757418","10291036",SuperYou Pro Assorted Yeast Protein Powder Sachets(Box) 8 x 36 g - Rs 1099.0,"288 g",https://cdn.grofers.com/da/cms-assets/cms/product/rc-upload-1772003663615-40.png,0.02,50.0,45.0,40.0,20,48,0.0,1.9984548029873808,0.0,0.0,1,24,24,18463.2
dasna-10249578,meerut,dasna,"696717","10249578",SuperYou Pro Fermented Yeast Protein Powder Coffee Pack of 8 (24g protein per sachet)(Box),"288 g",https://cdn.grofers.com/da/cms-assets/cms/product/9b35537d-2637-423e-b63c-8d14c11d9875.png,0.02,90.0,90.0,80.0,93,7,2.882339876389091,5.035649702919143,2.6358455016486104,36.85302506934631,2,120,120,92316.0
jodhpur-10249577,jodhpur,jodhpur,"696716","10249577",SuperYou Pro Fermented Yeast Protein Powder Chocolate Pack of 8 (24g protein per sachet)(Box),"288 g",https://cdn.grofers.com/da/cms-assets/cms/product/0b3c511b-e8de-47de-adc6-0d102857934d.png,0.02,43.0,43.0,43.0,0,0,0.0,0.0,0.0,0.0,0,0,0,0.0
rajpura-10249577,ambala,rajpura,"696716","10249577",SuperYou Pro Fermented Yeast Protein Powder Chocolate Pack of 8 (24g protein per sachet)(Box),"288 g",https://cdn.grofers.com/da/cms-assets/cms/product/0b3c511b-e8de-47de-adc6-0d102857934d.png,0.02,67.0,67.0,67.0,129,6,10.435717485441241,10.113712374581937,0.574948489010989,12.936341002747254,4,72,72,55389.6
mohali-10291036,mohali,mohali,"757418","10291036",SuperYou Pro Assorted Yeast Protein Powder Sachets(Box) 8 x 36 g - Rs 1099.0,"288 g",https://cdn.grofers.com/da/cms-assets/cms/product/rc-upload-1772003663615-40.png,0.02,50.0,50.0,36.0,0,0,0.0,0.0,0.0,0.0,0,0,0,0.0
kundli-10291036,panipat,kundli,"757418","10291036",SuperYou Pro Assorted Yeast Protein Powder Sachets(Box) 8 x 36 g - Rs 1099.0,"288 g",https://cdn.grofers.com/da/cms-assets/cms/product/rc-upload-1772003663615-40.png,0.02,75.0,75.0,75.0,16,0,0.24719166016922237,1.652885052248978,0.0,64.7271028037383,3,96,96,73852.8
mohali-10249577,kharar,mohali,"696716","10249577",SuperYou Pro Fermented Yeast Protein Powder Chocolate Pack of 8 (24g protein per sachet)(Box),"288 g",https://cdn.grofers.com/da/cms-assets/cms/product/0b3c511b-e8de-47de-adc6-0d102857934d.png,0.02,62.0,62.0,50.0,0,0,0.0,0.0,0.0,0.0,0,0,0,0.0
goa-10291036,goa,goa,"757418","10291036",SuperYou Pro Assorted Yeast Protein Powder Sachets(Box) 8 x 36 g - Rs 1099.0,"288 g",https://cdn.grofers.com/da/cms-assets/cms/product/rc-upload-1772003663615-40.png,0.02,83.0,83.0,78.0,51,2,2.074096072462692,2.2839483462712926,0.9642754868270333,24.58902491408935,2,48,48,36926.4
jaipur-10216722,jaipur,jaipur,"650002","10216722",SuperYou Multigrain Cheese & Tomato Chips(Pouch),"40 g",https://cdn.grofers.com/da/cms-assets/cms/product/e8787348-4e8f-4923-9cde-44c35a31d036.png?bg_token=color.surface.quaternary,0.02,74.0,77.0,77.0,245,18,47.68192488262911,55.69728611869204,0.37750153846153844,5.410855384615385,3,792,792,20592.0
bengaluru-10324645,bengaluru,bengaluru,"1365580","10324645",SuperYou Kesar Pista Badam Protein Bar(Wrap) 60 g - Rs 120,"60 g",https://cdn.grofers.com/da/cms-assets/cms/product/rc-upload-1785352202796-346.png,0.02,31.0,21.0,12.0,8,357,16.857142857142858,16.857142857142858,0.0,0.4745762711864407,3,432,432,36180.0
jammu-10292367,amritsar,jammu,"759656","10292367",SuperYou Nutty Chocolate Mega Protein Wafer Protein Bar(Wrap) 60 g - Rs 115.0,"60 g",https://cdn.grofers.com/da/cms-assets/cms/product/rc-upload-1772450349128-73.png,0.02,55.0,55.0,55.0,0,0,0.0,0.0,0.0,0.0,0,0,0,0.0
udaipur-10216715,udaipur,udaipur,"649989","10216715",SuperYou Multigrain Super Masala Chips,"40 g",https://cdn.grofers.com/da/cms-assets/cms/product/223c6142-82a0-4171-be32-a6b1b37c704b.png?bg_token=color.surface.quaternary,0.02,75.0,75.0,75.0,0,0,0.0,0.0,0.0,0.0,0,0,0,0.0
udaipur-10176797,udaipur,udaipur,"581442","10176797",SuperYou Chocolate Wafer Protein Bar(Pouch),"40 g",https://cdn.grofers.com/da/cms-assets/cms/product/eb2ee9f1-e45c-42a8-a4f0-f265305bcdba.png?bg_token=color.surface.quaternary,0.02,75.0,75.0,75.0,0,0,0.0,0.0,0.0,0.0,0,0,0,0.0
pune-10315341,pune,pune,"796627","10315341",SuperYou Power Puffs - Pizza Party,"55 g",https://cdn.grofers.com/da/cms-assets/cms/product/bad73efb8dd3499c8be56e7a3ecbe71b.png,0.02,85.0,73.0,66.0,66,0,30.0,30.0,0.0,2.2898692810457515,7,672,672,21840.0
ahmedabad-10325396,ahmedabad,ahmedabad,"1368466","10325396",SuperYou Cranberry Crunch Mega Protein Bar(Wrap) 60 g - Rs 120,"60 g",https://cdn.grofers.com/da/cms-assets/cms/product/rc-upload-1785345745206-354.png,0.02,59.0,59.0,54.0,69,8,4.29523232672839,5.6592735862517225,2.2616438356164386,11.92074771689498,2,288,288,24120.0
mohali-10298083,chandigarh,mohali,"767792","10298083",SuperYou Pro Fermented Yeast Protein Powder (Cold Coffee)(Pack) 500 g - Rs 1499.0,"500 g",https://cdn.grofers.com/da/cms-assets/cms/product/rc-upload-1774593406383-65.png,0.02,31.0,31.0,31.0,0,0,0.0,0.0,0.0,0.0,0,0,0,0.0
kanpur-10297369,banda,kanpur,"766912","10297369",SuperYou Pro Fermented Yeast Protein (Chocolate)(Pack) 500 g - Rs 1499.0,"500 g",https://cdn.grofers.com/da/cms-assets/cms/product/rc-upload-1774415486764-6.png,0.02,0.0,0.0,0.0,0,0,0.0,0.0,0.0,0.0,0,0,0,0.0
mangalore-10292367,mangalore,mangalore,"759656","10292367",SuperYou Nutty Chocolate Mega Protein Wafer Protein Bar(Wrap) 60 g - Rs 115.0,"60 g",https://cdn.grofers.com/da/cms-assets/cms/product/rc-upload-1772450349128-73.png,0.02,80.0,80.0,80.0,10,0,5.8745143823345884,4.75495307612096,0.0,1.70226836622807,0,0,0,0.0
mangalore-10176797,mangalore,mangalore,"581442","10176797",SuperYou Chocolate Wafer Protein Bar(Pouch),"40 g",https://cdn.grofers.com/da/cms-assets/cms/product/eb2ee9f1-e45c-42a8-a4f0-f265305bcdba.png?bg_token=color.surface.quaternary,0.02,80.0,80.0,80.0,36,0,4.446776732733218,2.9319155331780267,0.0,8.095751633986927,0,0,0,0.0
guwahati-10252336,guwahati,guwahati,"700334","10252336",SuperYou Pro Fermented Yeast Protein- Coffee | 24g Protein Per Scoop 1.0 KILOGRAM,"1000 g",https://cdn.grofers.com/da/cms-assets/cms/product/86025951-c6d2-46e6-8dd2-3154bdfed892.png?bg_token=color.surface.quaternary,0.02,53.0,53.0,53.0,24,39,1.1318381890588975,1.9589905362776028,10.602222222222222,31.806666666666665,0,0,0,0.0
siliguri-10252336,purnia,siliguri,"700334","10252336",SuperYou Pro Fermented Yeast Protein- Coffee | 24g Protein Per Scoop 1.0 KILOGRAM,"1000 g",https://cdn.grofers.com/da/cms-assets/cms/product/86025951-c6d2-46e6-8dd2-3154bdfed892.png?bg_token=color.surface.quaternary,0.02,67.0,67.0,67.0,0,0,0.0,0.0,0.0,0.0,0,0,0,0.0
ludhiana-10252336,tarn taran sahib,ludhiana,"700334","10252336",SuperYou Pro Fermented Yeast Protein- Coffee | 24g Protein Per Scoop 1.0 KILOGRAM,"1000 g",https://cdn.grofers.com/da/cms-assets/cms/product/86025951-c6d2-46e6-8dd2-3154bdfed892.png?bg_token=color.surface.quaternary,0.02,0.0,0.0,0.0,30,0,2.112764619576608,4.116719242902209,0.0,14.199404761904766,1,12,12,24351.6
nanded-10252336,nanded,nanded,"700334","10252336",SuperYou Pro Fermented Yeast Protein- Coffee | 24g Protein Per Scoop 1.0 KILOGRAM,"1000 g",https://cdn.grofers.com/da/cms-assets/cms/product/86025951-c6d2-46e6-8dd2-3154bdfed892.png?bg_token=color.surface.quaternary,0.02,50.0,50.0,50.0,0,0,0.0,0.0,0.0,0.0,0,0,0,0.0
mohali-10249574,zirakpur,mohali,"696713","10249574",SuperYou Pro Fermented Yeast Protein Powder Chocolate 1 kg (24g protein per scoop)(Pouch),"1000 g",https://cdn.grofers.com/da/cms-assets/cms/product/1d6c1dfb-649a-4fd5-8f61-38b58f2568d4.png?bg_token=color.surface.quaternary,0.02,60.0,0.0,0.0,0,0,0.0,0.0,0.0,0.0,0,0,0,0.0
nagpur-10252336,nagpur,nagpur,"700334","10252336",SuperYou Pro Fermented Yeast Protein- Coffee | 24g Protein Per Scoop 1.0 KILOGRAM,"1000 g",https://cdn.grofers.com/da/cms-assets/cms/product/86025951-c6d2-46e6-8dd2-3154bdfed892.png?bg_token=color.surface.quaternary,0.02,39.0,28.0,39.0,26,17,11.092014252777195,6.558359621451105,1.5326341647770219,3.876662887377173,1,12,12,24351.6
jamnagar-10252336,jamnagar,jamnagar,"700334","10252336",SuperYou Pro Fermented Yeast Protein- Coffee | 24g Protein Per Scoop 1.0 KILOGRAM,"1000 g",https://cdn.grofers.com/da/cms-assets/cms/product/86025951-c6d2-46e6-8dd2-3154bdfed892.png?bg_token=color.surface.quaternary,0.02,100.0,100.0,50.0,0,0,0.0,0.14195583596214512,0.0,0.0,0,0,0,0.0
haridwar-10252336,haridwar,haridwar,"700334","10252336",SuperYou Pro Fermented Yeast Protein- Coffee | 24g Protein Per Scoop 1.0 KILOGRAM,"1000 g",https://cdn.grofers.com/da/cms-assets/cms/product/86025951-c6d2-46e6-8dd2-3154bdfed892.png?bg_token=color.surface.quaternary,0.02,20.0,20.0,20.0,0,0,0.0,0.0,0.0,0.0,0,0,0,0.0
prayagraj-10252336,satna,prayagraj,"700334","10252336",SuperYou Pro Fermented Yeast Protein- Coffee | 24g Protein Per Scoop 1.0 KILOGRAM,"1000 g",https://cdn.grofers.com/da/cms-assets/cms/product/86025951-c6d2-46e6-8dd2-3154bdfed892.png?bg_token=color.surface.quaternary,0.02,100.0,100.0,0.0,0,0,0.0,0.0,0.0,0.0,0,0,0,0.0
kota-10252336,bhilwara,kota,"700334","10252336",SuperYou Pro Fermented Yeast Protein- Coffee | 24g Protein Per Scoop 1.0 KILOGRAM,"1000 g",https://cdn.grofers.com/da/cms-assets/cms/product/86025951-c6d2-46e6-8dd2-3154bdfed892.png?bg_token=color.surface.quaternary,0.02,50.0,50.0,50.0,0,0,0.0,0.0,0.0,0.0,0,0,0,0.0
roorkee-10252336,saharanpur,roorkee,"700334","10252336",SuperYou Pro Fermented Yeast Protein- Coffee | 24g Protein Per Scoop 1.0 KILOGRAM,"1000 g",https://cdn.grofers.com/da/cms-assets/cms/product/86025951-c6d2-46e6-8dd2-3154bdfed892.png?bg_token=color.surface.quaternary,0.02,100.0,50.0,50.0,0,0,0.0,0.0,0.0,0.0,0,0,0,0.0
patna-10249574,darbhanga,patna,"696713","10249574",SuperYou Pro Fermented Yeast Protein Powder Chocolate 1 kg (24g protein per scoop)(Pouch),"1000 g",https://cdn.grofers.com/da/cms-assets/cms/product/1d6c1dfb-649a-4fd5-8f61-38b58f2568d4.png?bg_token=color.surface.quaternary,0.02,50.0,50.0,50.0,35,32,7.543780871127077,1.7425742574257423,5.882328869047619,12.013206845238095,0,0,0,0.0
indore-10249574,dewas,indore,"696713","10249574",SuperYou Pro Fermented Yeast Protein Powder Chocolate 1 kg (24g protein per scoop)(Pouch),"1000 g",https://cdn.grofers.com/da/cms-assets/cms/product/1d6c1dfb-649a-4fd5-8f61-38b58f2568d4.png?bg_token=color.surface.quaternary,0.02,0.0,0.0,0.0,6,34,0.2155365963179165,0.3394625176803394,157.7458333333333,185.58333333333331,1,12,12,24351.6
dehradun-10252336,vikasnagar,dehradun,"700334","10252336",SuperYou Pro Fermented Yeast Protein- Coffee | 24g Protein Per Scoop 1.0 KILOGRAM,"1000 g",https://cdn.grofers.com/da/cms-assets/cms/product/86025951-c6d2-46e6-8dd2-3154bdfed892.png?bg_token=color.surface.quaternary,0.02,75.0,75.0,75.0,9,23,0.905470551247118,1.277602523659306,25.40115740740741,34.23634259259259,0,0,0,0.0
gorakhpur-10249574,gorakhpur,gorakhpur,"696713","10249574",SuperYou Pro Fermented Yeast Protein Powder Chocolate 1 kg (24g protein per scoop)(Pouch),"1000 g",https://cdn.grofers.com/da/cms-assets/cms/product/1d6c1dfb-649a-4fd5-8f61-38b58f2568d4.png?bg_token=color.surface.quaternary,0.02,50.0,50.0,50.0,0,0,0.0,0.0,0.0,0.0,0,0,0,0.0
manipal-10249574,manipal,manipal,"696713","10249574",SuperYou Pro Fermented Yeast Protein Powder Chocolate 1 kg (24g protein per scoop)(Pouch),"1000 g",https://cdn.grofers.com/da/cms-assets/cms/product/1d6c1dfb-649a-4fd5-8f61-38b58f2568d4.png?bg_token=color.surface.quaternary,0.02,0.0,0.0,0.0,0,0,0.0,0.0,0.0,0.0,0,0,0,0.0
prayagraj-10252336,sultanpur,prayagraj,"700334","10252336",SuperYou Pro Fermented Yeast Protein- Coffee | 24g Protein Per Scoop 1.0 KILOGRAM,"1000 g",https://cdn.grofers.com/da/cms-assets/cms/product/86025951-c6d2-46e6-8dd2-3154bdfed892.png?bg_token=color.surface.quaternary,0.02,0.0,0.0,0.0,0,0,0.0,0.0,0.0,0.0,0,0,0,0.0
jamshedpur-10249574,asansol,jamshedpur,"696713","10249574",SuperYou Pro Fermented Yeast Protein Powder Chocolate 1 kg (24g protein per scoop)(Pouch),"1000 g",https://cdn.grofers.com/da/cms-assets/cms/product/1d6c1dfb-649a-4fd5-8f61-38b58f2568d4.png?bg_token=color.surface.quaternary,0.02,0.0,0.0,0.0,0,0,0.0,0.0,0.0,0.0,0,0,0,0.0
belgaum-10252336,belgaum,belgaum,"700334","10252336",SuperYou Pro Fermented Yeast Protein- Coffee | 24g Protein Per Scoop 1.0 KILOGRAM,"1000 g",https://cdn.grofers.com/da/cms-assets/cms/product/86025951-c6d2-46e6-8dd2-3154bdfed892.png?bg_token=color.surface.quaternary,0.02,50.0,50.0,50.0,0,0,0.0,0.0,0.0,0.0,0,0,0,0.0
gangtok-10249574,gangtok,gangtok,"696713","10249574",SuperYou Pro Fermented Yeast Protein Powder Chocolate 1 kg (24g protein per scoop)(Pouch),"1000 g",https://cdn.grofers.com/da/cms-assets/cms/product/1d6c1dfb-649a-4fd5-8f61-38b58f2568d4.png?bg_token=color.surface.quaternary,0.02,0.0,0.0,0.0,0,0,0.0,0.0,0.0,0.0,0,0,0,0.0
goa-10252336,goa,goa,"700334","10252336",SuperYou Pro Fermented Yeast Protein- Coffee | 24g Protein Per Scoop 1.0 KILOGRAM,"1000 g",https://cdn.grofers.com/da/cms-assets/cms/product/86025951-c6d2-46e6-8dd2-3154bdfed892.png?bg_token=color.surface.quaternary,0.02,0.0,17.0,17.0,13,1,0.7922867323412282,2.318611987381704,1.2621693121693123,15.146031746031747,2,24,24,48703.2
jammu-10249574,dharamshala,jammu,"696713","10249574",SuperYou Pro Fermented Yeast Protein Powder Chocolate 1 kg (24g protein per scoop)(Pouch),"1000 g",https://cdn.grofers.com/da/cms-assets/cms/product/1d6c1dfb-649a-4fd5-8f61-38b58f2568d4.png?bg_token=color.surface.quaternary,0.02,50.0,50.0,50.0,0,0,0.0,0.0,0.0,0.0,0,0,0,0.0
farukhnagar-10249574,rewari,farukhnagar,"696713","10249574",SuperYou Pro Fermented Yeast Protein Powder Chocolate 1 kg (24g protein per scoop)(Pouch),"1000 g",https://cdn.grofers.com/da/cms-assets/cms/product/1d6c1dfb-649a-4fd5-8f61-38b58f2568d4.png?bg_token=color.surface.quaternary,0.02,50.0,50.0,50.0,27,21,10.403927492447128,6.335841792089604,8.53231704157692,11.953819051214298,0,0,0,0.0
raigarh-10252336,ambikapur,raigarh,"700334","10252336",SuperYou Pro Fermented Yeast Protein- Coffee | 24g Protein Per Scoop 1.0 KILOGRAM,"1000 g",https://cdn.grofers.com/da/cms-assets/cms/product/86025951-c6d2-46e6-8dd2-3154bdfed892.png?bg_token=color.surface.quaternary,0.02,0.0,0.0,0.0,0,0,0.0,0.0,0.0,0.0,0,0,0,0.0
siliguri-10249574,purnia,siliguri,"696713","10249574",SuperYou Pro Fermented Yeast Protein Powder Chocolate 1 kg (24g protein per scoop)(Pouch),"1000 g",https://cdn.grofers.com/da/cms-assets/cms/product/1d6c1dfb-649a-4fd5-8f61-38b58f2568d4.png?bg_token=color.surface.quaternary,0.02,67.0,67.0,67.0,0,0,0.0,0.0,0.0,0.0,0,0,0,0.0
bidar-10252336,gulbarga,bidar,"700334","10252336",SuperYou Pro Fermented Yeast Protein- Coffee | 24g Protein Per Scoop 1.0 KILOGRAM,"1000 g",https://cdn.grofers.com/da/cms-assets/cms/product/86025951-c6d2-46e6-8dd2-3154bdfed892.png?bg_token=color.surface.quaternary,0.02,50.0,50.0,50.0,0,0,0.0,0.0,0.0,0.0,0,0,0,0.0
rajpura-10252336,rajpura,rajpura,"700334","10252336",SuperYou Pro Fermented Yeast Protein- Coffee | 24g Protein Per Scoop 1.0 KILOGRAM,"1000 g",https://cdn.grofers.com/da/cms-assets/cms/product/86025951-c6d2-46e6-8dd2-3154bdfed892.png?bg_token=color.surface.quaternary,0.02,50.0,50.0,50.0,36,0,9.507440788094739,12.255520504731866,0.0,3.786507936507937,3,36,36,73054.8
agra-10249574,mathura,agra,"696713","10249574",SuperYou Pro Fermented Yeast Protein Powder Chocolate 1 kg (24g protein per scoop)(Pouch),"1000 g",https://cdn.grofers.com/da/cms-assets/cms/product/1d6c1dfb-649a-4fd5-8f61-38b58f2568d4.png?bg_token=color.surface.quaternary,0.02,20.0,20.0,0.0,3,0,0.0,0.5091937765205091,0.0,0.0,0,0,0,0.0
kanpur-10249574,kanpur,kanpur,"696713","10249574",SuperYou Pro Fermented Yeast Protein Powder Chocolate 1 kg (24g protein per scoop)(Pouch),"1000 g",https://cdn.grofers.com/da/cms-assets/cms/product/1d6c1dfb-649a-4fd5-8f61-38b58f2568d4.png?bg_token=color.surface.quaternary,0.02,58.0,58.0,16.0,0,0,0.0,0.0,0.0,0.0,0,0,0,0.0
farukhnagar-10252336,alwar,farukhnagar,"700334","10252336",SuperYou Pro Fermented Yeast Protein- Coffee | 24g Protein Per Scoop 1.0 KILOGRAM,"1000 g",https://cdn.grofers.com/da/cms-assets/cms/product/86025951-c6d2-46e6-8dd2-3154bdfed892.png?bg_token=color.surface.quaternary,0.02,100.0,50.0,50.0,22,22,2.9883850646367875,1.1230060262318329,16.217550505050504,25.471632996632994,0,0,0,0.0
delhi-10252336,kishanganj,delhi,"700334","10252336",SuperYou Pro Fermented Yeast Protein- Coffee | 24g Protein Per Scoop 1.0 KILOGRAM,"1000 g",https://cdn.grofers.com/da/cms-assets/cms/product/86025951-c6d2-46e6-8dd2-3154bdfed892.png?bg_token=color.surface.quaternary,0.02,0.0,0.0,0.0,10,2,0.9095084979329353,1.1136476426799007,4.397979797979797,21.98989898989899,0,0,0,0.0
bidar-10249574,latur,bidar,"696713","10249574",SuperYou Pro Fermented Yeast Protein Powder Chocolate 1 kg (24g protein per scoop)(Pouch),"1000 g",https://cdn.grofers.com/da/cms-assets/cms/product/1d6c1dfb-649a-4fd5-8f61-38b58f2568d4.png?bg_token=color.surface.quaternary,0.02,0.0,0.0,0.0,0,0,0.0,0.0,0.0,0.0,0,0,0,0.0
kochi-10249574,kochi,kochi,"696713","10249574",SuperYou Pro Fermented Yeast Protein Powder Chocolate 1 kg (24g protein per scoop)(Pouch),"1000 g",https://cdn.grofers.com/da/cms-assets/cms/product/1d6c1dfb-649a-4fd5-8f61-38b58f2568d4.png?bg_token=color.surface.quaternary,0.02,14.0,14.0,14.0,0,0,0.0,0.0,0.0,0.0,0,0,0,0.0
bilaspur-10249574,bilaspur,bilaspur,"696713","10249574",SuperYou Pro Fermented Yeast Protein Powder Chocolate 1 kg (24g protein per scoop)(Pouch),"1000 g",https://cdn.grofers.com/da/cms-assets/cms/product/1d6c1dfb-649a-4fd5-8f61-38b58f2568d4.png?bg_token=color.surface.quaternary,0.02,25.0,25.0,0.0,0,0,0.0,0.0,0.0,0.0,0,0,0,0.0
patna-10252336,aurangabad (bihar),patna,"700334","10252336",SuperYou Pro Fermented Yeast Protein- Coffee | 24g Protein Per Scoop 1.0 KILOGRAM,"1000 g",https://cdn.grofers.com/da/cms-assets/cms/product/86025951-c6d2-46e6-8dd2-3154bdfed892.png?bg_token=color.surface.quaternary,0.02,0.0,0.0,0.0,88,11,7.39467616851813,4.802839116719244,1.4078042328042328,13.330449735449736,0,0,0,0.0
kolhapur-10252336,sangli,kolhapur,"700334","10252336",SuperYou Pro Fermented Yeast Protein- Coffee | 24g Protein Per Scoop 1.0 KILOGRAM,"1000 g",https://cdn.grofers.com/da/cms-assets/cms/product/86025951-c6d2-46e6-8dd2-3154bdfed892.png?bg_token=color.surface.quaternary,0.02,100.0,100.0,50.0,0,0,0.0,0.0,0.0,0.0,0,0,0,0.0
kashipur-10249574,kashipur,kashipur,"696713","10249574",SuperYou Pro Fermented Yeast Protein Powder Chocolate 1 kg (24g protein per scoop)(Pouch),"1000 g",https://cdn.grofers.com/da/cms-assets/cms/product/1d6c1dfb-649a-4fd5-8f61-38b58f2568d4.png?bg_token=color.surface.quaternary,0.02,0.0,0.0,0.0,0,0,0.0,0.0,0.0,0.0,0,0,0,0.0
bareilly-10252336,bareilly,bareilly,"700334","10252336",SuperYou Pro Fermented Yeast Protein- Coffee | 24g Protein Per Scoop 1.0 KILOGRAM,"1000 g",https://cdn.grofers.com/da/cms-assets/cms/product/86025951-c6d2-46e6-8dd2-3154bdfed892.png?bg_token=color.surface.quaternary,0.02,60.0,60.0,60.0,0,0,0.0,0.0,0.0,0.0,0,0,0,0.0
agra-10252336,bharatpur,agra,"700334","10252336",SuperYou Pro Fermented Yeast Protein- Coffee | 24g Protein Per Scoop 1.0 KILOGRAM,"1000 g",https://cdn.grofers.com/da/cms-assets/cms/product/86025951-c6d2-46e6-8dd2-3154bdfed892.png?bg_token=color.surface.quaternary,0.02,50.0,50.0,50.0,1,0,0.0,0.4258675078864354,0.0,0.0,0,0,0,0.0
gandhidham-10249574,gandhidham,gandhidham,"696713","10249574",SuperYou Pro Fermented Yeast Protein Powder Chocolate 1 kg (24g protein per scoop)(Pouch),"1000 g",https://cdn.grofers.com/da/cms-assets/cms/product/1d6c1dfb-649a-4fd5-8f61-38b58f2568d4.png?bg_token=color.surface.quaternary,0.02,50.0,50.0,50.0,2,0,0.0,0.1697312588401697,0.0,0.0,0,0,0,0.0
rajpura-10252336,patiala,rajpura,"700334","10252336",SuperYou Pro Fermented Yeast Protein- Coffee | 24g Protein Per Scoop 1.0 KILOGRAM,"1000 g",https://cdn.grofers.com/da/cms-assets/cms/product/86025951-c6d2-46e6-8dd2-3154bdfed892.png?bg_token=color.surface.quaternary,0.02,40.0,40.0,20.0,36,0,9.507440788094739,12.255520504731866,0.0,3.786507936507937,3,36,36,73054.8
kochi-10252336,thrissur,kochi,"700334","10252336",SuperYou Pro Fermented Yeast Protein- Coffee | 24g Protein Per Scoop 1.0 KILOGRAM,"1000 g",https://cdn.grofers.com/da/cms-assets/cms/product/86025951-c6d2-46e6-8dd2-3154bdfed892.png?bg_token=color.surface.quaternary,0.02,50.0,50.0,50.0,0,0,0.0,0.0,0.0,0.0,0,0,0,0.0
mohali-10252336,chandigarh,mohali,"700334","10252336",SuperYou Pro Fermented Yeast Protein- Coffee | 24g Protein Per Scoop 1.0 KILOGRAM,"1000 g",https://cdn.grofers.com/da/cms-assets/cms/product/86025951-c6d2-46e6-8dd2-3154bdfed892.png?bg_token=color.surface.quaternary,0.02,25.0,19.0,6.0,0,0,0.0,0.0,0.0,0.0,0,0,0,0.0
nellore-10249574,nellore,nellore,"696713","10249574",SuperYou Pro Fermented Yeast Protein Powder Chocolate 1 kg (24g protein per scoop)(Pouch),"1000 g",https://cdn.grofers.com/da/cms-assets/cms/product/1d6c1dfb-649a-4fd5-8f61-38b58f2568d4.png?bg_token=color.surface.quaternary,0.02,33.0,33.0,33.0,1,1,0.0,0.23762376237623759,0.0,0.0,0,0,0,0.0
kota-10249574,bhilwara,kota,"696713","10249574",SuperYou Pro Fermented Yeast Protein Powder Chocolate 1 kg (24g protein per scoop)(Pouch),"1000 g",https://cdn.grofers.com/da/cms-assets/cms/product/1d6c1dfb-649a-4fd5-8f61-38b58f2568d4.png?bg_token=color.surface.quaternary,0.02,50.0,50.0,50.0,0,0,0.0,0.0,0.0,0.0,0,0,0,0.0
agra-10252336,agra,agra,"700334","10252336",SuperYou Pro Fermented Yeast Protein- Coffee | 24g Protein Per Scoop 1.0 KILOGRAM,"1000 g",https://cdn.grofers.com/da/cms-assets/cms/product/86025951-c6d2-46e6-8dd2-3154bdfed892.png?bg_token=color.surface.quaternary,0.02,11.0,11.0,33.0,1,0,0.0,0.4258675078864354,0.0,0.0,0,0,0,0.0
kundli-10249574,rohtak,kundli,"696713","10249574",SuperYou Pro Fermented Yeast Protein Powder Chocolate 1 kg (24g protein per scoop)(Pouch),"1000 g",https://cdn.grofers.com/da/cms-assets/cms/product/1d6c1dfb-649a-4fd5-8f61-38b58f2568d4.png?bg_token=color.surface.quaternary,0.02,50.0,50.0,50.0,10,0,10.289598618903753,9.934246712335618,0.0,0.9718552074157965,4,336,336,681844.8
mohali-10252336,zirakpur,mohali,"700334","10252336",SuperYou Pro Fermented Yeast Protein- Coffee | 24g Protein Per Scoop 1.0 KILOGRAM,"1000 g",https://cdn.grofers.com/da/cms-assets/cms/product/86025951-c6d2-46e6-8dd2-3154bdfed892.png?bg_token=color.surface.quaternary,0.02,100.0,100.0,0.0,0,0,0.0,0.0,0.0,0.0,0,0,0,0.0
bhopal-10249574,bhopal,bhopal,"696713","10249574",SuperYou Pro Fermented Yeast Protein Powder Chocolate 1 kg (24g protein per scoop)(Pouch),"1000 g",https://cdn.grofers.com/da/cms-assets/cms/product/1d6c1dfb-649a-4fd5-8f61-38b58f2568d4.png?bg_token=color.surface.quaternary,0.02,5.0,5.0,0.0,4,82,1.2932195779074989,0.8486562942008485,63.40763888888889,66.50069444444445,0,0,0,0.0
mohali-10249574,solan,mohali,"696713","10249574",SuperYou Pro Fermented Yeast Protein Powder Chocolate 1 kg (24g protein per scoop)(Pouch),"1000 g",https://cdn.grofers.com/da/cms-assets/cms/product/1d6c1dfb-649a-4fd5-8f61-38b58f2568d4.png?bg_token=color.surface.quaternary,0.02,0.0,0.0,0.0,0,0,0.0,0.0,0.0,0.0,0,0,0,0.0
nanded-10249574,nanded,nanded,"696713","10249574",SuperYou Pro Fermented Yeast Protein Powder Chocolate 1 kg (24g protein per scoop)(Pouch),"1000 g",https://cdn.grofers.com/da/cms-assets/cms/product/1d6c1dfb-649a-4fd5-8f61-38b58f2568d4.png?bg_token=color.surface.quaternary,0.02,50.0,50.0,0.0,0,0,0.0,0.0,0.0,0.0,0,0,0,0.0
trivandrum-10292367,trivandrum,trivandrum,"759656","10292367",SuperYou Nutty Chocolate Mega Protein Wafer Protein Bar(Wrap) 60 g - Rs 115.0,"60 g",https://cdn.grofers.com/da/cms-assets/cms/product/rc-upload-1772450349128-73.png,0.02,50.0,50.0,50.0,0,0,0.0,0.0,0.0,0.0,0,0,0,0.0
bilaspur-10216715,bilaspur,bilaspur,"649989","10216715",SuperYou Multigrain Super Masala Chips,"40 g",https://cdn.grofers.com/da/cms-assets/cms/product/223c6142-82a0-4171-be32-a6b1b37c704b.png?bg_token=color.surface.quaternary,0.02,75.0,75.0,75.0,0,0,0.0,0.0,0.0,0.0,0,0,0,0.0
kota-10249576,bhilwara,kota,"696715","10249576",SuperYou Pro Fermented Yeast Protein Powder Unflavored 1 kg (24g protein per scoop),"1000 g",https://cdn.grofers.com/da/cms-assets/cms/product/f2f4c9dc-8c1c-462e-8bb9-f056c076e95d.png?bg_token=color.surface.quaternary,0.02,50.0,50.0,50.0,0,0,0.0,0.0,0.0,0.0,0,0,0,0.0
jamshedpur-10249576,jamshedpur,jamshedpur,"696715","10249576",SuperYou Pro Fermented Yeast Protein Powder Unflavored 1 kg (24g protein per scoop),"1000 g",https://cdn.grofers.com/da/cms-assets/cms/product/f2f4c9dc-8c1c-462e-8bb9-f056c076e95d.png?bg_token=color.surface.quaternary,0.02,27.0,27.0,27.0,0,0,0.0,0.0,0.0,0.0,0,0,0,0.0
haridwar-10249576,haridwar,haridwar,"696715","10249576",SuperYou Pro Fermented Yeast Protein Powder Unflavored 1 kg (24g protein per scoop),"1000 g",https://cdn.grofers.com/da/cms-assets/cms/product/f2f4c9dc-8c1c-462e-8bb9-f056c076e95d.png?bg_token=color.surface.quaternary,0.02,20.0,20.0,20.0,0,0,0.0,0.0,0.0,0.0,0,0,0,0.0
dehradun-10249576,vikasnagar,dehradun,"696715","10249576",SuperYou Pro Fermented Yeast Protein Powder Unflavored 1 kg (24g protein per scoop),"1000 g",https://cdn.grofers.com/da/cms-assets/cms/product/f2f4c9dc-8c1c-462e-8bb9-f056c076e95d.png?bg_token=color.surface.quaternary,0.02,75.0,75.0,75.0,12,5,0.22462161380507087,0.681563337937759,22.259656652360515,66.77896995708154,0,0,0,0.0
bidar-10249576,latur,bidar,"696715","10249576",SuperYou Pro Fermented Yeast Protein Powder Unflavored 1 kg (24g protein per scoop),"1000 g",https://cdn.grofers.com/da/cms-assets/cms/product/f2f4c9dc-8c1c-462e-8bb9-f056c076e95d.png?bg_token=color.surface.quaternary,0.02,0.0,0.0,0.0,0,0,0.0,0.0,0.0,0.0,0,0,0,0.0
kochi-10249576,kochi,kochi,"696715","10249576",SuperYou Pro Fermented Yeast Protein Powder Unflavored 1 kg (24g protein per scoop),"1000 g",https://cdn.grofers.com/da/cms-assets/cms/product/f2f4c9dc-8c1c-462e-8bb9-f056c076e95d.png?bg_token=color.surface.quaternary,0.02,64.0,64.0,64.0,0,0,0.0,0.0,0.0,0.0,0,0,0,0.0
durg-10249576,rajnandgaon,durg,"696715","10249576",SuperYou Pro Fermented Yeast Protein Powder Unflavored 1 kg (24g protein per scoop),"1000 g",https://cdn.grofers.com/da/cms-assets/cms/product/f2f4c9dc-8c1c-462e-8bb9-f056c076e95d.png?bg_token=color.surface.quaternary,0.02,0.0,0.0,0.0,0,0,0.0,0.0,0.0,0.0,0,0,0,0.0
delhi-10249576,kishangarh,delhi,"696715","10249576",SuperYou Pro Fermented Yeast Protein Powder Unflavored 1 kg (24g protein per scoop),"1000 g",https://cdn.grofers.com/da/cms-assets/cms/product/f2f4c9dc-8c1c-462e-8bb9-f056c076e95d.png?bg_token=color.surface.quaternary,0.02,0.0,0.0,0.0,13,3,1.435208348223858,1.358705258506407,2.7870517928286858,7.896646746347943,0,0,0,0.0
bhubaneswar-10249576,berhampur,bhubaneswar,"696715","10249576",SuperYou Pro Fermented Yeast Protein Powder Unflavored 1 kg (24g protein per scoop),"1000 g",https://cdn.grofers.com/da/cms-assets/cms/product/f2f4c9dc-8c1c-462e-8bb9-f056c076e95d.png?bg_token=color.surface.quaternary,0.02,0.0,0.0,0.0,5,4,0.8984864552202835,0.324553970446552,4.451931330472103,10.016845493562231,0,0,0,0.0
bengaluru-10249576,tumkur,bengaluru,"696715","10249576",SuperYou Pro Fermented Yeast Protein Powder Unflavored 1 kg (24g protein per scoop),"1000 g",https://cdn.grofers.com/da/cms-assets/cms/product/f2f4c9dc-8c1c-462e-8bb9-f056c076e95d.png?bg_token=color.surface.quaternary,0.02,50.0,50.0,50.0,31,21,11.0,11.0,2.6225108225108222,4.547186147186148,4,180,180,352674.0
jammu-10249576,amritsar,jammu,"696715","10249576",SuperYou Pro Fermented Yeast Protein Powder Unflavored 1 kg (24g protein per scoop),"1000 g",https://cdn.grofers.com/da/cms-assets/cms/product/f2f4c9dc-8c1c-462e-8bb9-f056c076e95d.png?bg_token=color.surface.quaternary,0.02,9.0,9.0,9.0,0,0,0.0,0.0,0.0,0.0,0,0,0,0.0
siliguri-10249576,purnia,siliguri,"696715","10249576",SuperYou Pro Fermented Yeast Protein Powder Unflavored 1 kg (24g protein per scoop),"1000 g",https://cdn.grofers.com/da/cms-assets/cms/product/f2f4c9dc-8c1c-462e-8bb9-f056c076e95d.png?bg_token=color.surface.quaternary,0.02,67.0,67.0,67.0,0,0,0.0,0.0,0.0,0.0,0,0,0,0.0
patna-10249576,gaya,patna,"696715","10249576",SuperYou Pro Fermented Yeast Protein Powder Unflavored 1 kg (24g protein per scoop),"1000 g",https://cdn.grofers.com/da/cms-assets/cms/product/f2f4c9dc-8c1c-462e-8bb9-f056c076e95d.png?bg_token=color.surface.quaternary,0.02,60.0,60.0,60.0,77,20,3.5939458208811335,3.3807705254849165,5.1939198855507875,27.52777539341917,0,0,0,0.0
jamshedpur-10249576,asansol,jamshedpur,"696715","10249576",SuperYou Pro Fermented Yeast Protein Powder Unflavored 1 kg (24g protein per scoop),"1000 g",https://cdn.grofers.com/da/cms-assets/cms/product/f2f4c9dc-8c1c-462e-8bb9-f056c076e95d.png?bg_token=color.surface.quaternary,0.02,0.0,0.0,0.0,0,0,0.0,0.0,0.0,0.0,0,0,0,0.0
agra-10249576,bharatpur,agra,"696715","10249576",SuperYou Pro Fermented Yeast Protein Powder Unflavored 1 kg (24g protein per scoop),"1000 g",https://cdn.grofers.com/da/cms-assets/cms/product/f2f4c9dc-8c1c-462e-8bb9-f056c076e95d.png?bg_token=color.surface.quaternary,0.02,50.0,50.0,50.0,2,0,0.0,0.162276985223276,0.0,0.0,0,0,0,0.0
kundli-10249576,sonipat,kundli,"696715","10249576",SuperYou Pro Fermented Yeast Protein Powder Unflavored 1 kg (24g protein per scoop),"1000 g",https://cdn.grofers.com/da/cms-assets/cms/product/f2f4c9dc-8c1c-462e-8bb9-f056c076e95d.png?bg_token=color.surface.quaternary,0.02,40.0,40.0,40.0,12,0,5.074486659791498,4.634650590240513,0.0,2.3647712181576725,4,72,72,141069.6
haldwani-10249576,haldwani,haldwani,"696715","10249576",SuperYou Pro Fermented Yeast Protein Powder Unflavored 1 kg (24g protein per scoop),"1000 g",https://cdn.grofers.com/da/cms-assets/cms/product/f2f4c9dc-8c1c-462e-8bb9-f056c076e95d.png?bg_token=color.surface.quaternary,0.02,75.0,75.0,25.0,0,0,0.0,0.0,0.0,0.0,0,0,0,0.0
jammu-10249576,dharamshala,jammu,"696715","10249576",SuperYou Pro Fermented Yeast Protein Powder Unflavored 1 kg (24g protein per scoop),"1000 g",https://cdn.grofers.com/da/cms-assets/cms/product/f2f4c9dc-8c1c-462e-8bb9-f056c076e95d.png?bg_token=color.surface.quaternary,0.02,50.0,50.0,50.0,0,0,0.0,0.0,0.0,0.0,0,0,0,0.0
eluru-10249576,rajahmundry,eluru,"696715","10249576",SuperYou Pro Fermented Yeast Protein Powder Unflavored 1 kg (24g protein per scoop),"1000 g",https://cdn.grofers.com/da/cms-assets/cms/product/f2f4c9dc-8c1c-462e-8bb9-f056c076e95d.png?bg_token=color.surface.quaternary,0.02,33.0,33.0,33.0,0,0,0.0,0.0,0.0,0.0,0,0,0,0.0
mohali-10176795,kharar,mohali,"581440","10176795",SuperYou Strawberry Creme Wafer Protein Bar(Pouch),"40 g",https://cdn.grofers.com/da/cms-assets/cms/product/a86b95b0-fb0f-40ab-a9ba-515fea3070de.png?bg_token=color.surface.quaternary,0.02,75.0,75.0,75.0,0,0,0.0,0.0,0.0,0.0,0,0,0,0.0
jodhpur-10292367,jodhpur,jodhpur,"759656","10292367",SuperYou Nutty Chocolate Mega Protein Wafer Protein Bar(Wrap) 60 g - Rs 115.0,"60 g",https://cdn.grofers.com/da/cms-assets/cms/product/rc-upload-1772450349128-73.png,0.02,43.0,43.0,43.0,0,0,0.0,0.0,0.0,0.0,0,0,0,0.0
dehradun-10216722,dehradun,dehradun,"650002","10216722",SuperYou Multigrain Cheese & Tomato Chips(Pouch),"40 g",https://cdn.grofers.com/da/cms-assets/cms/product/e8787348-4e8f-4923-9cde-44c35a31d036.png?bg_token=color.surface.quaternary,0.02,76.0,76.0,76.0,269,98,26.87406266301513,39.53350397504788,3.5214286576168927,10.352689552538964,0,0,0,0.0
jaipur-10265737,jaipur,jaipur,"719409","10265737",SUPERYOU Assorted Wafer Protein Bar - Pack of 5 200.0 g,"200 g",https://cdn.grofers.com/da/cms-assets/cms/product/c423d7ed-abbf-490c-8c5c-6cb3f443f266.png,0.02,72.0,72.0,72.0,157,125,15.334521746718359,6.632115717904281,8.15154212597145,18.38987903619159,2,72,72,13608.0
kochi-10258333,kochi,kochi,"708261","10258333",SuperYou Mini Choco Hazelnut Wafer Protein Bar,"200 g",https://cdn.grofers.com/da/cms-assets/cms/product/0f3d3f01-a7dc-4be2-80ab-17e11267874c.png,0.02,64.0,64.0,64.0,0,0,0.0,0.0,0.0,0.0,0,0,0,0.0
coimbatore-10176797,coimbatore,coimbatore,"581442","10176797",SuperYou Chocolate Wafer Protein Bar(Pouch),"40 g",https://cdn.grofers.com/da/cms-assets/cms/product/eb2ee9f1-e45c-42a8-a4f0-f265305bcdba.png?bg_token=color.surface.quaternary,0.02,69.0,69.0,69.0,564,19,46.872782757962995,37.87899904973075,0.40535250697852326,12.288581264191022,2,360,360,13608.0
jammu-10216722,amritsar,jammu,"650002","10216722",SuperYou Multigrain Cheese & Tomato Chips(Pouch),"40 g",https://cdn.grofers.com/da/cms-assets/cms/product/e8787348-4e8f-4923-9cde-44c35a31d036.png?bg_token=color.surface.quaternary,0.02,55.0,55.0,55.0,0,0,0.0,0.0,0.0,0.0,0,0,0,0.0
jammu-10176795,amritsar,jammu,"581440","10176795",SuperYou Strawberry Creme Wafer Protein Bar(Pouch),"40 g",https://cdn.grofers.com/da/cms-assets/cms/product/a86b95b0-fb0f-40ab-a9ba-515fea3070de.png?bg_token=color.surface.quaternary,0.02,55.0,55.0,55.0,0,0,0.0,0.0,0.0,0.0,0,0,0,0.0
bareilly-10176797,bareilly,bareilly,"581442","10176797",SuperYou Chocolate Wafer Protein Bar(Pouch),"40 g",https://cdn.grofers.com/da/cms-assets/cms/product/eb2ee9f1-e45c-42a8-a4f0-f265305bcdba.png?bg_token=color.surface.quaternary,0.02,80.0,80.0,80.0,0,0,0.0,0.0,0.0,0.0,0,0,0,0.0
udaipur-10176795,udaipur,udaipur,"581440","10176795",SuperYou Strawberry Creme Wafer Protein Bar(Pouch),"40 g",https://cdn.grofers.com/da/cms-assets/cms/product/a86b95b0-fb0f-40ab-a9ba-515fea3070de.png?bg_token=color.surface.quaternary,0.02,75.0,75.0,75.0,0,0,0.0,0.0,0.0,0.0,0,0,0,0.0
mohali-10216715,kharar,mohali,"649989","10216715",SuperYou Multigrain Super Masala Chips,"40 g",https://cdn.grofers.com/da/cms-assets/cms/product/223c6142-82a0-4171-be32-a6b1b37c704b.png?bg_token=color.surface.quaternary,0.02,75.0,75.0,75.0,0,0,0.0,0.0,0.0,0.0,0,0,0,0.0
dehradun-10315546,dehradun,dehradun,"796933","10315546",SuperYou Cheesy Cheese Power Puffs,"55 g",https://cdn.grofers.com/da/cms-assets/cms/product/2ff1017a297a4ed2a175f47650936e6c.png,0.02,76.0,76.0,76.0,153,18,14.950846408239077,23.45751990402443,5.620726698910521,20.89929555010297,2,96,96,3120.0
kochi-10216726,kochi,kochi,"650010","10216726",SuperYou Multigrain Sour Cream & Onion Chips,"40 g",https://cdn.grofers.com/da/cms-assets/cms/product/a9fe1088-c207-4753-b69d-62e3a661919a.png?bg_token=color.surface.quaternary,0.02,64.0,64.0,64.0,0,0,0.0,0.0,0.0,0.0,0,0,0,0.0
varanasi-10265737,varanasi,varanasi,"719409","10265737",SUPERYOU Assorted Wafer Protein Bar - Pack of 5 200.0 g,"200 g",https://cdn.grofers.com/da/cms-assets/cms/product/c423d7ed-abbf-490c-8c5c-6cb3f443f266.png,0.02,85.0,77.0,77.0,98,0,4.510153454917165,6.364151446473804,0.0,21.728750690989493,2,72,72,13608.0
haridwar-10176795,haridwar,haridwar,"581440","10176795",SuperYou Strawberry Creme Wafer Protein Bar(Pouch),"40 g",https://cdn.grofers.com/da/cms-assets/cms/product/a86b95b0-fb0f-40ab-a9ba-515fea3070de.png?bg_token=color.surface.quaternary,0.02,80.0,80.0,80.0,0,0,0.0,0.0,0.0,0.0,0,0,0,0.0
ahmedabad-10315543,ahmedabad,ahmedabad,"796930","10315543",SuperYou Maaad Achaari Power Puffs,"55 g",https://cdn.grofers.com/da/cms-assets/cms/product/c6f9ca0a4fbc45889f4c3c4367c0ac85.png,0.02,87.0,83.0,80.0,124,0,11.409206323204197,20.369231138500687,0.0,10.254876341577225,4,240,240,7800.0
mumbai-10315341,mumbai,mumbai,"796627","10315341",SuperYou Power Puffs - Pizza Party,"55 g",https://cdn.grofers.com/da/cms-assets/cms/product/bad73efb8dd3499c8be56e7a3ecbe71b.png,0.02,27.0,24.0,21.0,32,0,27.000000000000004,27.000000000000004,0.0,1.6042661179698214,14,1488,1488,48360.0
rishikesh-10176797,rishikesh,rishikesh,"581442","10176797",SuperYou Chocolate Wafer Protein Bar(Pouch),"40 g",https://cdn.grofers.com/da/cms-assets/cms/product/eb2ee9f1-e45c-42a8-a4f0-f265305bcdba.png?bg_token=color.surface.quaternary,0.02,67.0,67.0,67.0,0,0,0.0,0.0,0.0,0.0,0,0,0,0.0
dehradun-10315547,dehradun,dehradun,"796934","10315547",SuperYou Chilli Masala Power Puffs,"55 g",https://cdn.grofers.com/da/cms-assets/cms/product/40796dcb7afb4d9882199bbcca937fc2.png,0.02,76.0,76.0,76.0,172,134,14.040055814724587,16.62166648106609,6.184101217857547,18.481393621503063,1,48,48,1560.0
mohali-10291036,panchkula,mohali,"757418","10291036",SuperYou Pro Assorted Yeast Protein Powder Sachets(Box) 8 x 36 g - Rs 1099.0,"288 g",https://cdn.grofers.com/da/cms-assets/cms/product/rc-upload-1772003663615-40.png,0.02,50.0,50.0,50.0,0,0,0.0,0.0,0.0,0.0,0,0,0,0.0
ludhiana-10249577,barnala,ludhiana,"696716","10249577",SuperYou Pro Fermented Yeast Protein Powder Chocolate Pack of 8 (24g protein per sachet)(Box),"288 g",https://cdn.grofers.com/da/cms-assets/cms/product/0b3c511b-e8de-47de-adc6-0d102857934d.png,0.02,0.0,0.0,0.0,92,33,4.180976556667164,5.112122375130215,7.892892857142858,29.89732142857143,2,12,12,9231.6
coimbatore-10291036,coimbatore,coimbatore,"757418","10291036",SuperYou Pro Assorted Yeast Protein Powder Sachets(Box) 8 x 36 g - Rs 1099.0,"288 g",https://cdn.grofers.com/da/cms-assets/cms/product/rc-upload-1772003663615-40.png,0.02,69.0,69.0,69.0,94,30,1.1764705882352942,0.5714285714285715,25.5,104.55,0,0,0,0.0
lucknow-10291036,lucknow,lucknow,"757418","10291036",SuperYou Pro Assorted Yeast Protein Powder Sachets(Box) 8 x 36 g - Rs 1099.0,"288 g",https://cdn.grofers.com/da/cms-assets/cms/product/rc-upload-1772003663615-40.png,0.02,69.0,67.0,67.0,81,1,0.9218204766500853,3.0452644616950564,2.8928264604811,79.84201030927835,4,120,120,92316.0
dasna-10291036,meerut,dasna,"757418","10291036",SuperYou Pro Assorted Yeast Protein Powder Sachets(Box) 8 x 36 g - Rs 1099.0,"288 g",https://cdn.grofers.com/da/cms-assets/cms/product/rc-upload-1772003663615-40.png,0.02,60.0,60.0,80.0,57,2,1.4275318374772592,3.125202829882521,1.442125843717549,41.69054711838005,5,312,312,240021.6
patna-10291036,gaya,patna,"757418","10291036",SuperYou Pro Assorted Yeast Protein Powder Sachets(Box) 8 x 36 g - Rs 1099.0,"288 g",https://cdn.grofers.com/da/cms-assets/cms/product/rc-upload-1772003663615-40.png,0.02,60.0,60.0,60.0,79,49,3.4568267874378202,3.092846718909042,14.530254050073637,38.284491899852725,0,0,0,0.0
bengaluru-10249578,kolar,bengaluru,"696717","10249578",SuperYou Pro Fermented Yeast Protein Powder Coffee Pack of 8 (24g protein per sachet)(Box),"288 g",https://cdn.grofers.com/da/cms-assets/cms/product/9b35537d-2637-423e-b63c-8d14c11d9875.png,0.02,0.0,0.0,0.0,80,76,8.714285714285714,8.714285714285714,11.970806604894275,17.891452839154194,2,48,48,36926.4
ludhiana-10249578,hoshiarpur,ludhiana,"696717","10249578",SuperYou Pro Fermented Yeast Protein Powder Coffee Pack of 8 (24g protein per sachet)(Box),"288 g",https://cdn.grofers.com/da/cms-assets/cms/product/9b35537d-2637-423e-b63c-8d14c11d9875.png,0.02,100.0,50.0,0.0,74,0,4.191274959166718,5.412044729869312,0.0,17.655725458468176,0,0,0,0.0
dehradun-10291036,dehradun,dehradun,"757418","10291036",SuperYou Pro Assorted Yeast Protein Powder Sachets(Box) 8 x 36 g - Rs 1099.0,"288 g",https://cdn.grofers.com/da/cms-assets/cms/product/rc-upload-1772003663615-40.png,0.02,43.0,38.0,33.0,27,0,1.1111228959621562,2.426695117913248,0.0,29.892540091638036,2,72,72,55389.6
ludhiana-10291036,jalandhar,ludhiana,"757418","10291036",SuperYou Pro Assorted Yeast Protein Powder Sachets(Box) 8 x 36 g - Rs 1099.0,"288 g",https://cdn.grofers.com/da/cms-assets/cms/product/rc-upload-1772003663615-40.png,0.02,60.0,50.0,40.0,37,0,0.28806889895315163,3.2831757477649828,0.0,128.44149484536084,1,24,24,18463.2
kota-10249577,bhilwara,kota,"696716","10249577",SuperYou Pro Fermented Yeast Protein Powder Chocolate Pack of 8 (24g protein per sachet)(Box),"288 g",https://cdn.grofers.com/da/cms-assets/cms/product/0b3c511b-e8de-47de-adc6-0d102857934d.png,0.02,50.0,50.0,50.0,0,0,0.0,0.0,0.0,0.0,0,0,0,0.0
surat-10249578,surat,surat,"696717","10249578",SuperYou Pro Fermented Yeast Protein Powder Coffee Pack of 8 (24g protein per sachet)(Box),"288 g",https://cdn.grofers.com/da/cms-assets/cms/product/9b35537d-2637-423e-b63c-8d14c11d9875.png,0.02,31.0,31.0,31.0,83,50,5.13431182497923,3.4970135177617103,19.068334981421554,33.304257760997245,2,48,48,36926.4
agra-10249578,agra,agra,"696717","10249578",SuperYou Pro Fermented Yeast Protein Powder Coffee Pack of 8 (24g protein per sachet)(Box),"288 g",https://cdn.grofers.com/da/cms-assets/cms/product/9b35537d-2637-423e-b63c-8d14c11d9875.png,0.02,89.0,78.0,78.0,11,0,0.13970916530555727,0.6938518884447838,0.0,78.73499190938512,0,0,0,0.0
kundli-10249578,panipat,kundli,"696717","10249578",SuperYou Pro Fermented Yeast Protein Powder Coffee Pack of 8 (24g protein per sachet)(Box),"288 g",https://cdn.grofers.com/da/cms-assets/cms/product/9b35537d-2637-423e-b63c-8d14c11d9875.png,0.02,100.0,100.0,75.0,30,0,1.4189980929915527,1.9943167140273832,0.0,21.141677461139892,2,72,72,55389.6
mohali-10249578,mohali,mohali,"696717","10249578",SuperYou Pro Fermented Yeast Protein Powder Coffee Pack of 8 (24g protein per sachet)(Box),"288 g",https://cdn.grofers.com/da/cms-assets/cms/product/9b35537d-2637-423e-b63c-8d14c11d9875.png,0.02,79.0,86.0,79.0,0,0,0.0,0.0,0.0,0.0,0,0,0,0.0
jammu-10249578,amritsar,jammu,"696717","10249578",SuperYou Pro Fermented Yeast Protein Powder Coffee Pack of 8 (24g protein per sachet)(Box),"288 g",https://cdn.grofers.com/da/cms-assets/cms/product/9b35537d-2637-423e-b63c-8d14c11d9875.png,0.02,55.0,55.0,55.0,0,0,0.0,0.0,0.0,0.0,0,0,0,0.0
haldwani-10249577,haldwani,haldwani,"696716","10249577",SuperYou Pro Fermented Yeast Protein Powder Chocolate Pack of 8 (24g protein per sachet)(Box),"288 g",https://cdn.grofers.com/da/cms-assets/cms/product/0b3c511b-e8de-47de-adc6-0d102857934d.png,0.02,75.0,75.0,75.0,0,0,0.0,0.0,0.0,0.0,0,0,0,0.0
kota-10249578,bhilwara,kota,"696717","10249578",SuperYou Pro Fermented Yeast Protein Powder Coffee Pack of 8 (24g protein per sachet)(Box),"288 g",https://cdn.grofers.com/da/cms-assets/cms/product/9b35537d-2637-423e-b63c-8d14c11d9875.png,0.02,50.0,50.0,50.0,0,0,0.0,0.0,0.0,0.0,0,0,0,0.0
nellore-10249578,nellore,nellore,"696717","10249578",SuperYou Pro Fermented Yeast Protein Powder Coffee Pack of 8 (24g protein per sachet)(Box),"288 g",https://cdn.grofers.com/da/cms-assets/cms/product/9b35537d-2637-423e-b63c-8d14c11d9875.png,0.02,67.0,67.0,67.0,0,2,0.0,0.16189877397044952,0.0,0.0,0,0,0,0.0
mangalore-10249577,mangalore,mangalore,"696716","10249577",SuperYou Pro Fermented Yeast Protein Powder Chocolate Pack of 8 (24g protein per sachet)(Box),"288 g",https://cdn.grofers.com/da/cms-assets/cms/product/0b3c511b-e8de-47de-adc6-0d102857934d.png,0.02,60.0,60.0,60.0,0,0,0.0,0.0,0.0,0.0,0,0,0,0.0
mohali-10249578,solan,mohali,"696717","10249578",SuperYou Pro Fermented Yeast Protein Powder Coffee Pack of 8 (24g protein per sachet)(Box),"288 g",https://cdn.grofers.com/da/cms-assets/cms/product/9b35537d-2637-423e-b63c-8d14c11d9875.png,0.02,0.0,0.0,0.0,0,0,0.0,0.0,0.0,0.0,0,0,0,0.0
dehradun-10176793,dehradun,dehradun,"581438","10176793",SuperYou Cheese Wafer Protein Bar(Pouch),"40 g",https://cdn.grofers.com/da/cms-assets/cms/product/dda4cddd-429c-4335-a732-86973031c81e.png?bg_token=color.surface.quaternary,0.02,76.0,76.0,76.0,249,164,12.64974937847471,24.26853210544958,8.58073732998459,33.35780487508948,0,0,0,0.0
bareilly-10216715,bareilly,bareilly,"649989","10216715",SuperYou Multigrain Super Masala Chips,"40 g",https://cdn.grofers.com/da/cms-assets/cms/product/223c6142-82a0-4171-be32-a6b1b37c704b.png?bg_token=color.surface.quaternary,0.02,80.0,80.0,80.0,0,0,0.0,0.0,0.0,0.0,0,0,0,0.0
jodhpur-10216726,jodhpur,jodhpur,"650010","10216726",SuperYou Multigrain Sour Cream & Onion Chips,"40 g",https://cdn.grofers.com/da/cms-assets/cms/product/a9fe1088-c207-4753-b69d-62e3a661919a.png?bg_token=color.surface.quaternary,0.02,43.0,43.0,43.0,0,0,0.0,0.0,0.0,0.0,0,0,0,0.0
ranchi-10260300,ranchi,ranchi,"711067","10260300",SuperYou Energy Bar(Pack) 200 g - Rs. 300,"200 g",https://cdn.grofers.com/da/cms-assets/cms/product/6aeda2ef-e808-416c-aa0a-047962cc607f.png,0.02,76.0,82.0,76.0,85,36,4.889264194732885,4.3407784562143235,7.7237113402061865,52.55520714012983,1,36,36,6804.0
bilaspur-10260300,bilaspur,bilaspur,"711067","10260300",SuperYou Energy Bar(Pack) 200 g - Rs. 300,"200 g",https://cdn.grofers.com/da/cms-assets/cms/product/6aeda2ef-e808-416c-aa0a-047962cc607f.png,0.02,75.0,75.0,75.0,0,0,0.0,0.0,0.0,0.0,0,0,0,0.0
kochi-10265737,kochi,kochi,"719409","10265737",SUPERYOU Assorted Wafer Protein Bar - Pack of 5 200.0 g,"200 g",https://cdn.grofers.com/da/cms-assets/cms/product/c423d7ed-abbf-490c-8c5c-6cb3f443f266.png,0.02,64.0,57.0,43.0,0,0,0.0,0.0,0.0,0.0,0,0,0,0.0
bhubaneswar-10265737,bhubaneswar,bhubaneswar,"719409","10265737",SUPERYOU Assorted Wafer Protein Bar - Pack of 5 200.0 g,"200 g",https://cdn.grofers.com/da/cms-assets/cms/product/c423d7ed-abbf-490c-8c5c-6cb3f443f266.png,0.02,69.0,62.0,62.0,24,0,0.1073846060694563,3.732359494924487,0.0,223.4957213930348,1,36,36,6804.0
faridabad-10258761,faridabad,faridabad,"708957","10258761",SuperYou Cookies & Cream Mini Wafer Protein Bar - Pack of 10 (Box),"200 g",https://cdn.grofers.com/da/cms-assets/cms/product/9c9ac202-8979-419f-ab1d-27106eba90ab.png,0.02,76.0,76.0,71.0,14,0,0.3106009453072248,0.3119021673326069,0.0,45.073913043478264,0,0,0,0.0
coimbatore-10292367,coimbatore,coimbatore,"759656","10292367",SuperYou Nutty Chocolate Mega Protein Wafer Protein Bar(Wrap) 60 g - Rs 115.0,"60 g",https://cdn.grofers.com/da/cms-assets/cms/product/rc-upload-1772450349128-73.png,0.02,69.0,69.0,69.0,423,137,33.90297758447641,25.702162052939986,4.0409430014999606,16.281755743269915,1,144,144,11095.2
haridwar-10292367,haridwar,haridwar,"759656","10292367",SuperYou Nutty Chocolate Mega Protein Wafer Protein Bar(Wrap) 60 g - Rs 115.0,"60 g",https://cdn.grofers.com/da/cms-assets/cms/product/rc-upload-1772450349128-73.png,0.02,80.0,80.0,80.0,0,0,0.0,0.0,0.0,0.0,0,0,0,0.0
lucknow-10315546,lucknow,lucknow,"796933","10315546",SuperYou Cheesy Cheese Power Puffs,"55 g",https://cdn.grofers.com/da/cms-assets/cms/product/2ff1017a297a4ed2a175f47650936e6c.png,0.02,84.0,78.0,75.0,162,97,6.319126215896122,26.58657683295523,22.39879557564092,38.87845926204889,2,96,96,3120.0
guwahati-10315546,guwahati,guwahati,"796933","10315546",SuperYou Cheesy Cheese Power Puffs,"55 g",https://cdn.grofers.com/da/cms-assets/cms/product/2ff1017a297a4ed2a175f47650936e6c.png,0.02,79.0,79.0,74.0,90,14,16.703704262998144,15.541214015088652,1.028623226997568,6.943206782233584,4,240,240,7800.0
jammu-10176797,amritsar,jammu,"581442","10176797",SuperYou Chocolate Wafer Protein Bar(Pouch),"40 g",https://cdn.grofers.com/da/cms-assets/cms/product/eb2ee9f1-e45c-42a8-a4f0-f265305bcdba.png?bg_token=color.surface.quaternary,0.02,55.0,55.0,55.0,0,0,0.0,0.0,0.0,0.0,0,0,0,0.0
bilaspur-10176797,bilaspur,bilaspur,"581442","10176797",SuperYou Chocolate Wafer Protein Bar(Pouch),"40 g",https://cdn.grofers.com/da/cms-assets/cms/product/eb2ee9f1-e45c-42a8-a4f0-f265305bcdba.png?bg_token=color.surface.quaternary,0.02,75.0,75.0,75.0,0,0,0.0,0.0,0.0,0.0,0,0,0,0.0
roorkee-10216715,muzaffarnagar,roorkee,"649989","10216715",SuperYou Multigrain Super Masala Chips,"40 g",https://cdn.grofers.com/da/cms-assets/cms/product/223c6142-82a0-4171-be32-a6b1b37c704b.png?bg_token=color.surface.quaternary,0.01,50.0,50.0,50.0,0,0,0.0,0.0,0.0,0.0,0,0,0,0.0
udaipur-10216726,udaipur,udaipur,"650010","10216726",SuperYou Multigrain Sour Cream & Onion Chips,"40 g",https://cdn.grofers.com/da/cms-assets/cms/product/a9fe1088-c207-4753-b69d-62e3a661919a.png?bg_token=color.surface.quaternary,0.01,75.0,75.0,75.0,0,0,0.0,0.0,0.0,0.0,0,0,0,0.0
dehradun-10199527,dehradun,dehradun,"624551","10199527",SuperYou Coffee Protein Wafer Bar(Pouch),"40 g",https://cdn.grofers.com/da/cms-assets/cms/product/22feffa7-98fb-4027-b09a-96088f1123c5.png?bg_token=color.surface.quaternary,0.01,76.0,76.0,76.0,239,139,16.689052449760894,31.244497060416965,6.830825197726147,18.21553386060306,0,0,0,0.0
dehradun-10176794,dehradun,dehradun,"581439","10176794",SuperYou Choco Peanut Butter Wafer Protein Bar(Pouch),"40 g",https://cdn.grofers.com/da/cms-assets/cms/product/87cb2b31-9210-4607-9e1a-6669caf5dbb5.png?bg_token=color.surface.quaternary,0.01,76.0,76.0,76.0,224,23,11.19412464591634,23.330964872151768,2.1138366945879428,31.661597447197657,1,180,180,6804.0
rishikesh-10216715,rishikesh,rishikesh,"649989","10216715",SuperYou Multigrain Super Masala Chips,"40 g",https://cdn.grofers.com/da/cms-assets/cms/product/223c6142-82a0-4171-be32-a6b1b37c704b.png?bg_token=color.surface.quaternary,0.01,67.0,67.0,67.0,0,0,0.0,0.0,0.0,0.0,0,0,0,0.0
dehradun-10258333,dehradun,dehradun,"708261","10258333",SuperYou Mini Choco Hazelnut Wafer Protein Bar,"200 g",https://cdn.grofers.com/da/cms-assets/cms/product/0f3d3f01-a7dc-4be2-80ab-17e11267874c.png,0.01,76.0,76.0,76.0,68,0,2.806602365026277,5.635498167095256,0.0,21.703230361871146,1,36,36,6804.0
trivandrum-10176795,trivandrum,trivandrum,"581440","10176795",SuperYou Strawberry Creme Wafer Protein Bar(Pouch),"40 g",https://cdn.grofers.com/da/cms-assets/cms/product/a86b95b0-fb0f-40ab-a9ba-515fea3070de.png?bg_token=color.surface.quaternary,0.01,50.0,50.0,50.0,0,0,0.0,0.0,0.0,0.0,0,0,0,0.0
kochi-10260300,kochi,kochi,"711067","10260300",SuperYou Energy Bar(Pack) 200 g - Rs. 300,"200 g",https://cdn.grofers.com/da/cms-assets/cms/product/6aeda2ef-e808-416c-aa0a-047962cc607f.png,0.01,64.0,64.0,64.0,0,0,0.0,0.0,0.0,0.0,0,0,0,0.0
jammu-10216709,amritsar,jammu,"649981","10216709",SuperYou Multigrain Pudina Chips,"40 g",https://cdn.grofers.com/da/cms-assets/cms/product/6bfbcb3b-be75-4323-972d-6316a8be183b.png?bg_token=color.surface.quaternary,0.01,45.0,45.0,55.0,0,0,0.0,0.0,0.0,0.0,0,0,0,0.0
coimbatore-10216715,coimbatore,coimbatore,"649989","10216715",SuperYou Multigrain Super Masala Chips,"40 g",https://cdn.grofers.com/da/cms-assets/cms/product/223c6142-82a0-4171-be32-a6b1b37c704b.png?bg_token=color.surface.quaternary,0.01,69.0,69.0,69.0,615,294,53.348288075560795,37.96320125227173,5.510954720488647,16.664077369096624,1,72,72,1872.0
mohali-10176797,kharar,mohali,"581442","10176797",SuperYou Chocolate Wafer Protein Bar(Pouch),"40 g",https://cdn.grofers.com/da/cms-assets/cms/product/eb2ee9f1-e45c-42a8-a4f0-f265305bcdba.png?bg_token=color.surface.quaternary,0.01,75.0,75.0,75.0,0,0,0.0,0.0,0.0,0.0,0,0,0,0.0
dehradun-10315341,dehradun,dehradun,"796627","10315341",SuperYou Power Puffs - Pizza Party,"55 g",https://cdn.grofers.com/da/cms-assets/cms/product/bad73efb8dd3499c8be56e7a3ecbe71b.png,0.01,76.0,76.0,76.0,190,93,17.032628141417014,15.057495467041,8.394452732110175,12.158520772166499,1,48,48,1560.0
hyderabad-10325396,hyderabad,hyderabad,"1368466","10325396",SuperYou Cranberry Crunch Mega Protein Bar(Wrap) 60 g - Rs 120,"60 g",https://cdn.grofers.com/da/cms-assets/cms/product/rc-upload-1785345745206-354.png,0.01,27.0,27.0,25.0,30,0,0.0,7.0,0.0,0.0,2,288,288,24120.0
dehradun-10265740,dehradun,dehradun,"719412","10265740",SuperYou Cookies & Cream Protein Bar(Wrap) 40 g - Rs 55.0,"40 g",https://cdn.grofers.com/da/cms-assets/cms/product/1c9c8b80-91d2-4bfb-b916-ef56abac4961.png,0.01,76.0,76.0,76.0,263,30,30.61641855501583,35.25950556599681,1.1969625552699594,10.811632208458436,1,180,180,6804.0
mohali-10176797,panchkula,mohali,"581442","10176797",SuperYou Chocolate Wafer Protein Bar(Pouch),"40 g",https://cdn.grofers.com/da/cms-assets/cms/product/eb2ee9f1-e45c-42a8-a4f0-f265305bcdba.png?bg_token=color.surface.quaternary,0.01,83.0,67.0,67.0,0,0,0.0,0.0,0.0,0.0,0,0,0,0.0
mohali-10292367,kharar,mohali,"759656","10292367",SuperYou Nutty Chocolate Mega Protein Wafer Protein Bar(Wrap) 60 g - Rs 115.0,"60 g",https://cdn.grofers.com/da/cms-assets/cms/product/rc-upload-1772450349128-73.png,0.01,75.0,75.0,75.0,0,0,0.0,0.0,0.0,0.0,0,0,0,0.0
bilaspur-10216726,bilaspur,bilaspur,"650010","10216726",SuperYou Multigrain Sour Cream & Onion Chips,"40 g",https://cdn.grofers.com/da/cms-assets/cms/product/a9fe1088-c207-4753-b69d-62e3a661919a.png?bg_token=color.surface.quaternary,0.01,75.0,75.0,75.0,0,0,0.0,0.0,0.0,0.0,0,0,0,0.0
ranchi-10315546,ranchi,ranchi,"796933","10315546",SuperYou Cheesy Cheese Power Puffs,"55 g",https://cdn.grofers.com/da/cms-assets/cms/product/2ff1017a297a4ed2a175f47650936e6c.png,0.01,71.0,71.0,71.0,150,48,22.499919102054378,25.837268300084887,2.2434963050797214,12.782475996546234,4,288,288,9360.0
jammu-10216726,jammu,jammu,"650010","10216726",SuperYou Multigrain Sour Cream & Onion Chips,"40 g",https://cdn.grofers.com/da/cms-assets/cms/product/a9fe1088-c207-4753-b69d-62e3a661919a.png?bg_token=color.surface.quaternary,0.01,73.0,73.0,64.0,0,0,0.0,0.0,0.0,0.0,0,0,0,0.0
haridwar-10216715,haridwar,haridwar,"649989","10216715",SuperYou Multigrain Super Masala Chips,"40 g",https://cdn.grofers.com/da/cms-assets/cms/product/223c6142-82a0-4171-be32-a6b1b37c704b.png?bg_token=color.surface.quaternary,0.01,80.0,80.0,80.0,0,0,0.0,0.0,0.0,0.0,0,0,0,0.0
trivandrum-10176797,trivandrum,trivandrum,"581442","10176797",SuperYou Chocolate Wafer Protein Bar(Pouch),"40 g",https://cdn.grofers.com/da/cms-assets/cms/product/eb2ee9f1-e45c-42a8-a4f0-f265305bcdba.png?bg_token=color.surface.quaternary,0.01,50.0,50.0,50.0,0,0,0.0,0.0,0.0,0.0,0,0,0,0.0
coimbatore-10176795,coimbatore,coimbatore,"581440","10176795",SuperYou Strawberry Creme Wafer Protein Bar(Pouch),"40 g",https://cdn.grofers.com/da/cms-assets/cms/product/a86b95b0-fb0f-40ab-a9ba-515fea3070de.png?bg_token=color.surface.quaternary,0.01,69.0,69.0,69.0,445,22,38.06367617469523,28.080957305362677,0.577978855721393,12.058740671641791,1,180,180,6804.0
patna-10216715,gaya,patna,"649989","10216715",SuperYou Multigrain Super Masala Chips,"40 g",https://cdn.grofers.com/da/cms-assets/cms/product/223c6142-82a0-4171-be32-a6b1b37c704b.png?bg_token=color.surface.quaternary,0.01,60.0,60.0,60.0,372,15,85.79925858166372,125.87604805869653,0.19322174925909902,7.367261907350532,7,1224,1224,31824.0
pune-10324645,pune,pune,"1365580","10324645",SuperYou Kesar Pista Badam Protein Bar(Wrap) 60 g - Rs 120,"60 g",https://cdn.grofers.com/da/cms-assets/cms/product/rc-upload-1785352202796-346.png,0.01,30.0,28.0,22.0,13,0,0.0,6.857142857142857,0.0,0.0,2,288,288,24120.0
kota-10292367,bhilwara,kota,"759656","10292367",SuperYou Nutty Chocolate Mega Protein Wafer Protein Bar(Wrap) 60 g - Rs 115.0,"60 g",https://cdn.grofers.com/da/cms-assets/cms/product/rc-upload-1772450349128-73.png,0.01,50.0,50.0,50.0,0,0,0.0,0.0,0.0,0.0,0,0,0,0.0
bareilly-10292367,bareilly,bareilly,"759656","10292367",SuperYou Nutty Chocolate Mega Protein Wafer Protein Bar(Wrap) 60 g - Rs 115.0,"60 g",https://cdn.grofers.com/da/cms-assets/cms/product/rc-upload-1772450349128-73.png,0.01,80.0,80.0,80.0,0,0,0.0,0.0,0.0,0.0,0,0,0,0.0
kochi-10216715,kochi,kochi,"649989","10216715",SuperYou Multigrain Super Masala Chips,"40 g",https://cdn.grofers.com/da/cms-assets/cms/product/223c6142-82a0-4171-be32-a6b1b37c704b.png?bg_token=color.surface.quaternary,0.01,64.0,64.0,64.0,0,0,0.0,0.0,0.0,0.0,0,0,0,0.0
bareilly-10176795,bareilly,bareilly,"581440","10176795",SuperYou Strawberry Creme Wafer Protein Bar(Pouch),"40 g",https://cdn.grofers.com/da/cms-assets/cms/product/a86b95b0-fb0f-40ab-a9ba-515fea3070de.png?bg_token=color.surface.quaternary,0.01,80.0,80.0,80.0,0,0,0.0,0.0,0.0,0.0,0,0,0,0.0
bilaspur-10258761,bilaspur,bilaspur,"708957","10258761",SuperYou Cookies & Cream Mini Wafer Protein Bar - Pack of 10 (Box),"200 g",https://cdn.grofers.com/da/cms-assets/cms/product/9c9ac202-8979-419f-ab1d-27106eba90ab.png,0.01,75.0,75.0,75.0,0,0,0.0,0.0,0.0,0.0,0,0,0,0.0
udaipur-10258761,udaipur,udaipur,"708957","10258761",SuperYou Cookies & Cream Mini Wafer Protein Bar - Pack of 10 (Box),"200 g",https://cdn.grofers.com/da/cms-assets/cms/product/9c9ac202-8979-419f-ab1d-27106eba90ab.png,0.01,75.0,75.0,75.0,0,0,0.0,0.0,0.0,0.0,0,0,0,0.0
jodhpur-10265737,jodhpur,jodhpur,"719409","10265737",SUPERYOU Assorted Wafer Protein Bar - Pack of 5 200.0 g,"200 g",https://cdn.grofers.com/da/cms-assets/cms/product/c423d7ed-abbf-490c-8c5c-6cb3f443f266.png,0.01,29.0,29.0,29.0,0,0,0.0,0.0,0.0,0.0,0,0,0,0.0
trivandrum-10258333,trivandrum,trivandrum,"708261","10258333",SuperYou Mini Choco Hazelnut Wafer Protein Bar,"200 g",https://cdn.grofers.com/da/cms-assets/cms/product/0f3d3f01-a7dc-4be2-80ab-17e11267874c.png,0.01,50.0,50.0,50.0,0,0,0.0,0.0,0.0,0.0,0,0,0,0.0
dehradun-10260300,dehradun,dehradun,"711067","10260300",SuperYou Energy Bar(Pack) 200 g - Rs. 300,"200 g",https://cdn.grofers.com/da/cms-assets/cms/product/6aeda2ef-e808-416c-aa0a-047962cc607f.png,0.01,71.0,76.0,76.0,101,19,6.751750438563038,7.6397700829372095,2.0750898057080667,14.709042123649898,0,0,0,0.0
jaipur-10298083,jaipur,jaipur,"767792","10298083",SuperYou Pro Fermented Yeast Protein Powder (Cold Coffee)(Pack) 500 g - Rs 1499.0,"500 g",https://cdn.grofers.com/da/cms-assets/cms/product/rc-upload-1774593406383-65.png,0.01,49.0,42.0,42.0,30,15,0.3154220001369019,0.8527017024426349,81.5234375,149.45963541666669,1,20,20,20986.0
kanpur-10297369,kanpur,kanpur,"766912","10297369",SuperYou Pro Fermented Yeast Protein (Chocolate)(Pack) 500 g - Rs 1499.0,"500 g",https://cdn.grofers.com/da/cms-assets/cms/product/rc-upload-1774415486764-6.png,0.01,84.0,74.0,74.0,0,0,0.0,0.0,0.0,0.0,0,0,0,0.0
ahmedabad-10297369,vadodara,ahmedabad,"766912","10297369",SuperYou Pro Fermented Yeast Protein (Chocolate)(Pack) 500 g - Rs 1499.0,"500 g",https://cdn.grofers.com/da/cms-assets/cms/product/rc-upload-1774415486764-6.png,0.01,19.0,25.0,25.0,98,2,3.6065573770491803,2.0396600566572234,0.5545454545454546,27.727272727272727,2,40,40,41972.0
kanpur-10298083,kanpur,kanpur,"767792","10298083",SuperYou Pro Fermented Yeast Protein Powder (Cold Coffee)(Pack) 500 g - Rs 1499.0,"500 g",https://cdn.grofers.com/da/cms-assets/cms/product/rc-upload-1774593406383-65.png,0.01,47.0,42.0,32.0,0,0,0.0,0.0,0.0,0.0,0,0,0,0.0
delhi-10297369,kishangarh,delhi,"766912","10297369",SuperYou Pro Fermented Yeast Protein (Chocolate)(Pack) 500 g - Rs 1499.0,"500 g",https://cdn.grofers.com/da/cms-assets/cms/product/rc-upload-1774415486764-6.png,0.01,0.0,0.0,0.0,48,0,1.028880866425993,3.993869060652507,0.0,46.65263157894736,0,0,0,0.0
surat-10298083,surat,surat,"767792","10298083",SuperYou Pro Fermented Yeast Protein Powder (Cold Coffee)(Pack) 500 g - Rs 1499.0,"500 g",https://cdn.grofers.com/da/cms-assets/cms/product/rc-upload-1774593406383-65.png,0.01,31.0,38.0,38.0,12,2,1.839961667465261,1.6580310880829012,2.1739583333333337,7.608854166666667,0,0,0,0.0
surat-10297369,surat,surat,"766912","10297369",SuperYou Pro Fermented Yeast Protein (Chocolate)(Pack) 500 g - Rs 1499.0,"500 g",https://cdn.grofers.com/da/cms-assets/cms/product/rc-upload-1774415486764-6.png,0.01,38.0,38.0,31.0,13,21,4.609885369160606,3.3184945366248475,5.452568181818182,8.402750000000001,0,0,0,0.0
kashipur-10298083,shivpuri,kashipur,"767792","10298083",SuperYou Pro Fermented Yeast Protein Powder (Cold Coffee)(Pack) 500 g - Rs 1499.0,"500 g",https://cdn.grofers.com/da/cms-assets/cms/product/rc-upload-1774593406383-65.png,0.01,0.0,0.0,0.0,0,0,0.0,0.0,0.0,0.0,0,0,0,0.0
rishikesh-10292367,rishikesh,rishikesh,"759656","10292367",SuperYou Nutty Chocolate Mega Protein Wafer Protein Bar(Wrap) 60 g - Rs 115.0,"60 g",https://cdn.grofers.com/da/cms-assets/cms/product/rc-upload-1772450349128-73.png,0.01,67.0,67.0,67.0,0,0,0.0,0.0,0.0,0.0,0,0,0,0.0
raigarh-10292367,ambikapur,raigarh,"759656","10292367",SuperYou Nutty Chocolate Mega Protein Wafer Protein Bar(Wrap) 60 g - Rs 115.0,"60 g",https://cdn.grofers.com/da/cms-assets/cms/product/rc-upload-1772450349128-73.png,0.01,0.0,0.0,0.0,0,0,0.0,0.0,0.0,0.0,0,0,0,0.0
haridwar-10176797,haridwar,haridwar,"581442","10176797",SuperYou Chocolate Wafer Protein Bar(Pouch),"40 g",https://cdn.grofers.com/da/cms-assets/cms/product/eb2ee9f1-e45c-42a8-a4f0-f265305bcdba.png?bg_token=color.surface.quaternary,0.01,80.0,80.0,80.0,0,0,0.0,0.0,0.0,0.0,0,0,0,0.0
kota-10216715,bhilwara,kota,"649989","10216715",SuperYou Multigrain Super Masala Chips,"40 g",https://cdn.grofers.com/da/cms-assets/cms/product/223c6142-82a0-4171-be32-a6b1b37c704b.png?bg_token=color.surface.quaternary,0.01,50.0,50.0,50.0,0,0,0.0,0.0,0.0,0.0,0,0,0,0.0
guwahati-10315341,guwahati,guwahati,"796627","10315341",SuperYou Power Puffs - Pizza Party,"55 g",https://cdn.grofers.com/da/cms-assets/cms/product/bad73efb8dd3499c8be56e7a3ecbe71b.png,0.01,84.0,79.0,79.0,110,249,17.493435021601996,14.315831887335658,14.1756401791701,20.40606950298055,1,48,48,1560.0
roorkee-10176797,roorkee,roorkee,"581442","10176797",SuperYou Chocolate Wafer Protein Bar(Pouch),"40 g",https://cdn.grofers.com/da/cms-assets/cms/product/eb2ee9f1-e45c-42a8-a4f0-f265305bcdba.png?bg_token=color.surface.quaternary,0.01,67.0,67.0,67.0,0,0,0.0,0.0,0.0,0.0,0,0,0,0.0
udaipur-10292367,udaipur,udaipur,"759656","10292367",SuperYou Nutty Chocolate Mega Protein Wafer Protein Bar(Wrap) 60 g - Rs 115.0,"60 g",https://cdn.grofers.com/da/cms-assets/cms/product/rc-upload-1772450349128-73.png,0.01,75.0,75.0,75.0,0,0,0.0,0.0,0.0,0.0,0,0,0,0.0
kota-10176797,bhilwara,kota,"581442","10176797",SuperYou Chocolate Wafer Protein Bar(Pouch),"40 g",https://cdn.grofers.com/da/cms-assets/cms/product/eb2ee9f1-e45c-42a8-a4f0-f265305bcdba.png?bg_token=color.surface.quaternary,0.01,50.0,50.0,50.0,0,0,0.0,0.0,0.0,0.0,0,0,0,0.0
rajpura-10292367,ambala,rajpura,"759656","10292367",SuperYou Nutty Chocolate Mega Protein Wafer Protein Bar(Wrap) 60 g - Rs 115.0,"60 g",https://cdn.grofers.com/da/cms-assets/cms/product/rc-upload-1772450349128-73.png,0.01,67.0,67.0,67.0,358,34,74.57637637108498,76.4301306137055,0.45590844788193013,5.256356222638724,3,576,576,44380.8
jaipur-10265740,jaipur,jaipur,"719412","10265740",SuperYou Cookies & Cream Protein Bar(Wrap) 40 g - Rs 55.0,"40 g",https://cdn.grofers.com/da/cms-assets/cms/product/1c9c8b80-91d2-4bfb-b916-ef56abac4961.png,0.01,77.0,77.0,74.0,268,188,52.82833005571358,18.93244387533819,3.558696627391634,8.631732245162686,1,360,360,13608.0
srinagar-10176797,srinagar,srinagar,"581442","10176797",SuperYou Chocolate Wafer Protein Bar(Pouch),"40 g",https://cdn.grofers.com/da/cms-assets/cms/product/eb2ee9f1-e45c-42a8-a4f0-f265305bcdba.png?bg_token=color.surface.quaternary,0.01,0.0,0.0,0.0,0,0,0.0,0.0,0.0,0.0,0,0,0,0.0
coimbatore-10216726,coimbatore,coimbatore,"650010","10216726",SuperYou Multigrain Sour Cream & Onion Chips,"40 g",https://cdn.grofers.com/da/cms-assets/cms/product/a9fe1088-c207-4753-b69d-62e3a661919a.png?bg_token=color.surface.quaternary,0.01,69.0,69.0,69.0,431,77,34.07381281566548,28.87993920972644,2.2597999354096103,14.556633350170998,3,288,288,7488.0
dehradun-10315543,dehradun,dehradun,"796930","10315543",SuperYou Maaad Achaari Power Puffs,"55 g",https://cdn.grofers.com/da/cms-assets/cms/product/c6f9ca0a4fbc45889f4c3c4367c0ac85.png,0.01,76.0,76.0,76.0,165,152,10.566680317798347,12.83621623892133,15.584604746157018,25.841545273793336,0,0,0,0.0
jammu-10315546,amritsar,jammu,"796933","10315546",SuperYou Cheesy Cheese Power Puffs,"55 g",https://cdn.grofers.com/da/cms-assets/cms/product/2ff1017a297a4ed2a175f47650936e6c.png,0.01,45.0,55.0,45.0,0,0,0.0,0.0,0.0,0.0,0,0,0,0.0
bidar-10176797,gulbarga,bidar,"581442","10176797",SuperYou Chocolate Wafer Protein Bar(Pouch),"40 g",https://cdn.grofers.com/da/cms-assets/cms/product/eb2ee9f1-e45c-42a8-a4f0-f265305bcdba.png?bg_token=color.surface.quaternary,0.01,50.0,50.0,50.0,8,4,1.1051402938618575,1.2208120544066339,3.619449966865474,10.858349900596421,0,0,0,0.0
faridabad-10325396,faridabad,faridabad,"1368466","10325396",SuperYou Cranberry Crunch Mega Protein Bar(Wrap) 60 g - Rs 120,"60 g",https://cdn.grofers.com/da/cms-assets/cms/product/rc-upload-1785345745206-354.png,0.01,71.0,76.0,76.0,1,0,0.0,0.09969522993305553,0.0,0.0,0,0,0,0.0
srinagar-10216715,srinagar,srinagar,"649989","10216715",SuperYou Multigrain Super Masala Chips,"40 g",https://cdn.grofers.com/da/cms-assets/cms/product/223c6142-82a0-4171-be32-a6b1b37c704b.png?bg_token=color.surface.quaternary,0.01,0.0,0.0,0.0,0,0,0.0,0.0,0.0,0.0,0,0,0,0.0
jodhpur-10258761,jodhpur,jodhpur,"708957","10258761",SuperYou Cookies & Cream Mini Wafer Protein Bar - Pack of 10 (Box),"200 g",https://cdn.grofers.com/da/cms-assets/cms/product/9c9ac202-8979-419f-ab1d-27106eba90ab.png,0.01,43.0,43.0,43.0,0,0,0.0,0.0,0.0,0.0,0,0,0,0.0
jammu-10258761,amritsar,jammu,"708957","10258761",SuperYou Cookies & Cream Mini Wafer Protein Bar - Pack of 10 (Box),"200 g",https://cdn.grofers.com/da/cms-assets/cms/product/9c9ac202-8979-419f-ab1d-27106eba90ab.png,0.01,36.0,45.0,55.0,0,0,0.0,0.0,0.0,0.0,0,0,0,0.0
roorkee-10216715,roorkee,roorkee,"649989","10216715",SuperYou Multigrain Super Masala Chips,"40 g",https://cdn.grofers.com/da/cms-assets/cms/product/223c6142-82a0-4171-be32-a6b1b37c704b.png?bg_token=color.surface.quaternary,0.01,67.0,67.0,67.0,0,0,0.0,0.0,0.0,0.0,0,0,0,0.0
rishikesh-10176795,rishikesh,rishikesh,"581440","10176795",SuperYou Strawberry Creme Wafer Protein Bar(Pouch),"40 g",https://cdn.grofers.com/da/cms-assets/cms/product/a86b95b0-fb0f-40ab-a9ba-515fea3070de.png?bg_token=color.surface.quaternary,0.01,67.0,67.0,67.0,0,0,0.0,0.0,0.0,0.0,0,0,0,0.0
kochi-10315586,kochi,kochi,"796973","10315586",SuperYou Orange Mini Wafer Protein Bar(Box) 10 x 20 g - Rs 300,"200 g",https://cdn.grofers.com/da/cms-assets/cms/product/7ebfe18185ee42a1b7bdc1c5ad7c916a.png,0.01,64.0,64.0,64.0,0,0,0.0,0.0,0.0,0.0,0,0,0,0.0
mohali-10260300,kharar,mohali,"711067","10260300",SuperYou Energy Bar(Pack) 200 g - Rs. 300,"200 g",https://cdn.grofers.com/da/cms-assets/cms/product/6aeda2ef-e808-416c-aa0a-047962cc607f.png,0.01,75.0,75.0,75.0,0,0,0.0,0.0,0.0,0.0,0,0,0,0.0
coimbatore-10258761,coimbatore,coimbatore,"708957","10258761",SuperYou Cookies & Cream Mini Wafer Protein Bar - Pack of 10 (Box),"200 g",https://cdn.grofers.com/da/cms-assets/cms/product/9c9ac202-8979-419f-ab1d-27106eba90ab.png,0.01,69.0,69.0,69.0,97,33,1.6551724137931034,1.888888888888889,19.9375,77.33333333333333,0,0,0,0.0
dehradun-10258187,dehradun,dehradun,"708073","10258187",SuperYou Mini Mango Protein Wafer Bar(Box) 200 g,"200 g",https://cdn.grofers.com/da/cms-assets/cms/product/ca5a9b92-3514-40a8-be32-a5e264ad0641.png,0.01,76.0,76.0,76.0,62,4,0.12858979854264896,3.511015268581832,31.106666666666666,482.1533333333333,0,0,0,0.0
rajpura-10216715,ambala,rajpura,"649989","10216715",SuperYou Multigrain Super Masala Chips,"40 g",https://cdn.grofers.com/da/cms-assets/cms/product/223c6142-82a0-4171-be32-a6b1b37c704b.png?bg_token=color.surface.quaternary,0.01,67.0,67.0,67.0,671,115,270.7283536205885,249.1464258867132,0.42478003674918524,2.9032792076944314,6,3096,3096,80496.0
guntur-10176797,guntur,guntur,"581442","10176797",SuperYou Chocolate Wafer Protein Bar(Pouch),"40 g",https://cdn.grofers.com/da/cms-assets/cms/product/eb2ee9f1-e45c-42a8-a4f0-f265305bcdba.png?bg_token=color.surface.quaternary,0.01,75.0,75.0,75.0,0,0,0.0,0.0,0.0,0.0,0,0,0,0.0
tirupati-10176795,tirupati,tirupati,"581440","10176795",SuperYou Strawberry Creme Wafer Protein Bar(Pouch),"40 g",https://cdn.grofers.com/da/cms-assets/cms/product/a86b95b0-fb0f-40ab-a9ba-515fea3070de.png?bg_token=color.surface.quaternary,0.01,75.0,75.0,75.0,0,0,0.0,0.0,0.0,0.0,0,0,0,0.0
bilaspur-10265740,bilaspur,bilaspur,"719412","10265740",SuperYou Cookies & Cream Protein Bar(Wrap) 40 g - Rs 55.0,"40 g",https://cdn.grofers.com/da/cms-assets/cms/product/1c9c8b80-91d2-4bfb-b916-ef56abac4961.png,0.01,75.0,75.0,75.0,0,0,0.0,0.0,0.0,0.0,0,0,0,0.0
mangalore-10176795,mangalore,mangalore,"581440","10176795",SuperYou Strawberry Creme Wafer Protein Bar(Pouch),"40 g",https://cdn.grofers.com/da/cms-assets/cms/product/a86b95b0-fb0f-40ab-a9ba-515fea3070de.png?bg_token=color.surface.quaternary,0.01,80.0,80.0,80.0,43,0,6.031191515907673,1.5601600826232895,0.0,7.129602813405048,0,0,0,0.0
kashipur-10325396,moradabad,kashipur,"1368466","10325396",SuperYou Cranberry Crunch Mega Protein Bar(Wrap) 60 g - Rs 120,"60 g",https://cdn.grofers.com/da/cms-assets/cms/product/rc-upload-1785345745206-354.png,0.01,67.0,67.0,67.0,0,0,0.0,0.0,0.0,0.0,0,0,0,0.0
kochi-10325396,kochi,kochi,"1368466","10325396",SuperYou Cranberry Crunch Mega Protein Bar(Wrap) 60 g - Rs 120,"60 g",https://cdn.grofers.com/da/cms-assets/cms/product/rc-upload-1785345745206-354.png,0.01,64.0,64.0,64.0,0,0,0.0,0.0,0.0,0.0,0,0,0,0.0
trivandrum-10325396,trivandrum,trivandrum,"1368466","10325396",SuperYou Cranberry Crunch Mega Protein Bar(Wrap) 60 g - Rs 120,"60 g",https://cdn.grofers.com/da/cms-assets/cms/product/rc-upload-1785345745206-354.png,0.01,50.0,50.0,50.0,0,0,0.0,0.0,0.0,0.0,0,0,0,0.0
jammu-10216726,gurdaspur,jammu,"650010","10216726",SuperYou Multigrain Sour Cream & Onion Chips,"40 g",https://cdn.grofers.com/da/cms-assets/cms/product/a9fe1088-c207-4753-b69d-62e3a661919a.png?bg_token=color.surface.quaternary,0.01,0.0,0.0,0.0,0,0,0.0,0.0,0.0,0.0,0,0,0,0.0
bhubaneswar-10216715,berhampur,bhubaneswar,"649989","10216715",SuperYou Multigrain Super Masala Chips,"40 g",https://cdn.grofers.com/da/cms-assets/cms/product/223c6142-82a0-4171-be32-a6b1b37c704b.png?bg_token=color.surface.quaternary,0.01,0.0,0.0,0.0,328,246,61.2618468547675,93.7209686162636,4.015549850842538,9.369616318632588,1,360,360,9360.0
ludhiana-10315546,jalandhar,ludhiana,"796933","10315546",SuperYou Cheesy Cheese Power Puffs,"55 g",https://cdn.grofers.com/da/cms-assets/cms/product/2ff1017a297a4ed2a175f47650936e6c.png,0.01,80.0,80.0,80.0,252,86,35.572703523051594,45.1666532313514,2.417584031651427,9.50166747323468,1,96,96,3120.0
nizamabad-10249577,karimnagar,nizamabad,"696716","10249577",SuperYou Pro Fermented Yeast Protein Powder Chocolate Pack of 8 (24g protein per sachet)(Box),"288 g",https://cdn.grofers.com/da/cms-assets/cms/product/0b3c511b-e8de-47de-adc6-0d102857934d.png,0.01,0.0,0.0,0.0,0,0,0.0,0.0,0.0,0.0,0,0,0,0.0
agra-10249577,mathura,agra,"696716","10249577",SuperYou Pro Fermented Yeast Protein Powder Chocolate Pack of 8 (24g protein per sachet)(Box),"288 g",https://cdn.grofers.com/da/cms-assets/cms/product/0b3c511b-e8de-47de-adc6-0d102857934d.png,0.01,80.0,100.0,80.0,14,0,0.0,0.11842754536981191,0.0,0.0,0,0,0,0.0
ludhiana-10291036,khanna,ludhiana,"757418","10291036",SuperYou Pro Assorted Yeast Protein Powder Sachets(Box) 8 x 36 g - Rs 1099.0,"288 g",https://cdn.grofers.com/da/cms-assets/cms/product/rc-upload-1772003663615-40.png,0.01,50.0,50.0,50.0,37,0,0.28806889895315163,3.2831757477649828,0.0,128.44149484536084,1,24,24,18463.2
surat-10249577,ankleshwar,surat,"696716","10249577",SuperYou Pro Fermented Yeast Protein Powder Chocolate Pack of 8 (24g protein per sachet)(Box),"288 g",https://cdn.grofers.com/da/cms-assets/cms/product/0b3c511b-e8de-47de-adc6-0d102857934d.png,0.01,0.0,0.0,0.0,76,4,4.787815439749141,3.4047919293820925,1.2457217261904763,14.88354344223485,5,138,138,106163.4
rajpura-10291036,kurukshetra,rajpura,"757418","10291036",SuperYou Pro Assorted Yeast Protein Powder Sachets(Box) 8 x 36 g - Rs 1099.0,"288 g",https://cdn.grofers.com/da/cms-assets/cms/product/rc-upload-1772003663615-40.png,0.01,100.0,100.0,50.0,37,1,8.987749647338331,4.329985406472658,0.11126255617235,4.2279771345493,1,48,48,36926.4
lucknow-10249578,vrindavan,lucknow,"696717","10249578",SuperYou Pro Fermented Yeast Protein Powder Coffee Pack of 8 (24g protein per sachet)(Box),"288 g",https://cdn.grofers.com/da/cms-assets/cms/product/9b35537d-2637-423e-b63c-8d14c11d9875.png,0.01,50.0,50.0,50.0,121,2,5.308948281611176,4.856963219113487,0.37672244932720156,19.966289814341682,2,48,48,36926.4
varanasi-10249577,varanasi,varanasi,"696716","10249577",SuperYou Pro Fermented Yeast Protein Powder Chocolate Pack of 8 (24g protein per sachet)(Box),"288 g",https://cdn.grofers.com/da/cms-assets/cms/product/0b3c511b-e8de-47de-adc6-0d102857934d.png,0.01,85.0,77.0,77.0,86,5,1.648499328057339,1.8948407259169906,3.033061594202899,55.201721014492755,0,0,0,0.0
udaipur-10249577,udaipur,udaipur,"696716","10249577",SuperYou Pro Fermented Yeast Protein Powder Chocolate Pack of 8 (24g protein per sachet)(Box),"288 g",https://cdn.grofers.com/da/cms-assets/cms/product/0b3c511b-e8de-47de-adc6-0d102857934d.png,0.01,75.0,75.0,75.0,0,0,0.0,0.0,0.0,0.0,0,0,0,0.0
roorkee-10249577,roorkee,roorkee,"696716","10249577",SuperYou Pro Fermented Yeast Protein Powder Chocolate Pack of 8 (24g protein per sachet)(Box),"288 g",https://cdn.grofers.com/da/cms-assets/cms/product/0b3c511b-e8de-47de-adc6-0d102857934d.png,0.01,67.0,67.0,67.0,0,0,0.0,0.0,0.0,0.0,0,0,0,0.0
surat-10291036,vapi,surat,"757418","10291036",SuperYou Pro Assorted Yeast Protein Powder Sachets(Box) 8 x 36 g - Rs 1099.0,"288 g",https://cdn.grofers.com/da/cms-assets/cms/product/rc-upload-1772003663615-40.png,0.01,100.0,0.0,0.0,67,24,6.049446878016185,2.8263860785107244,3.967304860088366,12.397827687776143,2,72,72,55389.6
bengaluru-10249577,tumkur,bengaluru,"696716","10249577",SuperYou Pro Fermented Yeast Protein Powder Chocolate Pack of 8 (24g protein per sachet)(Box),"288 g",https://cdn.grofers.com/da/cms-assets/cms/product/0b3c511b-e8de-47de-adc6-0d102857934d.png,0.01,50.0,50.0,50.0,87,46,16.85714285714286,16.857142857142858,3.0159805137433224,6.513603498447745,4,150,150,115395.0
jamshedpur-10249578,durgapur,jamshedpur,"696717","10249578",SuperYou Pro Fermented Yeast Protein Powder Coffee Pack of 8 (24g protein per sachet)(Box),"288 g",https://cdn.grofers.com/da/cms-assets/cms/product/9b35537d-2637-423e-b63c-8d14c11d9875.png,0.01,75.0,75.0,75.0,0,0,0.0,0.0,0.0,0.0,0,0,0,0.0
trivandrum-10249577,trivandrum,trivandrum,"696716","10249577",SuperYou Pro Fermented Yeast Protein Powder Chocolate Pack of 8 (24g protein per sachet)(Box),"288 g",https://cdn.grofers.com/da/cms-assets/cms/product/0b3c511b-e8de-47de-adc6-0d102857934d.png,0.01,50.0,50.0,50.0,0,0,0.0,0.0,0.0,0.0,0,0,0,0.0
ludhiana-10291036,ludhiana,ludhiana,"757418","10291036",SuperYou Pro Assorted Yeast Protein Powder Sachets(Box) 8 x 36 g - Rs 1099.0,"288 g",https://cdn.grofers.com/da/cms-assets/cms/product/rc-upload-1772003663615-40.png,0.01,47.0,47.0,40.0,37,0,0.28806889895315163,3.2831757477649828,0.0,128.44149484536084,1,24,24,18463.2
gangtok-10291036,gangtok,gangtok,"757418","10291036",SuperYou Pro Assorted Yeast Protein Powder Sachets(Box) 8 x 36 g - Rs 1099.0,"288 g",https://cdn.grofers.com/da/cms-assets/cms/product/rc-upload-1772003663615-40.png,0.01,0.0,0.0,0.0,0,0,0.0,0.0,0.0,0.0,0,0,0,0.0
kurnool-10249578,kurnool,kurnool,"696717","10249578",SuperYou Pro Fermented Yeast Protein Powder Coffee Pack of 8 (24g protein per sachet)(Box),"288 g",https://cdn.grofers.com/da/cms-assets/cms/product/9b35537d-2637-423e-b63c-8d14c11d9875.png,0.01,50.0,50.0,50.0,0,0,0.0,0.0,0.0,0.0,0,0,0,0.0
ludhiana-10249578,abohar,ludhiana,"696717","10249578",SuperYou Pro Fermented Yeast Protein Powder Coffee Pack of 8 (24g protein per sachet)(Box),"288 g",https://cdn.grofers.com/da/cms-assets/cms/product/9b35537d-2637-423e-b63c-8d14c11d9875.png,0.01,0.0,0.0,0.0,74,0,4.191274959166718,5.412044729869312,0.0,17.655725458468176,0,0,0,0.0
bareilly-10249578,bareilly,bareilly,"696717","10249578",SuperYou Pro Fermented Yeast Protein Powder Coffee Pack of 8 (24g protein per sachet)(Box),"288 g",https://cdn.grofers.com/da/cms-assets/cms/product/9b35537d-2637-423e-b63c-8d14c11d9875.png,0.01,80.0,80.0,80.0,0,0,0.0,0.0,0.0,0.0,0,0,0,0.0
ballari-10249577,ballari,ballari,"696716","10249577",SuperYou Pro Fermented Yeast Protein Powder Chocolate Pack of 8 (24g protein per sachet)(Box),"288 g",https://cdn.grofers.com/da/cms-assets/cms/product/0b3c511b-e8de-47de-adc6-0d102857934d.png,0.01,50.0,50.0,50.0,0,0,0.0,0.0,0.0,0.0,0,0,0,0.0
bilaspur-10249577,bilaspur,bilaspur,"696716","10249577",SuperYou Pro Fermented Yeast Protein Powder Chocolate Pack of 8 (24g protein per sachet)(Box),"288 g",https://cdn.grofers.com/da/cms-assets/cms/product/0b3c511b-e8de-47de-adc6-0d102857934d.png,0.01,75.0,75.0,75.0,0,0,0.0,0.0,0.0,0.0,0,0,0,0.0
nashik-10249577,nashik,nashik,"696716","10249577",SuperYou Pro Fermented Yeast Protein Powder Chocolate Pack of 8 (24g protein per sachet)(Box),"288 g",https://cdn.grofers.com/da/cms-assets/cms/product/0b3c511b-e8de-47de-adc6-0d102857934d.png,0.01,29.0,29.0,29.0,0,0,0.0,0.0,0.0,0.0,0,0,0,0.0
mangalore-10291036,mangalore,mangalore,"757418","10291036",SuperYou Pro Assorted Yeast Protein Powder Sachets(Box) 8 x 36 g - Rs 1099.0,"288 g",https://cdn.grofers.com/da/cms-assets/cms/product/rc-upload-1772003663615-40.png,0.01,60.0,60.0,60.0,0,0,0.0,0.0,0.0,0.0,0,0,0,0.0
bareilly-10291036,bareilly,bareilly,"757418","10291036",SuperYou Pro Assorted Yeast Protein Powder Sachets(Box) 8 x 36 g - Rs 1099.0,"288 g",https://cdn.grofers.com/da/cms-assets/cms/product/rc-upload-1772003663615-40.png,0.01,40.0,40.0,40.0,0,0,0.0,0.0,0.0,0.0,0,0,0,0.0
kanpur-10291036,banda,kanpur,"757418","10291036",SuperYou Pro Assorted Yeast Protein Powder Sachets(Box) 8 x 36 g - Rs 1099.0,"288 g",https://cdn.grofers.com/da/cms-assets/cms/product/rc-upload-1772003663615-40.png,0.01,0.0,0.0,0.0,0,0,0.0,0.0,0.0,0.0,0,0,0,0.0
agra-10291036,agra,agra,"757418","10291036",SuperYou Pro Assorted Yeast Protein Powder Sachets(Box) 8 x 36 g - Rs 1099.0,"288 g",https://cdn.grofers.com/da/cms-assets/cms/product/rc-upload-1772003663615-40.png,0.01,56.0,44.0,44.0,4,0,0.0,0.14274677164195576,0.0,0.0,0,0,0,0.0
kundli-10291036,sonipat,kundli,"757418","10291036",SuperYou Pro Assorted Yeast Protein Powder Sachets(Box) 8 x 36 g - Rs 1099.0,"288 g",https://cdn.grofers.com/da/cms-assets/cms/product/rc-upload-1772003663615-40.png,0.01,80.0,80.0,80.0,16,0,0.24719166016922237,1.652885052248978,0.0,64.7271028037383,3,96,96,73852.8
nellore-10249577,nellore,nellore,"696716","10249577",SuperYou Pro Fermented Yeast Protein Powder Chocolate Pack of 8 (24g protein per sachet)(Box),"288 g",https://cdn.grofers.com/da/cms-assets/cms/product/0b3c511b-e8de-47de-adc6-0d102857934d.png,0.01,67.0,67.0,67.0,2,0,0.08361953113334328,0.0,0.0,23.917857142857144,0,0,0,0.0
mohali-10291036,zirakpur,mohali,"757418","10291036",SuperYou Pro Assorted Yeast Protein Powder Sachets(Box) 8 x 36 g - Rs 1099.0,"288 g",https://cdn.grofers.com/da/cms-assets/cms/product/rc-upload-1772003663615-40.png,0.01,40.0,40.0,40.0,0,0,0.0,0.0,0.0,0.0,0,0,0,0.0
jammu-10249578,jammu,jammu,"696717","10249578",SuperYou Pro Fermented Yeast Protein Powder Coffee Pack of 8 (24g protein per sachet)(Box),"288 g",https://cdn.grofers.com/da/cms-assets/cms/product/9b35537d-2637-423e-b63c-8d14c11d9875.png,0.01,64.0,64.0,64.0,0,0,0.0,0.0,0.0,0.0,0,0,0,0.0
mohali-10249578,kharar,mohali,"696717","10249578",SuperYou Pro Fermented Yeast Protein Powder Coffee Pack of 8 (24g protein per sachet)(Box),"288 g",https://cdn.grofers.com/da/cms-assets/cms/product/9b35537d-2637-423e-b63c-8d14c11d9875.png,0.01,50.0,62.0,62.0,0,0,0.0,0.0,0.0,0.0,0,0,0,0.0
haridwar-10249577,haridwar,haridwar,"696716","10249577",SuperYou Pro Fermented Yeast Protein Powder Chocolate Pack of 8 (24g protein per sachet)(Box),"288 g",https://cdn.grofers.com/da/cms-assets/cms/product/0b3c511b-e8de-47de-adc6-0d102857934d.png,0.01,80.0,80.0,80.0,0,0,0.0,0.0,0.0,0.0,0,0,0,0.0
ranchi-10249577,bokaro,ranchi,"696716","10249577",SuperYou Pro Fermented Yeast Protein Powder Chocolate Pack of 8 (24g protein per sachet)(Box),"288 g",https://cdn.grofers.com/da/cms-assets/cms/product/0b3c511b-e8de-47de-adc6-0d102857934d.png,0.01,100.0,67.0,67.0,72,45,1.2542929670001493,0.9671582871867974,34.38191964285714,97.16629464285714,0,0,0,0.0
coimbatore-10249578,tiruppur,coimbatore,"696717","10249578",SuperYou Pro Fermented Yeast Protein Powder Coffee Pack of 8 (24g protein per sachet)(Box),"288 g",https://cdn.grofers.com/da/cms-assets/cms/product/9b35537d-2637-423e-b63c-8d14c11d9875.png,0.01,0.0,0.0,0.0,87,21,0.8163265306122448,0.7912087912087911,25.725,131.07500000000002,0,0,0,0.0
surat-10249578,bharuch,surat,"696717","10249578",SuperYou Pro Fermented Yeast Protein Powder Coffee Pack of 8 (24g protein per sachet)(Box),"288 g",https://cdn.grofers.com/da/cms-assets/cms/product/9b35537d-2637-423e-b63c-8d14c11d9875.png,0.01,67.0,67.0,67.0,83,50,5.13431182497923,3.4970135177617103,19.068334981421554,33.304257760997245,2,48,48,36926.4
ahmedabad-10291036,vadodara,ahmedabad,"757418","10291036",SuperYou Pro Assorted Yeast Protein Powder Sachets(Box) 8 x 36 g - Rs 1099.0,"288 g",https://cdn.grofers.com/da/cms-assets/cms/product/rc-upload-1772003663615-40.png,0.01,38.0,62.0,62.0,47,0,0.0,5.42437732239432,0.0,0.0,1,72,72,55389.6
surat-10249577,vapi,surat,"696716","10249577",SuperYou Pro Fermented Yeast Protein Powder Chocolate Pack of 8 (24g protein per sachet)(Box),"288 g",https://cdn.grofers.com/da/cms-assets/cms/product/0b3c511b-e8de-47de-adc6-0d102857934d.png,0.01,0.0,0.0,0.0,76,4,4.787815439749141,3.4047919293820925,1.2457217261904763,14.88354344223485,5,138,138,106163.4
udaipur-10249578,udaipur,udaipur,"696717","10249578",SuperYou Pro Fermented Yeast Protein Powder Coffee Pack of 8 (24g protein per sachet)(Box),"288 g",https://cdn.grofers.com/da/cms-assets/cms/product/9b35537d-2637-423e-b63c-8d14c11d9875.png,0.01,75.0,75.0,75.0,0,0,0.0,0.0,0.0,0.0,0,0,0,0.0
prayagraj-10291036,sultanpur,prayagraj,"757418","10291036",SuperYou Pro Assorted Yeast Protein Powder Sachets(Box) 8 x 36 g - Rs 1099.0,"288 g",https://cdn.grofers.com/da/cms-assets/cms/product/rc-upload-1772003663615-40.png,0.01,0.0,0.0,0.0,0,0,0.0,0.0,0.0,0.0,0,0,0,0.0
mangalore-10249578,mangalore,mangalore,"696717","10249578",SuperYou Pro Fermented Yeast Protein Powder Coffee Pack of 8 (24g protein per sachet)(Box),"288 g",https://cdn.grofers.com/da/cms-assets/cms/product/9b35537d-2637-423e-b63c-8d14c11d9875.png,0.01,0.0,20.0,20.0,0,1,0.0,0.0,0.0,0.0,0,0,0,0.0
ludhiana-10291036,hoshiarpur,ludhiana,"757418","10291036",SuperYou Pro Assorted Yeast Protein Powder Sachets(Box) 8 x 36 g - Rs 1099.0,"288 g",https://cdn.grofers.com/da/cms-assets/cms/product/rc-upload-1772003663615-40.png,0.01,50.0,50.0,50.0,37,0,0.28806889895315163,3.2831757477649828,0.0,128.44149484536084,1,24,24,18463.2
farukhnagar-10249578,hansi,farukhnagar,"696717","10249578",SuperYou Pro Fermented Yeast Protein Powder Coffee Pack of 8 (24g protein per sachet)(Box),"288 g",https://cdn.grofers.com/da/cms-assets/cms/product/9b35537d-2637-423e-b63c-8d14c11d9875.png,0.01,100.0,100.0,0.0,147,36,21.200718383101915,11.05183845690175,1.7706443064509747,7.253844904255258,6,192,192,147705.6
agra-10291036,mathura,agra,"757418","10291036",SuperYou Pro Assorted Yeast Protein Powder Sachets(Box) 8 x 36 g - Rs 1099.0,"288 g",https://cdn.grofers.com/da/cms-assets/cms/product/rc-upload-1772003663615-40.png,0.01,80.0,80.0,80.0,4,0,0.0,0.14274677164195576,0.0,0.0,0,0,0,0.0
ludhiana-10249578,barnala,ludhiana,"696717","10249578",SuperYou Pro Fermented Yeast Protein Powder Coffee Pack of 8 (24g protein per sachet)(Box),"288 g",https://cdn.grofers.com/da/cms-assets/cms/product/9b35537d-2637-423e-b63c-8d14c11d9875.png,0.01,0.0,0.0,0.0,74,0,4.191274959166718,5.412044729869312,0.0,17.655725458468176,0,0,0,0.0
varanasi-10249578,varanasi,varanasi,"696717","10249578",SuperYou Pro Fermented Yeast Protein Powder Coffee Pack of 8 (24g protein per sachet)(Box),"288 g",https://cdn.grofers.com/da/cms-assets/cms/product/9b35537d-2637-423e-b63c-8d14c11d9875.png,0.01,85.0,77.0,77.0,93,16,3.259880523796336,2.220326043023308,4.908155339805826,33.43680825242719,0,0,0,0.0
rishikesh-10249577,rishikesh,rishikesh,"696716","10249577",SuperYou Pro Fermented Yeast Protein Powder Chocolate Pack of 8 (24g protein per sachet)(Box),"288 g",https://cdn.grofers.com/da/cms-assets/cms/product/0b3c511b-e8de-47de-adc6-0d102857934d.png,0.01,67.0,33.0,33.0,0,0,0.0,0.0,0.0,0.0,0,0,0,0.0
bidar-10249577,gulbarga,bidar,"696716","10249577",SuperYou Pro Fermented Yeast Protein Powder Chocolate Pack of 8 (24g protein per sachet)(Box),"288 g",https://cdn.grofers.com/da/cms-assets/cms/product/0b3c511b-e8de-47de-adc6-0d102857934d.png,0.01,50.0,50.0,50.0,1,2,0.16723906226668656,0.4973956905532101,11.958928571428572,17.93839285714286,0,0,0,0.0
rajpura-10249577,rajpura,rajpura,"696716","10249577",SuperYou Pro Fermented Yeast Protein Powder Chocolate Pack of 8 (24g protein per sachet)(Box),"288 g",https://cdn.grofers.com/da/cms-assets/cms/product/0b3c511b-e8de-47de-adc6-0d102857934d.png,0.01,50.0,50.0,50.0,129,6,10.435717485441241,10.113712374581937,0.574948489010989,12.936341002747254,4,72,72,55389.6
coimbatore-10249577,coimbatore,coimbatore,"696716","10249577",SuperYou Pro Fermented Yeast Protein Powder Chocolate Pack of 8 (24g protein per sachet)(Box),"288 g",https://cdn.grofers.com/da/cms-assets/cms/product/0b3c511b-e8de-47de-adc6-0d102857934d.png,0.01,69.0,69.0,69.0,100,33,2.03921568627451,0.8484848484848485,16.182692307692307,64.2403846153846,0,0,0,0.0
agra-10249578,mathura,agra,"696717","10249578",SuperYou Pro Fermented Yeast Protein Powder Coffee Pack of 8 (24g protein per sachet)(Box),"288 g",https://cdn.grofers.com/da/cms-assets/cms/product/9b35537d-2637-423e-b63c-8d14c11d9875.png,0.01,100.0,100.0,80.0,11,0,0.13970916530555727,0.6938518884447838,0.0,78.73499190938512,0,0,0,0.0
jammu-10249578,pathankot,jammu,"696717","10249578",SuperYou Pro Fermented Yeast Protein Powder Coffee Pack of 8 (24g protein per sachet)(Box),"288 g",https://cdn.grofers.com/da/cms-assets/cms/product/9b35537d-2637-423e-b63c-8d14c11d9875.png,0.01,0.0,0.0,0.0,0,0,0.0,0.0,0.0,0.0,0,0,0,0.0
varanasi-10291036,varanasi,varanasi,"757418","10291036",SuperYou Pro Assorted Yeast Protein Powder Sachets(Box) 8 x 36 g - Rs 1099.0,"288 g",https://cdn.grofers.com/da/cms-assets/cms/product/rc-upload-1772003663615-40.png,0.01,77.0,77.0,77.0,55,1,0.691365357487564,2.8549354328391154,1.44641323024055,80.9991408934708,1,48,48,36926.4
kundli-10249578,rohtak,kundli,"696717","10249578",SuperYou Pro Fermented Yeast Protein Powder Coffee Pack of 8 (24g protein per sachet)(Box),"288 g",https://cdn.grofers.com/da/cms-assets/cms/product/9b35537d-2637-423e-b63c-8d14c11d9875.png,0.01,67.0,67.0,67.0,30,0,1.4189980929915527,1.9943167140273832,0.0,21.141677461139892,2,72,72,55389.6
jamshedpur-10291036,dumka,jamshedpur,"757418","10291036",SuperYou Pro Assorted Yeast Protein Powder Sachets(Box) 8 x 36 g - Rs 1099.0,"288 g",https://cdn.grofers.com/da/cms-assets/cms/product/rc-upload-1772003663615-40.png,0.01,0.0,0.0,0.0,0,0,0.0,0.0,0.0,0.0,0,0,0,0.0
mohali-10291036,solan,mohali,"757418","10291036",SuperYou Pro Assorted Yeast Protein Powder Sachets(Box) 8 x 36 g - Rs 1099.0,"288 g",https://cdn.grofers.com/da/cms-assets/cms/product/rc-upload-1772003663615-40.png,0.01,0.0,0.0,0.0,0,0,0.0,0.0,0.0,0.0,0,0,0,0.0
kanpur-10249577,banda,kanpur,"696716","10249577",SuperYou Pro Fermented Yeast Protein Powder Chocolate Pack of 8 (24g protein per sachet)(Box),"288 g",https://cdn.grofers.com/da/cms-assets/cms/product/0b3c511b-e8de-47de-adc6-0d102857934d.png,0.01,0.0,0.0,0.0,0,0,0.0,0.0,0.0,0.0,0,0,0,0.0
haridwar-10249578,haridwar,haridwar,"696717","10249578",SuperYou Pro Fermented Yeast Protein Powder Coffee Pack of 8 (24g protein per sachet)(Box),"288 g",https://cdn.grofers.com/da/cms-assets/cms/product/9b35537d-2637-423e-b63c-8d14c11d9875.png,0.01,80.0,80.0,80.0,0,0,0.0,0.0,0.0,0.0,0,0,0,0.0
kota-10291036,kota,kota,"757418","10291036",SuperYou Pro Assorted Yeast Protein Powder Sachets(Box) 8 x 36 g - Rs 1099.0,"288 g",https://cdn.grofers.com/da/cms-assets/cms/product/rc-upload-1772003663615-40.png,0.01,33.0,33.0,33.0,0,0,0.0,0.0,0.0,0.0,0,0,0,0.0
bamnoli-10249578,bahadurgarh,bamnoli,"696717","10249578",SuperYou Pro Fermented Yeast Protein Powder Coffee Pack of 8 (24g protein per sachet)(Box),"288 g",https://cdn.grofers.com/da/cms-assets/cms/product/9b35537d-2637-423e-b63c-8d14c11d9875.png,0.01,67.0,67.0,67.0,0,0,0.0,0.0,0.0,0.0,0,0,0,0.0
goa-10249578,goa,goa,"696717","10249578",SuperYou Pro Fermented Yeast Protein Powder Coffee Pack of 8 (24g protein per sachet)(Box),"288 g",https://cdn.grofers.com/da/cms-assets/cms/product/9b35537d-2637-423e-b63c-8d14c11d9875.png,0.01,72.0,67.0,67.0,53,0,0.6519761047592671,2.1046840616158438,0.0,78.22372572815536,0,0,0,0.0
srinagar-10291036,srinagar,srinagar,"757418","10291036",SuperYou Pro Assorted Yeast Protein Powder Sachets(Box) 8 x 36 g - Rs 1099.0,"288 g",https://cdn.grofers.com/da/cms-assets/cms/product/rc-upload-1772003663615-40.png,0.01,0.0,0.0,0.0,0,0,0.0,0.0,0.0,0.0,0,0,0,0.0
bilaspur-10249578,bilaspur,bilaspur,"696717","10249578",SuperYou Pro Fermented Yeast Protein Powder Coffee Pack of 8 (24g protein per sachet)(Box),"288 g",https://cdn.grofers.com/da/cms-assets/cms/product/9b35537d-2637-423e-b63c-8d14c11d9875.png,0.01,75.0,75.0,75.0,0,0,0.0,0.0,0.0,0.0,0,0,0,0.0
jodhpur-10249578,jodhpur,jodhpur,"696717","10249578",SuperYou Pro Fermented Yeast Protein Powder Coffee Pack of 8 (24g protein per sachet)(Box),"288 g",https://cdn.grofers.com/da/cms-assets/cms/product/9b35537d-2637-423e-b63c-8d14c11d9875.png,0.01,43.0,29.0,29.0,0,0,0.0,0.0,0.0,0.0,0,0,0,0.0
hyderabad-10291036,sangareddy,hyderabad,"757418","10291036",SuperYou Pro Assorted Yeast Protein Powder Sachets(Box) 8 x 36 g - Rs 1099.0,"288 g",https://cdn.grofers.com/da/cms-assets/cms/product/rc-upload-1772003663615-40.png,0.01,0.0,0.0,0.0,134,0,6.857142857142857,6.857142857142857,0.0,19.541666666666668,1,72,72,55389.6
raigarh-10249578,raigarh,raigarh,"696717","10249578",SuperYou Pro Fermented Yeast Protein Powder Coffee Pack of 8 (24g protein per sachet)(Box),"288 g",https://cdn.grofers.com/da/cms-assets/cms/product/9b35537d-2637-423e-b63c-8d14c11d9875.png,0.01,0.0,0.0,0.0,0,0,0.0,0.0,0.0,0.0,0,0,0,0.0
bidar-10291036,latur,bidar,"757418","10291036",SuperYou Pro Assorted Yeast Protein Powder Sachets(Box) 8 x 36 g - Rs 1099.0,"288 g",https://cdn.grofers.com/da/cms-assets/cms/product/rc-upload-1772003663615-40.png,0.01,0.0,0.0,0.0,2,0,0.28806889895315163,0.0,0.0,6.94278350515464,0,0,0,0.0
bilaspur-10291036,bilaspur,bilaspur,"757418","10291036",SuperYou Pro Assorted Yeast Protein Powder Sachets(Box) 8 x 36 g - Rs 1099.0,"288 g",https://cdn.grofers.com/da/cms-assets/cms/product/rc-upload-1772003663615-40.png,0.01,75.0,75.0,75.0,0,0,0.0,0.0,0.0,0.0,0,0,0,0.0
ludhiana-10249577,abohar,ludhiana,"696716","10249577",SuperYou Pro Fermented Yeast Protein Powder Chocolate Pack of 8 (24g protein per sachet)(Box),"288 g",https://cdn.grofers.com/da/cms-assets/cms/product/0b3c511b-e8de-47de-adc6-0d102857934d.png,0.01,0.0,0.0,0.0,92,33,4.180976556667164,5.112122375130215,7.892892857142858,29.89732142857143,2,12,12,9231.6
raigarh-10291036,raigarh,raigarh,"757418","10291036",SuperYou Pro Assorted Yeast Protein Powder Sachets(Box) 8 x 36 g - Rs 1099.0,"288 g",https://cdn.grofers.com/da/cms-assets/cms/product/rc-upload-1772003663615-40.png,0.01,0.0,0.0,0.0,0,0,0.0,0.0,0.0,0.0,0,0,0,0.0
jodhpur-10291036,jodhpur,jodhpur,"757418","10291036",SuperYou Pro Assorted Yeast Protein Powder Sachets(Box) 8 x 36 g - Rs 1099.0,"288 g",https://cdn.grofers.com/da/cms-assets/cms/product/rc-upload-1772003663615-40.png,0.01,29.0,14.0,14.0,0,0,0.0,0.0,0.0,0.0,0,0,0,0.0
bareilly-10249577,bareilly,bareilly,"696716","10249577",SuperYou Pro Fermented Yeast Protein Powder Chocolate Pack of 8 (24g protein per sachet)(Box),"288 g",https://cdn.grofers.com/da/cms-assets/cms/product/0b3c511b-e8de-47de-adc6-0d102857934d.png,0.01,40.0,60.0,60.0,0,0,0.0,0.0,0.0,0.0,0,0,0,0.0
bhubaneswar-10291036,berhampur,bhubaneswar,"757418","10291036",SuperYou Pro Assorted Yeast Protein Powder Sachets(Box) 8 x 36 g - Rs 1099.0,"288 g",https://cdn.grofers.com/da/cms-assets/cms/product/rc-upload-1772003663615-40.png,0.01,0.0,0.0,0.0,38,37,3.45682678743782,1.9984548029873808,10.70345790378007,21.69619845360825,0,0,0,0.0
jamshedpur-10176794,jamshedpur,jamshedpur,"581439","10176794",SuperYou Choco Peanut Butter Wafer Protein Bar(Pouch),"40 g",https://cdn.grofers.com/da/cms-assets/cms/product/87cb2b31-9210-4607-9e1a-6669caf5dbb5.png?bg_token=color.surface.quaternary,0.01,82.0,82.0,73.0,0,0,0.0,0.0,0.0,0.0,0,0,0,0.0
trivandrum-10216726,trivandrum,trivandrum,"650010","10216726",SuperYou Multigrain Sour Cream & Onion Chips,"40 g",https://cdn.grofers.com/da/cms-assets/cms/product/a9fe1088-c207-4753-b69d-62e3a661919a.png?bg_token=color.surface.quaternary,0.01,50.0,50.0,50.0,0,0,0.0,0.0,0.0,0.0,0,0,0,0.0
jamshedpur-10176797,dhanbad,jamshedpur,"581442","10176797",SuperYou Chocolate Wafer Protein Bar(Pouch),"40 g",https://cdn.grofers.com/da/cms-assets/cms/product/eb2ee9f1-e45c-42a8-a4f0-f265305bcdba.png?bg_token=color.surface.quaternary,0.01,75.0,75.0,75.0,0,0,0.0,0.0,0.0,0.0,0,0,0,0.0
jamshedpur-10176795,dhanbad,jamshedpur,"581440","10176795",SuperYou Strawberry Creme Wafer Protein Bar(Pouch),"40 g",https://cdn.grofers.com/da/cms-assets/cms/product/a86b95b0-fb0f-40ab-a9ba-515fea3070de.png?bg_token=color.surface.quaternary,0.01,75.0,75.0,75.0,0,0,0.0,0.0,0.0,0.0,0,0,0,0.0
bilaspur-10176795,bilaspur,bilaspur,"581440","10176795",SuperYou Strawberry Creme Wafer Protein Bar(Pouch),"40 g",https://cdn.grofers.com/da/cms-assets/cms/product/a86b95b0-fb0f-40ab-a9ba-515fea3070de.png?bg_token=color.surface.quaternary,0.01,75.0,75.0,75.0,0,0,0.0,0.0,0.0,0.0,0,0,0,0.0
jodhpur-10315341,jodhpur,jodhpur,"796627","10315341",SuperYou Power Puffs - Pizza Party,"55 g",https://cdn.grofers.com/da/cms-assets/cms/product/bad73efb8dd3499c8be56e7a3ecbe71b.png,0.01,43.0,43.0,43.0,0,0,0.0,0.0,0.0,0.0,0,0,0,0.0
mohali-10216726,kharar,mohali,"650010","10216726",SuperYou Multigrain Sour Cream & Onion Chips,"40 g",https://cdn.grofers.com/da/cms-assets/cms/product/a9fe1088-c207-4753-b69d-62e3a661919a.png?bg_token=color.surface.quaternary,0.01,50.0,62.0,75.0,0,0,0.0,0.0,0.0,0.0,0,0,0,0.0
tirupati-10292367,tirupati,tirupati,"759656","10292367",SuperYou Nutty Chocolate Mega Protein Wafer Protein Bar(Wrap) 60 g - Rs 115.0,"60 g",https://cdn.grofers.com/da/cms-assets/cms/product/rc-upload-1772450349128-73.png,0.01,75.0,75.0,75.0,0,0,0.0,0.0,0.0,0.0,0,0,0,0.0
patna-10292367,gaya,patna,"759656","10292367",SuperYou Nutty Chocolate Mega Protein Wafer Protein Bar(Wrap) 60 g - Rs 115.0,"60 g",https://cdn.grofers.com/da/cms-assets/cms/product/rc-upload-1772450349128-73.png,0.01,60.0,60.0,60.0,364,194,36.13899828201401,42.840301385658336,6.512083570067421,17.51883757641184,1,144,144,11095.2
patna-10176795,gaya,patna,"581440","10176795",SuperYou Strawberry Creme Wafer Protein Bar(Pouch),"40 g",https://cdn.grofers.com/da/cms-assets/cms/product/a86b95b0-fb0f-40ab-a9ba-515fea3070de.png?bg_token=color.surface.quaternary,0.01,60.0,60.0,60.0,563,507,84.78619154311322,84.48086789009429,6.407228891502384,12.925853524837255,1,180,180,6804.0
rajpura-10176795,rajpura,rajpura,"581440","10176795",SuperYou Strawberry Creme Wafer Protein Bar(Pouch),"40 g",https://cdn.grofers.com/da/cms-assets/cms/product/a86b95b0-fb0f-40ab-a9ba-515fea3070de.png?bg_token=color.surface.quaternary,0.01,50.0,50.0,50.0,651,210,216.63806456406684,161.50883098448745,0.9693587339906107,3.9743708093615036,6,1620,1620,61236.0
coimbatore-10265740,coimbatore,coimbatore,"719412","10265740",SuperYou Cookies & Cream Protein Bar(Wrap) 40 g - Rs 55.0,"40 g",https://cdn.grofers.com/da/cms-assets/cms/product/1c9c8b80-91d2-4bfb-b916-ef56abac4961.png,0.01,69.0,69.0,69.0,248,17,5.759859772129711,12.80550774526678,3.0198343504795115,46.00806451612903,1,180,180,6804.0
srinagar-10176795,srinagar,srinagar,"581440","10176795",SuperYou Strawberry Creme Wafer Protein Bar(Pouch),"40 g",https://cdn.grofers.com/da/cms-assets/cms/product/a86b95b0-fb0f-40ab-a9ba-515fea3070de.png?bg_token=color.surface.quaternary,0.01,0.0,0.0,0.0,0,0,0.0,0.0,0.0,0.0,0,0,0,0.0
trivandrum-10176793,trivandrum,trivandrum,"581438","10176793",SuperYou Cheese Wafer Protein Bar(Pouch),"40 g",https://cdn.grofers.com/da/cms-assets/cms/product/dda4cddd-429c-4335-a732-86973031c81e.png?bg_token=color.surface.quaternary,0.01,50.0,50.0,50.0,0,0,0.0,0.0,0.0,0.0,0,0,0,0.0
jamshedpur-10216715,dhanbad,jamshedpur,"649989","10216715",SuperYou Multigrain Super Masala Chips,"40 g",https://cdn.grofers.com/da/cms-assets/cms/product/223c6142-82a0-4171-be32-a6b1b37c704b.png?bg_token=color.surface.quaternary,0.01,75.0,75.0,75.0,0,0,0.0,0.0,0.0,0.0,0,0,0,0.0
ahmedabad-10216709,ahmedabad,ahmedabad,"649981","10216709",SuperYou Multigrain Pudina Chips,"40 g",https://cdn.grofers.com/da/cms-assets/cms/product/6bfbcb3b-be75-4323-972d-6316a8be183b.png?bg_token=color.surface.quaternary,0.01,52.0,46.0,63.0,249,137,64.58500289242818,45.301126671034105,2.129653087153088,20.55814750189751,3,288,288,7488.0
raigarh-10216715,raigarh,raigarh,"649989","10216715",SuperYou Multigrain Super Masala Chips,"40 g",https://cdn.grofers.com/da/cms-assets/cms/product/223c6142-82a0-4171-be32-a6b1b37c704b.png?bg_token=color.surface.quaternary,0.01,0.0,0.0,0.0,0,0,0.0,0.0,0.0,0.0,0,0,0,0.0
jodhpur-10199527,jodhpur,jodhpur,"624551","10199527",SuperYou Coffee Protein Wafer Bar(Pouch),"40 g",https://cdn.grofers.com/da/cms-assets/cms/product/22feffa7-98fb-4027-b09a-96088f1123c5.png?bg_token=color.surface.quaternary,0.01,43.0,43.0,43.0,0,0,0.0,0.0,0.0,0.0,0,0,0,0.0
mohali-10265740,kharar,mohali,"719412","10265740",SuperYou Cookies & Cream Protein Bar(Wrap) 40 g - Rs 55.0,"40 g",https://cdn.grofers.com/da/cms-assets/cms/product/1c9c8b80-91d2-4bfb-b916-ef56abac4961.png,0.01,75.0,75.0,75.0,0,0,0.0,0.0,0.0,0.0,0,0,0,0.0
kochi-10176793,kochi,kochi,"581438","10176793",SuperYou Cheese Wafer Protein Bar(Pouch),"40 g",https://cdn.grofers.com/da/cms-assets/cms/product/dda4cddd-429c-4335-a732-86973031c81e.png?bg_token=color.surface.quaternary,0.01,64.0,64.0,64.0,0,0,0.0,0.0,0.0,0.0,0,0,0,0.0
raipur-10176794,raipur,raipur,"581439","10176794",SuperYou Choco Peanut Butter Wafer Protein Bar(Pouch),"40 g",https://cdn.grofers.com/da/cms-assets/cms/product/87cb2b31-9210-4607-9e1a-6669caf5dbb5.png?bg_token=color.surface.quaternary,0.01,91.0,82.0,73.0,0,0,0.0,0.0,0.0,0.0,0,0,0,0.0
tirupati-10176797,tirupati,tirupati,"581442","10176797",SuperYou Chocolate Wafer Protein Bar(Pouch),"40 g",https://cdn.grofers.com/da/cms-assets/cms/product/eb2ee9f1-e45c-42a8-a4f0-f265305bcdba.png?bg_token=color.surface.quaternary,0.01,75.0,75.0,75.0,0,0,0.0,0.0,0.0,0.0,0,0,0,0.0
siliguri-10216715,purnia,siliguri,"649989","10216715",SuperYou Multigrain Super Masala Chips,"40 g",https://cdn.grofers.com/da/cms-assets/cms/product/223c6142-82a0-4171-be32-a6b1b37c704b.png?bg_token=color.surface.quaternary,0.01,67.0,67.0,67.0,0,0,0.0,0.0,0.0,0.0,0,0,0,0.0
jammu-10176797,dharamshala,jammu,"581442","10176797",SuperYou Chocolate Wafer Protein Bar(Pouch),"40 g",https://cdn.grofers.com/da/cms-assets/cms/product/eb2ee9f1-e45c-42a8-a4f0-f265305bcdba.png?bg_token=color.surface.quaternary,0.01,50.0,50.0,50.0,0,0,0.0,0.0,0.0,0.0,0,0,0,0.0
bilaspur-10216722,bilaspur,bilaspur,"650002","10216722",SuperYou Multigrain Cheese & Tomato Chips(Pouch),"40 g",https://cdn.grofers.com/da/cms-assets/cms/product/e8787348-4e8f-4923-9cde-44c35a31d036.png?bg_token=color.surface.quaternary,0.01,75.0,75.0,75.0,0,0,0.0,0.0,0.0,0.0,0,0,0,0.0
jammu-10176795,dharamshala,jammu,"581440","10176795",SuperYou Strawberry Creme Wafer Protein Bar(Pouch),"40 g",https://cdn.grofers.com/da/cms-assets/cms/product/a86b95b0-fb0f-40ab-a9ba-515fea3070de.png?bg_token=color.surface.quaternary,0.01,50.0,50.0,50.0,0,0,0.0,0.0,0.0,0.0,0,0,0,0.0
indore-10315341,indore,indore,"796627","10315341",SuperYou Power Puffs - Pizza Party,"55 g",https://cdn.grofers.com/da/cms-assets/cms/product/bad73efb8dd3499c8be56e7a3ecbe71b.png,0.01,75.0,70.0,60.0,17,0,2.454765623415347,7.244155894796358,0.0,6.925304736974311,2,144,144,4680.0
ahmedabad-10315341,vadodara,ahmedabad,"796627","10315341",SuperYou Power Puffs - Pizza Party,"55 g",https://cdn.grofers.com/da/cms-assets/cms/product/bad73efb8dd3499c8be56e7a3ecbe71b.png,0.01,62.0,75.0,75.0,46,22,31.653556722987368,30.839406523561635,0.6950245810456812,1.9902976639035415,5,720,720,23400.0
jammu-10315547,amritsar,jammu,"796934","10315547",SuperYou Chilli Masala Power Puffs,"55 g",https://cdn.grofers.com/da/cms-assets/cms/product/40796dcb7afb4d9882199bbcca937fc2.png,0.01,55.0,55.0,55.0,0,0,0.0,0.0,0.0,0.0,0,0,0,0.0
mohali-10216722,kharar,mohali,"650002","10216722",SuperYou Multigrain Cheese & Tomato Chips(Pouch),"40 g",https://cdn.grofers.com/da/cms-assets/cms/product/e8787348-4e8f-4923-9cde-44c35a31d036.png?bg_token=color.surface.quaternary,0.01,75.0,75.0,62.0,0,0,0.0,0.0,0.0,0.0,0,0,0,0.0
