"filter_key","wh_name","dc_blinkit_internal_city","place_of_supply","item_id","frontend_inv_qty","backend_inv_qty","drr_7_be","drr_7_fe_be","doi_be","doi_fe_be","po_number","po_state","units_ordered","remaining_quantity","total_amount"
ahmedabad-10252336,AHMEDABAD A2 - FEEDER WAREHOUSE,ahmedabad,ahmedabad,"10252336",52,0,11.092014252777195,9.340694006309151,0.0,4.688057445200302,"2738110067651",Scheduled,12,12,24351.6
surat-10249577,CPC - SURAT1 (HP),surat,surat,"10249577",1,0,0.0,0.11842754536981191,0.0,0.0,"","",0,0,0.0
guwahati-10216726,GUWAHATI G2 - FEEDER WAREHOUSE,guwahati,guwahati,"10216726",196,76,28.154543322673575,37.10291079051368,2.699386707465976,9.660962953036124,"51894410003549",Scheduled,144,144,3744.0
mumbai-10315543,MUMBAI M10 - FEEDER WAREHOUSE,mumbai,mumbai,"10315543",54,128,20.915358100344697,21.924902891670264,6.119904779344441,8.701739608130378,"2273910097415",Scheduled,48,48,1560.0
jaipur-10315341,JAIPUR J4 - FEEDER WAREHOUSE,jaipur,jaipur,"10315341",84,58,22.383586539826783,14.488311789592716,2.591184388471502,6.343934192464711,"49603310013567",Scheduled,96,96,3120.0
dasna-10315546,SUPER STORE DASNA 2 - WAREHOUSE,dasna,dasna,"10315546",119,15,22.846209773083842,21.43381290807188,0.656564049309929,5.865305507168698,"1724010051605",Scheduled,96,96,3120.0
aurangabad-(maharashtra)-10292367,CC-DTS-CHITEGAON1,aurangabad,aurangabad-(maharashtra),"10292367",12,4,2.177412448790802,2.957118148744558,1.837042863524248,7.348171454096992,"","",0,0,0.0
patna-10199527,PATNA P2 - FEEDER WAREHOUSE,patna,patna,"10199527",135,0,3.959392545478987,11.929174824212648,0.0,34.096139357071095,"50283910015103",Scheduled,180,180,6804.0
mumbai-10249576,MUMBAI M12 - FEEDER WAREHOUSE,mumbai,mumbai,"10249576",33,0,6.428571428571429,6.428571428571429,0.0,5.133333333333333,"50033210033504",Scheduled,60,60,117558.0
rajpura-10265740,RAJPURA R2 - FEEDER WAREHOUSE,rajpura,rajpura,"10265740",381,101,55.10955339902849,69.40738139986367,1.8327130918426295,8.746214953149975,"43886010069972",Scheduled,180,180,6804.0
dasna-10216722,SUPER STORE DASNA 2 - WAREHOUSE,dasna,dasna,"10216722",191,95,32.79007130402733,34.67992496909238,2.8972184634539646,8.722152426819305,"1724010051605",Scheduled,72,72,1872.0
agra-10315341,CPC-AGRA2,agra,agra,"10315341",31,2,1.1304841686781202,2.414718631598786,1.7691534790253705,29.191032403918612,"","",0,0,0.0
guwahati-10176794,GUWAHATI G1 - FEEDER WAREHOUSE,guwahati,guwahati,"10176794",87,53,1.746283444762949,14.684783772471995,30.350170334000126,80.17026125962298,"","",0,0,0.0
mumbai-10265740,MUMBAI M11 - FEEDER WAREHOUSE,mumbai,mumbai,"10265740",310,43,61.65335628227194,40.18716094032549,0.6974478372779909,5.725560152537925,"5625710053542",Scheduled,180,180,6804.0
noida-10298083,NOIDA N1 - FEEDER WAREHOUSE,noida,noida,"10298083",25,1,0.0,1.3609231993633104,0.0,0.0,"2867410094569",Scheduled,40,40,41972.0
delhi-10315547,CPC-DEL5,delhi,delhi,"10315547",12,0,0.14912768543121382,0.8829515052504009,0.0,80.46795580110498,"","",0,0,0.0
mumbai-10249577,MUMBAI M11 - FEEDER WAREHOUSE,mumbai,mumbai,"10249577",74,0,6.9183673469387745,5.745762711864407,0.0,10.696165191740414,"5625710056845",Scheduled,18,18,13847.4
farukhnagar-10258761,FARUKHNAGAR F2 - FEEDER WAREHOUSE,farukhnagar,farukhnagar,"10258761",217,23,16.0270087778528,12.787988860636881,1.4350775193798453,14.974721941354906,"5383910069593",Scheduled,36,36,6804.0
agra-10292367,CPC-AGRA2,agra,agra,"10292367",68,1,3.6290207479846703,2.653823979642552,0.2755564295286372,19.013393637475964,"","",0,0,0.0
nagpur-10315547,NAGPUR N1 - FEEDER WAREHOUSE,nagpur,nagpur,"10315547",231,246,53.9188890475116,47.23539986318587,4.562408542639532,8.84662144243519,"2549710050075",Scheduled,96,96,3120.0
lucknow-10216726,SUPER STORE LUCKNOW L4 - WAREHOUSE,lucknow,lucknow,"10216726",245,104,17.816546946379372,28.13637401613955,5.837270280992052,19.58853200063679,"1735810061288",Scheduled,72,72,1872.0
pune-10216726,PUNE P3 - FEEDER WAREHOUSE,pune,pune,"10216726",286,27,89.37326645028033,96.13460903992083,0.30210376181137455,3.5021658313688975,"43886110066159",Scheduled,216,216,5616.0
guwahati-10258761,GUWAHATI G2 - FEEDER WAREHOUSE,guwahati,guwahati,"10258761",49,0,1.5550705884625042,1.5348057031031592,0.0,31.509823646299054,"51894410003549",Scheduled,36,36,6804.0
dasna-10249578,DASNA D3 - FEEDER WAREHOUSE,dasna,dasna,"10249578",37,3,0.9312174985257063,1.7450271247739604,3.2215889464594127,42.9545192861255,"2576310066675",Scheduled,24,24,18463.2
lucknow-10216726,SUPER STORE LUCKNOW L4 - WAREHOUSE,lucknow,lucknow,"10216726",245,104,17.816546946379372,28.13637401613955,5.837270280992052,19.58853200063679,"1735810060912",Scheduled,144,144,3744.0
chennai-10315341,CPC-CHN3,chennai,chennai,"10315341",6,6,0.0,0.8758738952644769,0.0,0.0,"","",0,0,0.0
coimbatore-10216715,COIMBATORE C1 - FEEDER WAREHOUSE,coimbatore,coimbatore,"10216715",595,294,53.348288075560795,37.845668121459745,5.510954720488647,16.664077369096624,"2883810040701",Scheduled,72,72,1872.0
dasna-10265737,DASNA D3 - FEEDER WAREHOUSE,dasna,dasna,"10265737",87,47,4.747059657078079,6.366061010168361,9.900865671641789,28.227999999999994,"2576310067109",Scheduled,36,36,6804.0
jaipur-10199527,JAIPUR J4 - FEEDER WAREHOUSE,jaipur,jaipur,"10199527",111,11,7.59947924051612,10.438027971186067,1.4474676029581381,16.053731596444806,"49603310013567",Scheduled,180,180,6804.0
jaipur-10176797,JAIPUR J3 - FEEDER WAREHOUSE,jaipur,jaipur,"10176797",868,219,125.10188126516225,162.36800323608233,1.7505731951049888,8.688918096251701,"6478710071282",Scheduled,360,360,13608.0
gurgaon-10199527,CPC - GURGAON1 (HP),gurgaon,gurgaon,"10199527",3,0,0.0,0.0,0.0,0.0,"","",0,0,0.0
kolkata-10176795,KOLKATA K4 - FEEDER WAREHOUSE,kolkata,kolkata,"10176795",473,140,54.31419457735249,59.959559649516976,2.577595066803699,11.28618411393334,"2135610069122",Scheduled,180,180,6804.0
bengaluru-10216715,BENGALURU B3 - FEEDER WAREHOUSE,bengaluru,bengaluru,"10216715",776,292,249.91493515548737,202.04762986275597,1.1683975582264778,4.2734540828283505,"1736010087973",Scheduled,288,288,7488.0
kolkata-10176794,KOLKATA K4 - FEEDER WAREHOUSE,kolkata,kolkata,"10176794",209,107,14.56701030927835,14.743234738829452,7.345364472753008,21.692852087756545,"","",0,0,0.0
nellore-10176795,CPC - NELLORE RAMALINGA PURAM (HP),nellore,nellore,"10176795",10,0,2.2428411390162215,1.8413058907026258,0.0,4.458630540541228,"","",0,0,0.0
solapur-10216715,CPC - SOLAPUR KARNIK NAGAR (HP),solapur,solapur,"10216715",20,0,7.351421622572101,2.794165523963138,0.0,2.7205622295681144,"","",0,0,0.0
noida-10176797,CPC - NOIDA1 (HP),noida,noida,"10176797",106,84,27.88866067001913,40.286259307723846,3.011976838683461,6.812804754164971,"","",0,0,0.0
lucknow-10216715,SUPER STORE LUCKNOW L4 - WAREHOUSE,lucknow,lucknow,"10216715",313,161,42.54022645595055,87.08482549685114,3.7846531016169336,11.142394845754202,"1735810060912",Scheduled,360,360,9360.0
coimbatore-10325396,CPC - COIMBATORE1 (HP),coimbatore,coimbatore,"10325396",5,0,0.09055425448868071,0.0,0.0,55.21551724137932,"","",0,0,0.0
nagpur-10291036,NAGPUR N1 - FEEDER WAREHOUSE,nagpur,nagpur,"10291036",125,23,12.675031553938672,7.327667610953729,1.8145911433926902,11.676499531396441,"2549710051216",Scheduled,24,24,18463.2
guwahati-10260300,GUWAHATI G1 - FEEDER WAREHOUSE,guwahati,guwahati,"10260300",47,20,2.8764853939440163,6.250720976948626,6.952929447202071,23.29231364812694,"","",0,0,0.0
vijayawada-10176795,VIJAYAWADA - FEEDER WAREHOUSE,vijayawada,vijayawada,"10176795",167,48,28.545250860206455,44.05981952752712,1.6815406610041204,7.53190087741429,"51388610011914",Scheduled,180,180,6804.0
farukhnagar-10260300,FARUKHNAGAR - SR FEEDER WAREHOUSE,farukhnagar,farukhnagar,"10260300",21,6,9.412819363514119,10.854745673833248,0.6374285714285715,2.8684285714285713,"1735210075435",Scheduled,36,36,6804.0
gandhidham-10176794,CPC - GANDHIDHAM GAYATRI KUNJ (HP),gandhidham,gandhidham,"10176794",4,0,0.0,0.6862048491809345,0.0,0.0,"","",0,0,0.0
bengaluru-10249576,BENGALURU B3 - FEEDER WAREHOUSE,bengaluru,bengaluru,"10249576",1,8,2.1153846153846154,0.7432432432432433,3.7818181818181817,4.254545454545455,"","",0,0,0.0
hyderabad-10216726,HYDERABAD H3 - FEEDER WAREHOUSE,hyderabad,hyderabad,"10216726",845,233,160.28571428571428,160.28571428571428,1.4536541889483066,6.7254901960784315,"6769710093850",Scheduled,288,288,7488.0
bhubaneswar-10265740,BHUBANESWAR B1 - FEEDER WAREHOUSE,bhubaneswar,bhubaneswar,"10265740",299,163,36.55960568628361,23.96951609905202,4.4584725940070555,12.63689778178687,"","",0,0,0.0
kolkata-10292367,KOLKATA K4 - FEEDER WAREHOUSE,kolkata,kolkata,"10292367",297,20,27.889183765939546,31.214638572436737,0.7171238917513809,11.366413684259387,"2135610069122",Scheduled,144,144,11095.2
bhopal-10249574,BHOPAL B1 - FEEDER WAREHOUSE,bhopal,bhopal,"10249574",4,82,1.2932195779074989,0.8486562942008485,63.40763888888889,66.50069444444445,"","",0,0,0.0
mumbai-10315546,MUMBAI M12 - FEEDER WAREHOUSE,mumbai,mumbai,"10315546",101,145,61.59479826971733,60.189612744463155,2.3540948923163905,3.993843748343669,"50033210038659",Scheduled,48,48,1560.0
farukhnagar-10249577,FARUKHNAGAR - SR FEEDER WAREHOUSE,farukhnagar,farukhnagar,"10249577",12,0,0.519199567333694,1.1029049729197442,0.0,23.112499999999997,"1735210072912",Scheduled,96,96,73852.8
farukhnagar-10216726,FARUKHNAGAR F2 - FEEDER WAREHOUSE,farukhnagar,farukhnagar,"10216726",1557,823,208.43584521384923,231.36001798123212,3.948457133923512,11.418381505149403,"5383910067895",Scheduled,288,288,7488.0
lucknow-10216722,SUPER STORE LUCKNOW L4 - WAREHOUSE,lucknow,lucknow,"10216722",60,0,4.427607310529846,11.333063729110718,0.0,13.551337278106507,"1735810060912",Scheduled,72,72,1872.0
mumbai-10258761,MUMBAI M11 - FEEDER WAREHOUSE,mumbai,mumbai,"10258761",107,4,12.105263157894736,7.899159663865546,0.3304347826086957,9.169565217391305,"5625710056407",Scheduled,36,36,6804.0
bengaluru-10176795,BENGALURU B5 - FEEDER WAREHOUSE,bengaluru,bengaluru,"10176795",643,1575,166.61166562694947,196.84762642469843,9.453119588435609,13.312393172793767,"49990010081045",Scheduled,360,360,13608.0
"",KUNDLI - FEEDER WAREHOUSE,kundli,kundli,"10298083",0,0,0.0,0.0,0.0,0.0,"2011710095745",Scheduled,40,40,41972.0
jamnagar-10325396,CPC - JAMNAGAR KHODIYAR COLONY (HP),jamnagar,jamnagar,"10325396",0,0,0.0,0.0,0.0,0.0,"","",0,0,0.0
dasna-10249574,DASNA D3 - FEEDER WAREHOUSE,dasna,dasna,"10249574",11,0,16.76823478636167,13.5988799439972,0.0,0.6560022650056627,"2576310067807",Scheduled,60,60,121758.0
guwahati-10315586,GUWAHATI G1 - FEEDER WAREHOUSE,guwahati,guwahati,"10315586",33,40,0.6416063048774506,0.8762057877813505,62.34352701325178,113.7769367991845,"","",0,0,0.0
bengaluru-10315546,BENGALURU B3 - FEEDER WAREHOUSE,bengaluru,bengaluru,"10315546",255,63,61.588537211291715,47.85780118499013,1.022917621567565,5.163298470769615,"1736010087973",Scheduled,48,48,1560.0
farukhnagar-10258333,FARUKHNAGAR - SR FEEDER WAREHOUSE,farukhnagar,farukhnagar,"10258333",16,0,2.1575008135372604,1.3410440762738356,0.0,7.415987933634991,"1735210076510",Scheduled,72,72,13608.0
"",SURAT S2 - FEEDER WAREHOUSE,surat,surat,"10324645",0,0,0.0,0.0,0.0,0.0,"51076110004846",Scheduled,144,144,12060.0
goa-10265737,CPC-GOA2-FRZ (HP),goa,goa,"10265737",3,1,0.0,0.16747766964404748,0.0,0.0,"","",0,0,0.0
vijayawada-10265740,VIJAYAWADA - FEEDER WAREHOUSE,vijayawada,vijayawada,"10265740",78,82,9.365022146240136,8.12879241620025,8.75598570078356,17.084850147870362,"51388610012846",Scheduled,180,180,6804.0
mumbai-10216726,MUMBAI M10 - FEEDER WAREHOUSE,mumbai,mumbai,"10216726",596,589,161.42927068037199,163.06708494208496,3.648656761673742,7.340676167374167,"2273910096790",Scheduled,216,216,5616.0
kundli-10258333,KUNDLI - FEEDER WAREHOUSE,kundli,kundli,"10258333",56,86,7.982753010087863,4.266958424507659,10.773225714402184,17.788349435408257,"2011710095829",Scheduled,36,36,6804.0
noida-10249578,NOIDA N1 - FEEDER WAREHOUSE,noida,noida,"10249578",52,1,0.12416233313676087,1.8946008783260142,8.05397236614853,426.8605354058721,"2867410094941",Scheduled,24,24,18463.2
patna-10249578,PATNA P1 - FEEDER WAREHOUSE,patna,patna,"10249578",42,23,1.4669462357083514,1.2951901917635962,15.678829557713055,44.30973570658037,"","",0,0,0.0
pune-10199527,PUNE P2 - FEEDER WAREHOUSE,pune,pune,"10199527",247,130,19.956363636363633,21.707253886010363,6.514212827988339,18.891217201166185,"","",0,0,0.0
mangalore-10291036,CPC - MANGALORE ATTAVAR(HP),mangalore,mangalore,"10291036",0,0,0.0,0.0,0.0,0.0,"","",0,0,0.0
vijayawada-10315547,VIJAYAWADA - FEEDER WAREHOUSE,vijayawada,vijayawada,"10315547",49,114,3.2139886804791225,7.142122316083086,35.46994446259392,50.71579778423517,"51388610013167",Scheduled,48,48,1560.0
rajpura-10298083,RAJPURA R2 - FEEDER WAREHOUSE,rajpura,rajpura,"10298083",3,0,0.0,0.2842339008142116,0.0,0.0,"","",0,0,0.0
gurgaon-10176794,SUPER STORE GURGAON G7 ECOM - WAREHOUSE,gurgaon,gurgaon,"10176794",16,0,0.5063125245729764,1.956074124914207,0.0,31.601035375323548,"","",0,0,0.0
kolkata-10315586,KOLKATA K6 - FEEDER WAREHOUSE,kolkata,kolkata,"10315586",50,35,0.6397812713602187,0.5158730158730159,54.706196581196586,132.857905982906,"","",0,0,0.0
mumbai-10176797,MUMBAI M12 - FEEDER WAREHOUSE,mumbai,mumbai,"10176797",511,638,146.2582909894884,153.24800835836487,4.362145870047485,7.855964897624702,"50033210040195",Scheduled,540,540,20412.0
ahmedabad-10176795,AHMEDABAD A2 - FEEDER WAREHOUSE,ahmedabad,ahmedabad,"10176795",407,155,125.1403408246551,166.7039440332556,1.2386093803051395,4.490957882138635,"2738110063421",Scheduled,180,180,6804.0
surat-10315341,SURAT S1 - FEEDER WAREHOUSE,surat,surat,"10315341",71,3,20.800908703677415,32.339981673198025,0.14422446839880734,3.5575368871705813,"2873410039254",Scheduled,48,48,1560.0
hyderabad-10176797,HYDERABAD H4 - FEEDER WAREHOUSE,hyderabad,hyderabad,"10176797",0,360,0.0,0.0,0.0,0.0,"","",0,0,0.0
ludhiana-10260300,LUDHIANA L2 - FEEDER WAREHOUSE,ludhiana,ludhiana,"10260300",128,61,7.19121348486004,9.37608146542294,8.482573925586527,26.28207331042383,"3226810044769",Scheduled,36,36,6804.0
pune-10176797,PUNE P3 - FEEDER WAREHOUSE,pune,pune,"10176797",404,138,148.5691489361702,142.71746293245468,0.9288604060005013,3.6481328989295054,"43886110063916",Scheduled,180,180,6804.0
bhopal-10216726,BHOPAL B1 - FEEDER WAREHOUSE,bhopal,bhopal,"10216726",339,20,49.05049344497037,44.31736566644691,0.40774309482610915,7.318988552128659,"27828910033903",Scheduled,216,216,5616.0
noida-10325396,CPC - NOIDA1 (HP),noida,noida,"10325396",21,0,3.926917989417989,3.489333047656944,0.0,5.347705263157896,"","",0,0,0.0
noida-10324645,NOIDA N1 - FEEDER WAREHOUSE,noida,noida,"10324645",13,0,0.0,2.2114285714285713,0.0,0.0,"2867410093603",Scheduled,144,144,12060.0
surat-10260300,SURAT S1 - FEEDER WAREHOUSE,surat,surat,"10260300",83,4,5.43336129967203,3.298991626722886,0.7361925297037488,16.012187521056536,"2873410039504",Scheduled,36,36,6804.0
mangalore-10265740,CPC - MANGALORE ATTAVAR(HP),mangalore,mangalore,"10265740",0,0,0.0,1.1443728685107994,0.0,0.0,"","",0,0,0.0
solapur-10216709,CPC - SOLAPUR KARNIK NAGAR (HP),solapur,solapur,"10216709",0,0,0.0,0.6685526368216368,0.0,0.0,"","",0,0,0.0
farukhnagar-10297369,FARUKHNAGAR F2 - FEEDER WAREHOUSE,farukhnagar,farukhnagar,"10297369",34,0,2.572202166064982,3.4946354280709437,0.0,13.218245614035087,"5383910069408",Scheduled,40,40,41972.0
delhi-10258761,CPC - DELHI4 (HP),delhi,delhi,"10258761",145,6,1.397704253882512,3.8987770916575863,4.292753623188405,108.0342995169082,"","",0,0,0.0
varanasi-10292367,VARANASI V2 - FEEDER WAREHOUSE,varanasi,varanasi,"10292367",260,91,22.3789612792388,28.05471064193555,4.0663192033144835,15.684374069927294,"51116810014857",Scheduled,144,144,11095.2
surat-10176793,CPC - SURAT1 (HP),surat,surat,"10176793",4,0,0.0,0.2871166176332396,0.0,0.0,"","",0,0,0.0
mumbai-10258761,MUMBAI M10 - FEEDER WAREHOUSE,mumbai,mumbai,"10258761",91,5,6.842105263157894,6.38655462184874,0.7307692307692308,14.030769230769232,"2273910094687",Scheduled,36,36,6804.0
lucknow-10176795,LUCKNOW L5 - FEEDER WAREHOUSE,lucknow,lucknow,"10176795",424,190,65.50115599172373,92.06529453513129,2.900712164896862,9.373880364456173,"2940310044047",Scheduled,180,180,6804.0
aurangabad-(maharashtra)-10315586,CC-DTS-CHITEGAON1,aurangabad,aurangabad-(maharashtra),"10315586",2,0,0.0,0.0,0.0,0.0,"","",0,0,0.0
bengaluru-10265740,BENGALURU B3 - FEEDER WAREHOUSE,bengaluru,bengaluru,"10265740",259,44,47.52024027161139,42.91398256915498,0.9259212442636915,6.376230386634057,"1736010088491",Scheduled,180,180,6804.0
jaipur-10258761,JAIPUR J3 - FEEDER WAREHOUSE,jaipur,jaipur,"10258761",131,0,11.3802893064756,9.004193458205203,0.0,11.511130909954858,"6478710071282",Scheduled,36,36,6804.0
farukhnagar-10249577,FARUKHNAGAR - SR FEEDER WAREHOUSE,farukhnagar,farukhnagar,"10249577",12,0,0.519199567333694,1.1029049729197442,0.0,23.112499999999997,"1735210075935",Scheduled,18,18,13847.4
puducherry-10216709,CPC - PUDUCHERRY VENKATA NAGAR (HP),puducherry,puducherry,"10216709",0,0,0.0,0.2674210547286547,0.0,0.0,"","",0,0,0.0
gurgaon-10249577,SUPER STORE GURGAON G7 ECOM - WAREHOUSE,gurgaon,gurgaon,"10249577",3,0,0.0,0.54019835408314,0.0,0.0,"","",0,0,0.0
noida-10249574,NOIDA N1 - FEEDER WAREHOUSE,noida,noida,"10249574",5,1,5.259128182995251,7.881169058452923,0.19014558405961235,1.140873504357674,"2867410093168",Scheduled,12,12,24351.6
dasna-10216722,DASNA D3 - FEEDER WAREHOUSE,dasna,dasna,"10216722",176,17,39.29896186250466,39.8874536385727,0.43258140150057717,4.911071205271258,"2576310067807",Scheduled,216,216,5616.0
ranchi-10216715,RANCHI R2 - FEEDER WAREHOUSE,ranchi,ranchi,"10216715",361,228,71.88056697626052,92.20746229078357,3.1719282358373704,8.194147942579875,"51024410014605",Scheduled,216,216,5616.0
dehradun-10315543,CPC-DDN1,dehradun,dehradun,"10315543",6,1,0.0,0.8101398748267318,0.0,0.0,"","",0,0,0.0
delhi-10265740,CPC - DELHI4 (HP),delhi,delhi,"10265740",312,42,11.900501536968127,11.136647514364226,3.529263020514703,29.746645458623927,"","",0,0,0.0
surat-10252336,SURAT S1 - FEEDER WAREHOUSE,surat,surat,"10252336",40,5,4.1198910081743865,2.1861198738170353,1.2136243386243388,10.92261904761905,"","",0,0,0.0
hyderabad-10315546,HYDERABAD H3 - FEEDER WAREHOUSE,hyderabad,hyderabad,"10315546",297,37,55.42857142857143,55.42857142857143,0.6675257731958762,6.025773195876289,"6769710095165",Scheduled,96,96,3120.0
"",RAIPUR - FEEDER WAREHOUSE,raipur,raipur,"10249577",0,0,0.0,0.0,0.0,0.0,"52221610000014",Scheduled,6,6,4615.8
goa-10265737,GOA G2 - FEEDER WAREHOUSE,goa,goa,"10265737",93,6,5.11150724890612,3.34955339288095,1.1738220661398886,19.368064091308163,"41315210040107",Scheduled,36,36,6804.0
bengaluru-10315547,BENGALURU B5 - FEEDER WAREHOUSE,bengaluru,bengaluru,"10315547",201,275,35.5610479485912,36.533458338216334,7.733180428134556,13.385432304698359,"49990010081045",Scheduled,48,48,1560.0
patna-10315543,PATNA P1 - FEEDER WAREHOUSE,patna,patna,"10315543",100,81,2.983946269145713,4.86083924896039,27.14526090417501,60.65792868710712,"","",0,0,0.0
"",GUWAHATI G2 - FEEDER WAREHOUSE,guwahati,guwahati,"10297369",0,0,0.0,0.0,0.0,0.0,"51894410004218",Scheduled,20,20,20986.0
ahmedabad-10315543,AHMEDABAD A2 - FEEDER WAREHOUSE,ahmedabad,ahmedabad,"10315543",117,0,11.409206323204197,20.369231138500687,0.0,10.254876341577225,"2738110068900",Scheduled,96,96,3120.0
solapur-10216709,CPC - SOLAPUR KONARK NAGAR(HP),solapur,solapur,"10216709",0,0,0.3829150369116296,0.7799780762919096,0.0,0.0,"","",0,0,0.0
mangalore-10216722,CPC - MANGALORE ATTAVAR(HP),mangalore,mangalore,"10216722",1,0,0.44866861628443894,0.9505434782608696,0.0,2.2288164665523156,"","",0,0,0.0
morbi-10176795,CPC - MORBI SANALA ROAD(HP),morbi,morbi,"10176795",0,10,1.0194732450073734,2.893480685389841,9.808987189190702,9.808987189190702,"","",0,0,0.0
ludhiana-10249574,LUDHIANA L2 - FEEDER WAREHOUSE,ludhiana,ludhiana,"10249574",16,1,2.263134261338123,2.376237623762376,0.44186507936507935,7.5117063492063485,"","",0,0,0.0
junagadh-10315546,CPC -  JUNAGADH SONVATIKA(HP),junagadh,junagadh,"10315546",1,1,0.1546639283610939,0.24283146898576016,6.465631712556141,12.931263425112283,"","",0,0,0.0
vijayawada-10291036,VIJAYAWADA - FEEDER WAREHOUSE,vijayawada,vijayawada,"10291036",47,0,1.72841339371891,0.8564806298517346,0.0,27.19256872852234,"","",0,0,0.0
rajpura-10292367,RAJPURA R2 - FEEDER WAREHOUSE,rajpura,rajpura,"10292367",358,34,74.57637637108498,76.4301306137055,0.45590844788193013,5.256356222638724,"43886010066389",Scheduled,288,288,22190.4
farukhnagar-10265737,FARUKHNAGAR F2 - FEEDER WAREHOUSE,farukhnagar,farukhnagar,"10265737",220,119,27.438004817911295,19.701283547257873,4.337050043898156,12.355125755306512,"5383910068788",Scheduled,36,36,6804.0
ahmedabad-10315547,AHMEDABAD A2 - FEEDER WAREHOUSE,ahmedabad,ahmedabad,"10315547",149,203,91.13349482148038,73.53139566330997,2.2275015393369113,3.862465723382231,"2738110067259",Scheduled,96,96,3120.0
delhi-10258187,CPC-DEL5,delhi,delhi,"10258187",6,0,0.0,0.0,0.0,0.0,"","",0,0,0.0
puducherry-10249577,CPC - PUDUCHERRY VENKATA NAGAR (HP),puducherry,puducherry,"10249577",2,0,0.08361953113334328,0.0,0.0,23.917857142857144,"","",0,0,0.0
dehradun-10176794,CPC-DHD1-FRZ (HP),dehradun,dehradun,"10176794",30,0,0.0,3.019301336396111,0.0,0.0,"","",0,0,0.0
nellore-10199527,CPC - NELLORE RAMALINGA PURAM (HP),nellore,nellore,"10199527",6,1,0.8940563812371906,0.0,1.1184976931949249,7.829483852364475,"","",0,0,0.0
ahmedabad-10315341,CPC - AHMEDABAD2 (HP),ahmedabad,ahmedabad,"10315341",5,0,0.0,0.0,0.0,0.0,"","",0,0,0.0
noida-10291036,CPC - NOIDA1 (HP),noida,noida,"10291036",11,1,0.06179791504230559,0.8750567923671059,16.181775700934576,194.18130841121493,"","",0,0,0.0
lucknow-10176797,LUCKNOW L5 - FEEDER WAREHOUSE,lucknow,lucknow,"10176797",529,208,75.1495399826063,124.21762653587501,2.7678146805441863,9.807112594043582,"2940310044047",Scheduled,180,180,6804.0
dehradun-10216709,DEHRADUN - FEEDER WAREHOUSE,dehradun,dehradun,"10216709",169,89,16.592984932837282,14.22680011156443,5.363712458020151,15.54873948504718,"2173110040606",Scheduled,72,72,1872.0
kundli-10315547,KUNDLI - FEEDER WAREHOUSE,kundli,kundli,"10315547",43,2,24.695544707409017,20.73096555035837,0.08098626791576585,1.8221910281047315,"2011710095829",Scheduled,192,192,6240.0
dasna-10325396,DASNA D3 - FEEDER WAREHOUSE,dasna,dasna,"10325396",61,0,28.74503968253968,22.448042606593006,0.0,2.122105263157895,"2576310067807",Scheduled,288,288,24120.0
kundli-10315546,KUNDLI - FEEDER WAREHOUSE,kundli,kundli,"10315546",85,40,39.24172502200283,35.004333506673596,1.0193231815770587,3.1853849424283083,"2011710095241",Scheduled,48,48,1560.0
guwahati-10176797,GUWAHATI G2 - FEEDER WAREHOUSE,guwahati,guwahati,"10176797",466,120,34.7329806642298,37.23476765940234,3.454929513826135,16.871572459184293,"","",0,0,0.0
"",HYDERABAD H4 - FEEDER WAREHOUSE,hyderabad,hyderabad,"10176794",0,0,0.0,0.0,0.0,0.0,"52029210000299",Scheduled,180,180,6804.0
dasna-10176795,DASNA D3 - FEEDER WAREHOUSE,dasna,dasna,"10176795",373,371,122.21917460317462,123.28259124851701,3.035530236598107,6.08742451759836,"2576310065808",Scheduled,180,180,6804.0
bengaluru-10216715,BENGALURU B5 - FEEDER WAREHOUSE,bengaluru,bengaluru,"10216715",496,4920,281.64183118513057,330.31244930404597,17.468995920446048,19.23009794819833,"49990010078666",Scheduled,936,936,24336.0
gurgaon-10315341,CPC - GURGAON (HP),gurgaon,gurgaon,"10315341",36,7,1.6938188172112085,2.2925367424363183,4.132673417529488,25.386422421966852,"","",0,0,0.0
farukhnagar-10176797,FARUKHNAGAR - SR FEEDER WAREHOUSE,farukhnagar,farukhnagar,"10176797",124,360,105.79502797648561,99.86453011492108,3.4028064161958054,4.574884181774361,"1735210076510",Scheduled,900,900,34020.0
ranchi-10265740,RANCHI R2 - FEEDER WAREHOUSE,ranchi,ranchi,"10265740",256,157,19.210301838441303,17.890291001466363,8.172698238703925,21.49888135404281,"","",0,0,0.0
noida-10260300,NOIDA N1 - FEEDER WAREHOUSE,noida,noida,"10260300",88,2,5.602868668758404,5.89931830099633,0.35696,16.063200000000002,"2867410093168",Scheduled,36,36,6804.0
bengaluru-10199527,BENGALURU B3 - FEEDER WAREHOUSE,bengaluru,bengaluru,"10199527",212,3,40.440835266821345,33.4803867096344,0.07418244406196213,5.316408491107286,"1736010088491",Scheduled,180,180,6804.0
kolkata-10260300,KOLKATA K5 - FEEDER WAREHOUSE,kolkata,kolkata,"10260300",46,20,1.0871080139372822,1.7558441558441558,18.397435897435898,60.71153846153847,"27845210026298",Scheduled,36,36,6804.0
chennai-10315546,CHENNAI C5 - FEEDER WAREHOUSE,chennai,chennai,"10315546",207,98,19.42125480153649,23.924747629244415,5.046017932489452,15.704443565400844,"8525210065108",Scheduled,48,48,1560.0
jaipur-10315547,JAIPUR J3 - FEEDER WAREHOUSE,jaipur,jaipur,"10315547",89,0,13.109690670375368,25.159749068019963,0.0,6.788871090690019,"6478710071282",Scheduled,48,48,1560.0
delhi-10291036,CPC - DELHI4 (HP),delhi,delhi,"10291036",47,4,1.4831499610153343,3.5974557019536575,2.696962616822429,34.38627336448597,"","",0,0,0.0
goa-10176795,CPC-GOA2-FRZ (HP),goa,goa,"10176795",27,4,3.0584197350221203,0.32880462333975463,1.3078649585587603,10.135953428830392,"","",0,0,0.0
dasna-10216722,DASNA D3 - FEEDER WAREHOUSE,dasna,dasna,"10216722",176,17,39.29896186250466,39.8874536385727,0.43258140150057717,4.911071205271258,"2576310067109",Scheduled,144,144,3744.0
surat-10258187,SURAT S2 - FEEDER WAREHOUSE,surat,surat,"10258187",23,23,0.44087930928908226,0.8192368960024274,52.168472222222206,104.33694444444441,"","",0,0,0.0
farukhnagar-10216715,FARUKHNAGAR - SR FEEDER WAREHOUSE,farukhnagar,farukhnagar,"10216715",188,1071,407.6930033823591,400.2711724066552,2.626976649377403,3.088107937970262,"1735210076510",Scheduled,648,648,16848.0
jamnagar-10258333,CPC - JAMNAGAR KHODIYAR COLONY (HP),jamnagar,jamnagar,"10258333",1,0,0.0,0.1408874541773814,0.0,0.0,"","",0,0,0.0
gurgaon-10265740,SUPER STORE GURGAON G7 ECOM - WAREHOUSE,gurgaon,gurgaon,"10265740",24,0,1.1539880278272123,1.7500446094000928,0.0,20.797442799461646,"","",0,0,0.0
surat-10216715,SURAT S2 - FEEDER WAREHOUSE,surat,surat,"10216715",383,1043,155.85013839852851,172.30687397772687,6.692326427923453,9.149815423028613,"51076110004408",Scheduled,144,144,3744.0
rajpura-10216726,RAJPURA R2 - FEEDER WAREHOUSE,rajpura,rajpura,"10216726",1270,345,280.4896378521355,118.97666726824723,1.2299919620626847,5.757788460090538,"43886010069012",Scheduled,216,216,5616.0
dasna-10265740,DASNA D3 - FEEDER WAREHOUSE,dasna,dasna,"10265740",132,218,5.769940139136061,9.704792833945968,37.782021085688655,60.659208165096466,"2576310066675",Scheduled,540,540,20412.0
ranchi-10258333,RANCHI R2 - FEEDER WAREHOUSE,ranchi,ranchi,"10258333",68,17,2.1530100334448155,1.690649450128577,7.89592233009709,39.479611650485445,"","",0,0,0.0
farukhnagar-10216722,FARUKHNAGAR F2 - FEEDER WAREHOUSE,farukhnagar,farukhnagar,"10216722",788,615,146.19213812851734,95.33101419618878,4.2067925667750625,9.59695930274051,"5383910067675",Scheduled,216,216,5616.0
bhubaneswar-10258761,BHUBANESWAR B1 - FEEDER WAREHOUSE,bhubaneswar,bhubaneswar,"10258761",13,0,0.0,0.5846878868964416,0.0,0.0,"5407610027371",Scheduled,36,36,6804.0
bengaluru-10216709,BENGALURU B5 - FEEDER WAREHOUSE,bengaluru,bengaluru,"10216709",54,615,0.943083301922352,16.466898954703833,652.1163069544365,709.3752997601919,"49990010071488",Scheduled,216,216,5616.0
faridabad-10249576,FARIDABAD - FEEDER WAREHOUSE,faridabad,faridabad,"10249576",23,35,19.73411478807805,17.191780821917803,1.7735784136182544,2.93907279971025,"49060410074896",Scheduled,36,36,70534.8
varanasi-10258333,VARANASI V2 - FEEDER WAREHOUSE,varanasi,varanasi,"10258333",74,0,0.9227185857620638,3.240411446079772,0.0,80.19779935275083,"","",0,0,0.0
kolkata-10249574,KOLKATA K5 - FEEDER WAREHOUSE,kolkata,kolkata,"10249574",0,0,0.0,0.06163886874546772,0.0,0.0,"27845210026106",Scheduled,12,12,24351.6
nagpur-10265740,NAGPUR N1 - FEEDER WAREHOUSE,nagpur,nagpur,"10265740",332,364,57.03058358287262,67.39255251037815,6.382540334188622,12.203978221415609,"2549710051002",Scheduled,180,180,6804.0
ahmedabad-10216722,AHMEDABAD A2 - FEEDER WAREHOUSE,ahmedabad,ahmedabad,"10216722",428,69,105.53599374021911,59.895241808350136,0.6538053753475439,4.709293790546802,"2738110068008",Scheduled,72,72,1872.0
farukhnagar-10324645,FARUKHNAGAR F2 - FEEDER WAREHOUSE,farukhnagar,farukhnagar,"10324645",174,0,52.331515812431846,37.59428571428572,0.0,3.3249562390597647,"5383910067675",Scheduled,288,288,24120.0
rajpura-10176794,RAJPURA R2 - FEEDER WAREHOUSE,rajpura,rajpura,"10176794",323,53,53.40940751059604,28.244191592287258,0.9923345431136862,7.039958268127283,"","",0,0,0.0
ahmedabad-10315547,AHMEDABAD A2 - FEEDER WAREHOUSE,ahmedabad,ahmedabad,"10315547",149,203,91.13349482148038,73.53139566330997,2.2275015393369113,3.862465723382231,"2738110068900",Scheduled,144,144,4680.0
dehradun-10265740,CPC-DDN1,dehradun,dehradun,"10265740",13,0,0.9004828986769361,5.2107643693591355,0.0,14.436698374950456,"","",0,0,0.0
kundli-10249576,KUNDLI - FEEDER WAREHOUSE,kundli,kundli,"10249576",12,0,5.074486659791498,4.634650590240513,0.0,2.3647712181576725,"2011710095298",Scheduled,36,36,70534.8
bengaluru-10216722,BENGALURU B4 - FEEDER WAREHOUSE,bengaluru,bengaluru,"10216722",1,2,0.0,0.0,0.0,0.0,"","",0,0,0.0
solapur-10292367,CPC - SOLAPUR MURARJI PETH(HP),solapur,solapur,"10292367",6,4,1.4516082991938681,0.8530148505993917,2.755564295286372,6.888910738215929,"","",0,0,0.0
mumbai-10249576,MUMBAI M11 - FEEDER WAREHOUSE,mumbai,mumbai,"10249576",0,10,0.0,0.0,0.0,0.0,"","",0,0,0.0
dasna-10324645,DASNA D3 - FEEDER WAREHOUSE,dasna,dasna,"10324645",9,0,1.7725190839694653,1.1057142857142856,0.0,5.077519379844962,"2576310067109",Scheduled,288,288,24120.0
coimbatore-10176795,COIMBATORE C1 - FEEDER WAREHOUSE,coimbatore,coimbatore,"10176795",437,22,38.06367617469523,28.080957305362677,0.577978855721393,12.058740671641791,"2883810039882",Scheduled,180,180,6804.0
bhuj-10265740,CPC -  BHUJ CITY MALL (HP),bhuj,bhuj,"10265740",3,11,0.0,0.8337222990974616,0.0,0.0,"","",0,0,0.0
goa-10260300,GOA G2 - FEEDER WAREHOUSE,goa,goa,"10260300",92,26,2.9963389520250168,3.6462539032200323,8.677255950108185,39.381392388952534,"","",0,0,0.0
lucknow-10249574,SUPER STORE LUCKNOW L4 - WAREHOUSE,lucknow,lucknow,"10249574",15,0,13.075886843286932,12.67326732673267,0.0,1.1471497252747254,"1735810060912",Scheduled,36,36,73054.8
bhuj-10176795,CPC -  BHUJ CITY MALL (HP),bhuj,bhuj,"10176795",4,7,0.2038946490014747,0.21920308222650306,34.33145516216746,53.94942954054886,"","",0,0,0.0
guwahati-10291036,GUWAHATI G2 - FEEDER WAREHOUSE,guwahati,guwahati,"10291036",35,6,2.5926200905783645,0.6661516009957936,2.3142611683848804,15.81411798396335,"","",0,0,0.0
hyderabad-10249578,HYDERABAD H3 - FEEDER WAREHOUSE,hyderabad,hyderabad,"10249578",55,56,3.857142857142857,3.857142857142857,14.518518518518519,28.77777777777778,"","",0,0,0.0
faridabad-10265737,FARIDABAD - FEEDER WAREHOUSE,faridabad,faridabad,"10265737",14,0,0.15823532190260262,0.09772462077012835,0.0,88.47582089552239,"","",0,0,0.0
noida-10258761,CPC-NOIDA2,noida,noida,"10258761",21,0,0.1553004726536124,1.4295516002744482,0.0,135.2217391304348,"","",0,0,0.0
kolkata-10176794,KOLKATA K6 - FEEDER WAREHOUSE,kolkata,kolkata,"10176794",103,107,3.1811487481590572,4.15085858131799,33.63564814814815,66.0138888888889,"","",0,0,0.0
coimbatore-10292367,CPC - COIMBATORE1 (HP),coimbatore,coimbatore,"10292367",8,0,0.0,0.0,0.0,0.0,"","",0,0,0.0
noida-10216726,NOIDA N1 - FEEDER WAREHOUSE,noida,noida,"10216726",411,225,101.39205702647654,112.76929704620802,2.2191087408478722,6.272680707463318,"2867410093996",Scheduled,72,72,1872.0
noida-10249577,CPC-NOIDA2,noida,noida,"10249577",18,0,0.0,0.40514876556235496,0.0,0.0,"","",0,0,0.0
guwahati-10315546,GUWAHATI G1 - FEEDER WAREHOUSE,guwahati,guwahati,"10315546",65,14,13.610425695776264,8.09438229952534,1.028623226997568,5.8043739237719905,"7165810032200",Scheduled,48,48,1560.0
agra-10315586,CPC-AGRA2,agra,agra,"10315586",20,0,0.299416275609477,0.0,0.0,66.7966360856269,"","",0,0,0.0
jamnagar-10216726,CPC - JAMNAGAR KHODIYAR COLONY (HP),jamnagar,jamnagar,"10216726",4,8,2.6394884365006477,3.462938340447944,3.0308903382074117,4.546335507311118,"","",0,0,0.0
hyderabad-10265737,HYDERABAD H3 - FEEDER WAREHOUSE,hyderabad,hyderabad,"10265737",237,69,15.428571428571429,15.428571428571429,4.472222222222222,19.833333333333332,"6769710093850",Scheduled,36,36,6804.0
hyderabad-10258187,HYDERABAD H4 - FEEDER WAREHOUSE,hyderabad,hyderabad,"10258187",0,36,0.0,0.0,0.0,0.0,"","",0,0,0.0
gurgaon-10216722,CPC - GURGAON (HP),gurgaon,gurgaon,"10216722",76,17,0.0,6.381992582171632,0.0,0.0,"","",0,0,0.0
ahmedabad-10249578,AHMEDABAD A2 - FEEDER WAREHOUSE,ahmedabad,ahmedabad,"10249578",73,14,4.498635122838944,4.274127632819868,3.1120550161812304,19.339199029126217,"2738110068900",Scheduled,24,24,18463.2
gurgaon-10315586,SUPER STORE GURGAON G7 ECOM - WAREHOUSE,gurgaon,gurgaon,"10315586",8,0,0.12740384615384615,0.12094933820173435,0.0,62.79245283018869,"","",0,0,0.0
dasna-10249577,SUPER STORE DASNA 2 - WAREHOUSE,dasna,dasna,"10249577",18,0,0.18542841690489067,0.7877892663712457,0.0,97.0725,"","",0,0,0.0
farukhnagar-10260300,FARUKHNAGAR F2 - FEEDER WAREHOUSE,farukhnagar,farukhnagar,"10260300",219,22,17.032720753025547,15.600419507079183,1.2916315789473685,14.149236842105266,"5383910068788",Scheduled,36,36,6804.0
farukhnagar-10216726,FARUKHNAGAR - SR FEEDER WAREHOUSE,farukhnagar,farukhnagar,"10216726",116,137,121.39918533604884,159.0080353630898,1.1285083966648215,2.0840337544248166,"1735210075753",Scheduled,72,72,1872.0
bengaluru-10291036,BENGALURU B3 - FEEDER WAREHOUSE,bengaluru,bengaluru,"10291036",77,2,9.059233449477352,7.7909407665505235,0.22076923076923077,8.720384615384615,"1736010087973",Scheduled,24,24,18463.2
dasna-10315546,DASNA D3 - FEEDER WAREHOUSE,dasna,dasna,"10315546",55,265,13.707725863850305,14.914889928930492,19.332163674125685,23.344499531019697,"2576310067807",Scheduled,192,192,6240.0
satara-10265737,CPC - SATARA POWAI NAKA(HP),satara,satara,"10265737",0,0,0.12528204041436566,0.401946407145714,0.0,0.0,"","",0,0,0.0
bhuj-10260300,CPC -  BHUJ CITY MALL (HP),bhuj,bhuj,"10260300",2,0,0.0,0.0,0.0,0.0,"","",0,0,0.0
chennai-10260300,CPC-CHN3,chennai,chennai,"10260300",14,0,0.08250355618776672,0.45268292682926825,0.0,169.68965517241378,"","",0,0,0.0
kundli-10315341,KUNDLI - FEEDER WAREHOUSE,kundli,kundli,"10315341",88,230,24.760551437051124,22.31402429304683,9.288969213174843,12.84300960778087,"2011710093411",Scheduled,48,48,1560.0
kolkata-10315547,KOLKATA K4 - FEEDER WAREHOUSE,kolkata,kolkata,"10315547",196,156,15.08344733242134,11.693365695792881,10.342463268637767,23.3368401959006,"2135610069660",Scheduled,144,144,4680.0
indore-10315341,INDORE I2 - FEEDER WAREHOUSE,indore,indore,"10315341",17,0,2.454765623415347,7.244155894796358,0.0,6.925304736974311,"50993810015362",Scheduled,48,48,1560.0
solapur-10199527,CPC - SOLAPUR MURARJI PETH(HP),solapur,solapur,"10199527",0,5,0.0,0.6958685314124045,0.0,0.0,"","",0,0,0.0
"",RAIPUR - FEEDER WAREHOUSE,raipur,raipur,"10176795",0,0,0.0,0.0,0.0,0.0,"52221610000014",Scheduled,180,180,6804.0
hyderabad-10199527,SUPER STORE HYDERABAD H2 - WAREHOUSE,hyderabad,hyderabad,"10199527",0,1,0.0,0.0,0.0,0.0,"","",0,0,0.0
hyderabad-10249574,HYDERABAD H3 - FEEDER WAREHOUSE,hyderabad,hyderabad,"10249574",2,0,7.142857142857143,7.142857142857143,0.0,0.27999999999999997,"6769710093850",Scheduled,84,84,170461.2
noida-10216722,CPC - NOIDA1 (HP),noida,noida,"10216722",67,1,6.815913698028153,9.307072515666965,0.1467154726870002,9.976652142716015,"","",0,0,0.0
agra-10265737,CPC-AGRA2,agra,agra,"10265737",21,0,0.12528204041436566,1.004866017864285,0.0,167.62179104477613,"","",0,0,0.0
pune-10315546,PUNE P3 - FEEDER WAREHOUSE,pune,pune,"10315546",179,78,30.052756372258443,30.338551859099805,2.5954358074123753,8.551628237243339,"43886110068251",Scheduled,48,48,1560.0
pune-10176793,PUNE P2 - FEEDER WAREHOUSE,pune,pune,"10176793",229,143,15.054313099041533,15.403726708074535,9.498938879456707,24.710526315789476,"","",0,0,0.0
chennai-10216709,CPC-CHN3,chennai,chennai,"10216709",5,3,0.0,1.0335610335610337,0.0,0.0,"","",0,0,0.0
kolkata-10199527,KOLKATA K5 - FEEDER WAREHOUSE,kolkata,kolkata,"10199527",85,165,3.7483870967741932,6.073170731707317,44.01893287435456,66.69535283993116,"","",0,0,0.0
kundli-10265737,KUNDLI - FEEDER WAREHOUSE,kundli,kundli,"10265737",52,111,3.2551266219963972,3.5180863477246205,34.10005597014925,50.07485696517412,"2011710095241",Scheduled,36,36,6804.0
dasna-10315543,SUPER STORE DASNA 2 - WAREHOUSE,dasna,dasna,"10315543",150,193,13.156416242489188,12.502782324058922,14.669648363412108,26.070929474872298,"1724010051917",Scheduled,96,96,3120.0
"",RAIPUR - FEEDER WAREHOUSE,raipur,raipur,"10265737",0,0,0.0,0.0,0.0,0.0,"52221610000026",Scheduled,72,72,13608.0
surat-10298083,SURAT S2 - FEEDER WAREHOUSE,surat,surat,"10298083",2,2,0.9199808337326305,0.9948186528497407,2.1739583333333337,4.347916666666667,"","",0,0,0.0
pune-10216726,PUNE P3 - FEEDER WAREHOUSE,pune,pune,"10216726",286,27,89.37326645028033,96.13460903992083,0.30210376181137455,3.5021658313688975,"43886110066628",Scheduled,144,144,3744.0
jaipur-10315341,JAIPUR J3 - FEEDER WAREHOUSE,jaipur,jaipur,"10315341",188,63,29.166491551895508,29.75278313934218,2.1600129685774867,8.605765954173796,"6478710071282",Scheduled,48,48,1560.0
goa-10216722,GOA G2 - FEEDER WAREHOUSE,goa,goa,"10216722",200,44,15.099276212832553,16.999595593666072,2.9140469635627526,16.159714979757084,"41315210040107",Scheduled,72,72,1872.0
rajpura-10324645,RAJPURA R2 - FEEDER WAREHOUSE,rajpura,rajpura,"10324645",6,0,7.594470046082948,10.536504881066959,0.0,0.7900485436893205,"43886010068445",Scheduled,288,288,24120.0
surat-10176793,SURAT S1 - FEEDER WAREHOUSE,surat,surat,"10176793",245,220,2.663105132310465,8.039265293730708,82.61033232628398,174.60820241691843,"","",0,0,0.0
bengaluru-10176795,BENGALURU B3 - FEEDER WAREHOUSE,bengaluru,bengaluru,"10176795",552,94,172.64285714285714,146.87792777839252,0.5444766239139429,3.7418287132809267,"1736010088491",Scheduled,360,360,13608.0
lucknow-10249577,LUCKNOW L5 - FEEDER WAREHOUSE,lucknow,lucknow,"10249577",125,7,5.184410930267283,2.48697845276605,1.350201612903226,25.460944700460832,"","",0,0,0.0
vijayawada-10176793,VIJAYAWADA - FEEDER WAREHOUSE,vijayawada,vijayawada,"10176793",137,49,5.250121546554916,6.316565587931271,9.333117255571612,35.42775121502693,"","",0,0,0.0
dasna-10199527,DASNA D3 - FEEDER WAREHOUSE,dasna,dasna,"10199527",131,204,32.29947836759742,34.484359497557044,6.315891472868217,10.371684526523788,"2576310066675",Scheduled,180,180,6804.0
guwahati-10216709,GUWAHATI G2 - FEEDER WAREHOUSE,guwahati,guwahati,"10216709",61,10,3.5009374803348985,3.27590792042602,2.8563777720027734,20.28028218121969,"51894410003847",Scheduled,72,72,1872.0
"",RAIPUR - FEEDER WAREHOUSE,raipur,raipur,"10292367",0,0,0.0,0.0,0.0,0.0,"52221610000014",Scheduled,144,144,11095.2
dasna-10252336,DASNA D3 - FEEDER WAREHOUSE,dasna,dasna,"10252336",7,0,0.36380339917317417,0.6550868486352358,0.0,19.241161616161612,"2576310065868",Scheduled,108,108,219164.4
rajpura-10216715,RAJPURA R2 - FEEDER WAREHOUSE,rajpura,rajpura,"10216715",671,115,270.7283536205885,249.1464258867132,0.42478003674918524,2.9032792076944314,"43886010062987",Scheduled,648,648,16848.0
solapur-10176793,CPC - SOLAPUR KONARK NAGAR(HP),solapur,solapur,"10176793",1,0,0.0,0.4306749264498594,0.0,0.0,"","",0,0,0.0
farukhnagar-10216709,FARUKHNAGAR F2 - FEEDER WAREHOUSE,farukhnagar,farukhnagar,"10216709",535,435,104.4057270124085,85.25068525672846,4.16643811070154,9.29067808593217,"5383910069593",Scheduled,144,144,3744.0
gurgaon-10315586,CPC - GURGAON1 (HP),gurgaon,gurgaon,"10315586",1,0,0.0,0.0,0.0,0.0,"","",0,0,0.0
coimbatore-10265737,COIMBATORE C1 - FEEDER WAREHOUSE,coimbatore,coimbatore,"10265737",92,9,0.3971318257032543,3.254237288135593,22.662499999999998,254.32361111111112,"2883810040184",Scheduled,36,36,6804.0
delhi-10199527,CPC - DELHI4 (HP),delhi,delhi,"10199527",325,54,13.270328321571036,8.220108949999062,4.069228634850166,28.559956529781722,"","",0,0,0.0
noida-10249574,CPC - NOIDA1 (HP),noida,noida,"10249574",6,0,3.810962451445835,4.821421071053553,0.0,1.5744054360135902,"","",0,0,0.0
delhi-10176794,CPC - DELHI MUNDKA (HP),delhi,delhi,"10176794",14,3,0.30378751474378585,2.0343170899107754,9.875323554788608,55.96016681046878,"","",0,0,0.0
chennai-10315543,CPC-CHN3,chennai,chennai,"10315543",13,3,0.2169312169312169,0.8704113224237062,13.82926829268293,73.75609756097562,"","",0,0,0.0
bhuj-10258761,CPC -  BHUJ CITY MALL (HP),bhuj,bhuj,"10258761",4,0,0.0,0.0,0.0,0.0,"","",0,0,0.0
chennai-10176795,CHENNAI C5 - FEEDER WAREHOUSE,chennai,chennai,"10176795",395,276,29.65558054207598,37.654010932190864,9.306848659003833,22.626432790549174,"8525210065889",Scheduled,180,180,6804.0
ahmedabad-10249574,AHMEDABAD A2 - FEEDER WAREHOUSE,ahmedabad,ahmedabad,"10249574",0,0,29.873372249663227,22.811881188118807,0.0,0.0,"2738110067259",Scheduled,24,24,48703.2
mumbai-10315547,MUMBAI M12 - FEEDER WAREHOUSE,mumbai,mumbai,"10315547",44,0,30.41970078114656,31.914903731875444,0.0,1.446431058495822,"50033210033504",Scheduled,96,96,3120.0
kundli-10176795,KUNDLI - FEEDER WAREHOUSE,kundli,kundli,"10176795",253,356,140.00694179894182,122.69130783725315,2.542731063372821,4.349784319084405,"2011710094637",Scheduled,360,360,13608.0
nagpur-10249578,NAGPUR N1 - FEEDER WAREHOUSE,nagpur,nagpur,"10249578",77,25,6.845749099972306,5.051241747878026,3.6519012944983826,14.8997572815534,"","",0,0,0.0
chennai-10176795,CPC-CHN3,chennai,chennai,"10176795",30,13,0.8521718546573558,2.8364603338750185,15.25513888888889,50.45930555555556,"","",0,0,0.0
jamnagar-10252336,CPC - JAMNAGAR KHODIYAR COLONY (HP),jamnagar,jamnagar,"10252336",0,0,0.0,0.14195583596214512,0.0,0.0,"","",0,0,0.0
farukhnagar-10325396,FARUKHNAGAR - SR FEEDER WAREHOUSE,farukhnagar,farukhnagar,"10325396",4,0,0.0,1.1963427591966667,0.0,0.0,"1735210075435",Scheduled,432,432,36180.0
noida-10315341,CPC - NOIDA1 (HP),noida,noida,"10315341",29,30,1.539835288373826,4.075620875442343,19.482603254067584,38.31578639966625,"","",0,0,0.0
kolkata-10216726,KOLKATA K5 - FEEDER WAREHOUSE,kolkata,kolkata,"10216726",158,86,22.287390029325515,17.6624821229938,3.8586842105263157,10.947894736842105,"27845210026106",Scheduled,72,72,1872.0
surat-10260300,SURAT S2 - FEEDER WAREHOUSE,surat,surat,"10260300",40,19,5.45999542369003,3.993516179717178,3.47985639650211,10.805869862822343,"","",0,0,0.0
hyderabad-10292367,HYDERABAD H3 - FEEDER WAREHOUSE,hyderabad,hyderabad,"10292367",576,458,96.71428571428571,96.71428571428571,4.735598227474151,10.69128508124077,"6769710093850",Scheduled,144,144,11095.2
coimbatore-10265740,CPC - COIMBATORE1 (HP),coimbatore,coimbatore,"10265740",6,0,0.1304119193689746,0.0,0.0,46.00806451612903,"","",0,0,0.0
rajpura-10265740,RAJPURA R2 - FEEDER WAREHOUSE,rajpura,rajpura,"10265740",381,101,55.10955339902849,69.40738139986367,1.8327130918426295,8.746214953149975,"43886010068367",Scheduled,180,180,6804.0
noida-10176794,CPC-NOIDA2-FRZ(HP),noida,noida,"10176794",21,0,1.0126250491459527,1.3040494166094716,0.0,20.738179465056078,"","",0,0,0.0
visakhapatnam-10249577,VISAKHAPATNAM V1 - FEEDER WAREHOUSE,visakhapatnam,visakhapatnam,"10249577",54,35,1.0034343736001194,1.381654695981139,34.880208333333336,88.6953869047619,"","",0,0,0.0
dasna-10176797,SUPER STORE DASNA 2 - WAREHOUSE,dasna,dasna,"10176797",429,244,142.59593455627171,155.01698651929794,1.711128727191811,4.719629645082331,"1724010051605",Scheduled,180,180,6804.0
goa-10216715,GOA G2 - FEEDER WAREHOUSE,goa,goa,"10216715",453,327,54.69457687193642,54.13695702678581,5.978654899655736,14.261011687252216,"41315210039886",Scheduled,72,72,1872.0
surat-10216722,CPC - SURAT1 (HP),surat,surat,"10216722",9,0,0.6811703554661301,0.0,0.0,13.212553846153845,"","",0,0,0.0
noida-10292367,NOIDA N1 - FEEDER WAREHOUSE,noida,noida,"10292367",332,188,80.09249185676639,61.29986229273171,2.3472861892748984,6.4924937150156765,"2867410093996",Scheduled,144,144,11095.2
aurangabad-(maharashtra)-10265737,CC-DTS-CHITEGAON1,aurangabad,aurangabad-(maharashtra),"10265737",4,0,0.0,0.14355228826632643,0.0,0.0,"","",0,0,0.0
kolkata-10315341,KOLKATA K4 - FEEDER WAREHOUSE,kolkata,kolkata,"10315341",202,48,21.467053241960993,18.659451659451662,2.2359845787392874,11.64575301426712,"2135610069122",Scheduled,96,96,3120.0
bengaluru-10315546,BENGALURU B5 - FEEDER WAREHOUSE,bengaluru,bengaluru,"10315546",87,706,38.26860564585116,51.999341672152745,18.44854256080114,20.721946530758224,"49990010081779",Scheduled,288,288,9360.0
delhi-10315341,CPC-DEL5,delhi,delhi,"10315341",15,2,0.4927472922796244,0.0,4.058875677930747,34.500443262411345,"","",0,0,0.0
jaipur-10249577,JAIPUR J4 - FEEDER WAREHOUSE,jaipur,jaipur,"10249577",41,6,1.4215320292668356,1.105323756784911,4.220798319327732,33.06292016806723,"","",0,0,0.0
pune-10216715,PUNE P3 - FEEDER WAREHOUSE,pune,pune,"10216715",393,57,179.79345410718992,201.70713263846307,0.31703045187628204,2.5028719884969637,"43886110067829",Scheduled,72,72,1872.0
noida-10249576,NOIDA N1 - FEEDER WAREHOUSE,noida,noida,"10249576",54,0,2.6141294914077413,3.7433716305788765,0.0,20.656972111553788,"2867410094941",Scheduled,12,12,23511.6
hyderabad-10315543,HYDERABAD H3 - FEEDER WAREHOUSE,hyderabad,hyderabad,"10315543",303,217,23.571428571428573,23.571428571428573,9.206060606060605,22.06060606060606,"6769710093850",Scheduled,48,48,1560.0
rajpura-10265737,RAJPURA R2 - FEEDER WAREHOUSE,rajpura,rajpura,"10265737",150,148,18.792306062154854,6.431142514331424,7.87556351575456,15.857553565505802,"43886010068367",Scheduled,36,36,6804.0
mumbai-10265740,MUMBAI M11 - FEEDER WAREHOUSE,mumbai,mumbai,"10265740",310,43,61.65335628227194,40.18716094032549,0.6974478372779909,5.725560152537925,"5625710057139",Scheduled,180,180,6804.0
coimbatore-10216726,CPC - COIMBATORE1 (HP),coimbatore,coimbatore,"10216726",12,0,0.0,0.0,0.0,0.0,"","",0,0,0.0
nellore-10324645,CPC - NELLORE RAMALINGA PURAM (HP),nellore,nellore,"10324645",0,1,0.0,0.0,0.0,0.0,"","",0,0,0.0
jaipur-10216722,JAIPUR J4 - FEEDER WAREHOUSE,jaipur,jaipur,"10216722",5,0,0.0,0.8263692302476564,0.0,0.0,"49603310013567",Scheduled,360,360,9360.0
ranchi-10216722,RANCHI R2 - FEEDER WAREHOUSE,ranchi,ranchi,"10216722",95,0,19.072769953051647,8.263692302476565,0.0,4.980923076923076,"51024410014605",Scheduled,144,144,3744.0
kundli-10315547,KUNDLI - FEEDER WAREHOUSE,kundli,kundli,"10315547",43,2,24.695544707409017,20.73096555035837,0.08098626791576585,1.8221910281047315,"2011710093998",Scheduled,288,288,9360.0
kolkata-10315547,KOLKATA K6 - FEEDER WAREHOUSE,kolkata,kolkata,"10315547",83,35,4.280437756497948,7.112459546925567,8.176733780760626,27.567273889421543,"48287510054379",Scheduled,48,48,1560.0
nagpur-10216715,NAGPUR N1 - FEEDER WAREHOUSE,nagpur,nagpur,"10216715",1092,1281,303.6137130122277,254.0944273353979,4.219177017042076,7.815852506979584,"2549710050075",Scheduled,144,144,3744.0
farukhnagar-10176797,FARUKHNAGAR F2 - FEEDER WAREHOUSE,farukhnagar,farukhnagar,"10176797",1542,749,323.548882121019,302.0902035976362,2.314951592754528,7.080846594126333,"5383910068788",Scheduled,360,360,13608.0
"",RAIPUR - FEEDER WAREHOUSE,raipur,raipur,"10315546",0,0,0.0,0.0,0.0,0.0,"52221610000014",Scheduled,48,48,1560.0
dasna-10315341,DASNA D3 - FEEDER WAREHOUSE,dasna,dasna,"10315341",69,218,7.021648914984646,14.137309911690629,31.04683851890887,40.87359016021489,"2576310066675",Scheduled,192,192,6240.0
ahmedabad-10216709,AHMEDABAD A2 - FEEDER WAREHOUSE,ahmedabad,ahmedabad,"10216709",240,137,64.32972620115376,45.301126671034105,2.129653087153088,5.86043221793222,"2738110067651",Scheduled,72,72,1872.0
agra-10176794,CPC-AGRA2,agra,agra,"10176794",46,0,1.6925516464625507,1.6812018804932893,0.0,27.17790035898783,"","",0,0,0.0
noida-10298083,NOIDA N1 - FEEDER WAREHOUSE,noida,noida,"10298083",25,1,0.0,1.3609231993633104,0.0,0.0,"2867410093603",Scheduled,20,20,20986.0
jaipur-10249577,JAIPUR J3 - FEEDER WAREHOUSE,jaipur,jaipur,"10249577",103,1,2.257727340600269,5.329239541641536,0.4429232804232804,46.06402116402116,"6478710071282",Scheduled,18,18,13847.4
nellore-10258187,CPC - NELLORE RAMALINGA PURAM (HP),nellore,nellore,"10258187",3,0,0.0,0.0,0.0,0.0,"","",0,0,0.0
aurangabad-(maharashtra)-10249578,CC-DTS-CHITEGAON1,aurangabad,aurangabad-(maharashtra),"10249578",1,1,0.0,0.2775407553779135,0.0,0.0,"","",0,0,0.0
lucknow-10258761,LUCKNOW L5 - FEEDER WAREHOUSE,lucknow,lucknow,"10258761",130,6,7.256996079491686,5.798154878389713,0.8267883755588673,18.74053651266766,"2940310044047",Scheduled,36,36,6804.0
bhubaneswar-10216722,BHUBANESWAR B1 - FEEDER WAREHOUSE,bhubaneswar,bhubaneswar,"10216722",142,81,29.244913928012522,7.602596918278439,2.7697123745819394,7.625257525083612,"5407610027371",Scheduled,216,216,5616.0
dehradun-10216715,DEHRADUN - FEEDER WAREHOUSE,dehradun,dehradun,"10216715",668,485,117.13265118631547,129.46300261029208,4.140604648558166,9.843540535644465,"2173110040365",Scheduled,144,144,3744.0
farukhnagar-10324645,FARUKHNAGAR - SR FEEDER WAREHOUSE,farukhnagar,farukhnagar,"10324645",2,0,0.0,1.7967857142857142,0.0,0.0,"1735210076132",Scheduled,288,288,24120.0
patna-10216715,PATNA P2 - FEEDER WAREHOUSE,patna,patna,"10216715",89,0,8.168246247302335,42.245121612299826,0.0,10.895851729420297,"50283910015103",Scheduled,144,144,3744.0
faridabad-10292367,FARIDABAD - FEEDER WAREHOUSE,faridabad,faridabad,"10292367",23,1,2.2372204429264353,2.1271245590537817,0.4469832211491562,10.72759730757975,"","",0,0,0.0
gurgaon-10216722,SUPER STORE GURGAON G7 ECOM - WAREHOUSE,gurgaon,gurgaon,"10216722",24,0,0.3157952292522696,3.589870827471544,0.0,75.99861485186611,"","",0,0,0.0
nagpur-10315543,NAGPUR N1 - FEEDER WAREHOUSE,nagpur,nagpur,"10315543",138,122,7.16147104594971,17.931095896164997,17.03560612299049,36.30539009817645,"2549710050075",Scheduled,48,48,1560.0
mumbai-10315586,MUMBAI M10 - FEEDER WAREHOUSE,mumbai,mumbai,"10315586",83,28,2.0000000000000004,2.1061224489795918,13.999999999999996,55.499999999999986,"2273910097633",Scheduled,36,36,6804.0
rajpura-10176793,RAJPURA R2 - FEEDER WAREHOUSE,rajpura,rajpura,"10176793",255,36,47.29674714983386,24.72074077822193,0.7611517106230097,6.152642994202661,"43886010062987",Scheduled,180,180,6804.0
kundli-10216715,KUNDLI - FEEDER WAREHOUSE,kundli,kundli,"10216715",429,982,201.21696184883677,170.98739876316404,4.880304279406239,7.012331301672305,"2011710093998",Scheduled,360,360,9360.0
mumbai-10260300,MUMBAI M10 - FEEDER WAREHOUSE,mumbai,mumbai,"10260300",71,0,2.0467032967032965,4.901315789473684,0.0,34.689932885906046,"2273910097633",Scheduled,72,72,13608.0
bengaluru-10265740,BENGALURU B4 - FEEDER WAREHOUSE,bengaluru,bengaluru,"10265740",0,0,0.0,0.0,0.0,0.0,"","",0,0,0.0
pune-10252336,PUNE P3 - FEEDER WAREHOUSE,pune,pune,"10252336",16,1,6.571428571428571,6.571428571428571,0.15217391304347827,2.5869565217391304,"43886110063916",Scheduled,60,60,121758.0
indore-10176794,INDORE I2 - FEEDER WAREHOUSE,indore,indore,"10176794",140,78,17.082234209668336,7.52537984601758,4.566147439651246,12.76179669030733,"","",0,0,0.0
bengaluru-10176795,BENGALURU B5 - FEEDER WAREHOUSE,bengaluru,bengaluru,"10176795",643,1575,166.61166562694947,196.84762642469843,9.453119588435609,13.312393172793767,"49990010081779",Scheduled,720,720,27216.0
mumbai-10265791,MUMBAI M12 - FEEDER WAREHOUSE,mumbai,mumbai,"10265791",6,0,0.0,0.0,0.0,0.0,"50033210033504",Scheduled,180,180,6804.0
dehradun-10258761,DEHRADUN - FEEDER WAREHOUSE,dehradun,dehradun,"10258761",72,9,4.156279572799785,6.139222812412637,2.1653981264636997,19.488583138173297,"","",0,0,0.0
patna-10252336,PATNA P2 - FEEDER WAREHOUSE,patna,patna,"10252336",46,10,3.961433661706141,2.152996845425868,2.5243386243386245,14.136296296296297,"","",0,0,0.0
goa-10176797,CPC-GOA2-FRZ (HP),goa,goa,"10176797",24,0,1.768224470178972,1.017343378672195,0.0,13.572937375745527,"","",0,0,0.0
ahmedabad-10249574,AHMEDABAD A2 - FEEDER WAREHOUSE,ahmedabad,ahmedabad,"10249574",0,0,29.873372249663227,22.811881188118807,0.0,0.0,"2738110069320",Scheduled,36,36,73054.8
patna-10216715,PATNA P1 - FEEDER WAREHOUSE,patna,patna,"10216715",283,15,77.63101233436139,83.6309264463967,0.19322174925909902,3.838672085280767,"3292010040740",Scheduled,72,72,1872.0
puducherry-10216722,CPC - PUDUCHERRY VENKATA NAGAR (HP),puducherry,puducherry,"10216722",1,0,0.6622489567031822,0.6610953841981251,0.0,1.5100061538461536,"","",0,0,0.0
ludhiana-10199527,LUDHIANA L2 - FEEDER WAREHOUSE,ludhiana,ludhiana,"10199527",308,227,34.15295376326068,25.921102795112066,6.646570061655705,15.664823713593842,"","",0,0,0.0
"",KUNDLI - FEEDER WAREHOUSE,kundli,kundli,"10297369",0,0,0.0,0.0,0.0,0.0,"2011710095298",Scheduled,20,20,20986.0
farukhnagar-10291036,FARUKHNAGAR F2 - FEEDER WAREHOUSE,farukhnagar,farukhnagar,"10291036",170,41,19.837130728580096,13.709223080417992,2.0668311642938244,10.636618918682853,"5383910069571",Scheduled,24,24,18463.2
jaipur-10325396,JAIPUR J3 - FEEDER WAREHOUSE,jaipur,jaipur,"10325396",7,0,0.0,7.082771850278229,0.0,0.0,"6478710071825",Scheduled,144,144,12060.0
junagadh-10265740,CPC -  JUNAGADH SONVATIKA(HP),junagadh,junagadh,"10265740",7,0,0.15008048311282268,0.0,0.0,46.64164090368609,"","",0,0,0.0
surat-10249576,SURAT S1 - FEEDER WAREHOUSE,surat,surat,"10249576",29,3,0.0,1.8932314942715531,0.0,0.0,"","",0,0,0.0
delhi-10258333,CPC - DELHI4 (HP),delhi,delhi,"10258333",111,3,0.4315001627074521,2.682088152547671,6.952488687782804,264.1945701357465,"","",0,0,0.0
farukhnagar-10216726,FARUKHNAGAR F2 - FEEDER WAREHOUSE,farukhnagar,farukhnagar,"10216726",1557,823,208.43584521384923,231.36001798123212,3.948457133923512,11.418381505149403,"5383910069593",Scheduled,864,864,22464.0
bhopal-10315586,BHOPAL B1 - FEEDER WAREHOUSE,bhopal,bhopal,"10315586",81,28,1.0693438414624177,1.0013780431786863,26.184281345565747,101.93166666666666,"","",0,0,0.0
mumbai-10325396,MUMBAI M10 - FEEDER WAREHOUSE,mumbai,mumbai,"10325396",19,0,2.709677419354838,6.927835051546391,0.0,7.011904761904764,"2273910097415",Scheduled,144,144,12060.0
ranchi-10252336,RANCHI R2 - FEEDER WAREHOUSE,ranchi,ranchi,"10252336",13,1,4.1198910081743865,0.7097791798107257,0.24272486772486776,3.3981481481481484,"51024410014953",Scheduled,12,12,24351.6
dasna-10315341,DASNA D3 - FEEDER WAREHOUSE,dasna,dasna,"10315341",69,218,7.021648914984646,14.137309911690629,31.04683851890887,40.87359016021489,"2576310067807",Scheduled,96,96,3120.0
dasna-10315546,DASNA D3 - FEEDER WAREHOUSE,dasna,dasna,"10315546",55,265,13.707725863850305,14.914889928930492,19.332163674125685,23.344499531019697,"2576310067109",Scheduled,48,48,1560.0
gurgaon-10265737,CPC - GURGAON (HP),gurgaon,gurgaon,"10265737",13,0,0.0,0.67011168528088,0.0,0.0,"","",0,0,0.0
mumbai-10176795,MUMBAI M12 - FEEDER WAREHOUSE,mumbai,mumbai,"10176795",281,235,73.93692917456487,86.08381422775494,3.178384639767304,6.9789211664677815,"50033210033504",Scheduled,540,540,20412.0
kundli-10315546,KUNDLI - FEEDER WAREHOUSE,kundli,kundli,"10315546",85,40,39.24172502200283,35.004333506673596,1.0193231815770587,3.1853849424283083,"2011710095829",Scheduled,144,144,4680.0
dasna-10258187,SUPER STORE DASNA 2 - WAREHOUSE,dasna,dasna,"10258187",63,17,0.33361847733105215,0.8459651387992253,50.95641025641026,239.79487179487182,"","",0,0,0.0
bhopal-10315543,BHOPAL B1 - FEEDER WAREHOUSE,bhopal,bhopal,"10315543",196,81,10.531575067573105,9.073566598059397,7.691157256182919,26.301858764971218,"27828910033903",Scheduled,48,48,1560.0
noida-10315547,NOIDA N1 - FEEDER WAREHOUSE,noida,noida,"10315547",61,0,5.624244136262922,14.016855145850112,0.0,10.845901870919135,"2867410094941",Scheduled,48,48,1560.0
lucknow-10249578,SUPER STORE LUCKNOW L4 - WAREHOUSE,lucknow,lucknow,"10249578",17,0,0.0,1.2489333992006109,0.0,0.0,"1735810061288",Scheduled,24,24,18463.2
dasna-10325396,DASNA D3 - FEEDER WAREHOUSE,dasna,dasna,"10325396",61,0,28.74503968253968,22.448042606593006,0.0,2.122105263157895,"2576310065808",Scheduled,144,144,12060.0
chennai-10249577,CPC-CHN3,chennai,chennai,"10249577",13,0,0.26143790849673204,0.0,0.0,49.724999999999994,"","",0,0,0.0
bengaluru-10258761,BENGALURU B3 - FEEDER WAREHOUSE,bengaluru,bengaluru,"10258761",99,0,7.3978424321673755,8.78273177636235,0.0,13.382280159080866,"1736010088491",Scheduled,36,36,6804.0
guwahati-10216726,GUWAHATI G1 - FEEDER WAREHOUSE,guwahati,guwahati,"10216726",311,156,75.31340338815181,58.54014813614383,2.071344448424458,6.200755496245011,"7165810032200",Scheduled,144,144,3744.0
bengaluru-10176797,BENGALURU B3 - FEEDER WAREHOUSE,bengaluru,bengaluru,"10176797",679,116,196.64634884753565,168.61388742766965,0.5898914507176404,4.042790545866588,"1736010088344",Scheduled,180,180,6804.0
nellore-10216715,CPC - NELLORE RAMALINGA PURAM (HP),nellore,nellore,"10216715",5,21,5.636089910638611,2.328471269969282,3.725987401365026,4.61312725883289,"","",0,0,0.0
kundli-10249577,KUNDLI - FEEDER WAREHOUSE,kundli,kundli,"10249577",48,59,8.004326663061116,5.829640571147218,7.371013513513511,13.367770270270267,"2011710095745",Scheduled,6,6,4615.8
satara-10249578,CPC - SATARA POWAI NAKA(HP),satara,satara,"10249578",4,0,0.0,0.0,0.0,0.0,"","",0,0,0.0
aurangabad-(maharashtra)-10315547,CC-DTS-CHITEGAON1,aurangabad,aurangabad-(maharashtra),"10315547",1,0,0.0,0.6492838469166442,0.0,0.0,"","",0,0,0.0
pune-10249577,PUNE P2 - FEEDER WAREHOUSE,pune,pune,"10249577",0,6,1.1753986332574033,1.5000000000000002,5.104651162790697,5.104651162790697,"","",0,0,0.0
noida-10176794,NOIDA N1 - FEEDER WAREHOUSE,noida,noida,"10176794",181,9,18.55273750756692,16.766349642121774,0.485103613217686,10.241076279040039,"2867410093996",Scheduled,180,180,6804.0
solapur-10315341,CPC - SOLAPUR MURARJI PETH(HP),solapur,solapur,"10315341",0,0,0.3014624449808321,0.3449598045141123,0.0,0.0,"","",0,0,0.0
surat-10176794,SURAT S1 - FEEDER WAREHOUSE,surat,surat,"10176794",89,184,0.626870980171315,8.261906384138449,293.5213238770686,435.4963120567376,"2873410039790",Scheduled,180,180,6804.0
indore-10216715,INDORE I2 - FEEDER WAREHOUSE,indore,indore,"10216715",698,428,78.08843412421031,79.55610172395046,5.480965328606892,14.41954897198916,"50993810015362",Scheduled,144,144,3744.0
lucknow-10298083,LUCKNOW L5 - FEEDER WAREHOUSE,lucknow,lucknow,"10298083",33,0,0.0,1.563286454478164,0.0,0.0,"2940310043143",Scheduled,40,40,41972.0
guwahati-10216715,GUWAHATI G2 - FEEDER WAREHOUSE,guwahati,guwahati,"10216715",95,0,16.826587269442808,19.597966522241457,0.0,5.6458269569920825,"51894410004218",Scheduled,72,72,1872.0
hyderabad-10298083,HYDERABAD H3 - FEEDER WAREHOUSE,hyderabad,hyderabad,"10298083",137,1,6.857142857142857,6.857142857142857,0.14583333333333334,20.125,"6769710093850",Scheduled,40,40,41972.0
nagpur-10265737,NAGPUR N1 - FEEDER WAREHOUSE,nagpur,nagpur,"10265737",112,63,10.711614455428265,14.31934075456606,5.881466352448285,16.33740653457857,"2549710051002",Scheduled,36,36,6804.0
surat-10216722,SURAT S1 - FEEDER WAREHOUSE,surat,surat,"10216722",200,285,29.999877738654153,29.99720305798993,9.500038716250636,16.166732552215993,"2873410039790",Scheduled,144,144,3744.0
bengaluru-10216722,BENGALURU B5 - FEEDER WAREHOUSE,bengaluru,bengaluru,"10216722",83,815,0.5384023395413268,36.4375,1513.7378502001143,1667.8976558033162,"49990010081779",Scheduled,288,288,7488.0
ahmedabad-10252336,AHMEDABAD A2 - FEEDER WAREHOUSE,ahmedabad,ahmedabad,"10252336",52,0,11.092014252777195,9.340694006309151,0.0,4.688057445200302,"2738110069320",Scheduled,24,24,48703.2
pune-10249574,PUNE P3 - FEEDER WAREHOUSE,pune,pune,"10249574",6,0,18.982857142857146,19.260204081632654,0.0,0.31607465382299815,"43886110066159",Scheduled,132,132,267867.6
jamnagar-10315546,CPC - JAMNAGAR KHODIYAR COLONY (HP),jamnagar,jamnagar,"10315546",2,1,0.4639917850832817,0.19426517518860817,2.1552105708520473,6.465631712556142,"","",0,0,0.0
kundli-10258187,KUNDLI - FEEDER WAREHOUSE,kundli,kundli,"10258187",43,91,1.7514970059880237,1.294844600202896,51.95555555555556,76.50598290598292,"","",0,0,0.0
chennai-10315543,CHENNAI C5 - FEEDER WAREHOUSE,chennai,chennai,"10315543",147,136,3.796296296296296,7.072091994692615,35.82439024390244,74.54634146341465,"8525210065889",Scheduled,48,48,1560.0
bhubaneswar-10265791,BHUBANESWAR B1 - FEEDER WAREHOUSE,bhubaneswar,bhubaneswar,"10265791",1,0,0.0,0.0,0.0,0.0,"","",0,0,0.0
noida-10298083,CPC-NOIDA2,noida,noida,"10298083",11,0,0.33928571428571425,0.0,0.0,32.42105263157895,"","",0,0,0.0
bengaluru-10216726,BENGALURU B5 - FEEDER WAREHOUSE,bengaluru,bengaluru,"10216726",108,4514,48.8209982788296,105.41351181761137,92.46021505376345,94.67237793054822,"49990010078666",Scheduled,576,576,14976.0
coimbatore-10216726,COIMBATORE C1 - FEEDER WAREHOUSE,coimbatore,coimbatore,"10216726",419,77,34.07381281566548,28.87993920972644,2.2597999354096103,14.556633350170998,"2883810039882",Scheduled,144,144,3744.0
puducherry-10265737,CPC - PUDUCHERRY VENKATA NAGAR (HP),puducherry,puducherry,"10265737",1,0,0.0,0.0,0.0,0.0,"","",0,0,0.0
gurgaon-10176794,CPC - GURGAON1 (HP),gurgaon,gurgaon,"10176794",2,0,0.2531562622864882,0.39121482498284144,0.0,7.900258843830887,"","",0,0,0.0
pune-10216715,PUNE P3 - FEEDER WAREHOUSE,pune,pune,"10216715",393,57,179.79345410718992,201.70713263846307,0.31703045187628204,2.5028719884969637,"43886110063916",Scheduled,216,216,5616.0
ranchi-10176794,RANCHI R1 - FEEDER WAREHOUSE,ranchi,ranchi,"10176794",40,163,2.8209194107709177,2.5618314369421546,57.78257945889152,71.962353559233,"","",0,0,0.0
ahmedabad-10216726,AHMEDABAD A2 - FEEDER WAREHOUSE,ahmedabad,ahmedabad,"10216726",466,224,103.6439126065921,141.48576648115886,2.1612460815740455,6.657409804848623,"2738110063421",Scheduled,216,216,5616.0
nagpur-10216722,NAGPUR N1 - FEEDER WAREHOUSE,nagpur,nagpur,"10216722",410,245,152.18481025039125,76.5548454901429,1.6098847158063867,4.303977505523197,"2549710051216",Scheduled,72,72,1872.0
bhubaneswar-10315586,BHUBANESWAR B1 - FEEDER WAREHOUSE,bhubaneswar,bhubaneswar,"10315586",39,1,1.6040157621936264,1.126550298576022,0.6234352701325179,24.937410805300715,"5407610027371",Scheduled,36,36,6804.0
vijayawada-10315547,VIJAYAWADA - FEEDER WAREHOUSE,vijayawada,vijayawada,"10315547",49,114,3.2139886804791225,7.142122316083086,35.46994446259392,50.71579778423517,"51388610011914",Scheduled,48,48,1560.0
lucknow-10265791,LUCKNOW L5 - FEEDER WAREHOUSE,lucknow,lucknow,"10265791",14,0,0.0,0.49735449735449744,0.0,0.0,"","",0,0,0.0
pune-10176795,PUNE P3 - FEEDER WAREHOUSE,pune,pune,"10176795",385,126,64.68598277212216,65.45300462249614,1.9478717737639824,7.899702193598373,"43886110068251",Scheduled,180,180,6804.0
farukhnagar-10315547,FARUKHNAGAR - SR FEEDER WAREHOUSE,farukhnagar,farukhnagar,"10315547",34,36,53.387711384374555,47.12753659274014,0.6743124787802092,1.3111631531837402,"1735210076934",Scheduled,288,288,9360.0
dehradun-10249578,CPC-DHD1-FRZ (HP),dehradun,dehradun,"10249578",7,0,0.0,0.0,0.0,0.0,"","",0,0,0.0
hyderabad-10249576,HYDERABAD H3 - FEEDER WAREHOUSE,hyderabad,hyderabad,"10249576",22,0,9.571428571428571,9.571428571428571,0.0,2.298507462686567,"6769710095686",Scheduled,12,12,23511.6
kundli-10216715,KUNDLI - FEEDER WAREHOUSE,kundli,kundli,"10216715",429,982,201.21696184883677,170.98739876316404,4.880304279406239,7.012331301672305,"2011710093411",Scheduled,648,648,16848.0
kolkata-10216726,KOLKATA K4 - FEEDER WAREHOUSE,kolkata,kolkata,"10216726",603,159,75.61793045664014,86.19895121563643,2.102675900277008,10.076975069252077,"2135610070684",Scheduled,72,72,1872.0
bhopal-10216709,BHOPAL B1 - FEEDER WAREHOUSE,bhopal,bhopal,"10216709",138,0,11.232174416074466,18.875469446264212,0.0,12.286134001134005,"27828910034742",Scheduled,72,72,1872.0
ranchi-10258187,RANCHI R2 - FEEDER WAREHOUSE,ranchi,ranchi,"10258187",58,3,1.388769824260609,0.9830842752029129,2.1601851851851848,43.923765432098755,"","",0,0,0.0
mumbai-10216715,MUMBAI M12 - FEEDER WAREHOUSE,mumbai,mumbai,"10216715",333,879,217.00647800886466,249.0955559794011,4.05057032428356,5.585086726998491,"50033210036493",Scheduled,648,648,16848.0
pune-10260300,PUNE P3 - FEEDER WAREHOUSE,pune,pune,"10260300",65,0,6.857142857142857,5.433962264150944,0.0,9.479166666666668,"43886110067295",Scheduled,36,36,6804.0
mumbai-10260300,MUMBAI M12 - FEEDER WAREHOUSE,mumbai,mumbai,"10260300",65,36,7.572802197802198,8.612312030075188,4.753854525666606,13.337202974786868,"50033210040195",Scheduled,36,36,6804.0
dasna-10216715,DASNA D3 - FEEDER WAREHOUSE,dasna,dasna,"10216715",275,1813,87.07206712731482,111.26804150386836,20.82183253268895,23.980135867763117,"2576310066675",Scheduled,2304,2304,59904.0
farukhnagar-10315547,FARUKHNAGAR - SR FEEDER WAREHOUSE,farukhnagar,farukhnagar,"10315547",34,36,53.387711384374555,47.12753659274014,0.6743124787802092,1.3111631531837402,"1735210075753",Scheduled,48,48,1560.0
solapur-10249577,CPC - SOLAPUR MURARJI PETH(HP),solapur,solapur,"10249577",2,0,0.08361953113334328,0.0,0.0,23.917857142857144,"","",0,0,0.0
delhi-10216726,CPC - DELHI MUNDKA (HP),delhi,delhi,"10216726",49,14,18.76374745417515,10.229073404633914,0.7461196135894932,3.3575382611527194,"","",0,0,0.0
surat-10249577,SURAT S1 - FEEDER WAREHOUSE,surat,surat,"10249577",59,4,3.2109899955203822,1.8652338395745378,1.2457217261904763,19.6201171875,"2873410039504",Scheduled,48,48,36926.4
dasna-10216722,DASNA D3 - FEEDER WAREHOUSE,dasna,dasna,"10216722",176,17,39.29896186250466,39.8874536385727,0.43258140150057717,4.911071205271258,"2576310065808",Scheduled,72,72,1872.0
bidar-10315547,CPC - BIDAR DEVI NAGAR (HP),bidar,bidar,"10315547",1,1,0.0,0.0,0.0,0.0,"","",0,0,0.0
solapur-10265791,CPC - SOLAPUR MURARJI PETH(HP),solapur,solapur,"10265791",2,0,0.0,0.0,0.0,0.0,"","",0,0,0.0
bengaluru-10249577,BENGALURU B5 - FEEDER WAREHOUSE,bengaluru,bengaluru,"10249577",87,30,12.437017994858614,13.882352941176471,2.4121537825547743,9.40739975196362,"49990010081779",Scheduled,24,24,18463.2
ranchi-10315546,RANCHI R1 - FEEDER WAREHOUSE,ranchi,ranchi,"10315546",19,0,1.104742345436385,4.856629379715204,0.0,17.19858035539934,"2896610025121",Scheduled,48,48,1560.0
gurgaon-10249577,CPC - GURGAON3 (HP),gurgaon,gurgaon,"10249577",6,0,0.2163331530557058,0.8102975311247099,0.0,27.735,"","",0,0,0.0
hyderabad-10216709,HYDERABAD H4 - FEEDER WAREHOUSE,hyderabad,hyderabad,"10216709",0,65,0.0,0.0,0.0,0.0,"","",0,0,0.0
farukhnagar-10258761,FARUKHNAGAR F2 - FEEDER WAREHOUSE,farukhnagar,farukhnagar,"10258761",217,23,16.0270087778528,12.787988860636881,1.4350775193798453,14.974721941354906,"5383910069131",Scheduled,36,36,6804.0
delhi-10315546,CPC-DEL5,delhi,delhi,"10315546",11,0,0.6911458418748053,0.652254661615036,0.0,15.915598899012906,"","",0,0,0.0
mumbai-10265740,MUMBAI M10 - FEEDER WAREHOUSE,mumbai,mumbai,"10265740",282,190,15.752839931153181,23.066003616636525,12.06131725012019,29.962851273982785,"2273910094687",Scheduled,180,180,6804.0
jaipur-10298083,JAIPUR J3 - FEEDER WAREHOUSE,jaipur,jaipur,"10298083",25,0,0.13142583339037578,0.5684678016284233,0.0,190.22135416666669,"6478710071599",Scheduled,20,20,20986.0
pune-10199527,PUNE P3 - FEEDER WAREHOUSE,pune,pune,"10199527",141,33,29.043636363636367,27.292746113989637,1.1362213597095279,5.990985351195692,"43886110068251",Scheduled,180,180,6804.0
rajpura-10249574,RAJPURA R2 - FEEDER WAREHOUSE,rajpura,rajpura,"10249574",43,1,14.785810507409073,17.029702970297027,0.0676324101068999,2.975826044703595,"43886010069920",Scheduled,12,12,24351.6
agra-10291036,CPC-AGRA2,agra,agra,"10291036",4,0,0.0,0.14274677164195576,0.0,0.0,"","",0,0,0.0
hyderabad-10258333,HYDERABAD H4 - FEEDER WAREHOUSE,hyderabad,hyderabad,"10258333",0,36,0.0,0.0,0.0,0.0,"","",0,0,0.0
kolkata-10315546,KOLKATA K4 - FEEDER WAREHOUSE,kolkata,kolkata,"10315546",315,97,37.77483443708609,34.79675187969925,2.5678471248246844,10.906732117812062,"2135610069122",Scheduled,336,336,10920.0
noida-10249574,NOIDA N1 - FEEDER WAREHOUSE,noida,noida,"10249574",5,1,5.259128182995251,7.881169058452923,0.19014558405961235,1.140873504357674,"2867410093603",Scheduled,84,84,170461.2
agra-10216722,CPC-AGRA2,agra,agra,"10216722",36,0,0.3973493740219093,2.974929228891563,0.0,90.60036923076922,"","",0,0,0.0
solapur-10265737,CPC - SOLAPUR MURARJI PETH(HP),solapur,solapur,"10265737",2,0,0.25056408082873133,0.6029196107185709,0.0,7.981990049751245,"","",0,0,0.0
delhi-10176797,CPC - DELHI MUNDKA (HP),delhi,delhi,"10176797",63,10,11.216091791203345,14.1853025731422,0.891576155594847,6.508505935842384,"","",0,0,0.0
jamnagar-10216722,CPC - JAMNAGAR KHODIYAR COLONY (HP),jamnagar,jamnagar,"10216722",3,8,1.748337245696401,0.7933144610377502,4.575776223776223,6.291692307692307,"","",0,0,0.0
dehradun-10315543,CPC-DHD1-FRZ (HP),dehradun,dehradun,"10315543",19,0,0.877631255631092,0.8641491998151807,0.0,21.649183387774144,"","",0,0,0.0
kolkata-10176797,KOLKATA K4 - FEEDER WAREHOUSE,kolkata,kolkata,"10176797",504,208,95.31585845347315,91.42857142857143,2.182218188818304,7.469900723262655,"2135610069122",Scheduled,180,180,6804.0
bengaluru-10216726,BENGALURU B5 - FEEDER WAREHOUSE,bengaluru,bengaluru,"10216726",108,4514,48.8209982788296,105.41351181761137,92.46021505376345,94.67237793054822,"49990010081779",Scheduled,504,504,13104.0
coimbatore-10258333,COIMBATORE C1 - FEEDER WAREHOUSE,coimbatore,coimbatore,"10258333",115,1,1.1268057784911718,1.5289575289575292,0.8874643874643874,102.94586894586894,"","",0,0,0.0
kundli-10216715,KUNDLI - FEEDER WAREHOUSE,kundli,kundli,"10216715",429,982,201.21696184883677,170.98739876316404,4.880304279406239,7.012331301672305,"2011710094637",Scheduled,360,360,9360.0
dasna-10315341,DASNA D3 - FEEDER WAREHOUSE,dasna,dasna,"10315341",69,218,7.021648914984646,14.137309911690629,31.04683851890887,40.87359016021489,"2576310065808",Scheduled,96,96,3120.0
ranchi-10199527,RANCHI R1 - FEEDER WAREHOUSE,ranchi,ranchi,"10199527",47,0,3.5762255249487622,6.113702097408982,0.0,13.142347895040368,"2896610024842",Scheduled,180,180,6804.0
hyderabad-10176793,HYDERABAD H3 - FEEDER WAREHOUSE,hyderabad,hyderabad,"10176793",367,255,49.285714285714285,49.285714285714285,5.173913043478261,12.620289855072464,"6769710094450",Scheduled,180,180,6804.0
dehradun-10258333,DEHRADUN - FEEDER WAREHOUSE,dehradun,dehradun,"10258333",63,0,2.537476110845675,4.790173442030968,0.0,24.827819947043256,"2173110040847",Scheduled,36,36,6804.0
dasna-10291036,DASNA D3 - FEEDER WAREHOUSE,dasna,dasna,"10291036",25,1,0.5932599844061337,0.8750567923671059,1.6856016355140184,43.82564252336448,"2576310067807",Scheduled,96,96,73852.8
mumbai-10315547,MUMBAI M10 - FEEDER WAREHOUSE,mumbai,mumbai,"10315547",140,269,34.602409638554214,38.912289042072736,7.774025069637884,11.819986072423399,"2273910094389",Scheduled,96,96,3120.0
surat-10176795,SURAT S2 - FEEDER WAREHOUSE,surat,surat,"10176795",169,357,27.729672264200556,44.71742877420663,12.874295685812797,18.96885022615555,"51076110004079",Scheduled,180,180,6804.0
ahmedabad-10265740,CPC - AHMEDABAD2 (HP),ahmedabad,ahmedabad,"10265740",11,0,0.9004828986769361,0.34738429129060894,0.0,12.21566785572731,"","",0,0,0.0
dehradun-10216715,CPC-DHD1-FRZ (HP),dehradun,dehradun,"10216715",111,10,28.817572760482633,21.926437792210738,0.34701048846532073,4.198826910430381,"","",0,0,0.0
patna-10176794,PATNA P1 - FEEDER WAREHOUSE,patna,patna,"10176794",130,101,1.8806129405139451,3.2937832760684844,53.705894405043345,122.83229314420805,"","",0,0,0.0
mumbai-10315341,MUMBAI M12 - FEEDER WAREHOUSE,mumbai,mumbai,"10315341",11,0,13.339432753888381,13.057169634489222,0.0,0.8246227709190672,"50033210038659",Scheduled,240,240,7800.0
kolkata-10176795,KOLKATA K6 - FEEDER WAREHOUSE,kolkata,kolkata,"10176795",240,132,21.509265588212962,25.429277529929074,6.136890144326255,17.294872224919448,"48287510054379",Scheduled,180,180,6804.0
visakhapatnam-10249576,VISAKHAPATNAM V1 - FEEDER WAREHOUSE,visakhapatnam,visakhapatnam,"10249576",8,21,1.1231080690253543,1.5903144551881045,18.698111587982833,25.821201716738198,"","",0,0,0.0
dasna-10176795,DASNA D3 - FEEDER WAREHOUSE,dasna,dasna,"10176795",373,371,122.21917460317462,123.28259124851701,3.035530236598107,6.08742451759836,"2576310067486",Scheduled,180,180,6804.0
noida-10315341,CPC-NOIDA2,noida,noida,"10315341",30,11,0.3079670576747652,1.7194025568272386,35.71810596579058,133.1311222361285,"","",0,0,0.0
farukhnagar-10176797,FARUKHNAGAR F2 - FEEDER WAREHOUSE,farukhnagar,farukhnagar,"10176797",1542,749,323.548882121019,302.0902035976362,2.314951592754528,7.080846594126333,"5383910069131",Scheduled,360,360,13608.0
goa-10216722,CPC-GOA2-FRZ (HP),goa,goa,"10216722",2,2,0.0,0.49582153814859387,0.0,0.0,"","",0,0,0.0
ahmedabad-10315586,AHMEDABAD A2 - FEEDER WAREHOUSE,ahmedabad,ahmedabad,"10315586",94,44,2.245622067071077,1.3143086816720255,19.593679918450558,61.452905198776755,"","",0,0,0.0
bhopal-10216722,BHOPAL B1 - FEEDER WAREHOUSE,bhopal,bhopal,"10216722",289,51,31.12570096504956,25.78271998372688,1.6385173158756134,10.92344877250409,"27828910033803",Scheduled,72,72,1872.0
rajpura-10216726,RAJPURA R2 - FEEDER WAREHOUSE,rajpura,rajpura,"10216726",1270,345,280.4896378521355,118.97666726824723,1.2299919620626847,5.757788460090538,"43886010069972",Scheduled,576,576,14976.0
jaipur-10216715,JAIPUR J4 - FEEDER WAREHOUSE,jaipur,jaipur,"10216715",257,536,36.267013338022366,59.08495847547053,14.779270490356513,21.865599811292377,"49603310013988",Scheduled,72,72,1872.0
rajpura-10265737,RAJPURA R2 - FEEDER WAREHOUSE,rajpura,rajpura,"10265737",150,148,18.792306062154854,6.431142514331424,7.87556351575456,15.857553565505802,"43886010069381",Scheduled,72,72,13608.0
gurgaon-10315546,CPC - GURGAON1 (HP),gurgaon,gurgaon,"10315546",0,0,0.13438946925343434,0.12682729531403478,0.0,0.0,"","",0,0,0.0
gurgaon-10176793,CPC-GGN4,gurgaon,gurgaon,"10176793",39,0,0.5273605103712501,1.0278416002162456,0.0,73.95320512820511,"","",0,0,0.0
patna-10176797,PATNA P2 - FEEDER WAREHOUSE,patna,patna,"10176797",167,48,34.44353915869456,54.93654244829853,1.3935850139802892,6.242099541786712,"50283910015238",Scheduled,180,180,6804.0
kolkata-10176794,KOLKATA K5 - FEEDER WAREHOUSE,kolkata,kolkata,"10176794",114,179,6.68041237113402,5.534478108423987,26.794753086419757,43.85956790123457,"","",0,0,0.0
kolkata-10216722,KOLKATA K5 - FEEDER WAREHOUSE,kolkata,kolkata,"10216722",0,0,0.0,0.09236453201970445,0.0,0.0,"27845210026389",Scheduled,72,72,1872.0
solapur-10315341,CPC - SOLAPUR KARNIK NAGAR (HP),solapur,solapur,"10315341",0,0,0.1291981907060709,0.14783991622033382,0.0,0.0,"","",0,0,0.0
noida-10216715,NOIDA N1 - FEEDER WAREHOUSE,noida,noida,"10216715",423,135,321.0325164042805,299.7443527311305,0.4205181503483364,1.738141688106457,"2867410093168",Scheduled,216,216,5616.0
indore-10249576,INDORE I2 - FEEDER WAREHOUSE,indore,indore,"10249576",41,0,5.3909187313217,3.2184935402616404,0.0,7.60538268955651,"50993810000789",Partially Scheduled,12,12,23511.6
satara-10249574,CPC - SATARA POWAI NAKA(HP),satara,satara,"10249574",1,0,0.0,0.39603960396039595,0.0,0.0,"","",0,0,0.0
delhi-10298083,CPC - DELHI MUNDKA (HP),delhi,delhi,"10298083",1,0,0.9500000000000001,0.31754874651810583,0.0,1.0526315789473684,"","",0,0,0.0
bengaluru-10249578,BENGALURU B3 - FEEDER WAREHOUSE,bengaluru,bengaluru,"10249578",0,35,1.9582664526484752,1.8944099378881984,17.87295081967213,17.87295081967213,"","",0,0,0.0
puducherry-10252336,CPC - PUDUCHERRY VENKATA NAGAR (HP),puducherry,puducherry,"10252336",2,0,0.0,0.0,0.0,0.0,"","",0,0,0.0
dasna-10249577,DASNA D3 - FEEDER WAREHOUSE,dasna,dasna,"10249577",59,0,8.436992969172527,6.932545544066963,0.0,6.99301282051282,"2576310066675",Scheduled,54,54,41542.2
bengaluru-10292367,BENGALURU B5 - FEEDER WAREHOUSE,bengaluru,bengaluru,"10292367",453,1828,128.963948549689,122.04379562043795,14.174503964537678,17.687113535618405,"49990010081779",Scheduled,288,288,22190.4
noida-10249574,NOIDA N1 - FEEDER WAREHOUSE,noida,noida,"10249574",5,1,5.259128182995251,7.881169058452923,0.19014558405961235,1.140873504357674,"2867410094569",Scheduled,60,60,121758.0
ahmedabad-10315546,AHMEDABAD A2 - FEEDER WAREHOUSE,ahmedabad,ahmedabad,"10315546",170,235,99.95156370335694,95.18993584241798,2.3511388045658697,4.0519626206347965,"2738110063421",Scheduled,144,144,4680.0
kolkata-10249578,KOLKATA K5 - FEEDER WAREHOUSE,kolkata,kolkata,"10249578",23,2,1.641337386018237,0.9523809523809522,1.2185185185185186,15.231481481481483,"","",0,0,0.0
mumbai-10258333,MUMBAI M12 - FEEDER WAREHOUSE,mumbai,mumbai,"10258333",70,0,2.5829596412556053,4.363636363636364,0.0,27.100694444444446,"50033210034102",Scheduled,36,36,6804.0
bengaluru-10176797,BENGALURU B3 - FEEDER WAREHOUSE,bengaluru,bengaluru,"10176797",679,116,196.64634884753565,168.61388742766965,0.5898914507176404,4.042790545866588,"1736010087559",Scheduled,360,360,13608.0
chennai-10216726,CHENNAI C5 - FEEDER WAREHOUSE,chennai,chennai,"10216726",514,221,49.60593662707035,54.96504559270516,4.455111928667799,14.816774966383857,"8525210065192",Scheduled,72,72,1872.0
morbi-10325396,CPC - MORBI SANALA ROAD(HP),morbi,morbi,"10325396",0,0,0.0,0.4166336382516605,0.0,0.0,"","",0,0,0.0
jaipur-10216709,JAIPUR J3 - FEEDER WAREHOUSE,jaipur,jaipur,"10216709",381,127,47.78779660657137,42.30601085807318,2.6575822494091734,10.630328997636694,"","",0,0,0.0
guwahati-10216722,GUWAHATI G2 - FEEDER WAREHOUSE,guwahati,guwahati,"10216722",48,0,7.152288732394367,1.818012306544844,0.0,6.711138461538461,"","",0,0,0.0
dasna-10315543,DASNA D3 - FEEDER WAREHOUSE,dasna,dasna,"10315543",118,27,18.910898126329254,21.552415244330138,1.4277481597983153,7.667536413731693,"2576310067109",Scheduled,48,48,1560.0
solapur-10258761,CPC - SOLAPUR KARNIK NAGAR (HP),solapur,solapur,"10258761",3,0,0.0,0.0,0.0,0.0,"","",0,0,0.0
gandhidham-10216709,CPC - GANDHIDHAM GAYATRI KUNJ (HP),gandhidham,gandhidham,"10216709",0,19,0.0,0.0,0.0,0.0,"","",0,0,0.0
noida-10298083,CPC - NOIDA1 (HP),noida,noida,"10298083",17,0,0.7916666666666666,1.0584958217270193,0.0,21.473684210526315,"","",0,0,0.0
surat-10249578,SURAT S1 - FEEDER WAREHOUSE,surat,surat,"10249578",47,45,1.222455196423626,1.5542282301163157,36.81116504854369,75.25838187702266,"2873410039504",Scheduled,24,24,18463.2
rajpura-10176797,RAJPURA R2 - FEEDER WAREHOUSE,rajpura,rajpura,"10176797",531,204,152.73038861170866,114.14592708702028,1.3356870355292274,4.812401819186187,"43886010069012",Scheduled,180,180,6804.0
junagadh-10176793,CPC -  JUNAGADH SONVATIKA(HP),junagadh,junagadh,"10176793",3,0,1.757649387324907,2.5122704042908466,0.0,1.7068250480637186,"","",0,0,0.0
mumbai-10199527,MUMBAI M11 - FEEDER WAREHOUSE,mumbai,mumbai,"10199527",265,24,35.69197040285009,29.697261774370208,0.6724201474201476,8.097059275184277,"5625710057139",Scheduled,180,180,6804.0
ludhiana-10258761,LUDHIANA L2 - FEEDER WAREHOUSE,ludhiana,ludhiana,"10258761",121,54,9.730972015682035,8.185630416550183,5.5492914698527365,17.98381494859683,"3226810044769",Scheduled,36,36,6804.0
bengaluru-10315341,BENGALURU B3 - FEEDER WAREHOUSE,bengaluru,bengaluru,"10315341",156,0,50.33642125792296,33.38287331917905,0.0,3.099147617202635,"1736010087973",Scheduled,96,96,3120.0
dasna-10258187,DASNA D3 - FEEDER WAREHOUSE,dasna,dasna,"10258187",55,40,1.6347305389221556,2.175338928340865,24.46886446886447,58.11355311355312,"","",0,0,0.0
noida-10216722,NOIDA N1 - FEEDER WAREHOUSE,noida,noida,"10216722",118,1,6.336957600328876,18.170951102016453,0.15780443283194792,18.7787275070018,"2867410093603",Scheduled,360,360,9360.0
satara-10315547,CPC - SATARA POWAI NAKA(HP),satara,satara,"10315547",2,0,0.0,0.13913225291070946,0.0,0.0,"","",0,0,0.0
goa-10315543,CPC-GOA2-FRZ (HP),goa,goa,"10315543",3,1,0.0,0.18003108329482928,0.0,0.0,"","",0,0,0.0
pune-10292367,PUNE P3 - FEEDER WAREHOUSE,pune,pune,"10292367",159,10,50.230251316578894,42.38394793926247,0.19908321654563213,3.364506359621183,"43886110066159",Scheduled,144,144,11095.2
gurgaon-10265740,CPC - GURGAON3 (HP),gurgaon,gurgaon,"10265740",44,9,1.1539880278272123,0.4772848934727525,7.799041049798117,45.92768618214446,"","",0,0,0.0
kolkata-10258333,KOLKATA K6 - FEEDER WAREHOUSE,kolkata,kolkata,"10258333",63,5,1.4251497005988025,1.0921985815602837,3.5084033613445373,47.71428571428571,"","",0,0,0.0
kolkata-10249577,KOLKATA K5 - FEEDER WAREHOUSE,kolkata,kolkata,"10249577",5,19,0.0,0.0,0.0,0.0,"","",0,0,0.0
gurgaon-10260300,CPC - GURGAON (HP),gurgaon,gurgaon,"10260300",21,0,0.6723442402510085,0.31463030938647096,0.0,31.234,"","",0,0,0.0
patna-10258333,PATNA P1 - FEEDER WAREHOUSE,patna,patna,"10258333",59,0,0.4613592928810319,1.1270996334190513,0.0,127.88297734627835,"","",0,0,0.0
kundli-10315547,KUNDLI - FEEDER WAREHOUSE,kundli,kundli,"10315547",43,2,24.695544707409017,20.73096555035837,0.08098626791576585,1.8221910281047315,"2011710094637",Scheduled,48,48,1560.0
farukhnagar-10315341,FARUKHNAGAR F2 - FEEDER WAREHOUSE,farukhnagar,farukhnagar,"10315341",558,353,78.59319311860008,71.6799821468422,4.491483116957848,11.591334616284986,"5383910068267",Scheduled,96,96,3120.0
ahmedabad-10216726,AHMEDABAD A2 - FEEDER WAREHOUSE,ahmedabad,ahmedabad,"10216726",466,224,103.6439126065921,141.48576648115886,2.1612460815740455,6.657409804848623,"2738110068008",Scheduled,432,432,11232.0
bhopal-10291036,BHOPAL B1 - FEEDER WAREHOUSE,bhopal,bhopal,"10291036",75,1,2.765461429950256,2.71218866119716,0.3616033075601375,27.481851374570446,"27828910034507",Scheduled,72,72,55389.6
farukhnagar-10315341,FARUKHNAGAR F2 - FEEDER WAREHOUSE,farukhnagar,farukhnagar,"10315341",558,353,78.59319311860008,71.6799821468422,4.491483116957848,11.591334616284986,"5383910069593",Scheduled,192,192,6240.0
noida-10315586,CPC-NOIDA2,noida,noida,"10315586",19,0,0.12740384615384615,0.2418986764034687,0.0,149.13207547169813,"","",0,0,0.0
patna-10298083,PATNA P1 - FEEDER WAREHOUSE,patna,patna,"10298083",28,2,1.073310972688069,1.2790525536639525,1.8633928571428573,27.950892857142858,"3292010040740",Scheduled,20,20,20986.0
mumbai-10315546,MUMBAI M10 - FEEDER WAREHOUSE,mumbai,mumbai,"10315546",53,323,29.041407078923747,34.403250874239085,11.122050633504296,12.947031078011193,"2273910094389",Scheduled,48,48,1560.0
kolkata-10315341,KOLKATA K5 - FEEDER WAREHOUSE,kolkata,kolkata,"10315341",51,61,2.4417501317870323,3.8989898989898992,24.982081174438687,45.868739205526765,"27845210026106",Scheduled,48,48,1560.0
bidar-10315543,CPC - BIDAR DEVI NAGAR (HP),bidar,bidar,"10315543",3,0,0.0,0.0,0.0,0.0,"","",0,0,0.0
coimbatore-10315546,COIMBATORE C1 - FEEDER WAREHOUSE,coimbatore,coimbatore,"10315546",232,161,14.089079934150355,8.482410523095748,11.427289840960729,27.893943524829602,"","",0,0,0.0
bengaluru-10216722,BENGALURU B5 - FEEDER WAREHOUSE,bengaluru,bengaluru,"10216722",83,815,0.5384023395413268,36.4375,1513.7378502001143,1667.8976558033162,"49990010073868",Scheduled,648,648,16848.0
dasna-10249576,DASNA D3 - FEEDER WAREHOUSE,dasna,dasna,"10249576",10,19,1.2558073046958758,1.1091471498011485,15.12970973249858,23.09271485486625,"","",0,0,0.0
gandhidham-10249577,CPC - GANDHIDHAM GAYATRI KUNJ (HP),gandhidham,gandhidham,"10249577",1,0,0.08361953113334328,0.0,0.0,11.958928571428572,"","",0,0,0.0
visakhapatnam-10291036,VISAKHAPATNAM V1 - FEEDER WAREHOUSE,visakhapatnam,visakhapatnam,"10291036",47,4,0.9876647964108056,0.570987086567823,4.0499570446735405,51.636952319587635,"2888510043803",Scheduled,24,24,18463.2
noida-10176797,NOIDA N1 - FEEDER WAREHOUSE,noida,noida,"10176797",333,71,131.56172533465545,125.39807474657705,0.5396706361169731,3.070801929454326,"2867410094941",Scheduled,360,360,13608.0
faridabad-10176797,FARIDABAD - FEEDER WAREHOUSE,faridabad,faridabad,"10176797",21,11,5.15333947163397,8.700318911527216,2.1345382078064863,6.2095656954370515,"","",0,0,0.0
solapur-10176795,CPC - SOLAPUR KONARK NAGAR(HP),solapur,solapur,"10176795",6,13,0.2038946490014747,2.1043495893744297,63.758416729739565,93.18537829731167,"","",0,0,0.0
bengaluru-10291036,BENGALURU B3 - FEEDER WAREHOUSE,bengaluru,bengaluru,"10291036",77,2,9.059233449477352,7.7909407665505235,0.22076923076923077,8.720384615384615,"1736010088491",Scheduled,24,24,18463.2
rajpura-10315341,RAJPURA R2 - FEEDER WAREHOUSE,rajpura,rajpura,"10315341",396,98,83.74626721567515,42.68877580862139,1.1702014102624614,5.898770374180163,"43886010066389",Scheduled,48,48,1560.0
dasna-10315546,DASNA D3 - FEEDER WAREHOUSE,dasna,dasna,"10315546",55,265,13.707725863850305,14.914889928930492,19.332163674125685,23.344499531019697,"2576310066675",Scheduled,288,288,9360.0
gandhidham-10324645,CPC - GANDHIDHAM GAYATRI KUNJ (HP),gandhidham,gandhidham,"10324645",0,0,0.0,0.0,0.0,0.0,"","",0,0,0.0
delhi-10315586,CPC - DELHI4 (HP),delhi,delhi,"10315586",102,1,0.7644230769230769,1.0885440438156093,1.308176100628931,134.7421383647799,"","",0,0,0.0
jaipur-10265740,JAIPUR J3 - FEEDER WAREHOUSE,jaipur,jaipur,"10265740",268,188,52.82833005571358,18.93244387533819,3.558696627391634,8.631732245162686,"6478710070890",Scheduled,360,360,13608.0
noida-10176795,NOIDA N1 - FEEDER WAREHOUSE,noida,noida,"10176795",467,223,123.02249312169313,102.88331355991347,1.8126766442573206,5.608730423935207,"2867410093168",Scheduled,180,180,6804.0
agra-10315547,CPC-AGRA2,agra,agra,"10315547",17,0,0.24165328424655055,4.058024043229027,0.0,70.34872318414462,"","",0,0,0.0
noida-10292367,NOIDA N1 - FEEDER WAREHOUSE,noida,noida,"10292367",332,188,80.09249185676639,61.29986229273171,2.3472861892748984,6.4924937150156765,"2867410094941",Scheduled,288,288,22190.4
varanasi-10249574,VARANASI V2 - FEEDER WAREHOUSE,varanasi,varanasi,"10249574",8,0,0.2155365963179165,1.3578500707213577,0.0,37.11666666666667,"","",0,0,0.0
patna-10249577,PATNA P1 - FEEDER WAREHOUSE,patna,patna,"10249577",37,9,0.6020606241600717,1.1842754536981193,14.948660714285715,76.40426587301587,"","",0,0,0.0
varanasi-10260300,VARANASI V2 - FEEDER WAREHOUSE,varanasi,varanasi,"10260300",107,7,3.8619479826100216,3.8198850414686047,1.8125567800292297,29.51878184619031,"51116810014516",Scheduled,36,36,6804.0
solapur-10252336,CPC - SOLAPUR KARNIK NAGAR (HP),solapur,solapur,"10252336",1,0,0.264095577447076,0.165615141955836,0.0,3.7865079365079377,"","",0,0,0.0
jaipur-10252336,JAIPUR J4 - FEEDER WAREHOUSE,jaipur,jaipur,"10252336",23,0,4.753720394047369,3.123028391167193,0.0,4.838315696649031,"49603310013756",Scheduled,24,24,48703.2
bengaluru-10252336,BENGALURU B5 - FEEDER WAREHOUSE,bengaluru,bengaluru,"10252336",3,0,0.5306122448979593,1.3928571428571428,0.0,5.653846153846152,"49990010073868",Scheduled,48,48,97406.4
solapur-10199527,CPC - SOLAPUR KARNIK NAGAR (HP),solapur,solapur,"10199527",2,0,0.0,0.1491146853026581,0.0,0.0,"","",0,0,0.0
kolkata-10265737,KOLKATA K4 - FEEDER WAREHOUSE,kolkata,kolkata,"10265737",65,0,0.0,5.301204819277108,0.0,0.0,"2135610071101",Scheduled,36,36,6804.0
jaipur-10315586,JAIPUR J4 - FEEDER WAREHOUSE,jaipur,jaipur,"10315586",35,36,1.1228110335355386,1.4603429796355842,32.06238532110092,63.234148827726806,"","",0,0,0.0
satara-10249577,CPC - SATARA POWAI NAKA(HP),satara,satara,"10249577",3,0,0.0,0.0,0.0,0.0,"","",0,0,0.0
ahmedabad-10216715,AHMEDABAD A2 - FEEDER WAREHOUSE,ahmedabad,ahmedabad,"10216715",1348,1092,880.7003103841377,721.8260936904774,1.239922351706336,2.770522470845659,"2738110068530",Scheduled,360,360,9360.0
lucknow-10315546,SUPER STORE LUCKNOW L4 - WAREHOUSE,lucknow,lucknow,"10315546",96,97,4.330589994110629,9.5189935842418,22.39879557564092,44.566675732976265,"1735810061603",Scheduled,48,48,1560.0
visakhapatnam-10249574,VISAKHAPATNAM V1 - FEEDER WAREHOUSE,visakhapatnam,visakhapatnam,"10249574",13,5,2.4140098787606648,1.5275813295615275,2.0712425595238093,7.4564732142857135,"2888510043803",Scheduled,12,12,24351.6
guwahati-10252336,GUWAHATI G2 - FEEDER WAREHOUSE,guwahati,guwahati,"10252336",24,12,1.1318381890588975,1.3911671924290223,10.602222222222222,31.806666666666665,"","",0,0,0.0
agra-10176793,CPC-AGRA2,agra,agra,"10176793",42,1,0.7989315396931395,2.679755097910236,1.2516717019133938,53.82188318227593,"","",0,0,0.0
bengaluru-10216726,BENGALURU B5 - FEEDER WAREHOUSE,bengaluru,bengaluru,"10216726",108,4514,48.8209982788296,105.41351181761137,92.46021505376345,94.67237793054822,"49990010081045",Scheduled,72,72,1872.0
farukhnagar-10216726,FARUKHNAGAR - SR FEEDER WAREHOUSE,farukhnagar,farukhnagar,"10216726",116,137,121.39918533604884,159.0080353630898,1.1285083966648215,2.0840337544248166,"1735210076934",Scheduled,792,792,20592.0
mangalore-10315547,CPC - MANGALORE ATTAVAR(HP),mangalore,mangalore,"10315547",0,0,0.0,0.0,0.0,0.0,"","",0,0,0.0
lucknow-10199527,SUPER STORE LUCKNOW L4 - WAREHOUSE,lucknow,lucknow,"10199527",130,18,10.98412125519977,13.569436362541888,1.6387291784018667,13.473995466859792,"","",0,0,0.0
surat-10249574,SURAT S2 - FEEDER WAREHOUSE,surat,surat,"10249574",9,2,2.715761113605748,1.188118811881188,0.7364417989417988,4.050429894179894,"","",0,0,0.0
nagpur-10315543,NAGPUR N1 - FEEDER WAREHOUSE,nagpur,nagpur,"10315543",138,122,7.16147104594971,17.931095896164997,17.03560612299049,36.30539009817645,"2549710051216",Scheduled,48,48,1560.0
pune-10216726,PUNE P2 - FEEDER WAREHOUSE,pune,pune,"10216726",605,541,93.19816212114826,86.43681953150777,5.80483549983265,12.296379820347905,"1723710057816",Scheduled,144,144,3744.0
ranchi-10249576,RANCHI R1 - FEEDER WAREHOUSE,ranchi,ranchi,"10249576",1,21,0.19253281183291787,0.324553970446552,109.07231759656652,114.26623748211732,"","",0,0,0.0
dasna-10216715,SUPER STORE DASNA 2 - WAREHOUSE,dasna,dasna,"10216715",615,468,201.94865989192348,195.54532046471914,2.317420676376158,5.362749129306366,"1724010051254",Scheduled,360,360,9360.0
gandhidham-10315543,CPC - GANDHIDHAM GAYATRI KUNJ (HP),gandhidham,gandhidham,"10315543",0,0,0.0,0.925874142659122,0.0,0.0,"","",0,0,0.0
satara-10249576,CPC - SATARA POWAI NAKA(HP),satara,satara,"10249576",1,0,0.0,0.162276985223276,0.0,0.0,"","",0,0,0.0
lucknow-10176797,SUPER STORE LUCKNOW L4 - WAREHOUSE,lucknow,lucknow,"10176797",200,64,28.73364764040829,33.77580017191687,2.2273538257633687,9.187834531273896,"1735810060912",Scheduled,180,180,6804.0
rajpura-10258187,RAJPURA R2 - FEEDER WAREHOUSE,rajpura,rajpura,"10258187",98,0,1.3226379278672464,3.1599137417236487,0.0,74.09435185185184,"43886010069972",Scheduled,72,72,13608.0
mumbai-10315547,MUMBAI M10 - FEEDER WAREHOUSE,mumbai,mumbai,"10315547",140,269,34.602409638554214,38.912289042072736,7.774025069637884,11.819986072423399,"2273910097633",Scheduled,288,288,9360.0
noida-10325396,NOIDA N1 - FEEDER WAREHOUSE,noida,noida,"10325396",19,0,0.6283068783068781,1.3957332190627776,0.0,30.24000000000001,"2867410094569",Scheduled,144,144,12060.0
rajpura-10249577,RAJPURA R2 - FEEDER WAREHOUSE,rajpura,rajpura,"10249577",129,6,10.435717485441241,10.113712374581937,0.574948489010989,12.936341002747254,"43886010069920",Scheduled,12,12,9231.6
coimbatore-10324645,COIMBATORE C1 - FEEDER WAREHOUSE,coimbatore,coimbatore,"10324645",0,4,0.0,0.0,0.0,0.0,"","",0,0,0.0
noida-10249577,NOIDA N1 - FEEDER WAREHOUSE,noida,noida,"10249577",51,3,1.9469983775013522,3.1511570654849828,1.5408333333333333,27.735,"2867410094569",Scheduled,60,60,46158.0
bengaluru-10315586,BENGALURU B5 - FEEDER WAREHOUSE,bengaluru,bengaluru,"10315586",151,47,5.142857142857143,3.3027522935779823,9.138888888888888,38.5,"49990010078666",Scheduled,36,36,6804.0
hyderabad-10260300,HYDERABAD H3 - FEEDER WAREHOUSE,hyderabad,hyderabad,"10260300",222,64,12.857142857142858,12.857142857142858,4.977777777777778,22.244444444444444,"6769710095165",Scheduled,36,36,6804.0
ahmedabad-10249574,AHMEDABAD A2 - FEEDER WAREHOUSE,ahmedabad,ahmedabad,"10249574",0,0,29.873372249663227,22.811881188118807,0.0,0.0,"2738110063421",Scheduled,48,48,97406.4
pune-10249577,PUNE P3 - FEEDER WAREHOUSE,pune,pune,"10249577",45,0,4.967458509599741,4.642857142857143,0.0,9.058958401572221,"43886110063916",Scheduled,24,24,18463.2
farukhnagar-10249577,FARUKHNAGAR - SR FEEDER WAREHOUSE,farukhnagar,farukhnagar,"10249577",12,0,0.519199567333694,1.1029049729197442,0.0,23.112499999999997,"1735210076297",Scheduled,12,12,9231.6
mumbai-10292367,MUMBAI M11 - FEEDER WAREHOUSE,mumbai,mumbai,"10292367",585,240,77.38905775075987,78.40992072629189,3.1012136208318606,10.660421821609521,"5625710056845",Scheduled,144,144,11095.2
solapur-10315543,CPC - SOLAPUR KONARK NAGAR(HP),solapur,solapur,"10315543",5,0,0.0,0.0,0.0,0.0,"","",0,0,0.0
dasna-10216709,SUPER STORE DASNA 2 - WAREHOUSE,dasna,dasna,"10216709",193,87,10.956156538339163,12.824034705285651,7.940740869807641,25.55640739708206,"1724010051917",Scheduled,216,216,5616.0
bengaluru-10315543,BENGALURU B5 - FEEDER WAREHOUSE,bengaluru,bengaluru,"10315543",272,100,28.84549356223176,33.37031994554118,3.4667460199375095,12.896295194167536,"49990010073868",Scheduled,48,48,1560.0
patna-10265791,PATNA P1 - FEEDER WAREHOUSE,patna,patna,"10265791",3,0,0.0,0.0,0.0,0.0,"","",0,0,0.0
bhopal-10315341,BHOPAL B1 - FEEDER WAREHOUSE,bhopal,bhopal,"10315341",91,0,8.397882395894609,16.558070616677387,0.0,10.83606505903039,"27828910034302",Scheduled,48,48,1560.0
noida-10315547,CPC - NOIDA1 (HP),noida,noida,"10315547",34,0,2.386042966899421,2.7040389848293525,0.0,14.249533839779005,"","",0,0,0.0
mumbai-10291036,MUMBAI M12 - FEEDER WAREHOUSE,mumbai,mumbai,"10291036",65,0,2.4859228362878,6.081632653061224,0.0,26.14723154362416,"50033210038659",Scheduled,24,24,18463.2
mumbai-10291036,MUMBAI M12 - FEEDER WAREHOUSE,mumbai,mumbai,"10291036",65,0,2.4859228362878,6.081632653061224,0.0,26.14723154362416,"50033210033504",Scheduled,24,24,18463.2
dehradun-10315546,DEHRADUN - FEEDER WAREHOUSE,dehradun,dehradun,"10315546",137,13,14.229081409220639,20.78637374518107,0.9136218724264114,10.541790835689362,"2173110040847",Scheduled,48,48,1560.0
coimbatore-10315547,COIMBATORE C1 - FEEDER WAREHOUSE,coimbatore,coimbatore,"10315547",133,39,5.767276700355094,4.976421636615812,6.7622904234157435,29.823434687884816,"","",0,0,0.0
jamnagar-10249578,CPC - JAMNAGAR KHODIYAR COLONY (HP),jamnagar,jamnagar,"10249578",2,0,0.0,0.0,0.0,0.0,"","",0,0,0.0
dasna-10291036,SUPER STORE DASNA 2 - WAREHOUSE,dasna,dasna,"10291036",32,1,0.8342718530711255,2.250146037515415,1.1986500519210797,39.555451713395634,"1724010051605",Scheduled,72,72,55389.6
lucknow-10315547,SUPER STORE LUCKNOW L4 - WAREHOUSE,lucknow,lucknow,"10315547",82,66,7.4711140379558545,7.142122316083086,8.834023903891318,19.809629360241136,"","",0,0,0.0
mumbai-10258761,MUMBAI M12 - FEEDER WAREHOUSE,mumbai,mumbai,"10258761",47,36,1.0526315789473681,5.714285714285715,34.20000000000001,78.85000000000002,"50033210034102",Scheduled,36,36,6804.0
coimbatore-10258187,COIMBATORE C1 - FEEDER WAREHOUSE,coimbatore,coimbatore,"10258187",103,38,0.8843537414965985,0.12195121951219513,42.969230769230776,159.43846153846155,"","",0,0,0.0
gandhidham-10216722,CPC - GANDHIDHAM GAYATRI KUNJ (HP),gandhidham,gandhidham,"10216722",19,0,0.0,0.49582153814859387,0.0,0.0,"","",0,0,0.0
mumbai-10315546,MUMBAI M10 - FEEDER WAREHOUSE,mumbai,mumbai,"10315546",53,323,29.041407078923747,34.403250874239085,11.122050633504296,12.947031078011193,"2273910094687",Scheduled,192,192,6240.0
bhuj-10292367,CPC -  BHUJ CITY MALL (HP),bhuj,bhuj,"10292367",11,0,0.0,0.9748741149707333,0.0,0.0,"","",0,0,0.0
delhi-10258333,CPC - DELHI MUNDKA (HP),delhi,delhi,"10258333",8,2,0.21575008135372606,0.5120350109409191,9.269984917043738,46.34992458521869,"","",0,0,0.0
indore-10216726,INDORE I2 - FEEDER WAREHOUSE,indore,indore,"10216726",236,135,23.755395928505827,26.466743030566427,5.682919384138898,15.617504381596525,"50993810014973",Scheduled,72,72,1872.0
mumbai-10265740,MUMBAI M12 - FEEDER WAREHOUSE,mumbai,mumbai,"10265740",228,274,35.30808950086058,49.46112115732369,7.760261284976115,14.217704981963537,"50033210036493",Scheduled,180,180,6804.0
bengaluru-10249574,BENGALURU B5 - FEEDER WAREHOUSE,bengaluru,bengaluru,"10249574",8,96,0.433996383363472,0.8673469387755102,221.2,239.6333333333333,"49990010081779",Scheduled,144,144,292219.2
lucknow-10216715,SUPER STORE LUCKNOW L4 - WAREHOUSE,lucknow,lucknow,"10216715",313,161,42.54022645595055,87.08482549685114,3.7846531016169336,11.142394845754202,"1735810061288",Scheduled,144,144,3744.0
guwahati-10258187,GUWAHATI G2 - FEEDER WAREHOUSE,guwahati,guwahati,"10258187",40,23,1.0287183883411917,0.16384737920048548,22.357916666666664,61.241249999999994,"","",0,0,0.0
noida-10176795,CPC - NOIDA1 (HP),noida,noida,"10176795",152,20,13.541655026455027,14.900341963849536,1.4769243464648838,12.701549379598001,"","",0,0,0.0
gurgaon-10324645,SUPER STORE GURGAON G7 ECOM - WAREHOUSE,gurgaon,gurgaon,"10324645",0,0,0.0,0.2764285714285714,0.0,0.0,"","",0,0,0.0
junagadh-10249577,CPC -  JUNAGADH SONVATIKA(HP),junagadh,junagadh,"10249577",2,0,0.08361953113334328,0.0,0.0,23.917857142857144,"","",0,0,0.0
mumbai-10315546,MUMBAI M12 - FEEDER WAREHOUSE,mumbai,mumbai,"10315546",101,145,61.59479826971733,60.189612744463155,2.3540948923163905,3.993843748343669,"50033210039849",Scheduled,96,96,3120.0
solapur-10315546,CPC - SOLAPUR KARNIK NAGAR (HP),solapur,solapur,"10315546",5,0,0.6186557134443756,0.0,0.0,8.082039640695177,"","",0,0,0.0
visakhapatnam-10216715,VISAKHAPATNAM V1 - FEEDER WAREHOUSE,visakhapatnam,visakhapatnam,"10216715",342,245,65.67269982831075,78.00378754397094,3.730621714053292,8.938265086323602,"2888510043351",Scheduled,72,72,1872.0
surat-10315341,SURAT S1 - FEEDER WAREHOUSE,surat,surat,"10315341",71,3,20.800908703677415,32.339981673198025,0.14422446839880734,3.5575368871705813,"2873410039504",Scheduled,96,96,3120.0
jamnagar-10176794,CPC - JAMNAGAR KHODIYAR COLONY (HP),jamnagar,jamnagar,"10176794",15,0,1.25374196034263,0.0,0.0,11.964184397163121,"","",0,0,0.0
delhi-10315547,CPC - DELHI4 (HP),delhi,delhi,"10315547",191,0,8.410801458320462,16.842299962651396,0.0,22.70889414599741,"","",0,0,0.0
kolkata-10315546,KOLKATA K4 - FEEDER WAREHOUSE,kolkata,kolkata,"10315546",315,97,37.77483443708609,34.79675187969925,2.5678471248246844,10.906732117812062,"2135610070403",Scheduled,96,96,3120.0
"",FARUKHNAGAR - SR FEEDER WAREHOUSE,farukhnagar,farukhnagar,"10291038",0,0,0.0,0.0,0.0,0.0,"1735210072912",Scheduled,50,50,4830.0
mumbai-10249574,MUMBAI M12 - FEEDER WAREHOUSE,mumbai,mumbai,"10249574",18,168,36.285714285714285,36.285714285714285,4.6299212598425195,5.125984251968504,"50033210038659",Scheduled,300,300,608790.0
mumbai-10176793,MUMBAI M10 - FEEDER WAREHOUSE,mumbai,mumbai,"10176793",247,25,36.08296390120329,24.931380107941404,0.6928477402369461,7.538183413777973,"2273910094389",Scheduled,180,180,6804.0
delhi-10315546,CPC - DELHI MUNDKA (HP),delhi,delhi,"10315546",37,0,5.039605097003789,2.2828913156526265,0.0,7.341845102505694,"","",0,0,0.0
ahmedabad-10315546,AHMEDABAD A2 - FEEDER WAREHOUSE,ahmedabad,ahmedabad,"10315546",170,235,99.95156370335694,95.18993584241798,2.3511388045658697,4.0519626206347965,"2738110069320",Scheduled,240,240,7800.0
rajpura-10216715,RAJPURA R2 - FEEDER WAREHOUSE,rajpura,rajpura,"10216715",671,115,270.7283536205885,249.1464258867132,0.42478003674918524,2.9032792076944314,"43886010069012",Scheduled,432,432,11232.0
jamnagar-10292367,CPC - JAMNAGAR KHODIYAR COLONY (HP),jamnagar,jamnagar,"10292367",4,0,0.3024183956653892,0.5686765670662611,0.0,13.226708617374584,"","",0,0,0.0
noida-10176797,CPC-NOIDA2-FRZ(HP),noida,noida,"10176797",23,11,8.184715631418657,5.484983661614983,1.3439685012114917,4.154084458290066,"","",0,0,0.0
lucknow-10176794,LUCKNOW L5 - FEEDER WAREHOUSE,lucknow,lucknow,"10176794",205,2,6.582145291798807,15.645470561325304,0.30385230215017456,31.448713272543067,"2940310043143",Scheduled,180,180,6804.0
patna-10258761,PATNA P2 - FEEDER WAREHOUSE,patna,patna,"10258761",32,0,0.0,2.923439434482208,0.0,0.0,"50283910015238",Scheduled,36,36,6804.0
bengaluru-10249577,BENGALURU B5 - FEEDER WAREHOUSE,bengaluru,bengaluru,"10249577",87,30,12.437017994858614,13.882352941176471,2.4121537825547743,9.40739975196362,"49990010071488",Scheduled,72,72,55389.6
kolkata-10176797,KOLKATA K5 - FEEDER WAREHOUSE,kolkata,kolkata,"10176797",182,78,22.57091368657555,25.33333333333334,3.455775033440134,11.519250111467112,"27845210026106",Scheduled,180,180,6804.0
farukhnagar-10315341,FARUKHNAGAR - SR FEEDER WAREHOUSE,farukhnagar,farukhnagar,"10315341",34,174,48.812778641450286,57.88655274651703,3.5646403430155202,4.261179260616254,"1735210075753",Scheduled,48,48,1560.0
mumbai-10176795,MUMBAI M12 - FEEDER WAREHOUSE,mumbai,mumbai,"10176795",281,235,73.93692917456487,86.08381422775494,3.178384639767304,6.9789211664677815,"50033210040195",Scheduled,360,360,13608.0
farukhnagar-10176794,FARUKHNAGAR F2 - FEEDER WAREHOUSE,farukhnagar,farukhnagar,"10176794",428,111,31.138220261238047,32.079615648593,3.564750941728571,17.30991673506036,"5383910068788",Scheduled,180,180,6804.0
ahmedabad-10216726,AHMEDABAD A2 - FEEDER WAREHOUSE,ahmedabad,ahmedabad,"10216726",466,224,103.6439126065921,141.48576648115886,2.1612460815740455,6.657409804848623,"2738110069320",Scheduled,216,216,5616.0
goa-10292367,CPC-GOA2-FRZ (HP),goa,goa,"10292367",5,9,1.2701572617946346,0.6824118804795134,7.085736759307813,11.022257181145488,"","",0,0,0.0
kolkata-10298083,KOLKATA K4 - FEEDER WAREHOUSE,kolkata,kolkata,"10298083",81,2,0.5833333333333334,1.2857142857142858,3.4285714285714284,142.28571428571428,"2135610070403",Scheduled,20,20,20986.0
ranchi-10260300,RANCHI R2 - FEEDER WAREHOUSE,ranchi,ranchi,"10260300",66,36,4.660971703150026,3.298991626722886,7.7237113402061865,21.883848797250863,"","",0,0,0.0
gurgaon-10216722,CPC-GGN4,gurgaon,gurgaon,"10216722",82,0,3.684277674609812,8.642281621690753,0.0,22.256737206617935,"","",0,0,0.0
ludhiana-10325396,LUDHIANA L2 - FEEDER WAREHOUSE,ludhiana,ludhiana,"10325396",6,0,2.2107813446396123,4.3746532016424355,0.0,2.713972602739726,"3226810044769",Scheduled,144,144,12060.0
noida-10216709,NOIDA N1 - FEEDER WAREHOUSE,noida,noida,"10216709",172,42,23.58796054724785,21.276239397405735,1.7805693678294876,9.072424874178818,"2867410094941",Scheduled,72,72,1872.0
dasna-10258333,DASNA D3 - FEEDER WAREHOUSE,dasna,dasna,"10258333",56,37,2.517084282460137,2.1334792122538295,14.699547511312215,36.94751131221719,"2576310067109",Scheduled,36,36,6804.0
jaipur-10176797,JAIPUR J4 - FEEDER WAREHOUSE,jaipur,jaipur,"10176797",262,224,61.88785645626401,84.72435657582041,3.6194499668654743,7.852913767395627,"","",0,0,0.0
patna-10216709,PATNA P1 - FEEDER WAREHOUSE,patna,patna,"10216709",129,71,2.935681949655827,5.303850918784986,24.185181234746455,68.12727108379283,"","",0,0,0.0
farukhnagar-10292367,FARUKHNAGAR F2 - FEEDER WAREHOUSE,farukhnagar,farukhnagar,"10292367",784,343,97.31908926729994,130.14134802210862,3.524488387451967,11.580461844485034,"5383910067895",Scheduled,144,144,11095.2
mumbai-10176794,MUMBAI M11 - FEEDER WAREHOUSE,mumbai,mumbai,"10176794",108,0,9.789956878564473,21.449142857142853,0.0,11.031713554987213,"5625710056407",Scheduled,180,180,6804.0
gurgaon-10260300,CPC-GGN4,gurgaon,gurgaon,"10260300",23,0,0.6723442402510085,0.6292606187729419,0.0,34.208666666666666,"","",0,0,0.0
gurgaon-10325396,CPC-GGN4,gurgaon,gurgaon,"10325396",4,0,0.0,0.4984761496652777,0.0,0.0,"","",0,0,0.0
ahmedabad-10325396,AHMEDABAD A2 - FEEDER WAREHOUSE,ahmedabad,ahmedabad,"10325396",67,8,3.5372501514233794,5.4162372972715875,2.2616438356164386,21.202910958904113,"2738110067651",Scheduled,144,144,12060.0
surat-10199527,SURAT S2 - FEEDER WAREHOUSE,surat,surat,"10199527",92,150,12.665798734193531,10.611995104039167,11.842916751475677,19.106572359047426,"","",0,0,0.0
dehradun-10176794,CPC-DDN1,dehradun,dehradun,"10176794",14,0,0.3134354900856575,0.9606867888533082,0.0,44.66628841607565,"","",0,0,0.0
chennai-10315546,CHENNAI C5 - FEEDER WAREHOUSE,chennai,chennai,"10315546",207,98,19.42125480153649,23.924747629244415,5.046017932489452,15.704443565400844,"8525210065889",Scheduled,96,96,3120.0
jaipur-10265737,JAIPUR J3 - FEEDER WAREHOUSE,jaipur,jaipur,"10265737",157,125,15.334521746718359,6.632115717904281,8.15154212597145,18.38987903619159,"6478710070890",Scheduled,36,36,6804.0
hyderabad-10315543,HYDERABAD H3 - FEEDER WAREHOUSE,hyderabad,hyderabad,"10315543",303,217,23.571428571428573,23.571428571428573,9.206060606060605,22.06060606060606,"6769710095165",Scheduled,48,48,1560.0
mumbai-10315586,MUMBAI M11 - FEEDER WAREHOUSE,mumbai,mumbai,"10315586",80,36,2.1428571428571432,2.4571428571428573,16.799999999999997,54.133333333333326,"","",0,0,0.0
gurgaon-10315546,CPC - GURGAON (HP),gurgaon,gurgaon,"10315546",25,0,0.6450694524164851,2.891662333159993,0.0,38.75551679954441,"","",0,0,0.0
bengaluru-10216715,BENGALURU B4 - FEEDER WAREHOUSE,bengaluru,bengaluru,"10216715",9,2,0.0,0.0,0.0,0.0,"","",0,0,0.0
mumbai-10176797,MUMBAI M12 - FEEDER WAREHOUSE,mumbai,mumbai,"10176797",511,638,146.2582909894884,153.24800835836487,4.362145870047485,7.855964897624702,"50033210033504",Scheduled,360,360,13608.0
indore-10258761,INDORE I2 - FEEDER WAREHOUSE,indore,indore,"10258761",60,0,5.937542246856835,3.922281241263629,0.0,10.105191256830599,"50993810015362",Scheduled,36,36,6804.0
patna-10176795,PATNA P2 - FEEDER WAREHOUSE,patna,patna,"10176795",206,352,36.70103682026544,32.09133123796005,9.591009696097576,15.20393014324559,"","",0,0,0.0
patna-10176794,PATNA P2 - FEEDER WAREHOUSE,patna,patna,"10176794",98,0,1.8806129405139451,10.430313707550203,0.0,52.11066981875493,"50283910015103",Scheduled,180,180,6804.0
visakhapatnam-10216715,VISAKHAPATNAM V1 - FEEDER WAREHOUSE,visakhapatnam,visakhapatnam,"10216715",342,245,65.67269982831075,78.00378754397094,3.730621714053292,8.938265086323602,"2888510043182",Scheduled,72,72,1872.0
bengaluru-10249576,BENGALURU B5 - FEEDER WAREHOUSE,bengaluru,bengaluru,"10249576",30,13,8.884615384615385,10.256756756756756,1.4632034632034632,4.83982683982684,"49990010081045",Scheduled,36,36,70534.8
lucknow-10258187,LUCKNOW L5 - FEEDER WAREHOUSE,lucknow,lucknow,"10258187",93,8,1.5430775825117877,1.2873722651466715,5.184444444444443,65.4536111111111,"2940310044047",Scheduled,36,36,6804.0
agra-10249577,CPC-AGRA2,agra,agra,"10249577",14,0,0.0,0.11842754536981191,0.0,0.0,"","",0,0,0.0
jaipur-10216726,JAIPUR J4 - FEEDER WAREHOUSE,jaipur,jaipur,"10216726",245,163,25.866986677706347,23.00380469011849,6.301468432752654,15.773000739650815,"","",0,0,0.0
mumbai-10315547,MUMBAI M10 - FEEDER WAREHOUSE,mumbai,mumbai,"10315547",140,269,34.602409638554214,38.912289042072736,7.774025069637884,11.819986072423399,"2273910094687",Scheduled,96,96,3120.0
surat-10291036,CPC - SURAT1 (HP),surat,surat,"10291036",2,0,0.0,0.0,0.0,0.0,"","",0,0,0.0
lucknow-10291036,LUCKNOW L5 - FEEDER WAREHOUSE,lucknow,lucknow,"10291036",67,0,0.5761377979063033,2.3315306034852776,0.0,116.29162371134022,"2940310044047",Scheduled,24,24,18463.2
noida-10176793,CPC-NOIDA2-FRZ(HP),noida,noida,"10176793",15,7,1.3184012759281254,1.0963643735639952,5.309460880999341,16.686877054569358,"","",0,0,0.0
dehradun-10176797,CPC-DHD1-FRZ (HP),dehradun,dehradun,"10176797",68,16,11.051402938618573,8.545684380846437,1.4477799867461898,7.600844930417496,"","",0,0,0.0
mumbai-10216722,MUMBAI M12 - FEEDER WAREHOUSE,mumbai,mumbai,"10216722",129,291,80.14165224913495,73.68269976726144,3.631070633475005,5.240720501922688,"50033210036493",Scheduled,144,144,3744.0
farukhnagar-10176793,FARUKHNAGAR F2 - FEEDER WAREHOUSE,farukhnagar,farukhnagar,"10176793",427,102,65.2608631584422,44.65400729828356,1.5629581814197195,8.105930176186584,"5383910067895",Scheduled,180,180,6804.0
dasna-10325396,DASNA D3 - FEEDER WAREHOUSE,dasna,dasna,"10325396",61,0,28.74503968253968,22.448042606593006,0.0,2.122105263157895,"2576310067486",Scheduled,144,144,12060.0
hyderabad-10315546,HYDERABAD H3 - FEEDER WAREHOUSE,hyderabad,hyderabad,"10315546",297,37,55.42857142857143,55.42857142857143,0.6675257731958762,6.025773195876289,"6769710094450",Scheduled,48,48,1560.0
hyderabad-10292367,HYDERABAD H3 - FEEDER WAREHOUSE,hyderabad,hyderabad,"10292367",576,458,96.71428571428571,96.71428571428571,4.735598227474151,10.69128508124077,"6769710095165",Scheduled,144,144,11095.2
mangalore-10258761,CPC - MANGALORE ATTAVAR(HP),mangalore,mangalore,"10258761",0,0,0.0,0.29521787483570927,0.0,0.0,"","",0,0,0.0
jaipur-10315543,JAIPUR J4 - FEEDER WAREHOUSE,jaipur,jaipur,"10315543",57,31,6.168493968149961,7.56130549838283,5.0255378638714046,14.266042968409149,"","",0,0,0.0
satara-10291036,CPC - SATARA POWAI NAKA(HP),satara,satara,"10291036",1,0,0.0,0.4282403149258673,0.0,0.0,"","",0,0,0.0
goa-10265740,GOA G2 - FEEDER WAREHOUSE,goa,goa,"10265740",241,45,14.557806861943801,15.930051072040785,3.0911249494342767,19.645816345293404,"41315210040107",Scheduled,180,180,6804.0
faridabad-10258187,FARIDABAD - FEEDER WAREHOUSE,faridabad,faridabad,"10258187",12,0,0.09730538922155688,0.0,0.0,123.32307692307694,"","",0,0,0.0
mumbai-10315547,MUMBAI M11 - FEEDER WAREHOUSE,mumbai,mumbai,"10315547",242,85,37.54931815172779,31.74423579748039,2.263689573710377,8.708546948274039,"5625710056845",Scheduled,48,48,1560.0
solapur-10216726,CPC - SOLAPUR KONARK NAGAR(HP),solapur,solapur,"10216726",7,2,1.407727166133679,1.8551455395256844,1.420729846034724,6.393284307156258,"","",0,0,0.0
ludhiana-10216715,LUDHIANA L2 - FEEDER WAREHOUSE,ludhiana,ludhiana,"10216715",1480,2131,237.40190893159502,261.4873236175504,8.976338941798595,15.210492688331641,"3226810044769",Scheduled,360,360,9360.0
dasna-10176795,SUPER STORE DASNA 2 - WAREHOUSE,dasna,dasna,"10176795",485,140,155.614273015873,139.06985832926233,0.8996604057374588,4.016341097042226,"1724010051605",Scheduled,180,180,6804.0
agra-10325396,CPC-AGRA2,agra,agra,"10325396",6,0,0.0,0.6249504573774909,0.0,0.0,"","",0,0,0.0
gurgaon-10216709,CPC-GGN4,gurgaon,gurgaon,"10216709",24,7,1.5467515112949408,2.6716738969345104,4.525613809899948,20.0420040152712,"","",0,0,0.0
surat-10216726,SURAT S2 - FEEDER WAREHOUSE,surat,surat,"10216726",182,240,70.82627304610071,62.76575742061899,3.388573048927541,5.95824094436426,"51076110004621",Scheduled,72,72,1872.0
delhi-10325396,CPC - DELHI MUNDKA (HP),delhi,delhi,"10325396",8,0,2.6703042328042326,1.6283554222399075,0.0,2.995913312693499,"","",0,0,0.0
ahmedabad-10176795,AHMEDABAD A2 - FEEDER WAREHOUSE,ahmedabad,ahmedabad,"10176795",407,155,125.1403408246551,166.7039440332556,1.2386093803051395,4.490957882138635,"2738110069320",Scheduled,180,180,6804.0
gandhidham-10216715,CPC - GANDHIDHAM GAYATRI KUNJ (HP),gandhidham,gandhidham,"10216715",44,0,4.4108529735432604,4.656942539938564,0.0,9.975394841749752,"","",0,0,0.0
mangalore-10315546,CPC - MANGALORE ATTAVAR(HP),mangalore,mangalore,"10315546",0,0,0.0,0.0,0.0,0.0,"","",0,0,0.0
nagpur-10216715,NAGPUR N1 - FEEDER WAREHOUSE,nagpur,nagpur,"10216715",1092,1281,303.6137130122277,254.0944273353979,4.219177017042076,7.815852506979584,"2549710050594",Scheduled,216,216,5616.0
surat-10249577,SURAT S2 - FEEDER WAREHOUSE,surat,surat,"10249577",16,0,1.5768254442287588,1.421130544437743,0.0,10.146969696969698,"51076110004408",Scheduled,12,12,9231.6
mumbai-10315546,MUMBAI M10 - FEEDER WAREHOUSE,mumbai,mumbai,"10315546",53,323,29.041407078923747,34.403250874239085,11.122050633504296,12.947031078011193,"2273910096790",Scheduled,144,144,4680.0
ahmedabad-10249578,CPC - AHMEDABAD2 (HP),ahmedabad,ahmedabad,"10249578",4,0,0.0,0.0,0.0,0.0,"","",0,0,0.0
farukhnagar-10176795,FARUKHNAGAR - SR FEEDER WAREHOUSE,farukhnagar,farukhnagar,"10176795",126,657,66.27377777777778,78.0494102868309,9.913423106842995,11.814627538292335,"1735210076934",Scheduled,540,540,20412.0
junagadh-10265737,CPC -  JUNAGADH SONVATIKA(HP),junagadh,junagadh,"10265737",3,0,0.375846121243097,0.200973203572857,0.0,7.981990049751244,"","",0,0,0.0
coimbatore-10249574,COIMBATORE C1 - FEEDER WAREHOUSE,coimbatore,coimbatore,"10249574",47,0,0.9473684210526317,1.7593984962406017,0.0,49.6111111111111,"2883810040701",Scheduled,12,12,24351.6
jaipur-10216715,JAIPUR J3 - FEEDER WAREHOUSE,jaipur,jaipur,"10216715",1259,1087,228.13911768715417,276.7970222175984,4.764636643728046,10.2831992329218,"6478710071282",Scheduled,360,360,9360.0
lucknow-10265737,LUCKNOW L5 - FEEDER WAREHOUSE,lucknow,lucknow,"10265737",158,39,5.863199491392314,6.833088921477137,6.651658374792702,33.59940255985032,"","",0,0,0.0
mumbai-10258333,MUMBAI M12 - FEEDER WAREHOUSE,mumbai,mumbai,"10258333",70,0,2.5829596412556053,4.363636363636364,0.0,27.100694444444446,"50033210040195",Scheduled,36,36,6804.0
hyderabad-10216722,HYDERABAD H3 - FEEDER WAREHOUSE,hyderabad,hyderabad,"10216722",481,153,51.857142857142854,51.857142857142854,2.950413223140496,12.225895316804408,"6769710095686",Scheduled,72,72,1872.0
varanasi-10216726,VARANASI V2 - FEEDER WAREHOUSE,varanasi,varanasi,"10216726",423,229,79.36061899078614,88.05757494281916,2.885562170660327,8.215661726072197,"51116810014857",Scheduled,72,72,2340.0
kolkata-10216709,KOLKATA K5 - FEEDER WAREHOUSE,kolkata,kolkata,"10216709",43,0,0.9323308270676691,2.4266144814090023,0.0,46.12096774193549,"","",0,0,0.0
rajpura-10297369,RAJPURA R2 - FEEDER WAREHOUSE,rajpura,rajpura,"10297369",16,0,1.3558486379884136,2.6709834075273164,0.0,11.800727272727274,"","",0,0,0.0
varanasi-10249576,VARANASI V2 - FEEDER WAREHOUSE,varanasi,varanasi,"10249576",79,35,3.6581234248254404,3.4078166896887954,9.567747157593553,31.163519313304715,"","",0,0,0.0
bhuj-10315341,CPC -  BHUJ CITY MALL (HP),bhuj,bhuj,"10315341",1,0,0.3014624449808321,0.620927648125402,0.0,3.3171627731725692,"","",0,0,0.0
indore-10176797,INDORE I2 - FEEDER WAREHOUSE,indore,indore,"10176797",379,278,54.81495857554813,70.19669312838145,5.071608320507065,11.98577937616238,"50993810014973",Scheduled,180,180,6804.0
guwahati-10265737,GUWAHATI G2 - FEEDER WAREHOUSE,guwahati,guwahati,"10265737",48,0,1.181230666764019,2.00973203572857,0.0,40.63558570782452,"51894410003549",Scheduled,36,36,6804.0
farukhnagar-10292367,FARUKHNAGAR - SR FEEDER WAREHOUSE,farukhnagar,farukhnagar,"10292367",78,206,60.684604514379565,53.419832676237014,3.394600684118937,4.679934923736787,"1735210076132",Scheduled,144,144,11095.2
agra-10176795,CPC-AGRA2,agra,agra,"10176795",96,0,19.624859966391938,11.573922741559365,0.0,4.891754650193805,"","",0,0,0.0
dehradun-10291036,DEHRADUN - FEEDER WAREHOUSE,dehradun,dehradun,"10291036",22,0,0.28806889895315163,1.9984548029873808,0.0,76.37061855670105,"2173110040606",Scheduled,24,24,18463.2
kolkata-10216709,KOLKATA K4 - FEEDER WAREHOUSE,kolkata,kolkata,"10216709",109,0,9.323308270676693,9.775789767961982,0.0,11.691129032258063,"2135610069660",Scheduled,72,72,1872.0
gurgaon-10315341,CPC-GGN4,gurgaon,gurgaon,"10315341",53,0,6.313324682332687,2.2925367424363183,0.0,8.394942865573837,"","",0,0,0.0
faridabad-10216722,FARIDABAD - FEEDER WAREHOUSE,faridabad,faridabad,"10216722",20,0,0.6140462791016353,2.3267681289167412,0.0,32.570834936514046,"","",0,0,0.0
farukhnagar-10315546,FARUKHNAGAR F2 - FEEDER WAREHOUSE,farukhnagar,farukhnagar,"10315546",262,22,87.35315501473234,76.73051366499105,0.2518512353250394,3.2511704923777813,"5383910068267",Scheduled,96,96,3120.0
goa-10315341,GOA G2 - FEEDER WAREHOUSE,goa,goa,"10315341",56,6,2.8940394718159883,7.416635797053414,2.0732267332328553,21.42334291007284,"41315210039472",Scheduled,48,48,1560.0
gurgaon-10176793,CPC - GURGAON3 (HP),gurgaon,gurgaon,"10176793",31,1,0.7383047145197501,2.626706311663739,1.354454306377383,43.34253780407626,"","",0,0,0.0
mumbai-10252336,MUMBAI M12 - FEEDER WAREHOUSE,mumbai,mumbai,"10252336",57,12,15.043583535108958,15.571428571428571,0.797682279092226,4.586673104780299,"50033210034102",Scheduled,24,24,48703.2
gurgaon-10297369,SUPER STORE GURGAON G7 ECOM - WAREHOUSE,gurgaon,gurgaon,"10297369",2,0,0.34296028880866425,0.145609809502956,0.0,5.831578947368421,"","",0,0,0.0
ranchi-10315586,RANCHI R1 - FEEDER WAREHOUSE,ranchi,ranchi,"10315586",20,29,0.0,0.0,0.0,0.0,"","",0,0,0.0
guwahati-10176793,GUWAHATI G2 - FEEDER WAREHOUSE,guwahati,guwahati,"10176793",404,129,21.22875234041771,21.10307139604311,6.076664230256959,25.107457633542317,"","",0,0,0.0
mumbai-10297369,MUMBAI M12 - FEEDER WAREHOUSE,mumbai,mumbai,"10297369",83,2,8.857142857142858,8.857142857142858,0.22580645161290322,9.596774193548386,"50033210036493",Scheduled,20,20,20986.0
surat-10176797,SURAT S2 - FEEDER WAREHOUSE,surat,surat,"10176797",288,456,74.59696983567538,73.24872326439804,6.112848832928355,9.973595464251527,"51076110004846",Scheduled,180,180,6804.0
kolkata-10260300,KOLKATA K6 - FEEDER WAREHOUSE,kolkata,kolkata,"10260300",61,34,3.2764227642276422,1.6207792207792209,10.377171215880894,28.995037220843674,"","",0,0,0.0
gurgaon-10315543,CPC - GURGAON1 (HP),gurgaon,gurgaon,"10315543",3,0,0.48727467564774773,0.16670376432078562,0.0,6.156691800188501,"","",0,0,0.0
dehradun-10315543,DEHRADUN - FEEDER WAREHOUSE,dehradun,dehradun,"10315543",140,151,9.689049062167255,11.161927164279417,15.584604746157018,30.03390715981253,"","",0,0,0.0
nellore-10315547,CPC - NELLORE RAMALINGA PURAM (HP),nellore,nellore,"10315547",1,2,0.1691572989725854,0.19478515407499328,11.82331482086464,17.73497223129696,"","",0,0,0.0
lucknow-10216722,LUCKNOW L5 - FEEDER WAREHOUSE,lucknow,lucknow,"10216722",206,0,23.973412232655196,39.807386348501396,0.0,8.592852698682531,"2940310044047",Scheduled,144,144,3744.0
rajpura-10176793,RAJPURA R2 - FEEDER WAREHOUSE,rajpura,rajpura,"10176793",255,36,47.29674714983386,24.72074077822193,0.7611517106230097,6.152642994202661,"43886010069381",Scheduled,180,180,6804.0
bhopal-10315341,BHOPAL B1 - FEEDER WAREHOUSE,bhopal,bhopal,"10315341",91,0,8.397882395894609,16.558070616677387,0.0,10.83606505903039,"27828910033803",Scheduled,48,48,1560.0
bhubaneswar-10265737,BHUBANESWAR B1 - FEEDER WAREHOUSE,bhubaneswar,bhubaneswar,"10265737",24,0,0.1073846060694563,3.732359494924487,0.0,223.4957213930348,"5407610027371",Scheduled,36,36,6804.0
solapur-10216726,CPC - SOLAPUR MURARJI PETH(HP),solapur,solapur,"10216726",0,4,0.0,2.296846858460371,0.0,0.0,"","",0,0,0.0
bengaluru-10325396,BENGALURU B5 - FEEDER WAREHOUSE,bengaluru,bengaluru,"10325396",101,0,43.801749271137034,36.277628032345014,0.0,2.305843982960596,"49990010071488",Scheduled,288,288,24120.0
kolkata-10216726,KOLKATA K6 - FEEDER WAREHOUSE,kolkata,kolkata,"10216726",223,77,37.80896522832007,31.852852375655488,2.0365540166204985,7.934626038781163,"48287510056293",Scheduled,72,72,1872.0
noida-10252336,NOIDA N1 - FEEDER WAREHOUSE,noida,noida,"10252336",16,0,1.5591574250278892,2.9946827366182207,0.0,10.26195286195286,"2867410094569",Scheduled,96,96,194812.8
noida-10249578,CPC-NOIDA2-FRZ(HP),noida,noida,"10249578",2,0,0.0,0.4985791785068458,0.0,0.0,"","",0,0,0.0
bengaluru-10176794,BENGALURU B5 - FEEDER WAREHOUSE,bengaluru,bengaluru,"10176794",363,247,40.97414512093411,47.23489932885906,6.028191662595669,14.887436899527765,"49990010073868",Scheduled,180,180,6804.0
nellore-10249578,CPC - NELLORE RAMALINGA PURAM (HP),nellore,nellore,"10249578",0,2,0.0,0.16189877397044952,0.0,0.0,"","",0,0,0.0
"",FARUKHNAGAR - SR FEEDER WAREHOUSE,farukhnagar,farukhnagar,"10298083",0,0,0.0,0.0,0.0,0.0,"1735210075935",Scheduled,20,20,20986.0
delhi-10258187,CPC - DELHI4 (HP),delhi,delhi,"10258187",110,3,1.1676646706586826,0.7553260167850225,2.5692307692307694,96.77435897435898,"","",0,0,0.0
kolkata-10216726,KOLKATA K5 - FEEDER WAREHOUSE,kolkata,kolkata,"10216726",158,86,22.287390029325515,17.6624821229938,3.8586842105263157,10.947894736842105,"27845210027233",Scheduled,72,72,1872.0
kundli-10216709,KUNDLI - FEEDER WAREHOUSE,kundli,kundli,"10216709",85,31,27.712631244034355,27.396801415837526,1.1186234799221135,4.185816892611779,"2011710093998",Scheduled,72,72,1872.0
hyderabad-10216726,HYDERABAD H3 - FEEDER WAREHOUSE,hyderabad,hyderabad,"10216726",845,233,160.28571428571428,160.28571428571428,1.4536541889483066,6.7254901960784315,"6769710095686",Scheduled,216,216,5616.0
lucknow-10265740,LUCKNOW L5 - FEEDER WAREHOUSE,lucknow,lucknow,"10265740",287,45,23.862796814938804,23.622131807761413,1.8857806295290875,13.91287042230349,"2940310044047",Scheduled,180,180,6804.0
gurgaon-10258761,CPC - GURGAON3 (HP),gurgaon,gurgaon,"10258761",21,0,0.5590817015530047,0.19493885458287932,0.0,37.56159420289855,"","",0,0,0.0
mumbai-10176794,MUMBAI M12 - FEEDER WAREHOUSE,mumbai,mumbai,"10176794",73,3,1.142161635832522,11.040000000000001,2.626598465473146,66.54049445865303,"50033210036493",Scheduled,180,180,6804.0
chennai-10258333,CPC-CHN3,chennai,chennai,"10258333",11,0,0.07223113964686997,0.0,0.0,152.28888888888892,"","",0,0,0.0
bhuj-10291036,CPC -  BHUJ CITY MALL (HP),bhuj,bhuj,"10291036",0,0,0.0,0.14274677164195576,0.0,0.0,"","",0,0,0.0
indore-10216715,INDORE I2 - FEEDER WAREHOUSE,indore,indore,"10216715",698,428,78.08843412421031,79.55610172395046,5.480965328606892,14.41954897198916,"50993810014973",Scheduled,72,72,1872.0
gurgaon-10176795,CPC - GURGAON1 (HP),gurgaon,gurgaon,"10176795",7,0,0.0,1.182566822527741,0.0,0.0,"","",0,0,0.0
surat-10176795,CPC - SURAT1 (HP),surat,surat,"10176795",2,4,0.16991220750122887,1.5344215755855215,23.54156925405769,35.31235388108654,"","",0,0,0.0
varanasi-10216726,VARANASI V2 - FEEDER WAREHOUSE,varanasi,varanasi,"10216726",423,229,79.36061899078614,88.05757494281916,2.885562170660327,8.215661726072197,"51116810014516",Scheduled,216,216,7020.0
farukhnagar-10216726,FARUKHNAGAR F2 - FEEDER WAREHOUSE,farukhnagar,farukhnagar,"10216726",1557,823,208.43584521384923,231.36001798123212,3.948457133923512,11.418381505149403,"5383910067675",Scheduled,432,432,11232.0
chennai-10258187,CPC-CHN3,chennai,chennai,"10258187",7,0,0.0,0.08710801393728222,0.0,0.0,"","",0,0,0.0
lucknow-10252336,LUCKNOW L5 - FEEDER WAREHOUSE,lucknow,lucknow,"10252336",59,1,0.6338293858729827,5.394321766561515,1.57771164021164,94.6626984126984,"2940310043312",Scheduled,84,84,170461.2
lucknow-10249574,LUCKNOW L5 - FEEDER WAREHOUSE,lucknow,lucknow,"10249574",27,8,2.155365963179165,2.8854314002828847,3.711666666666666,16.238541666666663,"","",0,0,0.0
patna-10176797,PATNA P1 - FEEDER WAREHOUSE,patna,patna,"10176797",295,97,42.363711264704534,51.07063760934419,2.2896955225170714,9.253202523986516,"3292010040430",Scheduled,180,180,6804.0
gurgaon-10176795,CPC - GURGAON (HP),gurgaon,gurgaon,"10176795",91,12,11.475978835978836,5.203294019122061,1.0456624372971377,8.975269253467099,"","",0,0,0.0
patna-10216722,PATNA P1 - FEEDER WAREHOUSE,patna,patna,"10216722",119,0,23.04626369327074,18.444561219127692,0.0,5.163526790450928,"3292010041159",Scheduled,72,72,1872.0
indore-10176795,INDORE I2 - FEEDER WAREHOUSE,indore,indore,"10176795",401,304,40.371140502291986,51.62232586434148,7.5301315795807415,17.46296961711981,"50993810015362",Scheduled,180,180,6804.0
nagpur-10265791,NAGPUR N1 - FEEDER WAREHOUSE,nagpur,nagpur,"10265791",0,0,0.0,0.0,0.0,0.0,"","",0,0,0.0
guwahati-10258333,GUWAHATI G1 - FEEDER WAREHOUSE,guwahati,guwahati,"10258333",38,9,2.1914566411849017,2.8177490835476284,4.1068574348492595,21.446922159768356,"","",0,0,0.0
patna-10176795,PATNA P1 - FEEDER WAREHOUSE,patna,patna,"10176795",357,155,48.085154722847776,52.38953665213424,3.223448086907192,10.647776906428918,"3292010041159",Scheduled,180,180,6804.0
mumbai-10315547,MUMBAI M12 - FEEDER WAREHOUSE,mumbai,mumbai,"10315547",44,0,30.41970078114656,31.914903731875444,0.0,1.446431058495822,"50033210039849",Scheduled,48,48,1560.0
bengaluru-10216726,BENGALURU B3 - FEEDER WAREHOUSE,bengaluru,bengaluru,"10216726",350,30,185.45679862306366,127.2885379627693,0.16176274055595155,2.0489947137087197,"1736010087559",Scheduled,216,216,5616.0
indore-10260300,INDORE I2 - FEEDER WAREHOUSE,indore,indore,"10260300",71,0,3.538533619534306,4.762454077675144,0.0,20.064808656345072,"50993810015362",Scheduled,36,36,6804.0
pune-10291036,PUNE P3 - FEEDER WAREHOUSE,pune,pune,"10291036",59,1,0.48064085447263016,3.428571428571429,2.0805555555555557,124.83333333333334,"43886110067829",Scheduled,72,72,55389.6
jamnagar-10249574,CPC - JAMNAGAR KHODIYAR COLONY (HP),jamnagar,jamnagar,"10249574",1,0,0.7543780871127077,0.594059405940594,0.0,1.325595238095238,"","",0,0,0.0
bidar-10265737,CPC - BIDAR DEVI NAGAR (HP),bidar,bidar,"10265737",2,0,0.30067689699447764,0.200973203572857,0.0,6.651658374792703,"","",0,0,0.0
morbi-10199527,CPC - MORBI SANALA ROAD(HP),morbi,morbi,"10199527",3,0,0.4470281906185953,0.34793426570620223,0.0,6.71098615916955,"","",0,0,0.0
chennai-10216715,CHENNAI C5 - FEEDER WAREHOUSE,chennai,chennai,"10216715",679,552,66.82380720883394,80.21636177918099,8.260529039821408,18.4215783478626,"8525210065192",Scheduled,144,144,3744.0
bidar-10199527,CPC - BIDAR DEVI NAGAR (HP),bidar,bidar,"10199527",9,0,0.0,0.2982293706053162,0.0,0.0,"","",0,0,0.0
kolkata-10315586,KOLKATA K4 - FEEDER WAREHOUSE,kolkata,kolkata,"10315586",108,62,0.9063568010936431,0.9285714285714286,68.40573152337859,187.56410256410257,"","",0,0,0.0
jaipur-10297369,JAIPUR J3 - FEEDER WAREHOUSE,jaipur,jaipur,"10297369",57,0,1.2202637741895723,3.642250101173613,0.0,46.71121212121212,"6478710071282",Scheduled,20,20,20986.0
surat-10216722,SURAT S2 - FEEDER WAREHOUSE,surat,surat,"10216722",97,113,24.9535406885759,27.369348905802383,4.528415482606565,8.415639392454679,"51076110004846",Scheduled,72,72,1872.0
dasna-10260300,DASNA D3 - FEEDER WAREHOUSE,dasna,dasna,"10260300",49,41,0.9412819363514119,2.045097011012061,43.55761904761905,95.61428571428571,"2576310067807",Scheduled,72,72,13608.0
guwahati-10315546,GUWAHATI G2 - FEEDER WAREHOUSE,guwahati,guwahati,"10315546",25,0,3.093278567221878,7.446831715563312,0.0,8.082039640695177,"51894410004218",Scheduled,48,48,1560.0
solapur-10265737,CPC - SOLAPUR KARNIK NAGAR (HP),solapur,solapur,"10265737",3,0,0.12528204041436566,0.0,0.0,23.945970149253732,"","",0,0,0.0
bengaluru-10315547,BENGALURU B3 - FEEDER WAREHOUSE,bengaluru,bengaluru,"10315547",178,44,26.724666337123086,25.752255947497947,1.6464190588931635,8.306932524415506,"1736010088491",Scheduled,96,96,3120.0
coimbatore-10298083,CPC - COIMBATORE1 (HP),coimbatore,coimbatore,"10298083",1,0,0.0,0.0,0.0,0.0,"","",0,0,0.0
farukhnagar-10216722,FARUKHNAGAR - SR FEEDER WAREHOUSE,farukhnagar,farukhnagar,"10216722",92,277,75.45400677600895,66.61204757641642,3.671110545822913,4.890396358876011,"1735210075435",Scheduled,72,72,1872.0
guwahati-10315543,GUWAHATI G1 - FEEDER WAREHOUSE,guwahati,guwahati,"10315543",38,22,2.4573675157670576,3.240559499306927,8.952669822011863,24.41637224185054,"","",0,0,0.0
goa-10216715,GOA G2 - FEEDER WAREHOUSE,goa,goa,"10216715",453,327,54.69457687193642,54.13695702678581,5.978654899655736,14.261011687252216,"41315210040395",Scheduled,72,72,1872.0
nagpur-10315547,NAGPUR N1 - FEEDER WAREHOUSE,nagpur,nagpur,"10315547",231,246,53.9188890475116,47.23539986318587,4.562408542639532,8.84662144243519,"2549710050594",Scheduled,48,48,1560.0
bhubaneswar-10249578,BHUBANESWAR B1 - FEEDER WAREHOUSE,bhubaneswar,bhubaneswar,"10249578",32,0,1.173556988566681,1.110163021511654,0.0,27.267529665587922,"5407610027371",Scheduled,24,24,18463.2
farukhnagar-10176794,FARUKHNAGAR F2 - FEEDER WAREHOUSE,farukhnagar,farukhnagar,"10176794",428,111,31.138220261238047,32.079615648593,3.564750941728571,17.30991673506036,"5383910069593",Scheduled,180,180,6804.0
farukhnagar-10216709,FARUKHNAGAR - SR FEEDER WAREHOUSE,farukhnagar,farukhnagar,"10216709",62,33,15.209723194400251,14.864222044762911,2.1696647321069973,6.246004531823173,"1735210075753",Scheduled,72,72,1872.0
farukhnagar-10249578,FARUKHNAGAR - SR FEEDER WAREHOUSE,farukhnagar,farukhnagar,"10249578",5,0,0.8691363319573259,1.1633514165159737,0.0,5.7528374043918085,"1735210072912",Scheduled,24,24,18463.2
noida-10324645,NOIDA N1 - FEEDER WAREHOUSE,noida,noida,"10324645",13,0,0.0,2.2114285714285713,0.0,0.0,"2867410094569",Scheduled,144,144,12060.0
rajpura-10252336,RAJPURA R2 - FEEDER WAREHOUSE,rajpura,rajpura,"10252336",36,0,9.507440788094739,12.255520504731866,0.0,3.786507936507937,"43886010069091",Scheduled,12,12,24351.6
bengaluru-10216709,BENGALURU B4 - FEEDER WAREHOUSE,bengaluru,bengaluru,"10216709",0,1,0.0,0.0,0.0,0.0,"","",0,0,0.0
kolkata-10265737,KOLKATA K6 - FEEDER WAREHOUSE,kolkata,kolkata,"10265737",50,0,3.548387096774193,1.9277108433734937,0.0,14.090909090909093,"","",0,0,0.0
noida-10216709,CPC-NOIDA2-FRZ(HP),noida,noida,"10216709",14,5,0.5155838370983137,1.0200936697386311,9.69774387835703,36.85142673775672,"","",0,0,0.0
noida-10176794,CPC-NOIDA2,noida,noida,"10176794",42,2,3.2277423441527247,1.82566918325326,0.6196281446141871,13.631819181512117,"","",0,0,0.0
indore-10265791,INDORE I2 - FEEDER WAREHOUSE,indore,indore,"10265791",94,101,3.5436507936507944,1.9894179894179898,28.501679731242994,55.02799552071667,"50993810000359",Partially Scheduled,180,180,6804.0
mumbai-10260300,MUMBAI M12 - FEEDER WAREHOUSE,mumbai,mumbai,"10260300",65,36,7.572802197802198,8.612312030075188,4.753854525666606,13.337202974786868,"50033210039849",Scheduled,36,36,6804.0
morbi-10216715,CPC - MORBI SANALA ROAD(HP),morbi,morbi,"10216715",21,34,5.39104252321954,5.239060357430884,6.306757895816993,10.20210836088043,"","",0,0,0.0
kolkata-10216722,KOLKATA K4 - FEEDER WAREHOUSE,kolkata,kolkata,"10216722",1,0,0.0,0.4310344827586208,0.0,0.0,"2135610070403",Scheduled,144,144,3744.0
ranchi-10216726,RANCHI R2 - FEEDER WAREHOUSE,ranchi,ranchi,"10216726",345,109,46.63096237817811,53.3869660819058,2.3375026900797726,9.736020378864373,"51024410014953",Scheduled,72,72,1872.0
morbi-10265737,CPC - MORBI SANALA ROAD(HP),morbi,morbi,"10265737",1,0,0.0,0.0,0.0,0.0,"","",0,0,0.0
gurgaon-10199527,CPC - GURGAON3 (HP),gurgaon,gurgaon,"10199527",42,1,0.0,2.5662779160972686,0.0,0.0,"","",0,0,0.0
mumbai-10265791,MUMBAI M10 - FEEDER WAREHOUSE,mumbai,mumbai,"10265791",2,0,0.0,0.03571428571428571,0.0,0.0,"","",0,0,0.0
pune-10249576,PUNE P3 - FEEDER WAREHOUSE,pune,pune,"10249576",47,20,5.333333333333333,5.25,3.75,12.5625,"43886110063916",Scheduled,12,12,23511.6
mumbai-10298083,MUMBAI M12 - FEEDER WAREHOUSE,mumbai,mumbai,"10298083",89,1,5.52,5.772151898734178,0.1811594202898551,16.304347826086957,"50033210038659",Scheduled,20,20,20986.0
bengaluru-10292367,BENGALURU B3 - FEEDER WAREHOUSE,bengaluru,bengaluru,"10292367",345,39,82.30439421083355,90.34410844629824,0.4738507630600665,4.665607513206809,"1736010088344",Scheduled,144,144,11095.2
nagpur-10258187,NAGPUR N1 - FEEDER WAREHOUSE,nagpur,nagpur,"10258187",93,2,1.8737370644785993,1.6384737920048549,1.0673856209150325,50.700816993464045,"","",0,0,0.0
farukhnagar-10176794,FARUKHNAGAR - SR FEEDER WAREHOUSE,farukhnagar,farukhnagar,"10176794",46,65,35.568454851251595,35.60054907343857,1.827462010138817,3.12074281731398,"1735210076132",Scheduled,180,180,6804.0
dehradun-10199527,CPC-DDN1,dehradun,dehradun,"10199527",13,14,0.0,4.523145454180629,0.0,0.0,"","",0,0,0.0
noida-10176793,NOIDA N1 - FEEDER WAREHOUSE,noida,noida,"10176793",172,10,5.537285358898127,9.18205162859846,1.8059390751698439,32.868091168091155,"","",0,0,0.0
patna-10265737,PATNA P1 - FEEDER WAREHOUSE,patna,patna,"10265737",61,0,1.2528204041436568,3.6845087321690446,0.0,48.69013930348258,"","",0,0,0.0
ahmedabad-10216709,CPC - AHMEDABAD2 (HP),ahmedabad,ahmedabad,"10216709",9,0,0.2552766912744197,0.0,0.0,35.255862785862796,"","",0,0,0.0
lucknow-10176797,LUCKNOW L5 - FEEDER WAREHOUSE,lucknow,lucknow,"10176797",529,208,75.1495399826063,124.21762653587501,2.7678146805441863,9.807112594043582,"2940310043143",Scheduled,180,180,6804.0
ahmedabad-10265737,CPC - AHMEDABAD2 (HP),ahmedabad,ahmedabad,"10265737",5,0,0.3221538182083689,0.0,0.0,15.52053620784964,"","",0,0,0.0
coimbatore-10176794,CPC - COIMBATORE1 (HP),coimbatore,coimbatore,"10176794",4,0,0.0,0.0,0.0,0.0,"","",0,0,0.0
hyderabad-10216715,HYDERABAD H3 - FEEDER WAREHOUSE,hyderabad,hyderabad,"10216715",1485,1915,282.7142857142857,282.7142857142857,6.773623041940374,12.026275896917635,"6769710094450",Scheduled,648,648,16848.0
pune-10249576,PUNE P2 - FEEDER WAREHOUSE,pune,pune,"10249576",0,10,0.6666666666666666,0.75,15.0,15.0,"","",0,0,0.0
bidar-10265740,CPC - BIDAR DEVI NAGAR (HP),bidar,bidar,"10265740",6,0,0.45024144933846805,0.0,0.0,13.326183115338884,"","",0,0,0.0
dehradun-10315586,DEHRADUN - FEEDER WAREHOUSE,dehradun,dehradun,"10315586",64,17,0.962409457316176,1.8775838309600366,17.663999320421336,84.1637614678899,"","",0,0,0.0
farukhnagar-10315341,FARUKHNAGAR F2 - FEEDER WAREHOUSE,farukhnagar,farukhnagar,"10315341",558,353,78.59319311860008,71.6799821468422,4.491483116957848,11.591334616284986,"5383910067895",Scheduled,48,48,1560.0
noida-10315546,NOIDA N1 - FEEDER WAREHOUSE,noida,noida,"10315546",74,31,18.948915164734245,21.306985612757842,1.6359775602190665,5.541214316871032,"2867410093603",Scheduled,144,144,4680.0
chennai-10249576,CHENNAI C5 - FEEDER WAREHOUSE,chennai,chennai,"10249576",0,18,0.0,0.0,0.0,0.0,"","",0,0,0.0
dasna-10315547,DASNA D3 - FEEDER WAREHOUSE,dasna,dasna,"10315547",51,0,10.886321036478611,15.451651341882016,0.0,4.6847782486944665,"2576310067807",Scheduled,192,192,6240.0
kundli-10249576,KUNDLI - FEEDER WAREHOUSE,kundli,kundli,"10249576",12,0,5.074486659791498,4.634650590240513,0.0,2.3647712181576725,"2011710095745",Scheduled,12,12,23511.6
faridabad-10216709,FARIDABAD - FEEDER WAREHOUSE,faridabad,faridabad,"10216709",31,0,0.429653197581928,0.7286383355275937,0.0,72.15121445497633,"","",0,0,0.0
surat-10265740,CPC - SURAT1 (HP),surat,surat,"10265740",2,2,0.0,0.44663694594506864,0.0,0.0,"","",0,0,0.0
ranchi-10260300,RANCHI R1 - FEEDER WAREHOUSE,ranchi,ranchi,"10260300",19,0,0.22829249158285841,1.0417868294914376,0.0,83.2265654830088,"2896610025121",Scheduled,36,36,6804.0
patna-10216709,PATNA P2 - FEEDER WAREHOUSE,patna,patna,"10216709",102,26,8.679407503330271,8.579758839211005,2.9955961844197145,14.747550446373978,"50283910015973",Scheduled,72,72,1872.0
gurgaon-10216715,CPC - GURGAON (HP),gurgaon,gurgaon,"10216715",155,6,16.463205969450282,19.73814267601625,0.3644490636352249,9.779383207545202,"","",0,0,0.0
gandhidham-10216726,CPC - GANDHIDHAM GAYATRI KUNJ (HP),gandhidham,gandhidham,"10216726",4,6,2.6394884365006477,2.2261746474308217,2.273167753655559,3.7886129227592646,"","",0,0,0.0
farukhnagar-10315546,FARUKHNAGAR - SR FEEDER WAREHOUSE,farukhnagar,farukhnagar,"10315546",23,0,39.107335552749404,37.79453400358236,0.0,0.588124955968344,"1735210075435",Scheduled,48,48,1560.0
delhi-10176795,CPC-DEL5,delhi,delhi,"10176795",55,0,8.721743915343914,5.617192407006771,0.0,6.306078295103354,"","",0,0,0.0
bengaluru-10176795,BENGALURU B5 - FEEDER WAREHOUSE,bengaluru,bengaluru,"10176795",643,1575,166.61166562694947,196.84762642469843,9.453119588435609,13.312393172793767,"49990010078666",Scheduled,540,540,20412.0
delhi-10249577,CPC - DELHI4 (HP),delhi,delhi,"10249577",102,4,3.6343969713358573,3.9389463318562288,1.1005952380952382,29.16577380952381,"","",0,0,0.0
dehradun-10315586,CPC-DHD1-FRZ (HP),dehradun,dehradun,"10315586",9,0,0.0,0.0,0.0,0.0,"","",0,0,0.0
bhopal-10176794,BHOPAL B1 - FEEDER WAREHOUSE,bhopal,bhopal,"10176794",225,2,6.447815796047811,12.488928255093006,0.31018255844496984,35.20572038350408,"27828910033803",Scheduled,180,180,6804.0
pune-10315546,PUNE P3 - FEEDER WAREHOUSE,pune,pune,"10315546",179,78,30.052756372258443,30.338551859099805,2.5954358074123753,8.551628237243339,"43886110066628",Scheduled,48,48,1560.0
rajpura-10325396,RAJPURA R2 - FEEDER WAREHOUSE,rajpura,rajpura,"10325396",24,1,0.4421562689279224,10.624157775417345,2.2616438356164386,56.541095890410965,"43886010068445",Scheduled,288,288,24120.0
delhi-10291036,CPC - DELHI MUNDKA (HP),delhi,delhi,"10291036",3,1,0.24719166016922237,0.29168559745570194,4.045443925233644,16.181775700934576,"","",0,0,0.0
hyderabad-10258333,HYDERABAD H3 - FEEDER WAREHOUSE,hyderabad,hyderabad,"10258333",191,19,7.142857142857143,7.142857142857143,2.6599999999999997,29.4,"6769710095686",Scheduled,36,36,6804.0
farukhnagar-10216722,FARUKHNAGAR F2 - FEEDER WAREHOUSE,farukhnagar,farukhnagar,"10216722",788,615,146.19213812851734,95.33101419618878,4.2067925667750625,9.59695930274051,"5383910067895",Scheduled,72,72,1872.0
farukhnagar-10315546,FARUKHNAGAR F2 - FEEDER WAREHOUSE,farukhnagar,farukhnagar,"10315546",262,22,87.35315501473234,76.73051366499105,0.2518512353250394,3.2511704923777813,"5383910067895",Scheduled,96,96,3120.0
mumbai-10315547,MUMBAI M12 - FEEDER WAREHOUSE,mumbai,mumbai,"10315547",44,0,30.41970078114656,31.914903731875444,0.0,1.446431058495822,"50033210034102",Scheduled,96,96,3120.0
coimbatore-10249578,CPC - COIMBATORE1 (HP),coimbatore,coimbatore,"10249578",1,0,0.0,0.0,0.0,0.0,"","",0,0,0.0
bhuj-10249577,CPC -  BHUJ CITY MALL (HP),bhuj,bhuj,"10249577",1,0,0.0,0.0,0.0,0.0,"","",0,0,0.0
gurgaon-10258761,CPC - GURGAON (HP),gurgaon,gurgaon,"10258761",19,0,0.3106009453072248,0.3119021673326069,0.0,61.17173913043479,"","",0,0,0.0
noida-10249577,NOIDA N1 - FEEDER WAREHOUSE,noida,noida,"10249577",51,3,1.9469983775013522,3.1511570654849828,1.5408333333333333,27.735,"2867410093603",Scheduled,6,6,4615.8
kolkata-10199527,KOLKATA K6 - FEEDER WAREHOUSE,kolkata,kolkata,"10199527",139,26,6.3340092165898625,5.844856042545388,4.104825097491415,26.049851580233977,"48287510054379",Scheduled,180,180,6804.0
goa-10216715,GOA G2 - FEEDER WAREHOUSE,goa,goa,"10216715",453,327,54.69457687193642,54.13695702678581,5.978654899655736,14.261011687252216,"41315210039472",Scheduled,72,72,1872.0
kolkata-10216709,KOLKATA K4 - FEEDER WAREHOUSE,kolkata,kolkata,"10216709",109,0,9.323308270676693,9.775789767961982,0.0,11.691129032258063,"2135610067276",Scheduled,72,72,1872.0
kolkata-10249576,KOLKATA K5 - FEEDER WAREHOUSE,kolkata,kolkata,"10249576",3,4,0.07924528301886793,0.07281553398058252,50.47619047619047,88.33333333333333,"","",0,0,0.0
farukhnagar-10216715,FARUKHNAGAR - SR FEEDER WAREHOUSE,farukhnagar,farukhnagar,"10216715",188,1071,407.6930033823591,400.2711724066552,2.626976649377403,3.088107937970262,"1735210075435",Scheduled,288,288,7488.0
junagadh-10315547,CPC -  JUNAGADH SONVATIKA(HP),junagadh,junagadh,"10315547",4,0,0.42289324743146345,0.9739257703749662,0.0,9.458651856691713,"","",0,0,0.0
ahmedabad-10176795,CPC - AHMEDABAD2 (HP),ahmedabad,ahmedabad,"10176795",9,0,0.0,0.4384061644530061,0.0,0.0,"","",0,0,0.0
delhi-10315543,CPC - DELHI MUNDKA (HP),delhi,delhi,"10315543",21,0,2.7612231620039034,1.0002225859247136,0.0,7.605325164938738,"","",0,0,0.0
farukhnagar-10176797,FARUKHNAGAR F2 - FEEDER WAREHOUSE,farukhnagar,farukhnagar,"10176797",1542,749,323.548882121019,302.0902035976362,2.314951592754528,7.080846594126333,"5383910069593",Scheduled,720,720,27216.0
chennai-10324645,CPC-CHN3,chennai,chennai,"10324645",0,3,0.0,0.0,0.0,0.0,"","",0,0,0.0
mumbai-10216726,MUMBAI M11 - FEEDER WAREHOUSE,mumbai,mumbai,"10216726",783,596,143.33088595203134,118.35183397683399,4.158210535302655,9.621094510373089,"5625710056407",Scheduled,144,144,3744.0
surat-10297369,SURAT S1 - FEEDER WAREHOUSE,surat,surat,"10297369",7,20,1.898188093183779,1.1331444759206795,10.536363636363637,14.224090909090911,"","",0,0,0.0
farukhnagar-10298083,FARUKHNAGAR F2 - FEEDER WAREHOUSE,farukhnagar,farukhnagar,"10298083",29,0,2.375,1.2475129327497014,0.0,12.210526315789474,"5383910069571",Scheduled,80,80,83944.0
puducherry-10176793,CPC - PUDUCHERRY VENKATA NAGAR (HP),puducherry,puducherry,"10176793",2,0,0.0,0.1435583088166198,0.0,0.0,"","",0,0,0.0
aurangabad-(maharashtra)-10249576,CC-DTS-CHITEGAON1,aurangabad,aurangabad-(maharashtra),"10249576",1,0,0.0,0.162276985223276,0.0,0.0,"","",0,0,0.0
chennai-10199527,CPC-CHN3,chennai,chennai,"10199527",12,5,0.0,1.327868852459016,0.0,0.0,"","",0,0,0.0
bengaluru-10315341,BENGALURU B5 - FEEDER WAREHOUSE,bengaluru,bengaluru,"10315341",52,498,0.5207215992198927,17.258315640481243,956.365168539326,1056.2265917602997,"49990010081779",Scheduled,144,144,4680.0
lucknow-10258333,SUPER STORE LUCKNOW L4 - WAREHOUSE,lucknow,lucknow,"10258333",45,9,0.9227185857620638,1.2679870875964327,9.753786407766993,58.52271844660196,"","",0,0,0.0
bengaluru-10260300,BENGALURU B3 - FEEDER WAREHOUSE,bengaluru,bengaluru,"10260300",114,2,16.39474731396737,12.443370582905468,0.12199029126213594,7.075436893203884,"1736010088344",Scheduled,36,36,6804.0
hyderabad-10315341,HYDERABAD H3 - FEEDER WAREHOUSE,hyderabad,hyderabad,"10315341",213,30,34.42857142857143,34.42857142857143,0.871369294605809,7.058091286307054,"6769710093850",Scheduled,96,96,3120.0
farukhnagar-10265740,FARUKHNAGAR F2 - FEEDER WAREHOUSE,farukhnagar,farukhnagar,"10265740",548,247,74.88901472253679,61.25156132900324,3.298214042675459,10.615709165696314,"5383910068788",Scheduled,180,180,6804.0
agra-10258761,CPC-AGRA2,agra,agra,"10258761",23,0,0.16493172907935652,0.6139222812412637,0.0,139.45163934426228,"","",0,0,0.0
bhubaneswar-10315546,BHUBANESWAR B1 - FEEDER WAREHOUSE,bhubaneswar,bhubaneswar,"10315546",109,31,6.444330348378913,11.49402286532598,4.810429994141769,21.724522554188635,"5407610027371",Scheduled,48,48,1560.0
delhi-10176793,CPC - DELHI MUNDKA (HP),delhi,delhi,"10176793",15,2,0.6592006379640627,2.1927287471279904,3.033977646285338,25.78880999342537,"","",0,0,0.0
solapur-10216726,CPC - SOLAPUR KARNIK NAGAR (HP),solapur,solapur,"10216726",4,0,0.0,1.2367636930171229,0.0,0.0,"","",0,0,0.0
dasna-10291036,DASNA D3 - FEEDER WAREHOUSE,dasna,dasna,"10291036",25,1,0.5932599844061337,0.8750567923671059,1.6856016355140184,43.82564252336448,"2576310067486",Scheduled,24,24,18463.2
dasna-10292367,DASNA D3 - FEEDER WAREHOUSE,dasna,dasna,"10292367",254,46,54.81190085169767,52.98473901643056,0.8392338029739258,5.4732639324386465,"2576310067807",Scheduled,288,288,22190.4
mumbai-10216722,MUMBAI M10 - FEEDER WAREHOUSE,mumbai,mumbai,"10216722",271,99,34.23334775086505,46.3178820791311,2.891916990429262,10.808174610695222,"2273910094389",Scheduled,144,144,3744.0
ahmedabad-10176795,AHMEDABAD A2 - FEEDER WAREHOUSE,ahmedabad,ahmedabad,"10176795",407,155,125.1403408246551,166.7039440332556,1.2386093803051395,4.490957882138635,"2738110068530",Scheduled,180,180,6804.0
faridabad-10176794,FARIDABAD - FEEDER WAREHOUSE,faridabad,faridabad,"10176794",19,0,0.5696015901445984,0.1564859299931366,0.0,33.356648451730415,"","",0,0,0.0
"",HYDERABAD H4 - FEEDER WAREHOUSE,hyderabad,hyderabad,"10199527",0,0,0.0,0.0,0.0,0.0,"52029210000299",Scheduled,180,180,6804.0
lucknow-10315543,LUCKNOW L5 - FEEDER WAREHOUSE,lucknow,lucknow,"10315543",198,68,13.954336964534363,20.52354349561054,4.873036975732015,19.062174052128178,"2940310044047",Scheduled,48,48,1560.0
mumbai-10260300,MUMBAI M10 - FEEDER WAREHOUSE,mumbai,mumbai,"10260300",71,0,2.0467032967032965,4.901315789473684,0.0,34.689932885906046,"2273910094687",Scheduled,36,36,6804.0
mumbai-10216715,MUMBAI M12 - FEEDER WAREHOUSE,mumbai,mumbai,"10216715",333,879,217.00647800886466,249.0955559794011,4.05057032428356,5.585086726998491,"50033210040195",Scheduled,432,432,11232.0
gurgaon-10199527,CPC-GGN4,gurgaon,gurgaon,"10199527",47,13,2.065664314206812,1.2029427731705946,6.293374925727867,29.04634581105169,"","",0,0,0.0
mumbai-10176797,MUMBAI M12 - FEEDER WAREHOUSE,mumbai,mumbai,"10176797",511,638,146.2582909894884,153.24800835836487,4.362145870047485,7.855964897624702,"50033210036493",Scheduled,180,180,6804.0
kolkata-10249574,KOLKATA K4 - FEEDER WAREHOUSE,kolkata,kolkata,"10249574",9,32,0.09129967776584318,0.43147208121827413,350.49411764705883,449.0705882352941,"","",0,0,0.0
mumbai-10249578,MUMBAI M10 - FEEDER WAREHOUSE,mumbai,mumbai,"10249578",89,43,2.9566326530612246,1.8880952380952378,14.543572044866263,44.64538395168248,"2273910097633",Scheduled,24,24,18463.2
visakhapatnam-10176793,VISAKHAPATNAM V1 - FEEDER WAREHOUSE,visakhapatnam,visakhapatnam,"10176793",145,56,8.788246936624535,10.623314852429864,6.372146846104549,22.871455644053828,"","",0,0,0.0
mumbai-10249574,MUMBAI M12 - FEEDER WAREHOUSE,mumbai,mumbai,"10249574",18,168,36.285714285714285,36.285714285714285,4.6299212598425195,5.125984251968504,"50033210034102",Scheduled,48,48,97406.4
ahmedabad-10315547,AHMEDABAD A2 - FEEDER WAREHOUSE,ahmedabad,ahmedabad,"10315547",149,203,91.13349482148038,73.53139566330997,2.2275015393369113,3.862465723382231,"2738110063421",Scheduled,48,48,1560.0
faridabad-10325396,FARIDABAD - FEEDER WAREHOUSE,faridabad,faridabad,"10325396",1,0,0.0,0.09969522993305553,0.0,0.0,"","",0,0,0.0
ahmedabad-10252336,AHMEDABAD A2 - FEEDER WAREHOUSE,ahmedabad,ahmedabad,"10252336",52,0,11.092014252777195,9.340694006309151,0.0,4.688057445200302,"2738110068900",Scheduled,12,12,24351.6
nagpur-10315547,NAGPUR N1 - FEEDER WAREHOUSE,nagpur,nagpur,"10315547",231,246,53.9188890475116,47.23539986318587,4.562408542639532,8.84662144243519,"2549710051002",Scheduled,48,48,1560.0
bengaluru-10315546,BENGALURU B5 - FEEDER WAREHOUSE,bengaluru,bengaluru,"10315546",87,706,38.26860564585116,51.999341672152745,18.44854256080114,20.721946530758224,"49990010073868",Scheduled,48,48,1560.0
varanasi-10315341,VARANASI V2 - FEEDER WAREHOUSE,varanasi,varanasi,"10315341",137,105,13.023177623171946,12.418552962508043,8.06254840701666,18.58225442379078,"","",0,0,0.0
bengaluru-10260300,BENGALURU B5 - FEEDER WAREHOUSE,bengaluru,bengaluru,"10260300",197,215,13.033824114604057,16.98520084566596,16.495542529156747,31.610062893081764,"49990010071488",Scheduled,36,36,6804.0
satara-10265740,CPC - SATARA POWAI NAKA(HP),satara,satara,"10265740",0,4,0.0,0.6947685825812179,0.0,0.0,"","",0,0,0.0
goa-10249576,GOA G2 - FEEDER WAREHOUSE,goa,goa,"10249576",46,9,1.347729682830425,3.4078166896887954,6.677896995708155,40.809370529327616,"41315210040426",Scheduled,12,12,24351.6
hyderabad-10298083,HYDERABAD H3 - FEEDER WAREHOUSE,hyderabad,hyderabad,"10298083",137,1,6.857142857142857,6.857142857142857,0.14583333333333334,20.125,"6769710094450",Scheduled,20,20,20986.0
farukhnagar-10292367,FARUKHNAGAR F2 - FEEDER WAREHOUSE,farukhnagar,farukhnagar,"10292367",784,343,97.31908926729994,130.14134802210862,3.524488387451967,11.580461844485034,"5383910067675",Scheduled,288,288,22190.4
delhi-10216722,CPC-DEL5,delhi,delhi,"10216722",28,13,0.0,1.3295817879524237,0.0,0.0,"","",0,0,0.0
mumbai-10260300,MUMBAI M10 - FEEDER WAREHOUSE,mumbai,mumbai,"10260300",71,0,2.0467032967032965,4.901315789473684,0.0,34.689932885906046,"2273910096790",Scheduled,36,36,6804.0
bengaluru-10249577,BENGALURU B3 - FEEDER WAREHOUSE,bengaluru,bengaluru,"10249577",0,16,4.420124862284245,2.974789915966386,3.619807244931871,3.619807244931871,"","",0,0,0.0
gurgaon-10216726,CPC - GURGAON (HP),gurgaon,gurgaon,"10216726",63,7,12.207739307535638,9.380808780835006,0.5734067400734069,5.7340674007340695,"","",0,0,0.0
rajpura-10216726,RAJPURA R2 - FEEDER WAREHOUSE,rajpura,rajpura,"10216726",1270,345,280.4896378521355,118.97666726824723,1.2299919620626847,5.757788460090538,"43886010062987",Scheduled,360,360,9360.0
coimbatore-10291036,COIMBATORE C1 - FEEDER WAREHOUSE,coimbatore,coimbatore,"10291036",93,30,1.1764705882352942,0.5714285714285715,25.5,104.55,"","",0,0,0.0
junagadh-10216709,CPC -  JUNAGADH SONVATIKA(HP),junagadh,junagadh,"10216709",0,8,0.0,0.1559956152583819,0.0,0.0,"","",0,0,0.0
solapur-10265740,CPC - SOLAPUR MURARJI PETH(HP),solapur,solapur,"10265740",3,1,0.0,0.17369214564530447,0.0,0.0,"","",0,0,0.0
"",SURAT S2 - FEEDER WAREHOUSE,surat,surat,"10324645",0,0,0.0,0.0,0.0,0.0,"51076110004079",Scheduled,144,144,11577.6
kolkata-10252336,KOLKATA K6 - FEEDER WAREHOUSE,kolkata,kolkata,"10252336",91,80,4.746753246753246,4.560975609756096,16.853625170998633,36.02462380300958,"48287510054379",Scheduled,12,12,24351.6
satara-10199527,CPC - SATARA POWAI NAKA(HP),satara,satara,"10199527",0,7,0.0,1.217769929971708,0.0,0.0,"","",0,0,0.0
guwahati-10249577,GUWAHATI G2 - FEEDER WAREHOUSE,guwahati,guwahati,"10249577",23,12,0.21502165148573987,0.27633093919622775,55.80833333333334,162.77430555555557,"","",0,0,0.0
patna-10249576,PATNA P1 - FEEDER WAREHOUSE,patna,patna,"10249576",42,15,2.2462161380507086,2.0825546436987086,6.677896995708155,25.376008583690986,"","",0,0,0.0
mumbai-10216709,MUMBAI M10 - FEEDER WAREHOUSE,mumbai,mumbai,"10216709",175,98,15.301610695862722,19.513181429349096,6.404554523563812,17.841259029927762,"2273910094389",Scheduled,72,72,1872.0
mumbai-10258187,MUMBAI M11 - FEEDER WAREHOUSE,mumbai,mumbai,"10258187",81,29,1.2857142857142858,1.510204081632653,22.555555555555554,85.55555555555554,"","",0,0,0.0
gurgaon-10216715,CPC-GGN4,gurgaon,gurgaon,"10216715",198,5,22.179596931064964,20.197169249877096,0.2254324104960154,9.152555866138224,"","",0,0,0.0
ranchi-10292367,RANCHI R2 - FEEDER WAREHOUSE,ranchi,ranchi,"10292367",193,159,18.87090788952029,19.33500328025288,8.425667749048712,18.653050614246204,"","",0,0,0.0
farukhnagar-10292367,FARUKHNAGAR - SR FEEDER WAREHOUSE,farukhnagar,farukhnagar,"10292367",78,206,60.684604514379565,53.419832676237014,3.394600684118937,4.679934923736787,"1735210076934",Scheduled,432,432,33285.6
rajpura-10216715,RAJPURA R2 - FEEDER WAREHOUSE,rajpura,rajpura,"10216715",671,115,270.7283536205885,249.1464258867132,0.42478003674918524,2.9032792076944314,"43886010069381",Scheduled,216,216,5616.0
dasna-10176795,DASNA D3 - FEEDER WAREHOUSE,dasna,dasna,"10176795",373,371,122.21917460317462,123.28259124851701,3.035530236598107,6.08742451759836,"2576310066675",Scheduled,720,720,27216.0
goa-10249574,GOA G2 - FEEDER WAREHOUSE,goa,goa,"10249574",30,13,5.431522227211496,7.8415841584158406,2.393435846560846,7.916749338624338,"","",0,0,0.0
gurgaon-10265740,CPC-GGN4,gurgaon,gurgaon,"10265740",45,14,2.644555897104028,0.9943435280682343,5.2938945307720555,22.309984093967948,"","",0,0,0.0
surat-10260300,CPC - SURAT1 (HP),surat,surat,"10260300",2,0,0.11414624579142921,0.0,0.0,17.52138220694922,"","",0,0,0.0
nagpur-10176797,NAGPUR N1 - FEEDER WAREHOUSE,nagpur,nagpur,"10176797",962,997,248.10399597198696,186.17383829701168,4.01847618815688,7.895882500099626,"2549710051002",Scheduled,360,360,13608.0
solapur-10258761,CPC - SOLAPUR MURARJI PETH(HP),solapur,solapur,"10258761",3,0,0.0,0.0,0.0,0.0,"","",0,0,0.0
nellore-10325396,CPC - NELLORE RAMALINGA PURAM (HP),nellore,nellore,"10325396",2,0,0.0,0.0,0.0,0.0,"","",0,0,0.0
kolkata-10216726,KOLKATA K4 - FEEDER WAREHOUSE,kolkata,kolkata,"10216726",603,159,75.61793045664014,86.19895121563643,2.102675900277008,10.076975069252077,"2135610069122",Scheduled,144,144,3744.0
kolkata-10176793,KOLKATA K6 - FEEDER WAREHOUSE,kolkata,kolkata,"10176793",149,93,7.535233637047564,9.752620149183267,12.342019435569755,32.11579250976216,"","",0,0,0.0
lucknow-10216709,LUCKNOW L5 - FEEDER WAREHOUSE,lucknow,lucknow,"10216709",180,32,19.91158191940474,27.517626531578568,1.6071048563356258,10.647069673223521,"2940310044047",Scheduled,72,72,1872.0
farukhnagar-10216722,FARUKHNAGAR F2 - FEEDER WAREHOUSE,farukhnagar,farukhnagar,"10216722",788,615,146.19213812851734,95.33101419618878,4.2067925667750625,9.59695930274051,"5383910069593",Scheduled,144,144,3744.0
bengaluru-10265737,BENGALURU B3 - FEEDER WAREHOUSE,bengaluru,bengaluru,"10265737",162,34,7.453924914675769,9.083276912660796,4.561355311355311,26.294871794871792,"1736010088491",Scheduled,36,36,6804.0
gandhidham-10199527,CPC - GANDHIDHAM GAYATRI KUNJ (HP),gandhidham,gandhidham,"10199527",7,0,1.0430657781100559,0.8698356642655056,0.0,6.710986159169548,"","",0,0,0.0
kundli-10260300,KUNDLI - FEEDER WAREHOUSE,kundli,kundli,"10260300",49,34,9.681757059614522,9.910854745673834,3.5117592592592595,8.572824074074074,"2011710093998",Scheduled,36,36,6804.0
patna-10315586,PATNA P1 - FEEDER WAREHOUSE,patna,patna,"10315586",53,15,0.962409457316176,0.8762057877813505,15.585881753312943,70.65599728168534,"","",0,0,0.0
kolkata-10216715,KOLKATA K5 - FEEDER WAREHOUSE,kolkata,kolkata,"10216715",155,25,21.616942014901202,20.02288871349645,1.15650030345489,8.326802184875207,"27845210026389",Scheduled,72,72,1872.0
coimbatore-10315543,CPC - COIMBATORE1 (HP),coimbatore,coimbatore,"10315543",2,0,0.0,0.0,0.0,0.0,"","",0,0,0.0
guwahati-10258761,GUWAHATI G1 - FEEDER WAREHOUSE,guwahati,guwahati,"10258761",40,0,1.5550705884625042,3.946643236550981,0.0,25.722305017386983,"","",0,0,0.0
vijayawada-10252336,VIJAYAWADA - FEEDER WAREHOUSE,vijayawada,vijayawada,"10252336",15,1,1.9014881576189475,1.987381703470032,0.5259038800705468,8.414462081128748,"51388610012846",Scheduled,12,12,24351.6
farukhnagar-10216709,FARUKHNAGAR - SR FEEDER WAREHOUSE,farukhnagar,farukhnagar,"10216709",62,33,15.209723194400251,14.864222044762911,2.1696647321069973,6.246004531823173,"1735210075435",Scheduled,432,432,11232.0
farukhnagar-10315543,FARUKHNAGAR F2 - FEEDER WAREHOUSE,farukhnagar,farukhnagar,"10315543",352,94,41.09349764629339,38.50856955810148,2.2874665186471113,10.85329858847459,"5383910068267",Scheduled,48,48,1560.0
guwahati-10249574,GUWAHATI G2 - FEEDER WAREHOUSE,guwahati,guwahati,"10249574",27,3,3.8796587337224975,1.5841584158415838,0.7732638888888888,7.7326388888888875,"51894410003549",Scheduled,12,12,24351.6
jaipur-10249576,JAIPUR J3 - FEEDER WAREHOUSE,jaipur,jaipur,"10249576",90,1,9.09717535910537,6.058340781668969,0.10992423038202724,10.003104964764479,"6478710071825",Scheduled,12,12,23511.6
gurgaon-10258333,CPC - GURGAON3 (HP),gurgaon,gurgaon,"10258333",22,0,0.0,0.24382619568615194,0.0,0.0,"","",0,0,0.0
surat-10216715,CPC - SURAT1 (HP),surat,surat,"10216715",25,0,7.449440577539728,6.0540253019201336,0.0,3.355956697658036,"","",0,0,0.0
bhuj-10216715,CPC -  BHUJ CITY MALL (HP),bhuj,bhuj,"10216715",5,46,2.9405686490288403,2.619530178715442,15.643232820016658,17.34358421349673,"","",0,0,0.0
mumbai-10216709,MUMBAI M10 - FEEDER WAREHOUSE,mumbai,mumbai,"10216709",175,98,15.301610695862722,19.513181429349096,6.404554523563812,17.841259029927762,"2273910097234",Scheduled,72,72,1872.0
farukhnagar-10315547,FARUKHNAGAR F2 - FEEDER WAREHOUSE,farukhnagar,farukhnagar,"10315547",272,10,54.13334981153063,48.23122597430315,0.1847290078078626,5.209358020181726,"5383910069593",Scheduled,288,288,9360.0
noida-10216726,NOIDA N1 - FEEDER WAREHOUSE,noida,noida,"10216726",411,225,101.39205702647654,112.76929704620802,2.2191087408478722,6.272680707463318,"2867410094569",Scheduled,72,72,1872.0
ahmedabad-10216722,AHMEDABAD A2 - FEEDER WAREHOUSE,ahmedabad,ahmedabad,"10216722",428,69,105.53599374021911,59.895241808350136,0.6538053753475439,4.709293790546802,"2738110067259",Scheduled,144,144,3744.0
mumbai-10265740,MUMBAI M10 - FEEDER WAREHOUSE,mumbai,mumbai,"10265740",282,190,15.752839931153181,23.066003616636525,12.06131725012019,29.962851273982785,"2273910097633",Scheduled,360,360,13608.0
kolkata-10252336,KOLKATA K5 - FEEDER WAREHOUSE,kolkata,kolkata,"10252336",2,3,0.11038961038961037,0.14808362369337974,27.176470588235297,45.29411764705883,"","",0,0,0.0
bengaluru-10315547,BENGALURU B5 - FEEDER WAREHOUSE,bengaluru,bengaluru,"10315547",201,275,35.5610479485912,36.533458338216334,7.733180428134556,13.385432304698359,"49990010073868",Scheduled,48,48,1560.0
gurgaon-10216709,CPC - GURGAON1 (HP),gurgaon,gurgaon,"10216709",1,1,0.214826598790964,0.48575889035172914,4.654917061611376,9.309834123222752,"","",0,0,0.0
nellore-10265737,CPC - NELLORE RAMALINGA PURAM (HP),nellore,nellore,"10265737",3,0,0.30067689699447764,0.200973203572857,0.0,9.977487562189054,"","",0,0,0.0
chennai-10176797,CHENNAI C5 - FEEDER WAREHOUSE,chennai,chennai,"10176797",492,483,46.04711043295823,50.04434589800442,10.489257533395465,21.173967070518795,"8525210065889",Scheduled,180,180,6804.0
mumbai-10249578,MUMBAI M11 - FEEDER WAREHOUSE,mumbai,mumbai,"10249578",92,42,3.423469387755102,2.614285714285714,12.268256333830104,39.14157973174367,"5625710057139",Scheduled,24,24,18463.2
agra-10260300,CPC-AGRA2,agra,agra,"10260300",21,2,0.39951186027000224,0.7813401221185783,5.006109201985491,57.57025582283315,"","",0,0,0.0
surat-10216726,SURAT S1 - FEEDER WAREHOUSE,surat,surat,"10216726",629,299,91.9421805381059,73.58743973451881,3.2520438198230237,10.093299882260087,"2873410039504",Scheduled,360,360,9360.0
ahmedabad-10216715,CPC - AHMEDABAD2 (HP),ahmedabad,ahmedabad,"10216715",25,0,2.613838799136747,4.191248285944708,0.0,9.564476588325402,"","",0,0,0.0
"",SUPER STORE LUCKNOW L4 - WAREHOUSE,lucknow,lucknow,"10291038",0,0,0.0,0.0,0.0,0.0,"1735810061288",Scheduled,50,50,4830.0
faridabad-10252336,FARIDABAD - FEEDER WAREHOUSE,faridabad,faridabad,"10252336",26,111,12.278364722094627,8.909181141439205,9.040291806958471,11.157837635615412,"49060410074475",Scheduled,144,144,292219.2
noida-10176793,CPC - NOIDA1 (HP),noida,noida,"10176793",55,7,1.7930257352622505,1.0963643735639952,3.904015353675986,34.5784217039873,"","",0,0,0.0
noida-10258333,CPC-NOIDA2-FRZ(HP),noida,noida,"10258333",8,0,0.0,0.24382619568615194,0.0,0.0,"","",0,0,0.0
goa-10176793,CPC-GOA2-FRZ (HP),goa,goa,"10176793",7,3,0.15978630793862791,0.5024540808581692,18.775075528700903,62.58358509566968,"","",0,0,0.0
goa-10176794,CPC-GOA2-FRZ (HP),goa,goa,"10176794",12,0,0.626870980171315,0.0,0.0,19.142695035460996,"","",0,0,0.0
morbi-10292367,CPC - MORBI SANALA ROAD(HP),morbi,morbi,"10292367",10,0,0.1512091978326946,1.1373531341325223,0.0,66.13354308687292,"","",0,0,0.0
noida-10176795,CPC-NOIDA2,noida,noida,"10176795",92,25,10.615280423280423,3.5477004675832235,2.3550955794980584,11.021847312050912,"","",0,0,0.0
gurgaon-10252336,CPC - GURGAON1 (HP),gurgaon,gurgaon,"10252336",0,4,0.0,0.0,0.0,0.0,"","",0,0,0.0
aurangabad-(maharashtra)-10265740,CC-DTS-CHITEGAON1,aurangabad,aurangabad-(maharashtra),"10265740",2,5,0.0,0.34738429129060894,0.0,0.0,"","",0,0,0.0
pune-10216722,PUNE P3 - FEEDER WAREHOUSE,pune,pune,"10216722",146,7,28.068131868131868,38.92902721708556,0.24939315636990056,5.451021846370684,"43886110066159",Scheduled,144,144,3744.0
dasna-10216709,DASNA D3 - FEEDER WAREHOUSE,dasna,dasna,"10216709",131,276,33.029589564110715,34.82891243821898,8.35614379840481,12.32228451431434,"2576310067807",Scheduled,72,72,1872.0
dasna-10176795,SUPER STORE DASNA 2 - WAREHOUSE,dasna,dasna,"10176795",485,140,155.614273015873,139.06985832926233,0.8996604057374588,4.016341097042226,"1724010051254",Scheduled,180,180,6804.0
puducherry-10265740,CPC - PUDUCHERRY VENKATA NAGAR (HP),puducherry,puducherry,"10265740",3,0,0.0,0.14887898198168956,0.0,0.0,"","",0,0,0.0
jamnagar-10176795,CPC - JAMNAGAR KHODIYAR COLONY (HP),jamnagar,jamnagar,"10176795",1,0,1.0194732450073734,1.9728277400385277,0.0,0.9808987189190703,"","",0,0,0.0
kundli-10176795,KUNDLI - FEEDER WAREHOUSE,kundli,kundli,"10176795",253,356,140.00694179894182,122.69130783725315,2.542731063372821,4.349784319084405,"2011710093411",Scheduled,180,180,6804.0
chennai-10315586,CPC-CHN3,chennai,chennai,"10315586",8,0,0.0,0.05811138014527845,0.0,0.0,"","",0,0,0.0
lucknow-10265740,SUPER STORE LUCKNOW L4 - WAREHOUSE,lucknow,lucknow,"10265740",87,0,5.016976149771501,8.634980954937996,0.0,17.34112290008842,"1735810060912",Scheduled,180,180,6804.0
bidar-10258333,CPC - BIDAR DEVI NAGAR (HP),bidar,bidar,"10258333",2,0,0.0,0.1408874541773814,0.0,0.0,"","",0,0,0.0
bhubaneswar-10249576,BHUBANESWAR B1 - FEEDER WAREHOUSE,bhubaneswar,bhubaneswar,"10249576",5,4,0.8984864552202835,0.324553970446552,4.451931330472103,10.016845493562231,"","",0,0,0.0
kundli-10176797,KUNDLI - FEEDER WAREHOUSE,kundli,kundli,"10176797",211,338,125.4989730150861,121.9936021290229,2.6932491308862696,4.374537789516455,"2011710093998",Scheduled,180,180,6804.0
coimbatore-10252336,COIMBATORE C1 - FEEDER WAREHOUSE,coimbatore,coimbatore,"10252336",73,0,1.5714285714285714,1.5714285714285714,0.0,46.45454545454545,"2883810040184",Scheduled,24,24,48703.2
coimbatore-10216722,COIMBATORE C1 - FEEDER WAREHOUSE,coimbatore,coimbatore,"10216722",328,44,8.245928092380616,8.15368746776689,5.335966977526372,45.11317535545024,"2883810039882",Scheduled,72,72,1872.0
aurangabad-(maharashtra)-10249574,CC-DTS-CHITEGAON1,aurangabad,aurangabad-(maharashtra),"10249574",0,0,0.5029187247418051,1.188118811881188,0.0,0.0,"","",0,0,0.0
faridabad-10199527,FARIDABAD - FEEDER WAREHOUSE,faridabad,faridabad,"10199527",19,6,0.563362994783676,1.0024523109754955,10.65032679738562,44.376361655773415,"","",0,0,0.0
puducherry-10315586,CPC - PUDUCHERRY VENKATA NAGAR (HP),puducherry,puducherry,"10315586",2,0,0.0,0.0,0.0,0.0,"","",0,0,0.0
morbi-10249574,CPC - MORBI SANALA ROAD(HP),morbi,morbi,"10249574",2,0,0.0,0.19801980198019797,0.0,0.0,"","",0,0,0.0
visakhapatnam-10265791,VISAKHAPATNAM V1 - FEEDER WAREHOUSE,visakhapatnam,visakhapatnam,"10265791",11,0,0.0,0.3978835978835979,0.0,0.0,"","",0,0,0.0
dehradun-10176797,CPC-DDN1,dehradun,dehradun,"10176797",20,5,8.28855220396393,6.10406027203317,0.6032416611442457,3.0162083057212286,"","",0,0,0.0
patna-10258187,PATNA P1 - FEEDER WAREHOUSE,patna,patna,"10258187",51,13,0.5510991366113528,0.9557763786694986,23.589222222222215,116.13155555555552,"","",0,0,0.0
bengaluru-10216709,BENGALURU B5 - FEEDER WAREHOUSE,bengaluru,bengaluru,"10216709",54,615,0.943083301922352,16.466898954703833,652.1163069544365,709.3752997601919,"49990010078666",Scheduled,72,72,1872.0
dehradun-10249577,DEHRADUN - FEEDER WAREHOUSE,dehradun,dehradun,"10249577",53,6,3.5956398387337614,2.625143922364164,1.6686877076411961,16.40876245847176,"2173110040847",Scheduled,6,6,4615.8
kolkata-10315543,KOLKATA K4 - FEEDER WAREHOUSE,kolkata,kolkata,"10315543",179,32,13.431305536568697,9.966313398940196,2.3824936386768445,15.709567430025443,"2135610069122",Scheduled,48,48,1560.0
noida-10176793,CPC-NOIDA2,noida,noida,"10176793",47,1,1.6699749495089589,0.8565346668468713,0.5988113775563166,28.7429461227032,"","",0,0,0.0
delhi-10297369,CPC - DELHI4 (HP),delhi,delhi,"10297369",48,0,1.028880866425993,3.369827019925553,0.0,46.65263157894736,"","",0,0,0.0
jaipur-10176795,JAIPUR J3 - FEEDER WAREHOUSE,jaipur,jaipur,"10176795",840,211,147.56875221481732,144.3452296461523,1.4298420013258983,7.122103997125683,"6478710071282",Scheduled,180,180,6804.0
puducherry-10249576,CPC - PUDUCHERRY VENKATA NAGAR (HP),puducherry,puducherry,"10249576",2,0,0.0,0.162276985223276,0.0,0.0,"","",0,0,0.0
bhopal-10258187,BHOPAL B1 - FEEDER WAREHOUSE,bhopal,bhopal,"10258187",83,8,0.8817586185781645,0.35110152685818313,9.072777777777775,103.20284722222219,"","",0,0,0.0
kolkata-10216722,KOLKATA K4 - FEEDER WAREHOUSE,kolkata,kolkata,"10216722",1,0,0.0,0.4310344827586208,0.0,0.0,"2135610071101",Scheduled,72,72,1872.0
nellore-10249574,CPC - NELLORE RAMALINGA PURAM (HP),nellore,nellore,"10249574",1,1,0.0,0.23762376237623759,0.0,0.0,"","",0,0,0.0
visakhapatnam-10265740,VISAKHAPATNAM V1 - FEEDER WAREHOUSE,visakhapatnam,visakhapatnam,"10265740",200,33,35.11883304840051,32.93203081434973,0.9396667581328699,6.63461680742299,"2888510043182",Scheduled,180,180,6804.0
bengaluru-10199527,BENGALURU B3 - FEEDER WAREHOUSE,bengaluru,bengaluru,"10199527",212,3,40.440835266821345,33.4803867096344,0.07418244406196213,5.316408491107286,"1736010087559",Scheduled,180,180,6804.0
kolkata-10216726,KOLKATA K4 - FEEDER WAREHOUSE,kolkata,kolkata,"10216726",603,159,75.61793045664014,86.19895121563643,2.102675900277008,10.076975069252077,"2135610067276",Scheduled,72,72,1872.0
farukhnagar-10216715,FARUKHNAGAR F2 - FEEDER WAREHOUSE,farukhnagar,farukhnagar,"10216715",2198,1742,569.0781530106648,615.4628302326184,3.061090978074068,6.923477872337444,"5383910068267",Scheduled,1224,1224,31824.0
aurangabad-(maharashtra)-10216726,CC-DTS-CHITEGAON1,aurangabad,aurangabad-(maharashtra),"10216726",4,1,2.346211943556131,4.740927489898971,0.42621895381041736,2.1310947690520865,"","",0,0,0.0
satara-10258333,CPC - SATARA POWAI NAKA(HP),satara,satara,"10258333",0,0,0.13456312709030097,0.394484871696668,0.0,0.0,"","",0,0,0.0
bengaluru-10249574,BENGALURU B5 - FEEDER WAREHOUSE,bengaluru,bengaluru,"10249574",8,96,0.433996383363472,0.8673469387755102,221.2,239.6333333333333,"49990010078666",Scheduled,48,48,97406.4
goa-10176794,GOA G2 - FEEDER WAREHOUSE,goa,goa,"10176794",179,18,8.086635644209963,11.391000496403512,2.2258947715652324,24.361181666575042,"41315210040395",Scheduled,180,180,6804.0
junagadh-10291036,CPC -  JUNAGADH SONVATIKA(HP),junagadh,junagadh,"10291036",0,0,0.0,0.14274677164195576,0.0,0.0,"","",0,0,0.0
gurgaon-10325396,CPC - GURGAON1 (HP),gurgaon,gurgaon,"10325396",1,0,0.15707671957671954,0.23262220317712962,0.0,6.366315789473686,"","",0,0,0.0
nagpur-10176797,NAGPUR N1 - FEEDER WAREHOUSE,nagpur,nagpur,"10176797",962,997,248.10399597198696,186.17383829701168,4.01847618815688,7.895882500099626,"2549710050075",Scheduled,180,180,6804.0
solapur-10260300,CPC - SOLAPUR MURARJI PETH(HP),solapur,solapur,"10260300",2,0,0.0,0.17363113824857296,0.0,0.0,"","",0,0,0.0
gurgaon-10216722,CPC - GURGAON1 (HP),gurgaon,gurgaon,"10216722",8,0,0.49123702328130825,0.5318327151809694,0.0,16.285417468257023,"","",0,0,0.0
surat-10265740,SURAT S1 - FEEDER WAREHOUSE,surat,surat,"10265740",286,60,43.22317913649293,22.666825006712234,1.388144074514467,8.004964163033426,"2873410039504",Scheduled,180,180,6804.0
pune-10216715,PUNE P2 - FEEDER WAREHOUSE,pune,pune,"10216715",853,834,129.0636887499529,107.15001021867974,6.461925953594786,13.07106604761919,"1723710058529",Scheduled,144,144,3744.0
patna-10258187,PATNA P2 - FEEDER WAREHOUSE,patna,patna,"10258187",47,0,0.0,0.7022030537163663,0.0,0.0,"","",0,0,0.0
chennai-10249577,CHENNAI C5 - FEEDER WAREHOUSE,chennai,chennai,"10249577",83,7,1.6993464052287581,3.1515151515151514,4.11923076923077,52.96153846153846,"8525210065889",Scheduled,6,6,4615.8
varanasi-10249578,VARANASI V2 - FEEDER WAREHOUSE,varanasi,varanasi,"10249578",93,16,3.259880523796336,2.220326043023308,4.908155339805826,33.43680825242719,"","",0,0,0.0
mumbai-10315341,MUMBAI M12 - FEEDER WAREHOUSE,mumbai,mumbai,"10315341",11,0,13.339432753888381,13.057169634489222,0.0,0.8246227709190672,"50033210036493",Scheduled,96,96,3120.0
kolkata-10258187,KOLKATA K5 - FEEDER WAREHOUSE,kolkata,kolkata,"10258187",33,14,0.46703296703296704,0.4104627766599598,29.976470588235294,100.63529411764706,"","",0,0,0.0
bhopal-10176793,BHOPAL B1 - FEEDER WAREHOUSE,bhopal,bhopal,"10176793",256,32,21.837462084945813,17.920862217274703,1.465371748581534,13.188345737233808,"27828910034742",Scheduled,180,180,6804.0
ahmedabad-10292367,AHMEDABAD A2 - FEEDER WAREHOUSE,ahmedabad,ahmedabad,"10292367",335,249,101.61258094357076,84.16413192580666,2.4504839625939523,5.747319815883005,"2738110063421",Scheduled,144,144,11095.2
surat-10258187,CPC - SURAT1 (HP),surat,surat,"10258187",1,0,0.0,0.0,0.0,0.0,"","",0,0,0.0
gurgaon-10297369,CPC - GURGAON1 (HP),gurgaon,gurgaon,"10297369",0,0,0.0,0.2496168162907817,0.0,0.0,"","",0,0,0.0
coimbatore-10216722,CPC - COIMBATORE1 (HP),coimbatore,coimbatore,"10216722",3,0,0.15632091170389792,0.07993811242908715,0.0,19.19129032258065,"","",0,0,0.0
goa-10291036,GOA G2 - FEEDER WAREHOUSE,goa,goa,"10291036",49,2,2.074096072462692,2.1412015746293367,0.9642754868270333,24.58902491408935,"41315210040107",Scheduled,24,24,18463.2
noida-10315341,NOIDA N1 - FEEDER WAREHOUSE,noida,noida,"10315341",124,33,21.86566109490833,23.116412152899542,1.5092157450334045,7.1802082415225605,"2867410094941",Scheduled,96,96,3120.0
surat-10249576,SURAT S2 - FEEDER WAREHOUSE,surat,surat,"10249576",17,2,1.010797262122819,1.3252620459900872,1.9786361468764901,18.797043395326657,"51076110004621",Scheduled,12,12,23511.6
dasna-10265791,SUPER STORE DASNA 2 - WAREHOUSE,dasna,dasna,"10265791",5,0,0.0,0.0,0.0,0.0,"","",0,0,0.0
ranchi-10315546,RANCHI R1 - FEEDER WAREHOUSE,ranchi,ranchi,"10315546",19,0,1.104742345436385,4.856629379715204,0.0,17.19858035539934,"2896610025019",Scheduled,48,48,1560.0
patna-10315546,PATNA P2 - FEEDER WAREHOUSE,patna,patna,"10315546",54,18,4.897691064767973,6.799281131601285,3.675201183979281,14.700804735917124,"50283910015238",Scheduled,48,48,1560.0
noida-10315341,NOIDA N1 - FEEDER WAREHOUSE,noida,noida,"10315341",124,33,21.86566109490833,23.116412152899542,1.5092157450334045,7.1802082415225605,"2867410093603",Scheduled,48,48,1560.0
puducherry-10258761,CPC - PUDUCHERRY VENKATA NAGAR (HP),puducherry,puducherry,"10258761",2,0,0.0,0.0,0.0,0.0,"","",0,0,0.0
pune-10176795,PUNE P3 - FEEDER WAREHOUSE,pune,pune,"10176795",385,126,64.68598277212216,65.45300462249614,1.9478717737639824,7.899702193598373,"43886110066628",Scheduled,180,180,6804.0
farukhnagar-10249574,FARUKHNAGAR - SR FEEDER WAREHOUSE,farukhnagar,farukhnagar,"10249574",3,11,0.6859732412602502,0.30906545327266366,16.035610922360643,20.408959355731728,"","",0,0,0.0
ranchi-10315543,RANCHI R2 - FEEDER WAREHOUSE,ranchi,ranchi,"10315543",114,146,16.323941354738313,6.481118998613854,8.943918434111557,15.92752597855483,"51024410015429",Scheduled,48,48,1560.0
noida-10315547,CPC-NOIDA2,noida,noida,"10315547",16,2,1.7895322251745662,3.5538798086328636,1.117610497237569,10.05849447513812,"","",0,0,0.0
coimbatore-10315586,COIMBATORE C1 - FEEDER WAREHOUSE,coimbatore,coimbatore,"10315586",105,18,0.6559006211180124,0.5423728813559322,27.44318181818182,187.5284090909091,"","",0,0,0.0
bhubaneswar-10315543,BHUBANESWAR B1 - FEEDER WAREHOUSE,bhubaneswar,bhubaneswar,"10315543",107,54,11.058153820951759,11.882051497458734,4.883274448370107,14.559392336807173,"5407610027371",Scheduled,96,96,3120.0
ranchi-10176797,RANCHI R2 - FEEDER WAREHOUSE,ranchi,ranchi,"10176797",425,298,65.20327733784958,67.87715022500885,4.57032241578776,11.088399686626008,"51024410014953",Scheduled,180,180,6804.0
noida-10315543,CPC - NOIDA1 (HP),noida,noida,"10315543",58,2,4.4666845267710205,1.8337414075286418,0.44775940365007283,13.432782109502186,"","",0,0,0.0
farukhnagar-10176797,FARUKHNAGAR F2 - FEEDER WAREHOUSE,farukhnagar,farukhnagar,"10176797",1542,749,323.548882121019,302.0902035976362,2.314951592754528,7.080846594126333,"5383910067895",Scheduled,180,180,6804.0
junagadh-10176797,CPC -  JUNAGADH SONVATIKA(HP),junagadh,junagadh,"10176797",14,0,1.2893303428388336,1.4649744652879606,0.0,10.858349900596423,"","",0,0,0.0
mumbai-10249576,MUMBAI M12 - FEEDER WAREHOUSE,mumbai,mumbai,"10249576",33,0,6.428571428571429,6.428571428571429,0.0,5.133333333333333,"50033210038659",Scheduled,24,24,47023.2
goa-10315543,GOA G2 - FEEDER WAREHOUSE,goa,goa,"10315543",106,82,11.233680072077977,10.26177174780527,7.299477951469901,16.735388474101725,"","",0,0,0.0
goa-10258187,GOA G2 - FEEDER WAREHOUSE,goa,goa,"10258187",79,6,0.9919784459004352,1.0533045805745496,6.048518518518516,85.68734567901231,"","",0,0,0.0
lucknow-10176794,SUPER STORE LUCKNOW L4 - WAREHOUSE,lucknow,lucknow,"10176794",80,56,6.17915680454582,5.077915883938914,9.062725185870422,22.009475451399595,"","",0,0,0.0
mumbai-10216726,MUMBAI M12 - FEEDER WAREHOUSE,mumbai,mumbai,"10216726",274,362,120.23984336759668,143.58108108108107,3.0106492977813963,5.289428048035823,"50033210036493",Scheduled,504,504,13104.0
chennai-10216726,CPC-CHN3,chennai,chennai,"10216726",5,39,3.8916791286927572,3.7264437689969605,10.021381185426861,11.306173645096973,"","",0,0,0.0
pune-10315341,PUNE P3 - FEEDER WAREHOUSE,pune,pune,"10315341",26,0,10.12987012987013,10.392017106200997,0.0,2.566666666666667,"43886110066159",Scheduled,48,48,1560.0
farukhnagar-10176797,FARUKHNAGAR - SR FEEDER WAREHOUSE,farukhnagar,farukhnagar,"10176797",124,360,105.79502797648561,99.86453011492108,3.4028064161958054,4.574884181774361,"1735210075435",Scheduled,180,180,6804.0
kolkata-10291036,KOLKATA K5 - FEEDER WAREHOUSE,kolkata,kolkata,"10291036",34,32,0.17532467532467533,0.5413533834586467,182.5185185185185,376.44444444444446,"","",0,0,0.0
kundli-10325396,KUNDLI - FEEDER WAREHOUSE,kundli,kundli,"10325396",59,0,31.258267195767186,19.44056983694583,0.0,1.8875006612007412,"2011710093998",Scheduled,144,144,12060.0
patna-10199527,PATNA P1 - FEEDER WAREHOUSE,patna,patna,"10199527",182,53,11.239565935553253,13.27120699193657,4.715484592901331,20.908280742109675,"3292010040430",Scheduled,180,180,6804.0
dasna-10324645,DASNA D3 - FEEDER WAREHOUSE,dasna,dasna,"10324645",9,0,1.7725190839694653,1.1057142857142856,0.0,5.077519379844962,"2576310066675",Scheduled,144,144,12060.0
surat-10292367,SURAT S1 - FEEDER WAREHOUSE,surat,surat,"10292367",375,219,29.032165983877363,4.170294825152582,7.543357258346443,20.46006489250131,"2873410039504",Scheduled,144,144,11095.2
mangalore-10176797,CPC - MANGALORE ATTAVAR(HP),mangalore,mangalore,"10176797",36,0,4.446776732733218,2.9319155331780267,0.0,8.095751633986927,"","",0,0,0.0
mumbai-10315547,MUMBAI M12 - FEEDER WAREHOUSE,mumbai,mumbai,"10315547",44,0,30.41970078114656,31.914903731875444,0.0,1.446431058495822,"50033210040195",Scheduled,96,96,3120.0
farukhnagar-10176795,FARUKHNAGAR F2 - FEEDER WAREHOUSE,farukhnagar,farukhnagar,"10176795",1369,700,227.7981798941799,289.96538488380213,3.0728954916372646,9.082601103139286,"5383910068267",Scheduled,360,360,13608.0
dasna-10265740,SUPER STORE DASNA 2 - WAREHOUSE,dasna,dasna,"10265740",209,31,33.609901310467556,28.23935619713786,0.9223472486170401,7.14075289251902,"1724010051605",Scheduled,180,180,6804.0
gurgaon-10176793,SUPER STORE GURGAON G7 ECOM - WAREHOUSE,gurgaon,gurgaon,"10176793",25,0,0.6152539287664585,2.466819840518989,0.0,40.63362919132149,"","",0,0,0.0
goa-10315341,GOA G2 - FEEDER WAREHOUSE,goa,goa,"10315341",56,6,2.8940394718159883,7.416635797053414,2.0732267332328553,21.42334291007284,"41315210040107",Scheduled,96,96,3120.0
noida-10216715,CPC - NOIDA1 (HP),noida,noida,"10216715",100,200,14.633960861733584,31.21380702253733,13.666839886320933,20.5002598294814,"","",0,0,0.0
gurgaon-10297369,CPC-GGN4,gurgaon,gurgaon,"10297369",0,0,0.0,0.2496168162907817,0.0,0.0,"","",0,0,0.0
gurgaon-10260300,CPC - GURGAON3 (HP),gurgaon,gurgaon,"10260300",17,1,0.2689376961004034,0.4719454640797064,3.7183333333333333,66.92999999999999,"","",0,0,0.0
delhi-10265737,CPC-DEL5,delhi,delhi,"10265737",13,1,0.2848235794246848,0.5863477246207701,3.51094527363184,49.15323383084576,"","",0,0,0.0
gurgaon-10249578,SUPER STORE GURGAON G7 ECOM - WAREHOUSE,gurgaon,gurgaon,"10249578",0,0,0.10346861094730071,0.4653405666063894,0.0,0.0,"","",0,0,0.0
farukhnagar-10176793,FARUKHNAGAR - SR FEEDER WAREHOUSE,farukhnagar,farukhnagar,"10176793",51,0,18.809191536574588,24.668198405189894,0.0,2.7114403030470604,"1735210076934",Scheduled,180,180,6804.0
gurgaon-10315341,CPC - GURGAON1 (HP),gurgaon,gurgaon,"10315341",4,0,0.10265568589158838,0.0,0.0,38.965206508135175,"","",0,0,0.0
"",RAIPUR - FEEDER WAREHOUSE,raipur,raipur,"10216715",0,0,0.0,0.0,0.0,0.0,"52221610000014",Scheduled,144,144,3744.0
goa-10216709,GOA G2 - FEEDER WAREHOUSE,goa,goa,"10216709",96,15,12.636196218083777,8.985347438882798,1.1870660870660874,8.784289044289046,"41315210039472",Scheduled,72,72,1872.0
jaipur-10249576,JAIPUR J4 - FEEDER WAREHOUSE,jaipur,jaipur,"10249576",25,7,2.1563674925286804,1.7850468374560358,3.2461999284692413,14.839771101573675,"","",0,0,0.0
guwahati-10249574,GUWAHATI G1 - FEEDER WAREHOUSE,guwahati,guwahati,"10249574",0,12,0.25145936237090255,0.594059405940594,47.721428571428575,47.721428571428575,"","",0,0,0.0
dasna-10315546,SUPER STORE DASNA 2 - WAREHOUSE,dasna,dasna,"10315546",119,15,22.846209773083842,21.43381290807188,0.656564049309929,5.865305507168698,"1724010051254",Scheduled,144,144,4680.0
gandhidham-10260300,CPC - GANDHIDHAM GAYATRI KUNJ (HP),gandhidham,gandhidham,"10260300",1,0,0.13317062009000075,0.0,0.0,7.509163802978237,"","",0,0,0.0
lucknow-10298083,SUPER STORE LUCKNOW L4 - WAREHOUSE,lucknow,lucknow,"10298083",6,0,0.0,0.1421169504071058,0.0,0.0,"1735810061288",Scheduled,20,20,20986.0
dehradun-10315547,CPC-DHD1-FRZ (HP),dehradun,dehradun,"10315547",23,3,1.8607302886984396,0.6492838469166442,1.612270202845178,13.973008424658211,"","",0,0,0.0
faridabad-10249574,FARIDABAD - FEEDER WAREHOUSE,faridabad,faridabad,"10249574",40,147,65.62477341389727,56.00266013300665,2.240007734165677,2.849533648224365,"49060410074029",Scheduled,72,72,146109.6
rajpura-10315547,RAJPURA R2 - FEEDER WAREHOUSE,rajpura,rajpura,"10315547",423,188,63.09567251677435,44.02144482094848,2.979602126437738,9.683706910922648,"43886010069012",Scheduled,48,48,1560.0
chennai-10315547,CHENNAI C5 - FEEDER WAREHOUSE,chennai,chennai,"10315547",177,187,13.570062824364928,13.97226074895978,13.780334138486312,26.823752012882448,"8525210065574",Scheduled,48,48,1560.0
visakhapatnam-10216722,VISAKHAPATNAM V1 - FEEDER WAREHOUSE,visakhapatnam,visakhapatnam,"10216722",93,1,17.350922665623372,19.66758767989422,0.057633822665883724,5.41757933059307,"2888510043576",Scheduled,144,144,3744.0
bidar-10292367,CPC - BIDAR DEVI NAGAR (HP),bidar,bidar,"10292367",4,0,0.0,0.48743705748536664,0.0,0.0,"","",0,0,0.0
surat-10216709,SURAT S2 - FEEDER WAREHOUSE,surat,surat,"10216709",105,120,29.67591536065129,21.527394905656703,4.043683186908995,7.581905975454365,"51076110004079",Scheduled,144,144,3744.0
gurgaon-10176797,CPC-GGN4,gurgaon,gurgaon,"10176797",130,31,17.784073470736836,10.780829955588072,1.7431326996601526,9.053044020815632,"","",0,0,0.0
bengaluru-10176795,BENGALURU B3 - FEEDER WAREHOUSE,bengaluru,bengaluru,"10176795",552,94,172.64285714285714,146.87792777839252,0.5444766239139429,3.7418287132809267,"1736010087559",Scheduled,360,360,13608.0
mumbai-10216726,MUMBAI M11 - FEEDER WAREHOUSE,mumbai,mumbai,"10216726",783,596,143.33088595203134,118.35183397683399,4.158210535302655,9.621094510373089,"5625710053542",Scheduled,72,72,1872.0
jaipur-10292367,JAIPUR J4 - FEEDER WAREHOUSE,jaipur,jaipur,"10292367",146,166,14.334631954539448,17.287767638814337,11.580346152342727,21.765469876692354,"","",0,0,0.0
ranchi-10216722,RANCHI R2 - FEEDER WAREHOUSE,ranchi,ranchi,"10216722",95,0,19.072769953051647,8.263692302476565,0.0,4.980923076923076,"51024410015429",Scheduled,144,144,3744.0
mumbai-10216722,MUMBAI M11 - FEEDER WAREHOUSE,mumbai,mumbai,"10216722",405,504,68.625,62.99941815360744,7.344262295081967,13.245901639344263,"5625710056845",Scheduled,72,72,1872.0
delhi-10324645,CPC - DELHI4 (HP),delhi,delhi,"10324645",15,0,0.0,5.5285714285714285,0.0,0.0,"","",0,0,0.0
ludhiana-10216722,LUDHIANA L2 - FEEDER WAREHOUSE,ludhiana,ludhiana,"10216722",341,121,52.45011737089202,74.04268303019002,2.306953846153846,8.80836923076923,"3226810044769",Scheduled,72,72,1872.0
bengaluru-10249574,BENGALURU B5 - FEEDER WAREHOUSE,bengaluru,bengaluru,"10249574",8,96,0.433996383363472,0.8673469387755102,221.2,239.6333333333333,"49990010081045",Scheduled,36,36,73054.8
lucknow-10216715,LUCKNOW L5 - FEEDER WAREHOUSE,lucknow,lucknow,"10216715",868,874,203.87942633266624,251.08681861168756,4.286847455485335,8.54426575223736,"2940310043312",Scheduled,216,216,5616.0
agra-10176797,CPC-AGRA2,agra,agra,"10176797",39,20,7.735982057033001,13.428932598472974,2.5853214049039104,7.626698144466535,"","",0,0,0.0
bengaluru-10315546,BENGALURU B3 - FEEDER WAREHOUSE,bengaluru,bengaluru,"10315546",255,63,61.588537211291715,47.85780118499013,1.022917621567565,5.163298470769615,"1736010088491",Scheduled,96,96,3120.0
"",RAIPUR - FEEDER WAREHOUSE,raipur,raipur,"10315341",0,0,0.0,0.0,0.0,0.0,"52221610000014",Scheduled,48,48,1560.0
patna-10216715,PATNA P1 - FEEDER WAREHOUSE,patna,patna,"10216715",283,15,77.63101233436139,83.6309264463967,0.19322174925909902,3.838672085280767,"3292010040430",Scheduled,144,144,3744.0
farukhnagar-10315547,FARUKHNAGAR - SR FEEDER WAREHOUSE,farukhnagar,farukhnagar,"10315547",34,36,53.387711384374555,47.12753659274014,0.6743124787802092,1.3111631531837402,"1735210076510",Scheduled,384,384,12480.0
goa-10291036,GOA G2 - FEEDER WAREHOUSE,goa,goa,"10291036",49,2,2.074096072462692,2.1412015746293367,0.9642754868270333,24.58902491408935,"41315210039472",Scheduled,24,24,18463.2
chennai-10216715,CHENNAI C5 - FEEDER WAREHOUSE,chennai,chennai,"10216715",679,552,66.82380720883394,80.21636177918099,8.260529039821408,18.4215783478626,"8525210065574",Scheduled,72,72,1872.0
kolkata-10258333,KOLKATA K4 - FEEDER WAREHOUSE,kolkata,kolkata,"10258333",146,4,5.379241516966069,5.328605200945627,0.743599257884972,27.884972170686453,"","",0,0,0.0
mumbai-10216709,MUMBAI M12 - FEEDER WAREHOUSE,mumbai,mumbai,"10216709",130,75,21.583324560480055,29.349094019752705,3.474904887328065,9.498073358696711,"50033210036493",Scheduled,144,144,3744.0
noida-10216715,CPC-NOIDA2-FRZ(HP),noida,noida,"10216715",15,51,2.012169618488368,14.68885036354698,25.345775789176997,32.80041572717023,"","",0,0,0.0
mumbai-10216722,MUMBAI M10 - FEEDER WAREHOUSE,mumbai,mumbai,"10216722",271,99,34.23334775086505,46.3178820791311,2.891916990429262,10.808174610695222,"2273910096790",Scheduled,144,144,3744.0
mumbai-10216726,MUMBAI M11 - FEEDER WAREHOUSE,mumbai,mumbai,"10216726",783,596,143.33088595203134,118.35183397683399,4.158210535302655,9.621094510373089,"5625710056845",Scheduled,216,216,5616.0
nagpur-10249574,NAGPUR N1 - FEEDER WAREHOUSE,nagpur,nagpur,"10249574",28,226,27.45936237090256,24.356435643564353,8.230344060701203,9.250032705389847,"2549710050594",Scheduled,36,36,73054.8
ahmedabad-10216726,AHMEDABAD A2 - FEEDER WAREHOUSE,ahmedabad,ahmedabad,"10216726",466,224,103.6439126065921,141.48576648115886,2.1612460815740455,6.657409804848623,"2738110067651",Scheduled,144,144,3744.0
mumbai-10249576,MUMBAI M10 - FEEDER WAREHOUSE,mumbai,mumbai,"10249576",0,1,0.0,0.0,0.0,0.0,"","",0,0,0.0
goa-10199527,GOA G2 - FEEDER WAREHOUSE,goa,goa,"10199527",255,129,17.88112762474381,8.002488111242652,7.214310121107266,21.47515570934256,"","",0,0,0.0
satara-10252336,CPC - SATARA POWAI NAKA(HP),satara,satara,"10252336",2,0,0.0,0.0,0.0,0.0,"","",0,0,0.0
"",BHOPAL B1 - FEEDER WAREHOUSE,bhopal,bhopal,"10291038",0,0,0.0,0.0,0.0,0.0,"27828910033903",Scheduled,50,50,4830.0
bidar-10176797,CPC - BIDAR DEVI NAGAR (HP),bidar,bidar,"10176797",8,4,1.1051402938618575,1.2208120544066339,3.619449966865474,10.858349900596421,"","",0,0,0.0
noida-10249576,CPC-NOIDA2-FRZ(HP),noida,noida,"10249576",4,1,0.21528125223357872,0.5545735749005742,4.645086321381142,23.225431606905712,"","",0,0,0.0
coimbatore-10265740,COIMBATORE C1 - FEEDER WAREHOUSE,coimbatore,coimbatore,"10265740",242,17,5.629447852760737,12.80550774526678,3.0198343504795115,46.00806451612903,"2883810040701",Scheduled,180,180,6804.0
bengaluru-10258333,BENGALURU B5 - FEEDER WAREHOUSE,bengaluru,bengaluru,"10258333",197,26,9.723214285714285,9.329842931937172,2.674012855831038,22.93480257116621,"49990010081045",Scheduled,36,36,6804.0
gurgaon-10216709,SUPER STORE GURGAON G7 ECOM - WAREHOUSE,gurgaon,gurgaon,"10216709",10,0,0.9667196945593379,2.7931136195224426,0.0,10.34426013691417,"","",0,0,0.0
varanasi-10216722,VARANASI V2 - FEEDER WAREHOUSE,varanasi,varanasi,"10216722",183,0,22.251564945226917,32.724221517807194,0.0,8.224140659340659,"51116810014516",Scheduled,72,72,2340.0
kundli-10249574,KUNDLI - FEEDER WAREHOUSE,kundli,kundli,"10249574",10,0,10.289598618903753,9.934246712335618,0.0,0.9718552074157965,"2011710095298",Scheduled,72,72,146109.6
gurgaon-10258333,CPC-GGN4,gurgaon,gurgaon,"10258333",17,0,0.17979173446143837,0.0,0.0,94.55384615384614,"","",0,0,0.0
hyderabad-10315586,HYDERABAD H3 - FEEDER WAREHOUSE,hyderabad,hyderabad,"10315586",188,11,2.0,2.0,5.5,99.5,"","",0,0,0.0
kundli-10325396,KUNDLI - FEEDER WAREHOUSE,kundli,kundli,"10325396",59,0,31.258267195767186,19.44056983694583,0.0,1.8875006612007412,"2011710095829",Scheduled,144,144,12060.0
pune-10265740,PUNE P2 - FEEDER WAREHOUSE,pune,pune,"10265740",251,275,33.67678958785249,31.454959053685165,8.165861513687602,15.619066022544287,"","",0,0,0.0
kolkata-10258761,KOLKATA K4 - FEEDER WAREHOUSE,kolkata,kolkata,"10258761",75,0,0.0,2.9635258358662613,0.0,0.0,"2135610067276",Scheduled,36,36,6804.0
noida-10249578,NOIDA N1 - FEEDER WAREHOUSE,noida,noida,"10249578",52,1,0.12416233313676087,1.8946008783260142,8.05397236614853,426.8605354058721,"2867410093168",Scheduled,24,24,18463.2
solapur-10260300,CPC - SOLAPUR KONARK NAGAR(HP),solapur,solapur,"10260300",1,0,0.0,0.14882668992734824,0.0,0.0,"","",0,0,0.0
surat-10291036,SURAT S2 - FEEDER WAREHOUSE,surat,surat,"10291036",14,0,0.0,0.4282403149258673,0.0,0.0,"51076110004846",Scheduled,24,24,18463.2
chennai-10216726,CHENNAI C5 - FEEDER WAREHOUSE,chennai,chennai,"10216726",514,221,49.60593662707035,54.96504559270516,4.455111928667799,14.816774966383857,"8525210065889",Scheduled,72,72,1872.0
surat-10315547,SURAT S1 - FEEDER WAREHOUSE,surat,surat,"10315547",170,219,7.330149622145367,2.272493464208255,29.8766070665695,53.06849383057322,"2873410039504",Scheduled,192,192,6240.0
morbi-10216726,CPC - MORBI SANALA ROAD(HP),morbi,morbi,"10216726",12,0,1.7596589576670985,0.7067221102954988,0.0,6.819503260966676,"","",0,0,0.0
bengaluru-10315341,BENGALURU B5 - FEEDER WAREHOUSE,bengaluru,bengaluru,"10315341",52,498,0.5207215992198927,17.258315640481243,956.365168539326,1056.2265917602997,"49990010078666",Scheduled,96,96,3120.0
satara-10216715,CPC - SATARA POWAI NAKA(HP),satara,satara,"10216715",6,5,1.5683032794820482,2.328471269969282,3.188158862775134,7.013949498105295,"","",0,0,0.0
ludhiana-10252336,LUDHIANA L2 - FEEDER WAREHOUSE,ludhiana,ludhiana,"10252336",30,0,2.112764619576608,4.116719242902209,0.0,14.199404761904766,"3226810044769",Scheduled,12,12,24351.6
farukhnagar-10265740,FARUKHNAGAR F2 - FEEDER WAREHOUSE,farukhnagar,farukhnagar,"10265740",548,247,74.88901472253679,61.25156132900324,3.298214042675459,10.615709165696314,"5383910069593",Scheduled,180,180,6804.0
solapur-10249576,CPC - SOLAPUR KONARK NAGAR(HP),solapur,solapur,"10249576",2,0,0.0,0.162276985223276,0.0,0.0,"","",0,0,0.0
kolkata-10258187,KOLKATA K4 - FEEDER WAREHOUSE,kolkata,kolkata,"10258187",108,6,0.8406593406593406,1.539235412474849,7.137254901960786,135.60784313725492,"2135610069122",Scheduled,36,36,6804.0
morbi-10265740,CPC - MORBI SANALA ROAD(HP),morbi,morbi,"10265740",4,0,0.0,0.44663694594506864,0.0,0.0,"","",0,0,0.0
delhi-10249574,CPC - DELHI4 (HP),delhi,delhi,"10249574",10,8,3.8871817004747515,7.04669233461673,2.0580463215863922,4.6306042235693825,"","",0,0,0.0
jaipur-10260300,JAIPUR J3 - FEEDER WAREHOUSE,jaipur,jaipur,"10260300",146,26,14.981694760125084,10.938761709660096,1.735451190021637,11.48067710322006,"6478710071825",Scheduled,36,36,6804.0
jamnagar-10265740,CPC - JAMNAGAR KHODIYAR COLONY (HP),jamnagar,jamnagar,"10265740",5,0,1.9810623770892595,1.9106136020983495,0.0,2.5238983172990306,"","",0,0,0.0
gurgaon-10176793,CPC - GURGAON (HP),gurgaon,gurgaon,"10176793",29,2,0.42188840829700014,2.7409109339099884,4.74059007232084,73.47914612097303,"","",0,0,0.0
rajpura-10216715,RAJPURA R2 - FEEDER WAREHOUSE,rajpura,rajpura,"10216715",671,115,270.7283536205885,249.1464258867132,0.42478003674918524,2.9032792076944314,"43886010066389",Scheduled,720,720,18720.0
farukhnagar-10325396,FARUKHNAGAR F2 - FEEDER WAREHOUSE,farukhnagar,farukhnagar,"10325396",265,0,28.004535147392286,37.684796914695,0.0,9.462753036437249,"5383910067895",Scheduled,144,144,12060.0
ahmedabad-10260300,AHMEDABAD A2 - FEEDER WAREHOUSE,ahmedabad,ahmedabad,"10260300",107,14,7.830432461292045,6.042363611050338,1.7878961435662468,15.452530955108275,"2738110068530",Scheduled,36,36,6804.0
nagpur-10216709,NAGPUR N1 - FEEDER WAREHOUSE,nagpur,nagpur,"10216709",150,152,1.2253281181172146,7.487789532402332,124.04840609840613,246.4645963270964,"2549710050594",Scheduled,216,216,5616.0
noida-10249578,NOIDA N1 - FEEDER WAREHOUSE,noida,noida,"10249578",52,1,0.12416233313676087,1.8946008783260142,8.05397236614853,426.8605354058721,"2867410094569",Scheduled,24,24,18463.2
mumbai-10216726,MUMBAI M10 - FEEDER WAREHOUSE,mumbai,mumbai,"10216726",596,589,161.42927068037199,163.06708494208496,3.648656761673742,7.340676167374167,"2273910094687",Scheduled,72,72,1872.0
pune-10265791,PUNE P3 - FEEDER WAREHOUSE,pune,pune,"10265791",19,0,0.0,1.4285714285714286,0.0,0.0,"","",0,0,0.0
bhubaneswar-10249574,BHUBANESWAR B1 - FEEDER WAREHOUSE,bhubaneswar,bhubaneswar,"10249574",4,11,0.5029187247418051,0.3394625176803394,21.87232142857143,29.825892857142858,"","",0,0,0.0
nagpur-10249577,NAGPUR N1 - FEEDER WAREHOUSE,nagpur,nagpur,"10249577",129,16,9.281767955801104,8.953122429957782,1.723809523809524,15.62202380952381,"","",0,0,0.0
solapur-10265740,CPC - SOLAPUR KONARK NAGAR(HP),solapur,solapur,"10265740",4,0,0.6003219324512907,0.34738429129060894,0.0,6.663091557669442,"","",0,0,0.0
aurangabad-(maharashtra)-10258761,CC-DTS-CHITEGAON1,aurangabad,aurangabad-(maharashtra),"10258761",2,0,0.0,0.0,0.0,0.0,"","",0,0,0.0
noida-10315341,CPC-NOIDA2-FRZ(HP),noida,noida,"10315341",3,10,0.1539835288373826,1.1462683712181592,64.94201084689196,84.42461410095954,"","",0,0,0.0
surat-10315546,SURAT S2 - FEEDER WAREHOUSE,surat,surat,"10315546",45,1,18.044124975460953,21.369169270746895,0.055419700393338364,2.5493062180935646,"51076110004408",Scheduled,96,96,3120.0
dasna-10176795,SUPER STORE DASNA 2 - WAREHOUSE,dasna,dasna,"10176795",485,140,155.614273015873,139.06985832926233,0.8996604057374588,4.016341097042226,"1724010051917",Scheduled,360,360,13608.0
rajpura-10324645,RAJPURA R2 - FEEDER WAREHOUSE,rajpura,rajpura,"10324645",6,0,7.594470046082948,10.536504881066959,0.0,0.7900485436893205,"43886010069972",Scheduled,144,144,12060.0
bhubaneswar-10315547,BHUBANESWAR B1 - FEEDER WAREHOUSE,bhubaneswar,bhubaneswar,"10315547",96,85,7.189185206334879,10.518398320049638,11.823314820864642,25.176705677370588,"","",0,0,0.0
dehradun-10260300,CPC-DHD1-FRZ (HP),dehradun,dehradun,"10260300",9,1,0.9588284646480053,1.3890491059885837,1.0429394170803108,10.429394170803107,"","",0,0,0.0
bhopal-10216709,BHOPAL B1 - FEEDER WAREHOUSE,bhopal,bhopal,"10216709",138,0,11.232174416074466,18.875469446264212,0.0,12.286134001134005,"27828910033903",Scheduled,144,144,3744.0
dehradun-10265737,CPC-DDN1,dehradun,dehradun,"10265737",5,2,0.0,1.004866017864285,0.0,0.0,"","",0,0,0.0
delhi-10292367,CPC - DELHI4 (HP),delhi,delhi,"10292367",490,52,30.482128534872682,37.06353398351286,1.7059176146609998,17.780910522043495,"","",0,0,0.0
morbi-10176797,CPC - MORBI SANALA ROAD(HP),morbi,morbi,"10176797",7,0,1.4735203918158097,1.831218081609951,0.0,4.750528081510935,"","",0,0,0.0
ahmedabad-10216722,AHMEDABAD A2 - FEEDER WAREHOUSE,ahmedabad,ahmedabad,"10216722",428,69,105.53599374021911,59.895241808350136,0.6538053753475439,4.709293790546802,"2738110069320",Scheduled,144,144,3744.0
patna-10216722,PATNA P2 - FEEDER WAREHOUSE,patna,patna,"10216722",5,0,0.0,0.6610953841981251,0.0,0.0,"50283910015973",Scheduled,72,72,1872.0
coimbatore-10252336,COIMBATORE C1 - FEEDER WAREHOUSE,coimbatore,coimbatore,"10252336",73,0,1.5714285714285714,1.5714285714285714,0.0,46.45454545454545,"2883810040462",Scheduled,12,12,24351.6
hyderabad-10216726,HYDERABAD H3 - FEEDER WAREHOUSE,hyderabad,hyderabad,"10216726",845,233,160.28571428571428,160.28571428571428,1.4536541889483066,6.7254901960784315,"6769710094450",Scheduled,144,144,3744.0
mumbai-10176794,MUMBAI M10 - FEEDER WAREHOUSE,mumbai,mumbai,"10176794",253,124,44.925024342745864,23.368,2.7601543196497462,8.391759504096406,"2273910097633",Scheduled,180,180,6804.0
bengaluru-10265737,BENGALURU B5 - FEEDER WAREHOUSE,bengaluru,bengaluru,"10265737",211,132,14.831789371038518,13.202437373053487,8.899802761341222,23.126002629848784,"49990010081779",Scheduled,72,72,13608.0
farukhnagar-10260300,FARUKHNAGAR - SR FEEDER WAREHOUSE,farukhnagar,farukhnagar,"10260300",21,6,9.412819363514119,10.854745673833248,0.6374285714285715,2.8684285714285713,"1735210076510",Scheduled,36,36,6804.0
patna-10315547,PATNA P2 - FEEDER WAREHOUSE,patna,patna,"10315547",65,21,7.612078453766343,9.739257703749663,2.7587734582017496,11.297834162159546,"50283910015435",Scheduled,48,48,1560.0
chennai-10325396,CPC-CHN3,chennai,chennai,"10325396",9,0,0.0,0.6353263350068462,0.0,0.0,"","",0,0,0.0
ahmedabad-10249576,CPC - AHMEDABAD2 (HP),ahmedabad,ahmedabad,"10249576",2,0,0.0,0.0,0.0,0.0,"","",0,0,0.0
pune-10216715,PUNE P2 - FEEDER WAREHOUSE,pune,pune,"10216715",853,834,129.0636887499529,107.15001021867974,6.461925953594786,13.07106604761919,"1723710057816",Scheduled,216,216,5616.0
bengaluru-10292367,BENGALURU B4 - FEEDER WAREHOUSE,bengaluru,bengaluru,"10292367",0,0,0.0,0.0,0.0,0.0,"","",0,0,0.0
mumbai-10292367,MUMBAI M12 - FEEDER WAREHOUSE,mumbai,mumbai,"10292367",294,302,77.38905775075987,83.4470905562317,3.9023604728800914,7.701347158399121,"50033210036493",Scheduled,144,144,11095.2
solapur-10176797,CPC - SOLAPUR MURARJI PETH(HP),solapur,solapur,"10176797",4,23,2.210280587723715,2.4416241088132677,10.405918654738237,12.215643638170974,"","",0,0,0.0
chennai-10315586,CHENNAI C5 - FEEDER WAREHOUSE,chennai,chennai,"10315586",94,18,0.48695652173913045,0.5423728813559322,36.964285714285715,230.0,"","",0,0,0.0
nagpur-10216726,NAGPUR N1 - FEEDER WAREHOUSE,nagpur,nagpur,"10216726",511,383,66.51510859981632,91.5205132832671,5.758090275463486,13.440555368836439,"2549710051216",Scheduled,144,144,3744.0
noida-10265737,NOIDA N1 - FEEDER WAREHOUSE,noida,noida,"10265737",71,0,1.220672483248649,3.8531421903650602,0.0,58.16466003316748,"2867410094941",Scheduled,36,36,6804.0
dehradun-10176795,CPC-DDN1,dehradun,dehradun,"10176795",57,0,18.35051841013272,5.260873973436074,0.0,3.1061792765770555,"","",0,0,0.0
pune-10258761,PUNE P3 - FEEDER WAREHOUSE,pune,pune,"10258761",61,0,1.7277486910994764,4.223999999999999,0.0,35.306060606060605,"43886110066159",Scheduled,36,36,6804.0
bhuj-10249574,CPC -  BHUJ CITY MALL (HP),bhuj,bhuj,"10249574",1,0,0.5029187247418051,0.47524752475247517,0.0,1.9883928571428573,"","",0,0,0.0
kolkata-10315546,KOLKATA K5 - FEEDER WAREHOUSE,kolkata,kolkata,"10315546",98,10,9.719331441185746,8.079398496240602,1.028877352368592,11.111875405580792,"27845210026106",Scheduled,48,48,1560.0
delhi-10249578,CPC - DELHI MUNDKA (HP),delhi,delhi,"10249578",2,0,0.10346861094730071,0.2991475071041075,0.0,19.329533678756476,"","",0,0,0.0
surat-10315546,SURAT S1 - FEEDER WAREHOUSE,surat,surat,"10315546",211,475,0.0,0.0,0.0,0.0,"2873410039504",Scheduled,144,144,4680.0
kolkata-10291036,KOLKATA K6 - FEEDER WAREHOUSE,kolkata,kolkata,"10291036",49,12,0.8766233766233766,0.9473684210526316,13.688888888888888,69.58518518518518,"48287510055363",Scheduled,24,24,18463.2
noida-10258333,CPC-NOIDA2,noida,noida,"10258333",18,2,0.21575008135372606,0.6827133479212255,9.269984917043738,92.69984917043737,"","",0,0,0.0
pune-10176797,PUNE P3 - FEEDER WAREHOUSE,pune,pune,"10176797",404,138,148.5691489361702,142.71746293245468,0.9288604060005013,3.6481328989295054,"43886110067829",Scheduled,180,180,6804.0
kolkata-10249574,KOLKATA K6 - FEEDER WAREHOUSE,kolkata,kolkata,"10249574",125,247,12.051557465091298,11.649746192893401,20.49527629233512,30.86737967914439,"48287510055363",Scheduled,48,48,97406.4
hyderabad-10176795,HYDERABAD H3 - FEEDER WAREHOUSE,hyderabad,hyderabad,"10176795",966,1029,151.85714285714286,151.85714285714286,6.776105362182502,13.137347130761993,"6769710094450",Scheduled,360,360,13608.0
gandhidham-10258333,CPC - GANDHIDHAM GAYATRI KUNJ (HP),gandhidham,gandhidham,"10258333",2,0,0.0,0.0,0.0,0.0,"","",0,0,0.0
gurgaon-10216726,CPC-GGN4,gurgaon,gurgaon,"10216726",80,7,7.347250509164968,9.97958380939894,0.9527373527373529,11.841164241164243,"","",0,0,0.0
goa-10216715,GOA G2 - FEEDER WAREHOUSE,goa,goa,"10216715",453,327,54.69457687193642,54.13695702678581,5.978654899655736,14.261011687252216,"41315210040107",Scheduled,72,72,1872.0
dehradun-10249578,DEHRADUN - FEEDER WAREHOUSE,dehradun,dehradun,"10249578",41,1,0.4889820785694504,3.885570575290789,2.045064724919094,85.89271844660196,"2173110040847",Scheduled,24,24,18463.2
kolkata-10176797,KOLKATA K6 - FEEDER WAREHOUSE,kolkata,kolkata,"10176797",274,69,32.68465643137989,33.80952380952381,2.1110823099781606,10.494220758297232,"48287510056293",Scheduled,180,180,6804.0
morbi-10315543,CPC - MORBI SANALA ROAD(HP),morbi,morbi,"10315543",1,0,0.7522553619695075,1.0801864997689758,0.0,1.329335822056307,"","",0,0,0.0
patna-10249578,PATNA P2 - FEEDER WAREHOUSE,patna,patna,"10249578",41,4,0.9779641571389008,1.110163021511654,4.090129449838188,46.01395631067962,"50283910016171",Scheduled,24,24,18463.2
vijayawada-10216715,VIJAYAWADA - FEEDER WAREHOUSE,vijayawada,vijayawada,"10216715",207,173,41.36399899633902,52.62345070130578,4.182380915716385,9.186732647238301,"51388610011914",Scheduled,144,144,3744.0
mumbai-10265737,MUMBAI M10 - FEEDER WAREHOUSE,mumbai,mumbai,"10265737",105,11,11.900826446280993,9.054325955734408,0.9243055555555555,9.747222222222222,"2273910097633",Scheduled,36,36,6804.0
hyderabad-10258761,HYDERABAD H3 - FEEDER WAREHOUSE,hyderabad,hyderabad,"10258761",216,24,11.0,11.0,2.1818181818181817,21.818181818181817,"6769710093850",Scheduled,36,36,6804.0
dehradun-10315341,CPC-DDN1,dehradun,dehradun,"10315341",12,0,1.5826778361493683,1.8110389736990895,0.0,7.582086338680159,"","",0,0,0.0
coimbatore-10260300,CPC - COIMBATORE1 (HP),coimbatore,coimbatore,"10260300",3,0,0.0,0.0,0.0,0.0,"","",0,0,0.0
mumbai-10260300,MUMBAI M11 - FEEDER WAREHOUSE,mumbai,mumbai,"10260300",119,6,11.666208791208792,7.7720864661654145,0.514305898975627,10.714706228658894,"5625710057139",Scheduled,72,72,13608.0
kolkata-10324645,KOLKATA K4 - FEEDER WAREHOUSE,kolkata,kolkata,"10324645",72,2,8.428571428571429,8.428571428571429,0.23728813559322035,8.779661016949152,"","",0,0,0.0
farukhnagar-10176795,FARUKHNAGAR - SR FEEDER WAREHOUSE,farukhnagar,farukhnagar,"10176795",126,657,66.27377777777778,78.0494102868309,9.913423106842995,11.814627538292335,"1735210075753",Scheduled,180,180,6804.0
gurgaon-10176795,SUPER STORE GURGAON G7 ECOM - WAREHOUSE,gurgaon,gurgaon,"10176795",56,10,2.582095238095238,10.44600693232838,3.8728238418412513,25.56063735615226,"","",0,0,0.0
gurgaon-10216709,CPC - GURGAON3 (HP),gurgaon,gurgaon,"10216709",21,8,1.0741329939548199,2.428794451758646,7.447867298578202,26.99851895734598,"","",0,0,0.0
mumbai-10315543,MUMBAI M11 - FEEDER WAREHOUSE,mumbai,mumbai,"10315543",243,88,29.621983914209114,24.829952524816573,2.9707665852113316,11.174133405738077,"5625710057139",Scheduled,96,96,3120.0
bengaluru-10315341,BENGALURU B3 - FEEDER WAREHOUSE,bengaluru,bengaluru,"10315341",156,0,50.33642125792296,33.38287331917905,0.0,3.099147617202635,"1736010088344",Scheduled,192,192,6240.0
pune-10216722,PUNE P3 - FEEDER WAREHOUSE,pune,pune,"10216722",146,7,28.068131868131868,38.92902721708556,0.24939315636990056,5.451021846370684,"43886110068251",Scheduled,72,72,1872.0
indore-10258187,INDORE I2 - FEEDER WAREHOUSE,indore,indore,"10258187",56,16,0.7715387912558939,0.8192368960024274,20.737777777777772,93.31999999999998,"","",0,0,0.0
farukhnagar-10199527,FARUKHNAGAR F2 - FEEDER WAREHOUSE,farukhnagar,farukhnagar,"10199527",493,141,34.552930346732126,43.62672457365356,4.080695865302643,18.348660841148053,"5383910067675",Scheduled,180,180,6804.0
indore-10216722,INDORE I2 - FEEDER WAREHOUSE,indore,indore,"10216722",163,55,21.615805946791866,17.05626091231163,2.544434389140271,10.085212669683257,"50993810000359",Partially Scheduled,216,216,5616.0
ranchi-10292367,RANCHI R1 - FEEDER WAREHOUSE,ranchi,ranchi,"10292367",81,17,8.165296682965508,9.098825073060178,2.0819819119941476,12.002013375025086,"","",0,0,0.0
bengaluru-10249574,BENGALURU B5 - FEEDER WAREHOUSE,bengaluru,bengaluru,"10249574",8,96,0.433996383363472,0.8673469387755102,221.2,239.6333333333333,"49990010071488",Scheduled,360,360,730548.0
noida-10297369,CPC-NOIDA2,noida,noida,"10297369",14,0,0.34296028880866425,0.37442522443617254,0.0,40.82105263157895,"","",0,0,0.0
solapur-10176794,CPC - SOLAPUR KARNIK NAGAR (HP),solapur,solapur,"10176794",5,0,0.0,0.13724096983618686,0.0,0.0,"","",0,0,0.0
"",FARUKHNAGAR - SR FEEDER WAREHOUSE,farukhnagar,farukhnagar,"10298083",0,0,0.0,0.0,0.0,0.0,"1735210072912",Scheduled,20,20,20986.0
bengaluru-10258761,BENGALURU B3 - FEEDER WAREHOUSE,bengaluru,bengaluru,"10258761",99,0,7.3978424321673755,8.78273177636235,0.0,13.382280159080866,"1736010087559",Scheduled,36,36,6804.0
pune-10265737,PUNE P3 - FEEDER WAREHOUSE,pune,pune,"10265737",58,0,7.6987577639751565,11.149136577708006,0.0,7.5336829366680105,"43886110066159",Scheduled,36,36,6804.0
farukhnagar-10249578,FARUKHNAGAR - SR FEEDER WAREHOUSE,farukhnagar,farukhnagar,"10249578",5,0,0.8691363319573259,1.1633514165159737,0.0,5.7528374043918085,"1735210075935",Scheduled,24,24,18463.2
jaipur-10249574,JAIPUR J3 - FEEDER WAREHOUSE,jaipur,jaipur,"10249574",30,0,12.82442748091603,19.405940594059402,0.0,2.3392857142857144,"6478710071282",Scheduled,24,24,48703.2
kundli-10324645,KUNDLI - FEEDER WAREHOUSE,kundli,kundli,"10324645",3,0,0.0,0.41464285714285715,0.0,0.0,"2011710093998",Scheduled,144,144,12060.0
kundli-10260300,KUNDLI - FEEDER WAREHOUSE,kundli,kundli,"10260300",49,34,9.681757059614522,9.910854745673834,3.5117592592592595,8.572824074074074,"2011710095829",Scheduled,36,36,6804.0
delhi-10260300,CPC - DELHI4 (HP),delhi,delhi,"10260300",149,12,3.529807261317795,1.3765076035658104,3.3996190476190473,45.611555555555555,"","",0,0,0.0
mumbai-10249577,MUMBAI M12 - FEEDER WAREHOUSE,mumbai,mumbai,"10249577",28,0,0.0,1.9152542372881356,0.0,0.0,"50033210036493",Scheduled,6,6,4615.8
pune-10216709,PUNE P3 - FEEDER WAREHOUSE,pune,pune,"10216709",93,0,10.370121130551818,8.451807228915662,0.0,8.96807268007787,"43886110066628",Scheduled,144,144,3744.0
farukhnagar-10265737,FARUKHNAGAR F2 - FEEDER WAREHOUSE,farukhnagar,farukhnagar,"10265737",220,119,27.438004817911295,19.701283547257873,4.337050043898156,12.355125755306512,"5383910068267",Scheduled,144,144,27216.0
dasna-10297369,DASNA D3 - FEEDER WAREHOUSE,dasna,dasna,"10297369",0,0,6.584837545126355,2.7957083424567553,0.0,0.0,"2576310067807",Scheduled,40,40,41972.0
goa-10216722,GOA G2 - FEEDER WAREHOUSE,goa,goa,"10216722",200,44,15.099276212832553,16.999595593666072,2.9140469635627526,16.159714979757084,"41315210039886",Scheduled,72,72,1872.0
visakhapatnam-10176797,VISAKHAPATNAM V1 - FEEDER WAREHOUSE,visakhapatnam,visakhapatnam,"10176797",313,81,55.92009886940998,50.297456641553325,1.448495293063752,7.045767227989114,"2888510043182",Scheduled,180,180,6804.0
junagadh-10325396,CPC -  JUNAGADH SONVATIKA(HP),junagadh,junagadh,"10325396",0,0,0.0,0.20831681912583025,0.0,0.0,"","",0,0,0.0
"",RAIPUR - FEEDER WAREHOUSE,raipur,raipur,"10216726",0,0,0.0,0.0,0.0,0.0,"52221610000014",Scheduled,72,72,1872.0
gurgaon-10249576,CPC - GURGAON3 (HP),gurgaon,gurgaon,"10249576",3,0,0.0,1.2477905435262922,0.0,0.0,"","",0,0,0.0
goa-10176795,GOA G2 - FEEDER WAREHOUSE,goa,goa,"10176795",407,123,69.83391728300508,64.4457061745919,1.7613217872561406,7.589435343461419,"41315210039886",Scheduled,180,180,6804.0
bengaluru-10176795,BENGALURU B5 - FEEDER WAREHOUSE,bengaluru,bengaluru,"10176795",643,1575,166.61166562694947,196.84762642469843,9.453119588435609,13.312393172793767,"49990010071488",Scheduled,180,180,6804.0
farukhnagar-10291036,FARUKHNAGAR - SR FEEDER WAREHOUSE,farukhnagar,farukhnagar,"10291036",18,37,4.696641543215224,3.6169014084507047,7.8779697491392024,11.710495573044762,"1735210076297",Scheduled,24,24,18463.2
noida-10249578,CPC - NOIDA1 (HP),noida,noida,"10249578",12,0,0.10346861094730071,0.4985791785068458,0.0,115.97720207253884,"","",0,0,0.0
ahmedabad-10297369,AHMEDABAD A2 - FEEDER WAREHOUSE,ahmedabad,ahmedabad,"10297369",98,2,3.6065573770491803,2.0396600566572234,0.5545454545454546,27.727272727272727,"2738110063421",Scheduled,20,20,20986.0
morbi-10291036,CPC - MORBI SANALA ROAD(HP),morbi,morbi,"10291036",1,0,0.0,0.14274677164195576,0.0,0.0,"","",0,0,0.0
mumbai-10176797,MUMBAI M11 - FEEDER WAREHOUSE,mumbai,mumbai,"10176797",841,466,89.6421783483961,121.47707979626483,5.198445738220258,14.580190085523341,"5625710056407",Scheduled,180,180,6804.0
bhubaneswar-10199527,BHUBANESWAR B1 - FEEDER WAREHOUSE,bhubaneswar,bhubaneswar,"10199527",184,251,10.281648384227692,12.35166643257018,24.412427912341403,42.3083910034602,"","",0,0,0.0
nagpur-10315546,NAGPUR N1 - FEEDER WAREHOUSE,nagpur,nagpur,"10315546",210,278,16.239712477914857,24.60692219055703,17.118529677053406,30.049793102165694,"2549710051216",Scheduled,48,48,1560.0
noida-10199527,CPC-NOIDA2-FRZ(HP),noida,noida,"10199527",15,5,0.3004602638846272,1.2029427731705946,16.64113562091503,66.56454248366012,"","",0,0,0.0
rajpura-10249577,RAJPURA R2 - FEEDER WAREHOUSE,rajpura,rajpura,"10249577",129,6,10.435717485441241,10.113712374581937,0.574948489010989,12.936341002747254,"43886010069390",Scheduled,18,18,13847.4
mumbai-10176793,MUMBAI M10 - FEEDER WAREHOUSE,mumbai,mumbai,"10176793",247,25,36.08296390120329,24.931380107941404,0.6928477402369461,7.538183413777973,"2273910097415",Scheduled,180,180,6804.0
coimbatore-10176795,CPC - COIMBATORE1 (HP),coimbatore,coimbatore,"10176795",8,0,0.0,0.0,0.0,0.0,"","",0,0,0.0
bhuj-10176794,CPC -  BHUJ CITY MALL (HP),bhuj,bhuj,"10176794",3,0,0.0,0.5489638793447474,0.0,0.0,"","",0,0,0.0
noida-10216709,NOIDA N1 - FEEDER WAREHOUSE,noida,noida,"10216709",172,42,23.58796054724785,21.276239397405735,1.7805693678294876,9.072424874178818,"2867410093603",Scheduled,72,72,1872.0
pune-10260300,PUNE P2 - FEEDER WAREHOUSE,pune,pune,"10260300",93,4,6.857142857142857,8.280323450134771,0.5833333333333334,14.145833333333334,"1723710057816",Scheduled,36,36,6804.0
bengaluru-10249574,BENGALURU B5 - FEEDER WAREHOUSE,bengaluru,bengaluru,"10249574",8,96,0.433996383363472,0.8673469387755102,221.2,239.6333333333333,"49990010073868",Scheduled,180,180,365274.0
hyderabad-10315341,HYDERABAD H3 - FEEDER WAREHOUSE,hyderabad,hyderabad,"10315341",213,30,34.42857142857143,34.42857142857143,0.871369294605809,7.058091286307054,"6769710094450",Scheduled,48,48,1560.0
"",HYDERABAD H4 - FEEDER WAREHOUSE,hyderabad,hyderabad,"10298083",0,0,0.0,0.0,0.0,0.0,"52029210000299",Scheduled,20,20,20986.0
hyderabad-10265740,HYDERABAD H3 - FEEDER WAREHOUSE,hyderabad,hyderabad,"10265740",535,127,71.57142857142857,71.57142857142857,1.7744510978043913,9.249500998003992,"6769710095165",Scheduled,180,180,6804.0
mangalore-10315341,CPC - MANGALORE ATTAVAR(HP),mangalore,mangalore,"10315341",0,0,0.0,0.2159538974825599,0.0,0.0,"","",0,0,0.0
dehradun-10176794,DEHRADUN - FEEDER WAREHOUSE,dehradun,dehradun,"10176794",180,23,10.880689155830682,19.350976746902347,2.1138366945879428,18.656906478319666,"2173110040847",Scheduled,180,180,6804.0
hyderabad-10176795,HYDERABAD H3 - FEEDER WAREHOUSE,hyderabad,hyderabad,"10176795",966,1029,151.85714285714286,151.85714285714286,6.776105362182502,13.137347130761993,"6769710095686",Scheduled,180,180,6804.0
patna-10176793,PATNA P2 - FEEDER WAREHOUSE,patna,patna,"10176793",215,42,33.15565889726529,29.979760157870764,1.2667520838641575,7.751316322692583,"50283910015973",Scheduled,180,180,6804.0
dehradun-10291036,CPC-DDN1,dehradun,dehradun,"10291036",3,0,0.5761377979063033,0.0,0.0,5.20708762886598,"","",0,0,0.0
ranchi-10291036,RANCHI R1 - FEEDER WAREHOUSE,ranchi,ranchi,"10291036",20,14,0.9876647964108056,0.3330758004978968,14.17484965635739,34.42463487972509,"","",0,0,0.0
bidar-10216726,CPC - BIDAR DEVI NAGAR (HP),bidar,bidar,"10216726",4,4,0.14663824647225818,1.9788219088273968,27.27801304386671,54.55602608773342,"","",0,0,0.0
rajpura-10315546,RAJPURA R2 - FEEDER WAREHOUSE,rajpura,rajpura,"10315546",472,139,103.00617628848853,52.4515973009242,1.3494336457136693,5.93168314770541,"43886010069012",Scheduled,96,96,3120.0
bengaluru-10258187,BENGALURU B3 - FEEDER WAREHOUSE,bengaluru,bengaluru,"10258187",94,0,0.8944099378881987,1.134453781512605,0.0,105.09722222222223,"1736010088491",Scheduled,36,36,6804.0
farukhnagar-10216722,FARUKHNAGAR - SR FEEDER WAREHOUSE,farukhnagar,farukhnagar,"10216722",92,277,75.45400677600895,66.61204757641642,3.671110545822913,4.890396358876011,"1735210076510",Scheduled,72,72,1872.0
bengaluru-10315546,BENGALURU B3 - FEEDER WAREHOUSE,bengaluru,bengaluru,"10315546",255,63,61.588537211291715,47.85780118499013,1.022917621567565,5.163298470769615,"1736010088344",Scheduled,240,240,7800.0
jaipur-10249577,JAIPUR J3 - FEEDER WAREHOUSE,jaipur,jaipur,"10249577",103,1,2.257727340600269,5.329239541641536,0.4429232804232804,46.06402116402116,"6478710071599",Scheduled,6,6,4615.8
farukhnagar-10216715,FARUKHNAGAR F2 - FEEDER WAREHOUSE,farukhnagar,farukhnagar,"10216715",2198,1742,569.0781530106648,615.4628302326184,3.061090978074068,6.923477872337444,"5383910069593",Scheduled,1368,1368,35568.0
kolkata-10265740,KOLKATA K6 - FEEDER WAREHOUSE,kolkata,kolkata,"10265740",169,110,9.686981528591971,11.944776119402986,11.355446448960949,28.801541447819133,"","",0,0,0.0
noida-10324645,CPC-NOIDA2-FRZ(HP),noida,noida,"10324645",0,0,0.0,0.1382142857142857,0.0,0.0,"","",0,0,0.0
lucknow-10216726,LUCKNOW L5 - FEEDER WAREHOUSE,lucknow,lucknow,"10216726",511,210,78.08486624647749,124.08862386605134,2.6893815677051682,9.23354338245441,"2940310044047",Scheduled,72,72,1872.0
mumbai-10249577,MUMBAI M10 - FEEDER WAREHOUSE,mumbai,mumbai,"10249577",73,1,9.224489795918366,8.4818401937046,0.10840707964601771,8.022123893805311,"2273910096790",Scheduled,12,12,9231.6
delhi-10265740,CPC-DEL5,delhi,delhi,"10265740",22,0,1.0097395243488108,1.1136647514364226,0.0,21.78779721848363,"","",0,0,0.0
farukhnagar-10315547,FARUKHNAGAR F2 - FEEDER WAREHOUSE,farukhnagar,farukhnagar,"10315547",272,10,54.13334981153063,48.23122597430315,0.1847290078078626,5.209358020181726,"5383910069131",Scheduled,480,480,15600.0
kolkata-10249574,KOLKATA K6 - FEEDER WAREHOUSE,kolkata,kolkata,"10249574",125,247,12.051557465091298,11.649746192893401,20.49527629233512,30.86737967914439,"48287510054379",Scheduled,72,72,146109.6
mumbai-10315543,MUMBAI M10 - FEEDER WAREHOUSE,mumbai,mumbai,"10315543",54,128,20.915358100344697,21.924902891670264,6.119904779344441,8.701739608130378,"2273910094687",Scheduled,48,48,1560.0
farukhnagar-10315341,FARUKHNAGAR F2 - FEEDER WAREHOUSE,farukhnagar,farukhnagar,"10315341",558,353,78.59319311860008,71.6799821468422,4.491483116957848,11.591334616284986,"5383910067675",Scheduled,48,48,1560.0
guwahati-10176793,GUWAHATI G1 - FEEDER WAREHOUSE,guwahati,guwahati,"10176793",165,167,25.698964526795987,18.92577037899104,6.498316296980417,12.918808446691608,"7165810032200",Scheduled,180,180,6804.0
rajpura-10176795,RAJPURA R2 - FEEDER WAREHOUSE,rajpura,rajpura,"10176795",651,210,216.63806456406684,161.50883098448745,0.9693587339906107,3.9743708093615036,"43886010069012",Scheduled,180,180,6804.0
pune-10216726,PUNE P3 - FEEDER WAREHOUSE,pune,pune,"10216726",286,27,89.37326645028033,96.13460903992083,0.30210376181137455,3.5021658313688975,"43886110067829",Scheduled,72,72,1872.0
noida-10216726,CPC-NOIDA2,noida,noida,"10216726",96,32,11.077393075356412,3.9918335237595763,2.888766317337747,11.555065269350989,"","",0,0,0.0
kundli-10315546,KUNDLI - FEEDER WAREHOUSE,kundli,kundli,"10315546",85,40,39.24172502200283,35.004333506673596,1.0193231815770587,3.1853849424283083,"2011710093411",Scheduled,48,48,1560.0
kundli-10252336,KUNDLI - FEEDER WAREHOUSE,kundli,kundli,"10252336",2,0,0.15158474965548924,0.3743353420772776,0.0,13.193939393939392,"2011710095745",Scheduled,72,72,146109.6
bidar-10258761,CPC - BIDAR DEVI NAGAR (HP),bidar,bidar,"10258761",2,0,0.0,0.0,0.0,0.0,"","",0,0,0.0
chennai-10297369,CHENNAI C5 - FEEDER WAREHOUSE,chennai,chennai,"10297369",84,17,4.472049689440993,4.571428571428571,3.8013888888888894,22.584722222222226,"8525210065889",Scheduled,40,40,41972.0
kundli-10315543,KUNDLI - FEEDER WAREHOUSE,kundli,kundli,"10315543",111,54,13.156416242489188,13.961440261865794,4.104461200125668,12.541409222606207,"2011710093411",Scheduled,48,48,1560.0
rajpura-10291036,RAJPURA R2 - FEEDER WAREHOUSE,rajpura,rajpura,"10291036",37,1,8.987749647338331,4.329985406472658,0.11126255617235,4.2279771345493,"43886010069091",Scheduled,48,48,36926.4
indore-10291036,INDORE I2 - FEEDER WAREHOUSE,indore,indore,"10291036",20,48,0.0,1.9984548029873808,0.0,0.0,"50993810015083",Scheduled,24,24,18463.2
visakhapatnam-10216715,VISAKHAPATNAM V1 - FEEDER WAREHOUSE,visakhapatnam,visakhapatnam,"10216715",342,245,65.67269982831075,78.00378754397094,3.730621714053292,8.938265086323602,"2888510043803",Scheduled,72,72,1872.0
dehradun-10249574,DEHRADUN - FEEDER WAREHOUSE,dehradun,dehradun,"10249574",0,0,0.0,0.8486562942008485,0.0,0.0,"","",0,0,0.0
patna-10249576,PATNA P2 - FEEDER WAREHOUSE,patna,patna,"10249576",35,5,1.347729682830425,1.298215881786208,3.7099427753934195,29.679542203147356,"","",0,0,0.0
delhi-10176797,CPC-DEL5,delhi,delhi,"10176797",55,10,5.335222041221051,5.295846293973089,1.8743362361937121,12.18318553525913,"","",0,0,0.0
farukhnagar-10291036,FARUKHNAGAR - SR FEEDER WAREHOUSE,farukhnagar,farukhnagar,"10291036",18,37,4.696641543215224,3.6169014084507047,7.8779697491392024,11.710495573044762,"1735210076921",Scheduled,120,120,92316.0
patna-10216726,PATNA P1 - FEEDER WAREHOUSE,patna,patna,"10216726",271,18,41.000053713643396,43.781434732806154,0.43902381508369154,7.048771253288159,"3292010041159",Scheduled,72,72,1872.0
bengaluru-10249578,BENGALURU B5 - FEEDER WAREHOUSE,bengaluru,bengaluru,"10249578",80,41,6.756019261637238,6.819875776397515,6.068662390116418,17.909954858636258,"49990010081779",Scheduled,24,24,18463.2
lucknow-10249577,SUPER STORE LUCKNOW L4 - WAREHOUSE,lucknow,lucknow,"10249577",50,13,2.3078990592802744,1.4507374307801961,5.632828674948241,27.29755434782609,"","",0,0,0.0
noida-10258187,CPC-NOIDA2,noida,noida,"10258187",17,0,0.0,0.08632297334685972,0.0,0.0,"","",0,0,0.0
mangalore-10216715,CPC - MANGALORE ATTAVAR(HP),mangalore,mangalore,"10216715",11,36,6.300376516524893,5.497063690341002,5.7139442231075686,7.459871624612659,"","",0,0,0.0
delhi-10260300,CPC - DELHI MUNDKA (HP),delhi,delhi,"10260300",10,1,0.8404303003137606,1.5731515469323547,1.1898666666666666,13.088533333333332,"","",0,0,0.0
dasna-10315547,SUPER STORE DASNA 2 - WAREHOUSE,dasna,dasna,"10315547",114,65,27.737749490205776,24.207587102281824,2.3433768490465154,6.453299322758865,"1724010051605",Scheduled,192,192,6240.0
delhi-10315543,CPC-DEL5,delhi,delhi,"10315543",17,3,0.32484978376516516,0.5001112929623568,9.235037700282751,61.566918001885014,"","",0,0,0.0
bengaluru-10249574,BENGALURU B3 - FEEDER WAREHOUSE,bengaluru,bengaluru,"10249574",0,1,0.9945750452079565,0.5612244897959183,1.0054545454545456,1.0054545454545456,"1736010088344",Scheduled,12,12,24351.6
kolkata-10216722,KOLKATA K4 - FEEDER WAREHOUSE,kolkata,kolkata,"10216722",1,0,0.0,0.4310344827586208,0.0,0.0,"2135610069660",Scheduled,144,144,3744.0
rajpura-10216709,RAJPURA R2 - FEEDER WAREHOUSE,rajpura,rajpura,"10216709",23,0,0.10940429626046558,7.955776378177478,0.0,210.22940401940411,"43886010062987",Scheduled,288,288,7488.0
goa-10292367,GOA G2 - FEEDER WAREHOUSE,goa,goa,"10292367",298,109,39.01197304083521,50.04353790183098,2.7940140296392046,10.432694587735378,"41315210040107",Scheduled,144,144,11095.2
solapur-10216715,CPC - SOLAPUR KONARK NAGAR(HP),solapur,solapur,"10216715",16,2,7.10637423515303,4.948001448684725,0.2814374720242877,2.5329372482185897,"","",0,0,0.0
bengaluru-10199527,BENGALURU B5 - FEEDER WAREHOUSE,bengaluru,bengaluru,"10199527",310,455,30.702021876035793,37.18813201466829,14.819870881374964,24.916925767586477,"49990010081779",Scheduled,180,180,6804.0
bhopal-10176797,BHOPAL B1 - FEEDER WAREHOUSE,bhopal,bhopal,"10176797",508,36,108.11955874948504,95.22334024371744,0.33296473289733497,5.031467074893062,"27828910033803",Scheduled,180,180,6804.0
ranchi-10315547,RANCHI R2 - FEEDER WAREHOUSE,ranchi,ranchi,"10315547",126,214,16.492836649827076,9.495776261155921,12.975330111102734,20.615010456892193,"51024410015429",Scheduled,48,48,1560.0
guwahati-10216709,GUWAHATI G1 - FEEDER WAREHOUSE,guwahati,guwahati,"10216709",2,62,0.12763834563720985,1.470815801007601,485.74744282744297,501.41671517671534,"","",0,0,0.0
"",RAIPUR - FEEDER WAREHOUSE,raipur,raipur,"10252336",0,0,0.0,0.0,0.0,0.0,"52221610000014",Scheduled,12,12,24351.6
mumbai-10260300,MUMBAI M12 - FEEDER WAREHOUSE,mumbai,mumbai,"10260300",65,36,7.572802197802198,8.612312030075188,4.753854525666606,13.337202974786868,"50033210033504",Scheduled,36,36,6804.0
ranchi-10176794,RANCHI R2 - FEEDER WAREHOUSE,ranchi,ranchi,"10176794",170,248,5.328403331456179,9.92709681815085,46.54302322347378,78.4475149492421,"","",0,0,0.0
mumbai-10216715,MUMBAI M11 - FEEDER WAREHOUSE,mumbai,mumbai,"10216715",996,868,199.83673469387753,158.28189967575813,4.343545751633988,9.327614379084968,"5625710056407",Scheduled,288,288,7488.0
chennai-10315341,CHENNAI C5 - FEEDER WAREHOUSE,chennai,chennai,"10315341",129,11,12.10162002945508,15.502967946181244,0.9089692101740294,11.568699038578558,"8525210065889",Scheduled,192,192,6240.0
junagadh-10176795,CPC -  JUNAGADH SONVATIKA(HP),junagadh,junagadh,"10176795",8,2,2.29381480126659,3.507249315624049,0.8719099723725069,4.359549861862535,"","",0,0,0.0
chennai-10249578,CHENNAI C5 - FEEDER WAREHOUSE,chennai,chennai,"10249578",81,39,0.8396501457725946,0.7912087912087911,46.44791666666668,142.91666666666669,"","",0,0,0.0
coimbatore-10176797,COIMBATORE C1 - FEEDER WAREHOUSE,coimbatore,coimbatore,"10176797",557,19,46.872782757962995,37.410199556541016,0.40535250697852326,12.288581264191022,"2883810040701",Scheduled,180,180,6804.0
mumbai-10298083,MUMBAI M12 - FEEDER WAREHOUSE,mumbai,mumbai,"10298083",89,1,5.52,5.772151898734178,0.1811594202898551,16.304347826086957,"50033210039849",Scheduled,20,20,20986.0
agra-10216726,CPC-AGRA2,agra,agra,"10216726",96,9,1.3197442182503238,3.0919092325428075,6.819503260966676,79.56087137794455,"","",0,0,0.0
noida-10258761,NOIDA N1 - FEEDER WAREHOUSE,noida,noida,"10258761",101,6,5.590817015530048,5.458287928320621,1.0731884057971013,19.138526570048306,"2867410094569",Scheduled,36,36,6804.0
dehradun-10216726,DEHRADUN - FEEDER WAREHOUSE,dehradun,dehradun,"10216726",402,603,43.11164446284391,42.35915648583646,13.98694036177859,23.311567269630984,"2173110040606",Scheduled,72,72,1872.0
dasna-10315341,DASNA D3 - FEEDER WAREHOUSE,dasna,dasna,"10315341",69,218,7.021648914984646,14.137309911690629,31.04683851890887,40.87359016021489,"2576310067486",Scheduled,48,48,1560.0
mumbai-10176797,MUMBAI M12 - FEEDER WAREHOUSE,mumbai,mumbai,"10176797",511,638,146.2582909894884,153.24800835836487,4.362145870047485,7.855964897624702,"50033210034102",Scheduled,360,360,13608.0
rajpura-10258761,RAJPURA R2 - FEEDER WAREHOUSE,rajpura,rajpura,"10258761",154,11,8.741381641205896,8.697232317584568,1.2583823074543765,18.87573461181565,"","",0,0,0.0
puducherry-10325396,CPC - PUDUCHERRY VENKATA NAGAR (HP),puducherry,puducherry,"10325396",3,0,2.6529376135675347,0.4860725779602706,0.0,1.1308219178082193,"","",0,0,0.0
indore-10176793,INDORE I2 - FEEDER WAREHOUSE,indore,indore,"10176793",165,7,14.60903386867455,18.375463528527334,0.4791555733887211,11.773536946122862,"50993810015362",Scheduled,180,180,6804.0
faridabad-10249574,FARIDABAD - FEEDER WAREHOUSE,faridabad,faridabad,"10249574",40,147,65.62477341389727,56.00266013300665,2.240007734165677,2.849533648224365,"49060410069839",Scheduled,360,360,730548.0
"",GUWAHATI G2 - FEEDER WAREHOUSE,guwahati,guwahati,"10298083",0,0,0.0,0.0,0.0,0.0,"51894410004218",Scheduled,20,20,20986.0
chennai-10315341,CHENNAI C5 - FEEDER WAREHOUSE,chennai,chennai,"10315341",129,11,12.10162002945508,15.502967946181244,0.9089692101740294,11.568699038578558,"8525210065574",Scheduled,48,48,1560.0
farukhnagar-10315341,FARUKHNAGAR - SR FEEDER WAREHOUSE,farukhnagar,farukhnagar,"10315341",34,174,48.812778641450286,57.88655274651703,3.5646403430155202,4.261179260616254,"1735210076132",Scheduled,48,48,1560.0
dasna-10297369,DASNA D3 - FEEDER WAREHOUSE,dasna,dasna,"10297369",0,0,6.584837545126355,2.7957083424567553,0.0,0.0,"2576310067486",Scheduled,20,20,20986.0
gurgaon-10292367,CPC-GGN4,gurgaon,gurgaon,"10292367",59,7,7.270966439510915,5.607873837505425,0.9627330917058748,9.077197721798248,"","",0,0,0.0
mumbai-10258761,MUMBAI M10 - FEEDER WAREHOUSE,mumbai,mumbai,"10258761",91,5,6.842105263157894,6.38655462184874,0.7307692307692308,14.030769230769232,"2273910097415",Scheduled,36,36,6804.0
gurgaon-10325396,CPC - GURGAON3 (HP),gurgaon,gurgaon,"10325396",1,0,0.15707671957671954,0.4984761496652777,0.0,6.366315789473686,"","",0,0,0.0
noida-10249578,NOIDA N1 - FEEDER WAREHOUSE,noida,noida,"10249578",52,1,0.12416233313676087,1.8946008783260142,8.05397236614853,426.8605354058721,"2867410093603",Scheduled,48,48,36926.4
gurgaon-10216715,SUPER STORE GURGAON G7 ECOM - WAREHOUSE,gurgaon,gurgaon,"10216715",91,13,14.405305223268998,19.50862938908583,0.9024453004300805,7.219562403440644,"","",0,0,0.0
coimbatore-10260300,COIMBATORE C1 - FEEDER WAREHOUSE,coimbatore,coimbatore,"10260300",132,12,4.9502133712660035,2.206829268292683,2.4241379310344824,29.08965517241379,"2883810040184",Scheduled,36,36,6804.0
hyderabad-10265791,HYDERABAD H3 - FEEDER WAREHOUSE,hyderabad,hyderabad,"10265791",8,0,0.0,0.0,0.0,0.0,"","",0,0,0.0
chennai-10252336,CHENNAI C5 - FEEDER WAREHOUSE,chennai,chennai,"10252336",0,31,0.0,0.0,0.0,0.0,"","",0,0,0.0
chennai-10176793,CHENNAI C5 - FEEDER WAREHOUSE,chennai,chennai,"10176793",255,95,7.885044642857142,11.851588092864263,12.0481245576787,44.38782731776362,"","",0,0,0.0
ranchi-10249578,RANCHI R2 - FEEDER WAREHOUSE,ranchi,ranchi,"10249578",42,17,1.222455196423626,1.1332914177931468,13.90644012944984,48.26352750809062,"","",0,0,0.0
nagpur-10216715,NAGPUR N1 - FEEDER WAREHOUSE,nagpur,nagpur,"10216715",1092,1281,303.6137130122277,254.0944273353979,4.219177017042076,7.815852506979584,"2549710051216",Scheduled,216,216,5616.0
goa-10252336,CPC-GOA2-FRZ (HP),goa,goa,"10252336",2,0,0.0,0.0,0.0,0.0,"","",0,0,0.0
ahmedabad-10291036,AHMEDABAD A2 - FEEDER WAREHOUSE,ahmedabad,ahmedabad,"10291036",44,0,0.0,5.42437732239432,0.0,0.0,"2738110068530",Scheduled,72,72,55389.6
morbi-10249576,CPC - MORBI SANALA ROAD(HP),morbi,morbi,"10249576",1,0,0.0,0.0,0.0,0.0,"","",0,0,0.0
coimbatore-10258761,CPC - COIMBATORE1 (HP),coimbatore,coimbatore,"10258761",2,0,0.0,0.0,0.0,0.0,"","",0,0,0.0
farukhnagar-10216722,FARUKHNAGAR F2 - FEEDER WAREHOUSE,farukhnagar,farukhnagar,"10216722",788,615,146.19213812851734,95.33101419618878,4.2067925667750625,9.59695930274051,"5383910069131",Scheduled,144,144,3744.0
delhi-10216709,CPC - DELHI4 (HP),delhi,delhi,"10216709",324,61,13.534075723830732,19.381779725033994,4.507141916798316,28.44671537651396,"","",0,0,0.0
hyderabad-10292367,HYDERABAD H3 - FEEDER WAREHOUSE,hyderabad,hyderabad,"10292367",576,458,96.71428571428571,96.71428571428571,4.735598227474151,10.69128508124077,"6769710094450",Scheduled,144,144,11095.2
agra-10315543,CPC-AGRA2,agra,agra,"10315543",48,0,4.037103775903024,2.5924475994455416,0.0,11.88971170037939,"","",0,0,0.0
agra-10258187,CPC-AGRA2,agra,agra,"10258187",14,2,0.1543077582511788,0.20480922400060686,12.961111111111107,103.68888888888885,"","",0,0,0.0
visakhapatnam-10216715,VISAKHAPATNAM V1 - FEEDER WAREHOUSE,visakhapatnam,visakhapatnam,"10216715",342,245,65.67269982831075,78.00378754397094,3.730621714053292,8.938265086323602,"2888510043576",Scheduled,72,72,1872.0
ludhiana-10176793,LUDHIANA L2 - FEEDER WAREHOUSE,ludhiana,ludhiana,"10176793",254,134,15.579165024016222,14.7386530385063,8.601231182379218,24.90505745345624,"","",0,0,0.0
chennai-10176795,CHENNAI C5 - FEEDER WAREHOUSE,chennai,chennai,"10176795",395,276,29.65558054207598,37.654010932190864,9.306848659003833,22.626432790549174,"8525210065192",Scheduled,180,180,6804.0
pune-10291036,PUNE P3 - FEEDER WAREHOUSE,pune,pune,"10291036",59,1,0.48064085447263016,3.428571428571429,2.0805555555555557,124.83333333333334,"43886110063916",Scheduled,48,48,36926.4
dehradun-10258187,DEHRADUN - FEEDER WAREHOUSE,dehradun,dehradun,"10258187",58,4,0.12858979854264896,3.2769475840097098,31.106666666666666,482.1533333333333,"","",0,0,0.0
mumbai-10291036,MUMBAI M12 - FEEDER WAREHOUSE,mumbai,mumbai,"10291036",65,0,2.4859228362878,6.081632653061224,0.0,26.14723154362416,"50033210040195",Scheduled,24,24,18463.2
delhi-10265737,CPC - DELHI MUNDKA (HP),delhi,delhi,"10265737",8,0,0.39558830475650664,0.3908984830805134,0.0,20.223044776119398,"","",0,0,0.0
farukhnagar-10216715,FARUKHNAGAR F2 - FEEDER WAREHOUSE,farukhnagar,farukhnagar,"10216715",2198,1742,569.0781530106648,615.4628302326184,3.061090978074068,6.923477872337444,"5383910067675",Scheduled,648,648,16848.0
guwahati-10249578,GUWAHATI G1 - FEEDER WAREHOUSE,guwahati,guwahati,"10249578",30,6,1.8162191489722446,1.8040149099564378,3.303566094100075,19.821396564600448,"","",0,0,0.0
pune-10249574,PUNE P3 - FEEDER WAREHOUSE,pune,pune,"10249574",6,0,18.982857142857146,19.260204081632654,0.0,0.31607465382299815,"43886110063916",Scheduled,84,84,170461.2
ludhiana-10315586,LUDHIANA L2 - FEEDER WAREHOUSE,ludhiana,ludhiana,"10315586",116,5,1.7109501463398682,1.8775838309600366,2.9223528287461775,70.72093845565749,"","",0,0,0.0
mumbai-10315543,MUMBAI M11 - FEEDER WAREHOUSE,mumbai,mumbai,"10315543",243,88,29.621983914209114,24.829952524816573,2.9707665852113316,11.174133405738077,"5625710056407",Scheduled,48,48,1560.0
dasna-10249577,DASNA D3 - FEEDER WAREHOUSE,dasna,dasna,"10249577",59,0,8.436992969172527,6.932545544066963,0.0,6.99301282051282,"2576310067807",Scheduled,30,30,23079.0
kundli-10216726,KUNDLI - FEEDER WAREHOUSE,kundli,kundli,"10216726",275,519,91.55804480651729,121.75092247466708,5.668535201868536,8.672094316538763,"2011710095829",Scheduled,432,432,11232.0
nagpur-10258333,NAGPUR N1 - FEEDER WAREHOUSE,nagpur,nagpur,"10258333",111,16,11.949205685618727,11.440061279203372,1.3390011370593897,10.628321525408905,"","",0,0,0.0
gurgaon-10258761,SUPER STORE GURGAON G7 ECOM - WAREHOUSE,gurgaon,gurgaon,"10258761",9,0,0.1553004726536124,0.44557452476086695,0.0,57.95217391304348,"","",0,0,0.0
gurgaon-10315543,SUPER STORE GURGAON G7 ECOM - WAREHOUSE,gurgaon,gurgaon,"10315543",20,0,0.8121244594129128,1.4586579378068742,0.0,24.626767200754006,"","",0,0,0.0
noida-10249577,CPC - NOIDA1 (HP),noida,noida,"10249577",23,0,0.4326663061114116,1.35049588520785,0.0,53.15875,"","",0,0,0.0
aurangabad-(maharashtra)-10325396,CC-DTS-CHITEGAON1,aurangabad,aurangabad-(maharashtra),"10325396",3,0,0.0,0.0,0.0,0.0,"","",0,0,0.0
indore-10315547,INDORE I2 - FEEDER WAREHOUSE,indore,indore,"10315547",92,4,13.194269319861661,13.634960785249529,0.3031619184837087,7.27588604360901,"50993810015362",Scheduled,48,48,1560.0
nellore-10258333,CPC - NELLORE RAMALINGA PURAM (HP),nellore,nellore,"10258333",4,0,0.26912625418060193,0.197242435848334,0.0,14.862912621359227,"","",0,0,0.0
coimbatore-10216709,CPC - COIMBATORE1 (HP),coimbatore,coimbatore,"10216709",3,0,0.0,0.0,0.0,0.0,"","",0,0,0.0
farukhnagar-10216722,FARUKHNAGAR - SR FEEDER WAREHOUSE,farukhnagar,farukhnagar,"10216722",92,277,75.45400677600895,66.61204757641642,3.671110545822913,4.890396358876011,"1735210076132",Scheduled,288,288,7488.0
delhi-10315341,CPC - DELHI MUNDKA (HP),delhi,delhi,"10315341",25,0,3.2849819485308283,2.9038798737526696,0.0,7.610391896120151,"","",0,0,0.0
noida-10216715,CPC-NOIDA2,noida,noida,"10216715",98,94,30.48741846194497,28.918674153233113,3.0832390783540022,6.297679819616685,"","",0,0,0.0
surat-10258187,SURAT S1 - FEEDER WAREHOUSE,surat,surat,"10258187",75,36,1.5430775825117877,1.3653948266707123,23.329999999999995,71.93416666666666,"","",0,0,0.0
kundli-10216726,KUNDLI - FEEDER WAREHOUSE,kundli,kundli,"10216726",275,519,91.55804480651729,121.75092247466708,5.668535201868536,8.672094316538763,"2011710095241",Scheduled,216,216,5616.0
hyderabad-10324645,HYDERABAD H3 - FEEDER WAREHOUSE,hyderabad,hyderabad,"10324645",89,22,4.428571428571429,4.428571428571429,4.967741935483871,25.064516129032256,"","",0,0,0.0
kundli-10216722,KUNDLI - FEEDER WAREHOUSE,kundli,kundli,"10216722",104,72,40.89548218816891,39.2226627445965,1.7605856722440025,4.30365386548534,"2011710095829",Scheduled,216,216,5616.0
coimbatore-10216709,COIMBATORE C1 - FEEDER WAREHOUSE,coimbatore,coimbatore,"10216709",115,41,4.709774436090226,1.9379269379269382,8.70530012771392,33.122605363984675,"","",0,0,0.0
surat-10249578,CPC - SURAT1 (HP),surat,surat,"10249578",2,0,0.13970916530555727,0.13877037768895675,0.0,14.315453074433659,"","",0,0,0.0
farukhnagar-10315547,FARUKHNAGAR - SR FEEDER WAREHOUSE,farukhnagar,farukhnagar,"10315547",34,36,53.387711384374555,47.12753659274014,0.6743124787802092,1.3111631531837402,"1735210076132",Scheduled,48,48,1560.0
noida-10199527,CPC - NOIDA1 (HP),noida,noida,"10199527",45,16,5.107824486038662,3.3415077032516516,3.1324490580545947,11.942462033833142,"","",0,0,0.0
ahmedabad-10216722,AHMEDABAD A2 - FEEDER WAREHOUSE,ahmedabad,ahmedabad,"10216722",428,69,105.53599374021911,59.895241808350136,0.6538053753475439,4.709293790546802,"2738110063421",Scheduled,144,144,3744.0
farukhnagar-10315547,FARUKHNAGAR F2 - FEEDER WAREHOUSE,farukhnagar,farukhnagar,"10315547",272,10,54.13334981153063,48.23122597430315,0.1847290078078626,5.209358020181726,"5383910068788",Scheduled,96,96,3120.0
ahmedabad-10315546,CPC - AHMEDABAD2 (HP),ahmedabad,ahmedabad,"10315546",5,0,0.0,0.13876083942043438,0.0,0.0,"","",0,0,0.0
farukhnagar-10265737,FARUKHNAGAR - SR FEEDER WAREHOUSE,farukhnagar,farukhnagar,"10265737",19,0,1.5823532190260265,1.7590431738623102,0.0,12.007432835820893,"1735210076132",Scheduled,108,108,20412.0
kundli-10315341,KUNDLI - FEEDER WAREHOUSE,kundli,kundli,"10315341",88,230,24.760551437051124,22.31402429304683,9.288969213174843,12.84300960778087,"2011710095829",Scheduled,144,144,4680.0
patna-10315546,PATNA P1 - FEEDER WAREHOUSE,patna,patna,"10315546",52,0,2.430433159960047,7.215563649862588,0.0,21.395363121549416,"3292010041159",Scheduled,144,144,4680.0
dehradun-10216722,CPC-DDN1,dehradun,dehradun,"10216722",27,0,5.297991653625457,1.9832861525943755,0.0,5.0962707692307685,"","",0,0,0.0
chennai-10292367,CPC-CHN3,chennai,chennai,"10292367",29,22,1.1348277015724322,1.8848252172155993,19.38620283018868,44.9407429245283,"","",0,0,0.0
farukhnagar-10249578,FARUKHNAGAR F2 - FEEDER WAREHOUSE,farukhnagar,farukhnagar,"10249578",142,36,20.33158205114459,9.888487040385776,1.7706443064509747,8.754852404118708,"5383910069408",Scheduled,24,24,18463.2
mumbai-10216726,MUMBAI M11 - FEEDER WAREHOUSE,mumbai,mumbai,"10216726",783,596,143.33088595203134,118.35183397683399,4.158210535302655,9.621094510373089,"5625710057139",Scheduled,360,360,9360.0
coimbatore-10297369,COIMBATORE C1 - FEEDER WAREHOUSE,coimbatore,coimbatore,"10297369",6,15,0.09937888198757763,0.0,150.9375,211.31250000000003,"","",0,0,0.0
dehradun-10292367,DEHRADUN - FEEDER WAREHOUSE,dehradun,dehradun,"10292367",250,63,33.93134399365667,34.34806465080217,1.8566903807811916,9.224509352135128,"2173110040847",Scheduled,144,144,11095.2
nagpur-10315547,NAGPUR N1 - FEEDER WAREHOUSE,nagpur,nagpur,"10315547",231,246,53.9188890475116,47.23539986318587,4.562408542639532,8.84662144243519,"2549710051216",Scheduled,48,48,1560.0
bhopal-10216722,BHOPAL B1 - FEEDER WAREHOUSE,bhopal,bhopal,"10216722",289,51,31.12570096504956,25.78271998372688,1.6385173158756134,10.92344877250409,"27828910034742",Scheduled,72,72,1872.0
nagpur-10249574,NAGPUR N1 - FEEDER WAREHOUSE,nagpur,nagpur,"10249574",28,226,27.45936237090256,24.356435643564353,8.230344060701203,9.250032705389847,"2549710050075",Scheduled,72,72,146109.6
mumbai-10176795,MUMBAI M11 - FEEDER WAREHOUSE,mumbai,mumbai,"10176795",647,136,125.28692055833189,105.5404077312703,1.0855083626760564,6.2496547645246485,"5625710053542",Scheduled,180,180,6804.0
pune-10216715,PUNE P3 - FEEDER WAREHOUSE,pune,pune,"10216715",393,57,179.79345410718992,201.70713263846307,0.31703045187628204,2.5028719884969637,"43886110066159",Scheduled,288,288,7488.0
nagpur-10216726,NAGPUR N1 - FEEDER WAREHOUSE,nagpur,nagpur,"10216726",511,383,66.51510859981632,91.5205132832671,5.758090275463486,13.440555368836439,"2549710050075",Scheduled,144,144,3744.0
farukhnagar-10315543,FARUKHNAGAR - SR FEEDER WAREHOUSE,farukhnagar,farukhnagar,"10315543",38,96,21.115235944735737,22.71338788870704,4.546480098600739,6.3461284709635315,"1735210076510",Scheduled,288,288,9360.0
mumbai-10325396,MUMBAI M10 - FEEDER WAREHOUSE,mumbai,mumbai,"10325396",19,0,2.709677419354838,6.927835051546391,0.0,7.011904761904764,"2273910094389",Scheduled,144,144,12060.0
guwahati-10216715,GUWAHATI G1 - FEEDER WAREHOUSE,guwahati,guwahati,"10216715",0,0,0.0,0.0,0.0,0.0,"","",0,0,0.0
hyderabad-10249576,HYDERABAD H3 - FEEDER WAREHOUSE,hyderabad,hyderabad,"10249576",22,0,9.571428571428571,9.571428571428571,0.0,2.298507462686567,"6769710093850",Scheduled,24,24,47023.2
ahmedabad-10315341,AHMEDABAD A2 - FEEDER WAREHOUSE,ahmedabad,ahmedabad,"10315341",41,22,31.653556722987368,30.839406523561635,0.6950245810456812,1.9902976639035415,"2738110068530",Scheduled,48,48,1560.0
pune-10291036,PUNE P2 - FEEDER WAREHOUSE,pune,pune,"10291036",123,50,9.805073431241656,6.857142857142858,5.099400871459695,17.643927015250544,"1723710058323",Scheduled,24,24,18463.2
mumbai-10315543,MUMBAI M12 - FEEDER WAREHOUSE,mumbai,mumbai,"10315543",64,96,22.034086556874758,25.816573154941736,4.356885852844554,7.26147642140759,"50033210036493",Scheduled,96,96,3120.0
delhi-10216722,CPC - DELHI MUNDKA (HP),delhi,delhi,"10216722",28,5,2.0263527210353964,3.988745363857271,2.467487495190458,16.285417468257027,"","",0,0,0.0
dasna-10176797,SUPER STORE DASNA 2 - WAREHOUSE,dasna,dasna,"10176797",429,244,142.59593455627171,155.01698651929794,1.711128727191811,4.719629645082331,"1724010051254",Scheduled,180,180,6804.0
jaipur-10315546,JAIPUR J4 - FEEDER WAREHOUSE,jaipur,jaipur,"10315546",73,18,6.444330348378913,9.5513711134399,2.793152899824253,14.120939660222612,"49603310013988",Scheduled,48,48,1560.0
aurangabad-(maharashtra)-10258333,CC-DTS-CHITEGAON1,aurangabad,aurangabad-(maharashtra),"10258333",3,0,0.0,0.0,0.0,0.0,"","",0,0,0.0
gurgaon-10315547,CPC - GURGAON1 (HP),gurgaon,gurgaon,"10315547",0,0,0.14912768543121382,0.2575275223647002,0.0,0.0,"","",0,0,0.0
delhi-10258187,CPC - DELHI MUNDKA (HP),delhi,delhi,"10258187",7,0,0.08340461933276304,0.20142027114267266,0.0,83.92820512820514,"","",0,0,0.0
mumbai-10252336,MUMBAI M10 - FEEDER WAREHOUSE,mumbai,mumbai,"10252336",10,11,0.5278450363196125,0.0,20.839449541284406,39.784403669724774,"","",0,0,0.0
morbi-10324645,CPC - MORBI SANALA ROAD(HP),morbi,morbi,"10324645",0,0,0.0,0.0,0.0,0.0,"","",0,0,0.0
jaipur-10258187,JAIPUR J3 - FEEDER WAREHOUSE,jaipur,jaipur,"10258187",120,11,3.2147449635662246,1.3653948266707123,3.421733333333332,40.749733333333324,"","",0,0,0.0
indore-10292367,INDORE I2 - FEEDER WAREHOUSE,indore,indore,"10292367",229,138,37.923266816439806,31.163475875231107,3.6389270119571226,9.677436328900463,"","",0,0,0.0
surat-10292367,SURAT S2 - FEEDER WAREHOUSE,surat,surat,"10292367",163,191,28.48781287167966,39.124947814158766,6.704621406365567,12.426366376195867,"51076110004408",Scheduled,144,144,11095.2
noida-10258333,NOIDA N1 - FEEDER WAREHOUSE,noida,noida,"10258333",97,13,3.0564594858444525,3.698030634573304,4.253287197231833,35.98935320734628,"2867410094941",Scheduled,36,36,6804.0
bhopal-10216715,BHOPAL B1 - FEEDER WAREHOUSE,bhopal,bhopal,"10216715",636,93,128.60086891752795,121.66262385589499,0.7231677420441158,5.6687019779587144,"27828910033803",Scheduled,288,288,7488.0
gurgaon-10199527,SUPER STORE GURGAON G7 ECOM - WAREHOUSE,gurgaon,gurgaon,"10199527",26,0,0.0,1.764316067316872,0.0,0.0,"","",0,0,0.0
solapur-10315546,CPC - SOLAPUR MURARJI PETH(HP),solapur,solapur,"10315546",1,3,0.38665982090273476,0.19426517518860817,7.75875805506737,10.345010740089826,"","",0,0,0.0
bengaluru-10260300,BENGALURU B5 - FEEDER WAREHOUSE,bengaluru,bengaluru,"10260300",197,215,13.033824114604057,16.98520084566596,16.495542529156747,31.610062893081764,"49990010078666",Scheduled,36,36,6804.0
visakhapatnam-10315547,VISAKHAPATNAM V1 - FEEDER WAREHOUSE,visakhapatnam,visakhapatnam,"10315547",79,64,5.582190866095317,7.7914061629997295,11.465032553565715,25.617182111873394,"2888510043351",Scheduled,48,48,1560.0
bengaluru-10176795,BENGALURU B3 - FEEDER WAREHOUSE,bengaluru,bengaluru,"10176795",552,94,172.64285714285714,146.87792777839252,0.5444766239139429,3.7418287132809267,"1736010088344",Scheduled,180,180,6804.0
faridabad-10249574,FARIDABAD - FEEDER WAREHOUSE,faridabad,faridabad,"10249574",40,147,65.62477341389727,56.00266013300665,2.240007734165677,2.849533648224365,"49060410072674",Scheduled,144,144,292219.2
gurgaon-10258187,CPC - GURGAON3 (HP),gurgaon,gurgaon,"10258187",18,0,0.09730538922155688,0.10071013557133633,0.0,184.9846153846154,"","",0,0,0.0
farukhnagar-10315543,FARUKHNAGAR - SR FEEDER WAREHOUSE,farukhnagar,farukhnagar,"10315543",38,96,21.115235944735737,22.71338788870704,4.546480098600739,6.3461284709635315,"1735210075435",Scheduled,48,48,1560.0
dasna-10216726,DASNA D3 - FEEDER WAREHOUSE,dasna,dasna,"10216726",304,642,104.67006109979631,109.27644271291841,6.13355904500613,9.03792345261028,"2576310067109",Scheduled,288,288,7488.0
lucknow-10249576,SUPER STORE LUCKNOW L4 - WAREHOUSE,lucknow,lucknow,"10249576",39,2,2.4708377518557794,1.4604928670094839,0.809442060085837,16.593562231759655,"","",0,0,0.0
morbi-10176793,CPC - MORBI SANALA ROAD(HP),morbi,morbi,"10176793",2,2,0.31957261587725583,0.2512270404290846,6.2583585095669685,12.516717019133937,"","",0,0,0.0
solapur-10315586,CPC - SOLAPUR MURARJI PETH(HP),solapur,solapur,"10315586",0,0,0.0,0.25034451079467157,0.0,0.0,"","",0,0,0.0
noida-10249577,NOIDA N1 - FEEDER WAREHOUSE,noida,noida,"10249577",51,3,1.9469983775013522,3.1511570654849828,1.5408333333333333,27.735,"2867410094941",Scheduled,18,18,13847.4
gurgaon-10297369,CPC - GURGAON3 (HP),gurgaon,gurgaon,"10297369",5,0,0.0,0.4992336325815634,0.0,0.0,"","",0,0,0.0
bidar-10176795,CPC - BIDAR DEVI NAGAR (HP),bidar,bidar,"10176795",15,0,2.2428411390162215,2.1043495893744297,0.0,6.687945810811843,"","",0,0,0.0
vijayawada-10216715,VIJAYAWADA - FEEDER WAREHOUSE,vijayawada,vijayawada,"10216715",207,173,41.36399899633902,52.62345070130578,4.182380915716385,9.186732647238301,"51388610012846",Scheduled,72,72,1872.0
coimbatore-10315547,CPC - COIMBATORE1 (HP),coimbatore,coimbatore,"10315547",3,0,0.0,0.0,0.0,0.0,"","",0,0,0.0
dasna-10298083,DASNA D3 - FEEDER WAREHOUSE,dasna,dasna,"10298083",0,0,1.5833333333333333,0.5292479108635096,0.0,0.0,"2576310067807",Scheduled,40,40,41972.0
delhi-10249574,CPC - DELHI MUNDKA (HP),delhi,delhi,"10249574",0,0,1.5243849805783338,4.07966398319916,0.0,0.0,"","",0,0,0.0
hyderabad-10252336,HYDERABAD H3 - FEEDER WAREHOUSE,hyderabad,hyderabad,"10252336",2,11,3.5714285714285716,3.5714285714285716,3.0799999999999996,3.6399999999999997,"6769710095686",Scheduled,84,84,170461.2
patna-10292367,PATNA P2 - FEEDER WAREHOUSE,patna,patna,"10292367",174,53,22.983798070569577,21.98882725989543,2.3059722260554376,9.876522553105366,"50283910015238",Scheduled,144,144,11095.2
chennai-10249577,CHENNAI C5 - FEEDER WAREHOUSE,chennai,chennai,"10249577",83,7,1.6993464052287581,3.1515151515151514,4.11923076923077,52.96153846153846,"8525210065574",Scheduled,12,12,9231.6
bhopal-10315546,BHOPAL B1 - FEEDER WAREHOUSE,bhopal,bhopal,"10315546",172,71,19.79698283022002,15.346948839900042,3.5864050905584848,12.2745977043058,"27828910033803",Scheduled,48,48,1560.0
ludhiana-10176794,LUDHIANA L2 - FEEDER WAREHOUSE,ludhiana,ludhiana,"10176794",250,266,34.415216811405195,23.440757648020718,7.729139161251707,14.99336769626271,"","",0,0,0.0
hyderabad-10315547,HYDERABAD H3 - FEEDER WAREHOUSE,hyderabad,hyderabad,"10315547",282,346,35.285714285714285,35.285714285714285,9.805668016194332,17.79757085020243,"6769710095686",Scheduled,48,48,1560.0
kundli-10249578,KUNDLI - FEEDER WAREHOUSE,kundli,kundli,"10249578",30,0,1.4189980929915527,1.9943167140273832,0.0,21.141677461139892,"2011710095298",Scheduled,48,48,36926.4
visakhapatnam-10216709,VISAKHAPATNAM V1 - FEEDER WAREHOUSE,visakhapatnam,visakhapatnam,"10216709",79,3,3.9385546653767616,5.7495526766660765,0.7617007392007393,20.81982020482021,"2888510043182",Scheduled,72,72,1872.0
patna-10315341,PATNA P2 - FEEDER WAREHOUSE,patna,patna,"10315341",17,0,1.033585525648567,6.6527962299150225,0.0,16.44759875031399,"50283910015973",Scheduled,48,48,1560.0
ahmedabad-10315547,AHMEDABAD A2 - FEEDER WAREHOUSE,ahmedabad,ahmedabad,"10315547",149,203,91.13349482148038,73.53139566330997,2.2275015393369113,3.862465723382231,"2738110068530",Scheduled,96,96,3120.0
solapur-10258333,CPC - SOLAPUR MURARJI PETH(HP),solapur,solapur,"10258333",2,0,0.13456312709030097,0.0,0.0,14.862912621359227,"","",0,0,0.0
pune-10176797,PUNE P3 - FEEDER WAREHOUSE,pune,pune,"10176797",404,138,148.5691489361702,142.71746293245468,0.9288604060005013,3.6481328989295054,"43886110066159",Scheduled,180,180,6804.0
bengaluru-10176794,BENGALURU B5 - FEEDER WAREHOUSE,bengaluru,bengaluru,"10176794",363,247,40.97414512093411,47.23489932885906,6.028191662595669,14.887436899527765,"49990010081779",Scheduled,180,180,6804.0
kolkata-10315546,KOLKATA K4 - FEEDER WAREHOUSE,kolkata,kolkata,"10315546",315,97,37.77483443708609,34.79675187969925,2.5678471248246844,10.906732117812062,"2135610067276",Scheduled,48,48,1560.0
guwahati-10258187,GUWAHATI G1 - FEEDER WAREHOUSE,guwahati,guwahati,"10258187",35,8,0.7715387912558939,1.2873722651466715,10.368888888888886,55.73277777777776,"","",0,0,0.0
delhi-10199527,CPC - DELHI MUNDKA (HP),delhi,delhi,"10199527",27,0,1.952991715250077,2.4058855463411892,0.0,13.824943438914024,"","",0,0,0.0
surat-10216715,SURAT S2 - FEEDER WAREHOUSE,surat,surat,"10216715",383,1043,155.85013839852851,172.30687397772687,6.692326427923453,9.149815423028613,"51076110004079",Scheduled,504,504,13104.0
noida-10298083,NOIDA N1 - FEEDER WAREHOUSE,noida,noida,"10298083",25,1,0.0,1.3609231993633104,0.0,0.0,"2867410093996",Scheduled,20,20,20986.0
bengaluru-10315543,BENGALURU B5 - FEEDER WAREHOUSE,bengaluru,bengaluru,"10315543",272,100,28.84549356223176,33.37031994554118,3.4667460199375095,12.896295194167536,"49990010081045",Scheduled,48,48,1560.0
jaipur-10216722,JAIPUR J3 - FEEDER WAREHOUSE,jaipur,jaipur,"10216722",240,18,47.68192488262911,54.870916888444384,0.37750153846153844,5.410855384615385,"6478710071599",Scheduled,288,288,7488.0
farukhnagar-10315543,FARUKHNAGAR F2 - FEEDER WAREHOUSE,farukhnagar,farukhnagar,"10315543",352,94,41.09349764629339,38.50856955810148,2.2874665186471113,10.85329858847459,"5383910067675",Scheduled,48,48,1560.0
bengaluru-10315547,BENGALURU B3 - FEEDER WAREHOUSE,bengaluru,bengaluru,"10315547",178,44,26.724666337123086,25.752255947497947,1.6464190588931635,8.306932524415506,"1736010087973",Scheduled,48,48,1560.0
guwahati-10315546,GUWAHATI G2 - FEEDER WAREHOUSE,guwahati,guwahati,"10315546",25,0,3.093278567221878,7.446831715563312,0.0,8.082039640695177,"51894410003549",Scheduled,48,48,1560.0
jaipur-10315543,JAIPUR J3 - FEEDER WAREHOUSE,jaipur,jaipur,"10315543",197,44,17.90367761487428,22.68391649514849,2.457595637415021,13.460921559477729,"6478710071825",Scheduled,48,48,1560.0
varanasi-10199527,VARANASI V2 - FEEDER WAREHOUSE,varanasi,varanasi,"10199527",259,67,33.97414248701324,30.618215382145795,1.9720880380015784,9.595532841619619,"51116810015404",Scheduled,180,180,6804.0
farukhnagar-10315546,FARUKHNAGAR F2 - FEEDER WAREHOUSE,farukhnagar,farukhnagar,"10315546",262,22,87.35315501473234,76.73051366499105,0.2518512353250394,3.2511704923777813,"5383910069593",Scheduled,336,336,10920.0
patna-10265740,PATNA P2 - FEEDER WAREHOUSE,patna,patna,"10265740",126,0,4.75969532157809,11.761439576553476,0.0,26.47228267506508,"50283910015238",Scheduled,180,180,6804.0
surat-10315547,SURAT S2 - FEEDER WAREHOUSE,surat,surat,"10315547",41,0,18.184409639552932,19.153873484041007,0.0,2.254678640257908,"51076110004079",Scheduled,192,192,6240.0
mumbai-10216726,MUMBAI M12 - FEEDER WAREHOUSE,mumbai,mumbai,"10216726",274,362,120.23984336759668,143.58108108108107,3.0106492977813963,5.289428048035823,"50033210040195",Scheduled,360,360,9360.0
goa-10315547,CPC-GOA2-FRZ (HP),goa,goa,"10315547",5,1,0.3383145979451708,0.0,2.95582870521616,17.73497223129696,"","",0,0,0.0
nellore-10291036,CPC - NELLORE RAMALINGA PURAM (HP),nellore,nellore,"10291036",1,0,0.0,0.0,0.0,0.0,"","",0,0,0.0
indore-10199527,INDORE I2 - FEEDER WAREHOUSE,indore,indore,"10199527",172,45,20.116268577836788,15.657041956779102,2.2369953863898497,10.78728886325772,"","",0,0,0.0
dasna-10216726,DASNA D3 - FEEDER WAREHOUSE,dasna,dasna,"10216726",304,642,104.67006109979631,109.27644271291841,6.13355904500613,9.03792345261028,"2576310065808",Scheduled,72,72,1872.0
bengaluru-10315547,BENGALURU B5 - FEEDER WAREHOUSE,bengaluru,bengaluru,"10315547",201,275,35.5610479485912,36.533458338216334,7.733180428134556,13.385432304698359,"49990010081779",Scheduled,96,96,3120.0
bidar-10249577,CPC - BIDAR DEVI NAGAR (HP),bidar,bidar,"10249577",1,2,0.16723906226668656,0.4973956905532101,11.958928571428572,17.93839285714286,"","",0,0,0.0
farukhnagar-10292367,FARUKHNAGAR F2 - FEEDER WAREHOUSE,farukhnagar,farukhnagar,"10292367",784,343,97.31908926729994,130.14134802210862,3.524488387451967,11.580461844485034,"5383910068267",Scheduled,288,288,22190.4
jamnagar-10315543,CPC - JAMNAGAR KHODIYAR COLONY (HP),jamnagar,jamnagar,"10315543",2,0,0.0,0.0,0.0,0.0,"","",0,0,0.0
mumbai-10315546,MUMBAI M11 - FEEDER WAREHOUSE,mumbai,mumbai,"10315546",356,236,51.220937508501784,47.26427923844062,4.607490832451634,11.557773613607488,"5625710053542",Scheduled,96,96,3120.0
noida-10176795,NOIDA N1 - FEEDER WAREHOUSE,noida,noida,"10176795",467,223,123.02249312169313,102.88331355991347,1.8126766442573206,5.608730423935207,"2867410093996",Scheduled,180,180,6804.0
ahmedabad-10315546,AHMEDABAD A2 - FEEDER WAREHOUSE,ahmedabad,ahmedabad,"10315546",170,235,99.95156370335694,95.18993584241798,2.3511388045658697,4.0519626206347965,"2738110068900",Scheduled,48,48,1560.0
kolkata-10315341,KOLKATA K6 - FEEDER WAREHOUSE,kolkata,kolkata,"10315341",67,88,3.6626251976805486,5.012987012987013,24.02648244099021,42.31937248128958,"","",0,0,0.0
mumbai-10315341,MUMBAI M10 - FEEDER WAREHOUSE,mumbai,mumbai,"10315341",7,0,9.337602927721866,4.074039362699157,0.0,0.7496570644718793,"2273910094687",Scheduled,96,96,3120.0
kolkata-10315546,KOLKATA K5 - FEEDER WAREHOUSE,kolkata,kolkata,"10315546",98,10,9.719331441185746,8.079398496240602,1.028877352368592,11.111875405580792,"27845210026389",Scheduled,144,144,4680.0
noida-10315547,CPC-NOIDA2-FRZ(HP),noida,noida,"10315547",5,0,0.44738305629364156,1.1588738506411513,0.0,11.176104972375688,"","",0,0,0.0
mumbai-10265737,MUMBAI M12 - FEEDER WAREHOUSE,mumbai,mumbai,"10265737",54,36,1.0625737898465173,6.7002012072434605,33.879999999999995,84.69999999999999,"50033210039849",Scheduled,36,36,6804.0
lucknow-10216709,LUCKNOW L5 - FEEDER WAREHOUSE,lucknow,lucknow,"10216709",180,32,19.91158191940474,27.517626531578568,1.6071048563356258,10.647069673223521,"2940310043143",Scheduled,72,72,1872.0
kundli-10216715,KUNDLI - FEEDER WAREHOUSE,kundli,kundli,"10216715",429,982,201.21696184883677,170.98739876316404,4.880304279406239,7.012331301672305,"2011710095241",Scheduled,504,504,13104.0
jaipur-10258333,JAIPUR J3 - FEEDER WAREHOUSE,jaipur,jaipur,"10258333",127,0,6.459030100334447,7.396591344312524,0.0,19.662394822006476,"6478710071825",Scheduled,36,36,6804.0
kundli-10176797,KUNDLI - FEEDER WAREHOUSE,kundli,kundli,"10176797",211,338,125.4989730150861,121.9936021290229,2.6932491308862696,4.374537789516455,"2011710094637",Scheduled,180,180,6804.0
pune-10199527,PUNE P3 - FEEDER WAREHOUSE,pune,pune,"10199527",141,33,29.043636363636367,27.292746113989637,1.1362213597095279,5.990985351195692,"43886110066628",Scheduled,180,180,6804.0
noida-10252336,CPC - NOIDA1 (HP),noida,noida,"10252336",7,0,0.15158474965548924,0.3743353420772776,0.0,46.17878787878787,"","",0,0,0.0
goa-10249577,GOA G2 - FEEDER WAREHOUSE,goa,goa,"10249577",74,12,1.9232492160668955,3.315971270354734,6.23944099378882,44.71599378881988,"","",0,0,0.0
gurgaon-10315586,CPC - GURGAON3 (HP),gurgaon,gurgaon,"10315586",17,0,0.12740384615384615,0.36284801460520305,0.0,133.43396226415095,"","",0,0,0.0
ranchi-10258187,RANCHI R1 - FEEDER WAREHOUSE,ranchi,ranchi,"10258187",21,12,0.0,0.0,0.0,0.0,"","",0,0,0.0
rajpura-10258333,RAJPURA R2 - FEEDER WAREHOUSE,rajpura,rajpura,"10258333",164,18,9.042642140468224,2.3669092301800077,1.9905686546463253,20.126860841423955,"","",0,0,0.0
bengaluru-10252336,BENGALURU B5 - FEEDER WAREHOUSE,bengaluru,bengaluru,"10252336",3,0,0.5306122448979593,1.3928571428571428,0.0,5.653846153846152,"49990010071488",Scheduled,228,228,462680.4
noida-10265737,CPC - NOIDA1 (HP),noida,noida,"10265737",38,2,0.7595295451324928,0.7817969661610268,2.6332089552238798,52.6641791044776,"","",0,0,0.0
patna-10258761,PATNA P2 - FEEDER WAREHOUSE,patna,patna,"10258761",32,0,0.0,2.923439434482208,0.0,0.0,"50283910015103",Scheduled,36,36,6804.0
kolkata-10216722,KOLKATA K5 - FEEDER WAREHOUSE,kolkata,kolkata,"10216722",0,0,0.0,0.09236453201970445,0.0,0.0,"27845210026298",Scheduled,72,72,1872.0
kolkata-10258187,KOLKATA K6 - FEEDER WAREHOUSE,kolkata,kolkata,"10258187",59,22,1.1208791208791207,0.4788732394366197,19.62745098039216,72.26470588235296,"","",0,0,0.0
"",RANCHI R1 - FEEDER WAREHOUSE,ranchi,ranchi,"10324645",0,0,0.0,0.0,0.0,0.0,"2896610025121",Scheduled,144,144,12060.0
indore-10315543,INDORE I2 - FEEDER WAREHOUSE,indore,indore,"10315543",107,23,17.90367761487428,14.474499096904276,1.2846522650123975,7.261078019635289,"50993810015362",Scheduled,48,48,1560.0
coimbatore-10216722,COIMBATORE C1 - FEEDER WAREHOUSE,coimbatore,coimbatore,"10216722",328,44,8.245928092380616,8.15368746776689,5.335966977526372,45.11317535545024,"2883810040462",Scheduled,72,72,1872.0
patna-10216726,PATNA P1 - FEEDER WAREHOUSE,patna,patna,"10216726",271,18,41.000053713643396,43.781434732806154,0.43902381508369154,7.048771253288159,"3292010040430",Scheduled,72,72,1872.0
pune-10315543,PUNE P3 - FEEDER WAREHOUSE,pune,pune,"10315543",89,5,12.824141519250782,11.69760166840459,0.3898896462187601,7.32992534891269,"43886110066628",Scheduled,48,48,1560.0
noida-10265740,NOIDA N1 - FEEDER WAREHOUSE,noida,noida,"10265740",196,15,6.202685649571266,15.432211555618998,2.418307302262982,34.01752271849928,"2867410094569",Scheduled,180,180,6804.0
jaipur-10249578,JAIPUR J4 - FEEDER WAREHOUSE,jaipur,jaipur,"10249578",33,1,1.5647426514222416,0.9713926438226973,0.6390827265372169,21.728812702265373,"","",0,0,0.0
mangalore-10292367,CPC - MANGALORE ATTAVAR(HP),mangalore,mangalore,"10292367",10,0,5.8745143823345884,4.75495307612096,0.0,1.70226836622807,"","",0,0,0.0
gurgaon-10324645,CPC - GURGAON3 (HP),gurgaon,gurgaon,"10324645",4,0,0.0,1.1287500000000001,0.0,0.0,"","",0,0,0.0
gurgaon-10176797,CPC - GURGAON3 (HP),gurgaon,gurgaon,"10176797",108,10,8.245343154614352,23.831308322878893,1.2128057998900492,14.31110843870258,"","",0,0,0.0
varanasi-10315547,VARANASI V2 - FEEDER WAREHOUSE,varanasi,varanasi,"10315547",123,1,12.827761838754391,20.45244117787429,0.07795592189581083,9.666534315080543,"51116810015115",Scheduled,48,48,1560.0
farukhnagar-10216709,FARUKHNAGAR - SR FEEDER WAREHOUSE,farukhnagar,farukhnagar,"10216709",62,33,15.209723194400251,14.864222044762911,2.1696647321069973,6.246004531823173,"1735210076132",Scheduled,72,72,1872.0
kundli-10216709,KUNDLI - FEEDER WAREHOUSE,kundli,kundli,"10216709",85,31,27.712631244034355,27.396801415837526,1.1186234799221135,4.185816892611779,"2011710095829",Scheduled,144,144,3744.0
nagpur-10315546,NAGPUR N1 - FEEDER WAREHOUSE,nagpur,nagpur,"10315546",210,278,16.239712477914857,24.60692219055703,17.118529677053406,30.049793102165694,"2549710051002",Scheduled,48,48,1560.0
kundli-10216722,KUNDLI - FEEDER WAREHOUSE,kundli,kundli,"10216722",104,72,40.89548218816891,39.2226627445965,1.7605856722440025,4.30365386548534,"2011710093998",Scheduled,216,216,5616.0
guwahati-10249578,GUWAHATI G2 - FEEDER WAREHOUSE,guwahati,guwahati,"10249578",27,11,1.5647426514222416,0.48569632191134865,7.029909991909385,24.285143608414238,"","",0,0,0.0
bengaluru-10258761,BENGALURU B5 - FEEDER WAREHOUSE,bengaluru,bengaluru,"10258761",206,51,13.459300424975483,11.7791932059448,3.789201399009035,19.094603128339646,"49990010081779",Scheduled,72,72,13608.0
dehradun-10176793,CPC-DDN1,dehradun,dehradun,"10176793",11,2,0.7989315396931395,2.261043363861762,2.5033434038267877,16.27173212487412,"","",0,0,0.0
jaipur-10260300,JAIPUR J4 - FEEDER WAREHOUSE,jaipur,jaipur,"10260300",55,4,3.196094882160018,2.976533798546965,1.2515273004963727,18.4600276823215,"","",0,0,0.0
rajpura-10249576,RAJPURA R2 - FEEDER WAREHOUSE,rajpura,rajpura,"10249576",47,3,2.021594524245638,10.872558009959489,1.4839771101573676,24.732951835956126,"43886010069091",Scheduled,36,36,70534.8
patna-10216715,PATNA P2 - FEEDER WAREHOUSE,patna,patna,"10216715",89,0,8.168246247302335,42.245121612299826,0.0,10.895851729420297,"50283910015435",Scheduled,72,72,1872.0
jaipur-10298083,JAIPUR J4 - FEEDER WAREHOUSE,jaipur,jaipur,"10298083",5,15,0.1839961667465261,0.2842339008142116,81.5234375,108.69791666666667,"","",0,0,0.0
vijayawada-10260300,VIJAYAWADA - FEEDER WAREHOUSE,vijayawada,vijayawada,"10260300",60,2,6.525360384410036,5.035303009208615,0.3064964817542138,9.501390934380627,"51388610012598",Scheduled,36,36,6804.0
bhubaneswar-10260300,BHUBANESWAR B1 - FEEDER WAREHOUSE,bhubaneswar,bhubaneswar,"10260300",74,27,6.871603996644039,4.375504683864039,3.9292136178374495,14.698169459317866,"","",0,0,0.0
mumbai-10315547,MUMBAI M11 - FEEDER WAREHOUSE,mumbai,mumbai,"10315547",242,85,37.54931815172779,31.74423579748039,2.263689573710377,8.708546948274039,"5625710057139",Scheduled,144,144,4680.0
goa-10249577,CPC-GOA2-FRZ (HP),goa,goa,"10249577",4,1,0.30103031208003583,0.3315971270354734,3.3219246031746033,16.609623015873016,"","",0,0,0.0
solapur-10315586,CPC - SOLAPUR KONARK NAGAR(HP),solapur,solapur,"10315586",2,0,0.0,0.0,0.0,0.0,"","",0,0,0.0
noida-10315341,NOIDA N1 - FEEDER WAREHOUSE,noida,noida,"10315341",124,33,21.86566109490833,23.116412152899542,1.5092157450334045,7.1802082415225605,"2867410094569",Scheduled,48,48,1560.0
dasna-10216709,DASNA D3 - FEEDER WAREHOUSE,dasna,dasna,"10216709",131,276,33.029589564110715,34.82891243821898,8.35614379840481,12.32228451431434,"2576310065808",Scheduled,72,72,1872.0
gandhidham-10265740,CPC - GANDHIDHAM GAYATRI KUNJ (HP),gandhidham,gandhidham,"10265740",4,0,0.5402897392061616,1.042152873871827,0.0,7.403435064077158,"","",0,0,0.0
dehradun-10292367,CPC-DDN1,dehradun,dehradun,"10292367",25,0,2.1169287696577244,1.1373531341325223,0.0,11.809561265513022,"","",0,0,0.0
kundli-10325396,KUNDLI - FEEDER WAREHOUSE,kundli,kundli,"10325396",59,0,31.258267195767186,19.44056983694583,0.0,1.8875006612007412,"2011710094637",Scheduled,144,144,12060.0
bhopal-10252336,BHOPAL B1 - FEEDER WAREHOUSE,bhopal,bhopal,"10252336",44,0,1.9014881576189475,7.239747634069402,0.0,23.13977072310406,"27828910034507",Scheduled,72,72,146109.6
nagpur-10216726,NAGPUR N1 - FEEDER WAREHOUSE,nagpur,nagpur,"10216726",511,383,66.51510859981632,91.5205132832671,5.758090275463486,13.440555368836439,"2549710051002",Scheduled,144,144,3744.0
hyderabad-10176794,HYDERABAD H3 - FEEDER WAREHOUSE,hyderabad,hyderabad,"10176794",388,130,37.714285714285715,37.714285714285715,3.446969696969697,13.734848484848484,"6769710094450",Scheduled,180,180,6804.0
gurgaon-10176797,CPC - GURGAON (HP),gurgaon,gurgaon,"10176797",120,20,4.8502018556555,8.51118154388532,4.123539719626168,28.86477803738317,"","",0,0,0.0
noida-10265740,CPC - NOIDA1 (HP),noida,noida,"10265740",47,17,0.5769940139136062,2.7841618785910565,29.463043965903996,110.9196949304621,"","",0,0,0.0
surat-10297369,SURAT S2 - FEEDER WAREHOUSE,surat,surat,"10297369",6,1,2.711697275976827,2.185350060704168,0.3687727272727273,2.581409090909091,"","",0,0,0.0
noida-10216722,CPC-NOIDA2,noida,noida,"10216722",49,2,3.0947932466722423,6.315513492774011,0.6462467249308342,16.479291485736272,"","",0,0,0.0
surat-10216726,SURAT S2 - FEEDER WAREHOUSE,surat,surat,"10216726",182,240,70.82627304610071,62.76575742061899,3.388573048927541,5.95824094436426,"51076110004846",Scheduled,72,72,1872.0
delhi-10216715,CPC - DELHI MUNDKA (HP),delhi,delhi,"10216715",109,4,31.097166831183866,21.11522239759878,0.12862908128302056,3.6337715462453306,"","",0,0,0.0
bhopal-10249576,BHOPAL B1 - FEEDER WAREHOUSE,bhopal,bhopal,"10249576",78,15,6.289405186541985,4.316567806939141,2.384963212752912,14.786771919068054,"","",0,0,0.0
nellore-10176797,CPC - NELLORE RAMALINGA PURAM (HP),nellore,nellore,"10176797",6,4,2.210280587723715,2.4416241088132677,1.809724983432737,4.524312458581842,"","",0,0,0.0
ahmedabad-10325396,AHMEDABAD A2 - FEEDER WAREHOUSE,ahmedabad,ahmedabad,"10325396",67,8,3.5372501514233794,5.4162372972715875,2.2616438356164386,21.202910958904113,"2738110068900",Scheduled,144,144,12060.0
bhubaneswar-10258187,BHUBANESWAR B1 - FEEDER WAREHOUSE,bhubaneswar,bhubaneswar,"10258187",47,6,0.44087930928908226,0.4681353691442442,13.609166666666662,120.21430555555551,"","",0,0,0.0
kolkata-10315546,KOLKATA K5 - FEEDER WAREHOUSE,kolkata,kolkata,"10315546",98,10,9.719331441185746,8.079398496240602,1.028877352368592,11.111875405580792,"27845210027233",Scheduled,48,48,1560.0
delhi-10176794,CPC - DELHI4 (HP),delhi,delhi,"10176794",304,8,16.70831331090822,10.171585449553877,0.47880356629278104,18.673339085418462,"","",0,0,0.0
lucknow-10315543,LUCKNOW L5 - FEEDER WAREHOUSE,lucknow,lucknow,"10315543",198,68,13.954336964534363,20.52354349561054,4.873036975732015,19.062174052128178,"2940310043143",Scheduled,48,48,1560.0
gurgaon-10258761,CPC-GGN4,gurgaon,gurgaon,"10258761",21,2,0.3106009453072248,0.6238043346652138,6.4391304347826095,74.05000000000001,"","",0,0,0.0
puducherry-10258333,CPC - PUDUCHERRY VENKATA NAGAR (HP),puducherry,puducherry,"10258333",0,0,0.0,0.0,0.0,0.0,"","",0,0,0.0
kolkata-10315543,KOLKATA K6 - FEEDER WAREHOUSE,kolkata,kolkata,"10315543",79,33,3.939849624060151,6.197956093868282,8.375954198473282,28.427480916030532,"48287510055363",Scheduled,96,96,3120.0
aurangabad-(maharashtra)-10258187,CC-DTS-CHITEGAON1,aurangabad,aurangabad-(maharashtra),"10258187",3,0,0.0,0.0,0.0,0.0,"","",0,0,0.0
farukhnagar-10291038,FARUKHNAGAR F2 - FEEDER WAREHOUSE,farukhnagar,farukhnagar,"10291038",0,0,0.0,0.0,0.0,0.0,"5383910069408",Scheduled,180,180,17388.0
vijayawada-10176795,VIJAYAWADA - FEEDER WAREHOUSE,vijayawada,vijayawada,"10176795",167,48,28.545250860206455,44.05981952752712,1.6815406610041204,7.53190087741429,"51388610012598",Scheduled,180,180,6804.0
mumbai-10315543,MUMBAI M10 - FEEDER WAREHOUSE,mumbai,mumbai,"10315543",54,128,20.915358100344697,21.924902891670264,6.119904779344441,8.701739608130378,"2273910094389",Scheduled,144,144,4680.0
mumbai-10258761,MUMBAI M12 - FEEDER WAREHOUSE,mumbai,mumbai,"10258761",47,36,1.0526315789473681,5.714285714285715,34.20000000000001,78.85000000000002,"50033210040195",Scheduled,72,72,13608.0
delhi-10315547,CPC - DELHI MUNDKA (HP),delhi,delhi,"10315547",25,0,4.026447506642774,3.2448467817952236,0.0,6.208947206875383,"","",0,0,0.0
kolkata-10216715,KOLKATA K5 - FEEDER WAREHOUSE,kolkata,kolkata,"10216715",155,25,21.616942014901202,20.02288871349645,1.15650030345489,8.326802184875207,"27845210026883",Scheduled,72,72,1872.0
nellore-10252336,CPC - NELLORE RAMALINGA PURAM (HP),nellore,nellore,"10252336",0,0,0.0,0.0,0.0,0.0,"","",0,0,0.0
bengaluru-10176794,BENGALURU B5 - FEEDER WAREHOUSE,bengaluru,bengaluru,"10176794",363,247,40.97414512093411,47.23489932885906,6.028191662595669,14.887436899527765,"49990010081045",Scheduled,180,180,6804.0
chennai-10325396,CHENNAI C5 - FEEDER WAREHOUSE,chennai,chennai,"10325396",195,107,8.195160031225605,9.172523961661344,13.056486949895218,36.85101924176033,"8525210065108",Scheduled,144,144,12060.0
goa-10249574,CPC-GOA2-FRZ (HP),goa,goa,"10249574",5,0,0.25145936237090255,0.0,0.0,19.883928571428573,"","",0,0,0.0
gurgaon-10176795,CPC-GGN4,gurgaon,gurgaon,"10176795",139,14,8.951263492063491,14.190801870332894,1.5640250130512747,17.092559071203215,"","",0,0,0.0
bengaluru-10315341,BENGALURU B5 - FEEDER WAREHOUSE,bengaluru,bengaluru,"10315341",52,498,0.5207215992198927,17.258315640481243,956.365168539326,1056.2265917602997,"49990010081045",Scheduled,240,240,7800.0
"",RAIPUR - FEEDER WAREHOUSE,raipur,raipur,"10216722",0,0,0.0,0.0,0.0,0.0,"52221610000014",Scheduled,72,72,1872.0
delhi-10249578,CPC-DEL5,delhi,delhi,"10249578",11,0,0.31040583284190215,0.11633514165159735,0.0,35.43747841105353,"","",0,0,0.0
farukhnagar-10291036,FARUKHNAGAR F2 - FEEDER WAREHOUSE,farukhnagar,farukhnagar,"10291036",170,41,19.837130728580096,13.709223080417992,2.0668311642938244,10.636618918682853,"5383910068512",Scheduled,48,48,36926.4
dasna-10176797,SUPER STORE DASNA 2 - WAREHOUSE,dasna,dasna,"10176797",429,244,142.59593455627171,155.01698651929794,1.711128727191811,4.719629645082331,"1724010051917",Scheduled,360,360,13608.0
solapur-10249576,CPC - SOLAPUR KARNIK NAGAR (HP),solapur,solapur,"10249576",1,0,0.22462161380507087,0.0,0.0,4.451931330472103,"","",0,0,0.0
guwahati-10315586,GUWAHATI G2 - FEEDER WAREHOUSE,guwahati,guwahati,"10315586",33,26,0.24951356300789745,0.3504823151125402,104.20275229357797,236.46009174311925,"","",0,0,0.0
dasna-10260300,SUPER STORE DASNA 2 - WAREHOUSE,dasna,dasna,"10260300",92,19,10.623038995965935,8.783429470372313,1.7885654008438818,10.44898734177215,"1724010051605",Scheduled,36,36,6804.0
surat-10199527,CPC - SURAT1 (HP),surat,surat,"10199527",4,0,0.0,0.1491146853026581,0.0,0.0,"","",0,0,0.0
pune-10176794,PUNE P3 - FEEDER WAREHOUSE,pune,pune,"10176794",106,0,6.0691900691900695,14.816202090592332,0.0,17.465262875536478,"43886110067295",Scheduled,180,180,6804.0
delhi-10260300,CPC-DEL5,delhi,delhi,"10260300",9,1,0.5042581801882563,0.7865757734661774,1.9831111111111115,19.831111111111113,"","",0,0,0.0
gurgaon-10298083,SUPER STORE GURGAON G7 ECOM - WAREHOUSE,gurgaon,gurgaon,"10298083",0,0,0.0,0.0,0.0,0.0,"","",0,0,0.0
delhi-10265737,CPC - DELHI4 (HP),delhi,delhi,"10265737",142,1,1.7089414765481086,3.1662777129521587,0.5851575456053066,83.67752902155885,"","",0,0,0.0
noida-10291036,CPC-NOIDA2-FRZ(HP),noida,noida,"10291036",1,0,0.0,0.33335496852080226,0.0,0.0,"","",0,0,0.0
bhuj-10324645,CPC -  BHUJ CITY MALL (HP),bhuj,bhuj,"10324645",0,0,0.0,0.16994362711398317,0.0,0.0,"","",0,0,0.0
bhuj-10265737,CPC -  BHUJ CITY MALL (HP),bhuj,bhuj,"10265737",2,1,0.30067689699447764,0.200973203572857,3.3258291873963515,9.977487562189054,"","",0,0,0.0
noida-10249574,CPC-NOIDA2,noida,noida,"10249574",14,0,3.0487699611566677,1.854392719635982,0.0,4.592015855039638,"","",0,0,0.0
rajpura-10265740,RAJPURA R2 - FEEDER WAREHOUSE,rajpura,rajpura,"10265740",381,101,55.10955339902849,69.40738139986367,1.8327130918426295,8.746214953149975,"43886010069381",Scheduled,180,180,6804.0
patna-10216715,PATNA P2 - FEEDER WAREHOUSE,patna,patna,"10216715",89,0,8.168246247302335,42.245121612299826,0.0,10.895851729420297,"50283910015238",Scheduled,216,216,5616.0
jamnagar-10199527,CPC - JAMNAGAR KHODIYAR COLONY (HP),jamnagar,jamnagar,"10199527",4,0,0.0,0.5964587412106324,0.0,0.0,"","",0,0,0.0
visakhapatnam-10265737,VISAKHAPATNAM V1 - FEEDER WAREHOUSE,visakhapatnam,visakhapatnam,"10265737",77,12,10.37335294630948,7.436008532195709,1.1568101521378613,8.57967529502247,"","",0,0,0.0
jaipur-10324645,JAIPUR J3 - FEEDER WAREHOUSE,jaipur,jaipur,"10324645",10,0,5.695852534562211,4.078647050735596,0.0,1.7556634304207124,"6478710071825",Scheduled,144,144,12060.0
"",BENGALURU B5 - FEEDER WAREHOUSE,bengaluru,bengaluru,"10291038",0,0,0.0,0.0,0.0,0.0,"49990010071488",Scheduled,50,50,4830.0
pune-10249578,PUNE P2 - FEEDER WAREHOUSE,pune,pune,"10249578",0,14,0.690909090909091,0.935960591133005,20.26315789473684,20.26315789473684,"","",0,0,0.0
coimbatore-10199527,CPC - COIMBATORE1 (HP),coimbatore,coimbatore,"10199527",4,0,0.0,0.0,0.0,0.0,"","",0,0,0.0
lucknow-10325396,LUCKNOW L5 - FEEDER WAREHOUSE,lucknow,lucknow,"10325396",32,0,0.4421562689279224,6.249504573774908,0.0,72.37260273972603,"2940310044047",Scheduled,144,144,12060.0
lucknow-10315586,SUPER STORE LUCKNOW L4 - WAREHOUSE,lucknow,lucknow,"10315586",36,43,0.5346719207312088,0.7510335323840146,80.42314984709479,147.75415902140674,"","",0,0,0.0
coimbatore-10258333,CPC - COIMBATORE1 (HP),coimbatore,coimbatore,"10258333",1,0,0.0,0.0,0.0,0.0,"","",0,0,0.0
farukhnagar-10176795,FARUKHNAGAR - SR FEEDER WAREHOUSE,farukhnagar,farukhnagar,"10176795",126,657,66.27377777777778,78.0494102868309,9.913423106842995,11.814627538292335,"1735210076510",Scheduled,360,360,13608.0
delhi-10249576,CPC - DELHI4 (HP),delhi,delhi,"10249576",11,3,1.0764062611678935,0.6654882898806892,2.7870517928286858,13.0062416998672,"","",0,0,0.0
vijayawada-10297369,VIJAYAWADA - FEEDER WAREHOUSE,vijayawada,vijayawada,"10297369",5,8,0.8135091827930481,0.6070416835289355,9.833939393939396,15.980151515151517,"","",0,0,0.0
kundli-10315341,KUNDLI - FEEDER WAREHOUSE,kundli,kundli,"10315341",88,230,24.760551437051124,22.31402429304683,9.288969213174843,12.84300960778087,"2011710095241",Scheduled,48,48,1560.0
ranchi-10249576,RANCHI R2 - FEEDER WAREHOUSE,ranchi,ranchi,"10249576",14,15,2.425913429094765,1.5903144551881045,6.183237958989032,11.954260054045463,"","",0,0,0.0
dasna-10291036,SUPER STORE DASNA 2 - WAREHOUSE,dasna,dasna,"10291036",32,1,0.8342718530711255,2.250146037515415,1.1986500519210797,39.555451713395634,"1724010051917",Scheduled,24,24,18463.2
bhuj-10249576,CPC -  BHUJ CITY MALL (HP),bhuj,bhuj,"10249576",1,0,0.22462161380507087,0.0,0.0,4.451931330472103,"","",0,0,0.0
nagpur-10315543,NAGPUR N1 - FEEDER WAREHOUSE,nagpur,nagpur,"10315543",138,122,7.16147104594971,17.931095896164997,17.03560612299049,36.30539009817645,"2549710050594",Scheduled,48,48,1560.0
hyderabad-10258187,HYDERABAD H3 - FEEDER WAREHOUSE,hyderabad,hyderabad,"10258187",209,113,3.2857142857142856,3.2857142857142856,34.391304347826086,98.0,"","",0,0,0.0
patna-10265791,PATNA P2 - FEEDER WAREHOUSE,patna,patna,"10265791",102,14,3.1706349206349205,1.5915343915343916,4.415519399249061,36.58573216520651,"","",0,0,0.0
bengaluru-10315341,BENGALURU B5 - FEEDER WAREHOUSE,bengaluru,bengaluru,"10315341",52,498,0.5207215992198927,17.258315640481243,956.365168539326,1056.2265917602997,"49990010071488",Scheduled,96,96,3120.0
hyderabad-10265740,HYDERABAD H3 - FEEDER WAREHOUSE,hyderabad,hyderabad,"10265740",535,127,71.57142857142857,71.57142857142857,1.7744510978043913,9.249500998003992,"6769710093850",Scheduled,180,180,6804.0
hyderabad-10297369,HYDERABAD H3 - FEEDER WAREHOUSE,hyderabad,hyderabad,"10297369",196,32,10.285714285714286,10.285714285714286,3.1111111111111107,22.166666666666664,"6769710095686",Scheduled,60,60,62958.0
coimbatore-10176797,COIMBATORE C1 - FEEDER WAREHOUSE,coimbatore,coimbatore,"10176797",557,19,46.872782757962995,37.410199556541016,0.40535250697852326,12.288581264191022,"2883810040184",Scheduled,180,180,6804.0
lucknow-10315547,LUCKNOW L5 - FEEDER WAREHOUSE,lucknow,lucknow,"10315547",92,0,6.766291958903415,18.991552522311842,0.0,13.596812043994339,"2940310043312",Scheduled,48,48,1560.0
mumbai-10176795,MUMBAI M10 - FEEDER WAREHOUSE,mumbai,mumbai,"10176795",697,395,93.34757883853177,100.94720661240326,4.231497002008507,11.698214496691874,"2273910097633",Scheduled,180,180,6804.0
surat-10315341,SURAT S2 - FEEDER WAREHOUSE,surat,surat,"10315341",17,0,3.875945721182127,5.174397067711684,0.0,4.386026333417063,"51076110004079",Scheduled,192,192,6240.0
coimbatore-10249576,COIMBATORE C1 - FEEDER WAREHOUSE,coimbatore,coimbatore,"10249576",69,15,1.7142857142857142,1.7142857142857142,8.75,49.0,"2883810040184",Scheduled,24,24,47023.2
bengaluru-10216722,BENGALURU B3 - FEEDER WAREHOUSE,bengaluru,bengaluru,"10216722",139,1,82.29864332988853,45.897670807453416,0.012150868587123213,1.70112160219725,"1736010088491",Scheduled,144,144,3744.0
chennai-10252336,CPC-CHN3,chennai,chennai,"10252336",0,0,0.0,0.0,0.0,0.0,"","",0,0,0.0
morbi-10176794,CPC - MORBI SANALA ROAD(HP),morbi,morbi,"10176794",3,0,0.3134354900856575,0.16011446480888467,0.0,9.571347517730498,"","",0,0,0.0
guwahati-10315547,GUWAHATI G1 - FEEDER WAREHOUSE,guwahati,guwahati,"10315547",73,105,6.6253275430929275,5.681233660520637,15.848273057754733,26.866596231241356,"7165810032923",Scheduled,48,48,1560.0
dasna-10291038,SUPER STORE DASNA 2 - WAREHOUSE,dasna,dasna,"10291038",0,0,0.0,0.0,0.0,0.0,"","",0,0,0.0
patna-10176793,PATNA P1 - FEEDER WAREHOUSE,patna,patna,"10176793",191,50,18.375425412942207,12.561352021454233,2.7210254389421604,13.115342615701215,"","",0,0,0.0
noida-10265740,CPC-NOIDA2-FRZ(HP),noida,noida,"10265740",14,7,0.2884970069568031,1.7235287819849396,24.263683266038583,72.79104979811575,"","",0,0,0.0
bhopal-10298083,BHOPAL B1 - FEEDER WAREHOUSE,bhopal,bhopal,"10298083",10,0,0.5257033335615031,0.42635085122131744,0.0,19.022135416666668,"","",0,0,0.0
noida-10216715,NOIDA N1 - FEEDER WAREHOUSE,noida,noida,"10216715",423,135,321.0325164042805,299.7443527311305,0.4205181503483364,1.738141688106457,"2867410094941",Scheduled,576,576,14976.0
noida-10176797,NOIDA N1 - FEEDER WAREHOUSE,noida,noida,"10176797",333,71,131.56172533465545,125.39807474657705,0.5396706361169731,3.070801929454326,"2867410094569",Scheduled,360,360,13608.0
pune-10176797,PUNE P3 - FEEDER WAREHOUSE,pune,pune,"10176797",404,138,148.5691489361702,142.71746293245468,0.9288604060005013,3.6481328989295054,"43886110067295",Scheduled,360,360,13608.0
kolkata-10297369,KOLKATA K4 - FEEDER WAREHOUSE,kolkata,kolkata,"10297369",74,1,0.9180327868852459,2.344827586206897,1.0892857142857142,81.69642857142857,"2135610069122",Scheduled,20,20,20986.0
dasna-10292367,DASNA D3 - FEEDER WAREHOUSE,dasna,dasna,"10292367",254,46,54.81190085169767,52.98473901643056,0.8392338029739258,5.4732639324386465,"2576310067486",Scheduled,144,144,11095.2
patna-10252336,PATNA P1 - FEEDER WAREHOUSE,patna,patna,"10252336",42,1,3.4332425068119887,2.649842271293376,0.2912698412698413,12.524603174603175,"","",0,0,0.0
"",BENGALURU B3 - FEEDER WAREHOUSE,bengaluru,bengaluru,"10297369",0,0,0.0,0.0,0.0,0.0,"1736010087973",Scheduled,20,20,20986.0
dasna-10325396,SUPER STORE DASNA 2 - WAREHOUSE,dasna,dasna,"10325396",33,0,1.319444444444444,0.6978666095313888,0.0,25.010526315789484,"","",0,0,0.0
hyderabad-10216709,HYDERABAD H3 - FEEDER WAREHOUSE,hyderabad,hyderabad,"10216709",294,121,24.714285714285715,24.714285714285715,4.895953757225433,16.791907514450866,"6769710095686",Scheduled,72,72,1872.0
bengaluru-10216715,BENGALURU B3 - FEEDER WAREHOUSE,bengaluru,bengaluru,"10216715",776,292,249.91493515548737,202.04762986275597,1.1683975582264778,4.2734540828283505,"1736010087559",Scheduled,288,288,7488.0
visakhapatnam-10258761,VISAKHAPATNAM V1 - FEEDER WAREHOUSE,visakhapatnam,visakhapatnam,"10258761",57,1,2.2619208559454607,3.0696114062063184,0.44210211748633876,25.64192281420765,"2888510043803",Scheduled,36,36,6804.0
bhubaneswar-10216709,BHUBANESWAR B1 - FEEDER WAREHOUSE,bhubaneswar,bhubaneswar,"10216709",144,73,13.019111254995407,14.788384326494606,5.607141575965106,16.66780441074559,"","",0,0,0.0
pune-10315547,PUNE P3 - FEEDER WAREHOUSE,pune,pune,"10315547",98,20,15.063701470033923,15.891428571428571,1.3276949254328896,7.833400060054049,"43886110068251",Scheduled,48,48,1560.0
patna-10176797,PATNA P2 - FEEDER WAREHOUSE,patna,patna,"10176797",167,48,34.44353915869456,54.93654244829853,1.3935850139802892,6.242099541786712,"50283910015103",Scheduled,180,180,6804.0
dehradun-10260300,DEHRADUN - FEEDER WAREHOUSE,dehradun,dehradun,"10260300",92,18,5.792921973915033,6.250720976948626,3.107240194335822,18.988690076496688,"","",0,0,0.0
solapur-10249574,CPC - SOLAPUR MURARJI PETH(HP),solapur,solapur,"10249574",1,0,0.5029187247418051,0.594059405940594,0.0,1.9883928571428573,"","",0,0,0.0
surat-10216722,SURAT S2 - FEEDER WAREHOUSE,surat,surat,"10216722",97,113,24.9535406885759,27.369348905802383,4.528415482606565,8.415639392454679,"51076110004621",Scheduled,72,72,1872.0
morbi-10260300,CPC - MORBI SANALA ROAD(HP),morbi,morbi,"10260300",1,0,0.0,0.0,0.0,0.0,"","",0,0,0.0
gurgaon-10216722,CPC - GURGAON3 (HP),gurgaon,gurgaon,"10216722",77,13,1.2894971861134341,7.179741654943088,10.081448908921015,69.7946462925301,"","",0,0,0.0
junagadh-10216726,CPC -  JUNAGADH SONVATIKA(HP),junagadh,junagadh,"10216726",0,0,2.052935450611615,5.359309336407533,0.0,0.0,"","",0,0,0.0
gandhidham-10252336,CPC - GANDHIDHAM GAYATRI KUNJ (HP),gandhidham,gandhidham,"10252336",3,0,0.0,0.0,0.0,0.0,"","",0,0,0.0
ahmedabad-10216709,AHMEDABAD A2 - FEEDER WAREHOUSE,ahmedabad,ahmedabad,"10216709",240,137,64.32972620115376,45.301126671034105,2.129653087153088,5.86043221793222,"2738110069320",Scheduled,144,144,3744.0
varanasi-10258761,VARANASI V2 - FEEDER WAREHOUSE,varanasi,varanasi,"10258761",106,21,3.628498039745843,3.751747274252167,5.787518628912071,35.00070789865872,"","",0,0,0.0
mumbai-10176795,MUMBAI M11 - FEEDER WAREHOUSE,mumbai,mumbai,"10176795",647,136,125.28692055833189,105.5404077312703,1.0855083626760564,6.2496547645246485,"5625710057139",Scheduled,180,180,6804.0
mumbai-10325396,MUMBAI M10 - FEEDER WAREHOUSE,mumbai,mumbai,"10325396",19,0,2.709677419354838,6.927835051546391,0.0,7.011904761904764,"2273910096790",Scheduled,144,144,12060.0
chennai-10315546,CPC-CHN3,chennai,chennai,"10315546",6,7,0.3468081214560088,1.449984704802692,20.184071729957804,37.484704641350206,"","",0,0,0.0
kolkata-10315547,KOLKATA K5 - FEEDER WAREHOUSE,kolkata,kolkata,"10315547",44,6,1.921829196794997,2.479889042995839,3.12202562538133,26.016880211511086,"27845210027233",Scheduled,48,48,1560.0
bengaluru-10216722,BENGALURU B5 - FEEDER WAREHOUSE,bengaluru,bengaluru,"10216722",83,815,0.5384023395413268,36.4375,1513.7378502001143,1667.8976558033162,"49990010081045",Scheduled,72,72,1872.0
vijayawada-10258761,VIJAYAWADA - FEEDER WAREHOUSE,vijayawada,vijayawada,"10258761",53,1,0.9895903744761391,1.461719717241104,1.01051912568306,54.56803278688524,"51388610011914",Scheduled,36,36,6804.0
patna-10291036,PATNA P2 - FEEDER WAREHOUSE,patna,patna,"10291036",37,25,2.016482292672062,1.6653790024894841,12.39782768777614,30.746612665684825,"","",0,0,0.0
gandhidham-10315586,CPC - GANDHIDHAM GAYATRI KUNJ (HP),gandhidham,gandhidham,"10315586",1,0,0.0,0.12517225539733579,0.0,0.0,"","",0,0,0.0
dehradun-10265740,DEHRADUN - FEEDER WAREHOUSE,dehradun,dehradun,"10265740",211,30,25.06344067984139,23.795823953406714,1.1969625552699594,9.615599194002009,"2173110040847",Scheduled,180,180,6804.0
faridabad-10176795,FARIDABAD - FEEDER WAREHOUSE,faridabad,faridabad,"10176795",61,17,4.590391534391535,2.365133645055482,3.703387798760696,16.992014606078488,"","",0,0,0.0
bidar-10315341,CPC - BIDAR DEVI NAGAR (HP),bidar,bidar,"10315341",0,1,0.0,0.0,0.0,0.0,"","",0,0,0.0
farukhnagar-10292367,FARUKHNAGAR - SR FEEDER WAREHOUSE,farukhnagar,farukhnagar,"10292367",78,206,60.684604514379565,53.419832676237014,3.394600684118937,4.679934923736787,"1735210075753",Scheduled,144,144,11095.2
surat-10176793,SURAT S2 - FEEDER WAREHOUSE,surat,surat,"10176793",97,108,14.380767714476512,20.500126499013305,7.510030211480362,14.255149938458095,"","",0,0,0.0
gurgaon-10176797,SUPER STORE GURGAON G7 ECOM - WAREHOUSE,gurgaon,gurgaon,"10176797",57,21,4.8502018556555,10.213417852662385,4.329716705607476,16.081804906542054,"","",0,0,0.0
bengaluru-10315546,BENGALURU B3 - FEEDER WAREHOUSE,bengaluru,bengaluru,"10315546",255,63,61.588537211291715,47.85780118499013,1.022917621567565,5.163298470769615,"1736010087559",Scheduled,48,48,1560.0
noida-10258187,CPC - NOIDA1 (HP),noida,noida,"10258187",25,0,0.29191616766467066,0.0,0.0,85.64102564102564,"","",0,0,0.0
kolkata-10249576,KOLKATA K6 - FEEDER WAREHOUSE,kolkata,kolkata,"10249576",74,76,2.8528301886792455,2.854368932038835,26.64021164021164,52.579365079365076,"","",0,0,0.0
farukhnagar-10249577,FARUKHNAGAR - SR FEEDER WAREHOUSE,farukhnagar,farukhnagar,"10249577",12,0,0.519199567333694,1.1029049729197442,0.0,23.112499999999997,"1735210073345",Scheduled,48,48,36926.4
dasna-10176797,DASNA D3 - FEEDER WAREHOUSE,dasna,dasna,"10176797",320,645,114.70727388625258,120.97226034375666,5.623008708581138,8.412718455474106,"2576310065808",Scheduled,180,180,6804.0
jamnagar-10315341,CPC - JAMNAGAR KHODIYAR COLONY (HP),jamnagar,jamnagar,"10315341",0,0,0.3014624449808321,0.6899196090282246,0.0,0.0,"","",0,0,0.0
varanasi-10216715,VARANASI V2 - FEEDER WAREHOUSE,varanasi,varanasi,"10216715",738,105,108.80104001406708,128.8975167304424,0.9650643044076083,7.748087701101083,"51116810015404",Scheduled,144,144,4680.0
hyderabad-10252336,HYDERABAD H3 - FEEDER WAREHOUSE,hyderabad,hyderabad,"10252336",2,11,3.5714285714285716,3.5714285714285716,3.0799999999999996,3.6399999999999997,"6769710094450",Scheduled,24,24,48703.2
delhi-10324645,CPC - DELHI MUNDKA (HP),delhi,delhi,"10324645",1,0,0.0,0.6910714285714286,0.0,0.0,"","",0,0,0.0
delhi-10249574,CPC-DEL5,delhi,delhi,"10249574",2,0,0.0,0.0,0.0,0.0,"","",0,0,0.0
hyderabad-10216726,HYDERABAD H4 - FEEDER WAREHOUSE,hyderabad,hyderabad,"10216726",0,130,0.0,0.0,0.0,0.0,"","",0,0,0.0
gurgaon-10216715,CPC - GURGAON1 (HP),gurgaon,gurgaon,"10216715",3,0,0.7621854615486242,2.937770072709396,0.0,3.9360498872604284,"","",0,0,0.0
jamnagar-10291036,CPC - JAMNAGAR KHODIYAR COLONY (HP),jamnagar,jamnagar,"10291036",1,0,0.0,0.0,0.0,0.0,"","",0,0,0.0
lucknow-10216722,LUCKNOW L5 - FEEDER WAREHOUSE,lucknow,lucknow,"10216722",206,0,23.973412232655196,39.807386348501396,0.0,8.592852698682531,"2940310043566",Scheduled,72,72,1872.0
farukhnagar-10176797,FARUKHNAGAR - SR FEEDER WAREHOUSE,farukhnagar,farukhnagar,"10176797",124,360,105.79502797648561,99.86453011492108,3.4028064161958054,4.574884181774361,"1735210076132",Scheduled,360,360,13608.0
goa-10252336,GOA G2 - FEEDER WAREHOUSE,goa,goa,"10252336",11,1,0.7922867323412282,2.318611987381704,1.2621693121693123,15.146031746031747,"41315210039674",Scheduled,12,12,24351.6
hyderabad-10216726,SUPER STORE HYDERABAD H2 - WAREHOUSE,hyderabad,hyderabad,"10216726",0,1,0.0,0.0,0.0,0.0,"","",0,0,0.0
solapur-10199527,CPC - SOLAPUR KONARK NAGAR(HP),solapur,solapur,"10199527",0,2,0.17881127624743812,0.5219013985593034,11.18497693194925,11.18497693194925,"","",0,0,0.0
farukhnagar-10176795,FARUKHNAGAR F2 - FEEDER WAREHOUSE,farukhnagar,farukhnagar,"10176795",1369,700,227.7981798941799,289.96538488380213,3.0728954916372646,9.082601103139286,"5383910068788",Scheduled,180,180,6804.0
indore-10216709,INDORE I2 - FEEDER WAREHOUSE,indore,indore,"10216709",158,87,24.31510484388848,9.82772376127806,3.5780228199125843,10.076041274466473,"","",0,0,0.0
noida-10258187,CPC-NOIDA2-FRZ(HP),noida,noida,"10258187",6,0,0.08340461933276304,0.08632297334685972,0.0,71.93846153846154,"","",0,0,0.0
bhuj-10252336,CPC -  BHUJ CITY MALL (HP),bhuj,bhuj,"10252336",2,0,0.0,0.0,0.0,0.0,"","",0,0,0.0
lucknow-10199527,LUCKNOW L5 - FEEDER WAREHOUSE,lucknow,lucknow,"10199527",159,0,3.703947865125504,24.156579019030612,0.0,42.92717008710177,"","",0,0,0.0
nagpur-10176797,NAGPUR N1 - FEEDER WAREHOUSE,nagpur,nagpur,"10176797",962,997,248.10399597198696,186.17383829701168,4.01847618815688,7.895882500099626,"2549710051216",Scheduled,180,180,6804.0
mumbai-10324645,MUMBAI M10 - FEEDER WAREHOUSE,mumbai,mumbai,"10324645",13,0,0.0,3.9166666666666674,0.0,0.0,"2273910094389",Scheduled,288,288,24120.0
gandhidham-10176793,CPC - GANDHIDHAM GAYATRI KUNJ (HP),gandhidham,gandhidham,"10176793",3,10,0.9587178476317673,0.20098163234326774,10.43059751594495,13.559776770728433,"","",0,0,0.0
dasna-10216722,SUPER STORE DASNA 2 - WAREHOUSE,dasna,dasna,"10216722",191,95,32.79007130402733,34.67992496909238,2.8972184634539646,8.722152426819305,"1724010051254",Scheduled,72,72,1872.0
dasna-10249574,SUPER STORE DASNA 2 - WAREHOUSE,dasna,dasna,"10249574",13,0,2.6676737160120845,3.523346167308365,0.0,4.873159682899208,"","",0,0,0.0
gandhidham-10265737,CPC - GANDHIDHAM GAYATRI KUNJ (HP),gandhidham,gandhidham,"10265737",1,0,0.0,0.14355228826632643,0.0,0.0,"","",0,0,0.0
farukhnagar-10216726,FARUKHNAGAR - SR FEEDER WAREHOUSE,farukhnagar,farukhnagar,"10216726",116,137,121.39918533604884,159.0080353630898,1.1285083966648215,2.0840337544248166,"1735210076510",Scheduled,1584,1584,41184.0
ludhiana-10292367,LUDHIANA L2 - FEEDER WAREHOUSE,ludhiana,ludhiana,"10292367",531,247,57.88288093035549,51.86330291644302,4.267237498029679,13.44093430553478,"3226810044769",Scheduled,144,144,11095.2
bengaluru-10325396,BENGALURU B3 - FEEDER WAREHOUSE,bengaluru,bengaluru,"10325396",26,0,0.9125364431486882,7.311769991015274,0.0,28.49201277955271,"1736010087973",Scheduled,432,432,36180.0
noida-10260300,NOIDA N1 - FEEDER WAREHOUSE,noida,noida,"10260300",88,2,5.602868668758404,5.89931830099633,0.35696,16.063200000000002,"2867410094941",Scheduled,72,72,13608.0
mumbai-10249577,MUMBAI M12 - FEEDER WAREHOUSE,mumbai,mumbai,"10249577",28,0,0.0,1.9152542372881356,0.0,0.0,"50033210040195",Scheduled,24,24,18463.2
mumbai-10315341,MUMBAI M10 - FEEDER WAREHOUSE,mumbai,mumbai,"10315341",7,0,9.337602927721866,4.074039362699157,0.0,0.7496570644718793,"2273910094389",Scheduled,96,96,3120.0
kundli-10199527,KUNDLI - FEEDER WAREHOUSE,kundli,kundli,"10199527",95,120,25.41393065357472,23.390553922761562,4.721819762387713,8.459927074277985,"2011710093998",Scheduled,180,180,6804.0
lucknow-10325396,SUPER STORE LUCKNOW L4 - WAREHOUSE,lucknow,lucknow,"10325396",1,0,0.0,0.0,0.0,0.0,"","",0,0,0.0
visakhapatnam-10315546,VISAKHAPATNAM V1 - FEEDER WAREHOUSE,visakhapatnam,visakhapatnam,"10315546",70,18,8.506516059860164,6.410750781224069,2.116024924109283,10.345010740089828,"","",0,0,0.0
bhopal-10176797,BHOPAL B1 - FEEDER WAREHOUSE,bhopal,bhopal,"10176797",508,36,108.11955874948504,95.22334024371744,0.33296473289733497,5.031467074893062,"27828910034302",Scheduled,180,180,6804.0
kundli-10252336,KUNDLI - FEEDER WAREHOUSE,kundli,kundli,"10252336",2,0,0.15158474965548924,0.3743353420772776,0.0,13.193939393939392,"2011710094655",Scheduled,12,12,24351.6
junagadh-10292367,CPC -  JUNAGADH SONVATIKA(HP),junagadh,junagadh,"10292367",12,0,0.0,1.1373531341325223,0.0,0.0,"","",0,0,0.0
delhi-10325396,CPC - DELHI4 (HP),delhi,delhi,"10325396",97,0,8.293650793650793,15.073918765878,0.0,11.695693779904307,"","",0,0,0.0
ahmedabad-10297369,AHMEDABAD A2 - FEEDER WAREHOUSE,ahmedabad,ahmedabad,"10297369",98,2,3.6065573770491803,2.0396600566572234,0.5545454545454546,27.727272727272727,"2738110067259",Scheduled,20,20,20986.0
goa-10216715,CPC-GOA2-FRZ (HP),goa,goa,"10216715",22,15,0.7351421622572101,1.7463534524769615,20.404216721760857,50.330401247010116,"","",0,0,0.0
gandhidham-10176797,CPC - GANDHIDHAM GAYATRI KUNJ (HP),gandhidham,gandhidham,"10176797",14,0,0.0,2.645092784547707,0.0,0.0,"","",0,0,0.0
ahmedabad-10315543,CPC - AHMEDABAD2 (HP),ahmedabad,ahmedabad,"10315543",7,0,0.0,0.0,0.0,0.0,"","",0,0,0.0
hyderabad-10260300,HYDERABAD H3 - FEEDER WAREHOUSE,hyderabad,hyderabad,"10260300",222,64,12.857142857142858,12.857142857142858,4.977777777777778,22.244444444444444,"6769710094450",Scheduled,36,36,6804.0
bengaluru-10199527,BENGALURU B5 - FEEDER WAREHOUSE,bengaluru,bengaluru,"10199527",310,455,30.702021876035793,37.18813201466829,14.819870881374964,24.916925767586477,"49990010081045",Scheduled,180,180,6804.0
varanasi-10297369,VARANASI V2 - FEEDER WAREHOUSE,varanasi,varanasi,"10297369",2,0,0.15818234109864823,0.28328611898016987,0.0,12.643636363636366,"","",0,0,0.0
mumbai-10325396,MUMBAI M12 - FEEDER WAREHOUSE,mumbai,mumbai,"10325396",19,1,6.322580645161289,6.927835051546391,0.15816326530612249,3.1632653061224496,"50033210034102",Scheduled,144,144,12060.0
pune-10216726,PUNE P3 - FEEDER WAREHOUSE,pune,pune,"10216726",286,27,89.37326645028033,96.13460903992083,0.30210376181137455,3.5021658313688975,"43886110063916",Scheduled,144,144,3744.0
kolkata-10199527,KOLKATA K4 - FEEDER WAREHOUSE,kolkata,kolkata,"10199527",254,62,25.489032258064515,23.653401797175867,2.4324187506327832,12.39748911612838,"2135610069660",Scheduled,180,180,6804.0
kolkata-10216709,KOLKATA K4 - FEEDER WAREHOUSE,kolkata,kolkata,"10216709",109,0,9.323308270676693,9.775789767961982,0.0,11.691129032258063,"2135610069122",Scheduled,72,72,1872.0
kundli-10315341,KUNDLI - FEEDER WAREHOUSE,kundli,kundli,"10315341",88,230,24.760551437051124,22.31402429304683,9.288969213174843,12.84300960778087,"2011710094637",Scheduled,96,96,3120.0
mumbai-10315341,MUMBAI M10 - FEEDER WAREHOUSE,mumbai,mumbai,"10315341",7,0,9.337602927721866,4.074039362699157,0.0,0.7496570644718793,"2273910097415",Scheduled,48,48,1560.0
ahmedabad-10260300,AHMEDABAD A2 - FEEDER WAREHOUSE,ahmedabad,ahmedabad,"10260300",107,14,7.830432461292045,6.042363611050338,1.7878961435662468,15.452530955108275,"2738110067651",Scheduled,36,36,6804.0
goa-10324645,GOA G2 - FEEDER WAREHOUSE,goa,goa,"10324645",0,1,4.430107526881719,0.5098308813419495,0.2257281553398059,0.2257281553398059,"","",0,0,0.0
coimbatore-10216715,CPC - COIMBATORE1 (HP),coimbatore,coimbatore,"10216715",20,0,0.0,0.11753313081198677,0.0,0.0,"","",0,0,0.0
rajpura-10176795,RAJPURA R2 - FEEDER WAREHOUSE,rajpura,rajpura,"10176795",651,210,216.63806456406684,161.50883098448745,0.9693587339906107,3.9743708093615036,"43886010062987",Scheduled,180,180,6804.0
noida-10249576,CPC - NOIDA1 (HP),noida,noida,"10249576",17,2,0.2691015652919734,0.1663720724701723,7.432138114209828,70.60531208499337,"","",0,0,0.0
noida-10260300,CPC - NOIDA1 (HP),noida,noida,"10260300",32,2,0.2689376961004034,0.7865757734661774,7.4366666666666665,126.42333333333333,"","",0,0,0.0
surat-10216726,SURAT S2 - FEEDER WAREHOUSE,surat,surat,"10216726",182,240,70.82627304610071,62.76575742061899,3.388573048927541,5.95824094436426,"51076110004079",Scheduled,72,72,1872.0
mumbai-10292367,MUMBAI M12 - FEEDER WAREHOUSE,mumbai,mumbai,"10292367",294,302,77.38905775075987,83.4470905562317,3.9023604728800914,7.701347158399121,"50033210034102",Scheduled,144,144,11095.2
ranchi-10315546,RANCHI R2 - FEEDER WAREHOUSE,ranchi,ranchi,"10315546",131,48,21.395176756617992,20.98063892036968,2.2434963050797214,8.366371637693128,"51024410014605",Scheduled,48,48,1560.0
bengaluru-10249577,BENGALURU B5 - FEEDER WAREHOUSE,bengaluru,bengaluru,"10249577",87,30,12.437017994858614,13.882352941176471,2.4121537825547743,9.40739975196362,"49990010081045",Scheduled,36,36,27694.8
ranchi-10291036,RANCHI R2 - FEEDER WAREHOUSE,ranchi,ranchi,"10291036",59,21,3.888930135867547,1.6653790024894841,5.399942726231386,20.57121038564338,"","",0,0,0.0
gurgaon-10260300,CPC - GURGAON1 (HP),gurgaon,gurgaon,"10260300",2,0,0.0,0.3932878867330887,0.0,0.0,"","",0,0,0.0
chennai-10216726,CHENNAI C5 - FEEDER WAREHOUSE,chennai,chennai,"10216726",514,221,49.60593662707035,54.96504559270516,4.455111928667799,14.816774966383857,"8525210065574",Scheduled,72,72,1872.0
coimbatore-10315586,CPC - COIMBATORE1 (HP),coimbatore,coimbatore,"10315586",1,0,0.0,0.0,0.0,0.0,"","",0,0,0.0
jaipur-10216722,JAIPUR J3 - FEEDER WAREHOUSE,jaipur,jaipur,"10216722",240,18,47.68192488262911,54.870916888444384,0.37750153846153844,5.410855384615385,"6478710071825",Scheduled,144,144,3744.0
noida-10325396,CPC-NOIDA2,noida,noida,"10325396",17,0,2.199074074074074,2.209910930182731,0.0,7.730526315789474,"","",0,0,0.0
hyderabad-10315547,HYDERABAD H3 - FEEDER WAREHOUSE,hyderabad,hyderabad,"10315547",282,346,35.285714285714285,35.285714285714285,9.805668016194332,17.79757085020243,"6769710095165",Scheduled,48,48,1560.0
bengaluru-10265740,BENGALURU B5 - FEEDER WAREHOUSE,bengaluru,bengaluru,"10265740",346,461,60.336902585531476,63.79878741947708,7.640431978530926,13.374899363718995,"49990010081779",Scheduled,180,180,6804.0
dehradun-10265737,DEHRADUN - FEEDER WAREHOUSE,dehradun,dehradun,"10265737",57,1,2.8814869295304106,8.03892814291428,0.3470430456413584,20.128496647198787,"2173110040606",Scheduled,36,36,6804.0
noida-10298083,CPC-NOIDA2-FRZ(HP),noida,noida,"10298083",3,0,0.33928571428571425,0.3402307998408276,0.0,8.842105263157896,"","",0,0,0.0
ahmedabad-10315543,AHMEDABAD A2 - FEEDER WAREHOUSE,ahmedabad,ahmedabad,"10315543",117,0,11.409206323204197,20.369231138500687,0.0,10.254876341577225,"2738110069320",Scheduled,48,48,1560.0
surat-10315341,SURAT S2 - FEEDER WAREHOUSE,surat,surat,"10315341",17,0,3.875945721182127,5.174397067711684,0.0,4.386026333417063,"51076110004846",Scheduled,48,48,1560.0
pune-10176793,PUNE P3 - FEEDER WAREHOUSE,pune,pune,"10176793",59,0,20.374258329529898,20.024844720496894,0.0,2.895810931899641,"","",0,0,0.0
mumbai-10325396,MUMBAI M11 - FEEDER WAREHOUSE,mumbai,mumbai,"10325396",31,0,18.96774193548387,14.144329896907216,0.0,1.634353741496599,"5625710053542",Scheduled,144,144,12060.0
farukhnagar-10265737,FARUKHNAGAR F2 - FEEDER WAREHOUSE,farukhnagar,farukhnagar,"10265737",220,119,27.438004817911295,19.701283547257873,4.337050043898156,12.355125755306512,"5383910069593",Scheduled,108,108,20412.0
patna-10258761,PATNA P1 - FEEDER WAREHOUSE,patna,patna,"10258761",34,0,0.0,2.4849235193098766,0.0,0.0,"3292010040740",Scheduled,36,36,6804.0
mumbai-10216715,MUMBAI M11 - FEEDER WAREHOUSE,mumbai,mumbai,"10216715",996,868,199.83673469387753,158.28189967575813,4.343545751633988,9.327614379084968,"5625710053542",Scheduled,72,72,1872.0
nellore-10216722,CPC - NELLORE RAMALINGA PURAM (HP),nellore,nellore,"10216722",1,6,0.13244979134063642,0.0,45.300184615384616,52.85021538461538,"","",0,0,0.0
bengaluru-10216722,BENGALURU B3 - FEEDER WAREHOUSE,bengaluru,bengaluru,"10216722",139,1,82.29864332988853,45.897670807453416,0.012150868587123213,1.70112160219725,"1736010088344",Scheduled,144,144,3744.0
solapur-10176794,CPC - SOLAPUR KONARK NAGAR(HP),solapur,solapur,"10176794",4,0,0.0,0.0,0.0,0.0,"","",0,0,0.0
dasna-10315586,DASNA D3 - FEEDER WAREHOUSE,dasna,dasna,"10315586",60,10,2.5480769230769234,1.8142400730260155,3.924528301886792,27.471698113207545,"2576310067486",Scheduled,36,36,6804.0
varanasi-10216709,VARANASI V2 - FEEDER WAREHOUSE,varanasi,varanasi,"10216709",115,0,4.594980442939555,15.10928959216899,0.0,25.02731000231001,"51116810015115",Scheduled,144,144,4680.0
kolkata-10216715,KOLKATA K6 - FEEDER WAREHOUSE,kolkata,kolkata,"10216715",157,3,37.874311629413675,38.55338820611117,0.0792093604064387,4.22449922167673,"48287510054379",Scheduled,144,144,3744.0
farukhnagar-10216709,FARUKHNAGAR F2 - FEEDER WAREHOUSE,farukhnagar,farukhnagar,"10216709",535,435,104.4057270124085,85.25068525672846,4.16643811070154,9.29067808593217,"5383910067675",Scheduled,144,144,3744.0
varanasi-10265737,VARANASI V2 - FEEDER WAREHOUSE,varanasi,varanasi,"10265737",98,0,4.510153454917165,6.364151446473804,0.0,21.728750690989493,"51116810014516",Scheduled,36,36,6804.0
pune-10258761,PUNE P2 - FEEDER WAREHOUSE,pune,pune,"10258761",99,18,9.272251308900524,6.776,1.9412761151891587,12.61829474872953,"","",0,0,0.0
bengaluru-10291036,BENGALURU B3 - FEEDER WAREHOUSE,bengaluru,bengaluru,"10291036",77,2,9.059233449477352,7.7909407665505235,0.22076923076923077,8.720384615384615,"1736010088344",Scheduled,120,120,92316.0
bidar-10249578,CPC - BIDAR DEVI NAGAR (HP),bidar,bidar,"10249578",3,0,0.1629940261898168,0.0,0.0,18.40558252427185,"","",0,0,0.0
coimbatore-10325396,COIMBATORE C1 - FEEDER WAREHOUSE,coimbatore,coimbatore,"10325396",188,66,8.285714285714285,6.763578274760384,7.965517241379311,30.655172413793107,"","",0,0,0.0
patna-10315546,PATNA P2 - FEEDER WAREHOUSE,patna,patna,"10315546",54,18,4.897691064767973,6.799281131601285,3.675201183979281,14.700804735917124,"50283910015973",Scheduled,48,48,1560.0
solapur-10176795,CPC - SOLAPUR MURARJI PETH(HP),solapur,solapur,"10176795",0,17,0.0,1.3152184933590185,0.0,0.0,"","",0,0,0.0
dasna-10315341,SUPER STORE DASNA 2 - WAREHOUSE,dasna,dasna,"10315341",152,180,19.555908162347592,18.034622373832374,9.20437949011067,16.976966615093012,"1724010050564",Scheduled,48,48,1560.0
nagpur-10260300,NAGPUR N1 - FEEDER WAREHOUSE,nagpur,nagpur,"10260300",97,42,11.346136831668062,11.668012490304102,3.7017004662568778,12.250865828802525,"2549710051002",Scheduled,36,36,6804.0
ranchi-10176795,RANCHI R1 - FEEDER WAREHOUSE,ranchi,ranchi,"10176795",136,44,32.011459893231525,31.126837676163436,1.3745077589948755,5.622986286797218,"2896610025019",Scheduled,180,180,6804.0
"",RAIPUR - FEEDER WAREHOUSE,raipur,raipur,"10176797",0,0,0.0,0.0,0.0,0.0,"52221610000014",Scheduled,180,180,6804.0
delhi-10291036,CPC-DEL5,delhi,delhi,"10291036",8,1,0.308989575211528,0.1166742389822808,3.236355140186915,29.127196261682236,"","",0,0,0.0
chennai-10297369,CPC-CHN3,chennai,chennai,"10297369",2,0,0.0,0.0,0.0,0.0,"","",0,0,0.0
dasna-10297369,SUPER STORE DASNA 2 - WAREHOUSE,dasna,dasna,"10297369",72,42,6.584837545126355,3.0578059995620754,6.37828947368421,17.312499999999996,"","",0,0,0.0
dehradun-10176797,DEHRADUN - FEEDER WAREHOUSE,dehradun,dehradun,"10176797",471,257,85.37208770082849,80.57359559083784,3.010351590564488,8.527377268213803,"2173110040847",Scheduled,180,180,6804.0
dasna-10216709,DASNA D3 - FEEDER WAREHOUSE,dasna,dasna,"10216709",131,276,33.029589564110715,34.82891243821898,8.35614379840481,12.32228451431434,"2576310067109",Scheduled,216,216,5616.0
patna-10297369,PATNA P2 - FEEDER WAREHOUSE,patna,patna,"10297369",12,0,0.31636468219729647,0.1214083367057871,0.0,37.9309090909091,"","",0,0,0.0
pune-10315341,PUNE P2 - FEEDER WAREHOUSE,pune,pune,"10315341",40,0,19.870129870129873,19.607982893799,0.0,2.0130718954248366,"1723710058529",Scheduled,240,240,7800.0
dasna-10315586,SUPER STORE DASNA 2 - WAREHOUSE,dasna,dasna,"10315586",63,24,2.751923076923077,3.0237334550433594,8.721174004192871,31.61425576519916,"","",0,0,0.0
bhopal-10216715,BHOPAL B1 - FEEDER WAREHOUSE,bhopal,bhopal,"10216715",636,93,128.60086891752795,121.66262385589499,0.7231677420441158,5.6687019779587144,"27828910034302",Scheduled,144,144,3744.0
bhopal-10265740,BHOPAL B1 - FEEDER WAREHOUSE,bhopal,bhopal,"10265740",239,1,26.499925303921263,37.66638244136747,0.03773595542369425,9.05662930168662,"27828910033803",Scheduled,180,180,6804.0
"",KUNDLI - FEEDER WAREHOUSE,kundli,kundli,"10297369",0,0,0.0,0.0,0.0,0.0,"2011710095745",Scheduled,20,20,20986.0
goa-10216726,GOA G2 - FEEDER WAREHOUSE,goa,goa,"10216726",437,187,26.218918469239767,40.07114365375478,7.132254529087072,23.799608695991083,"41315210040395",Scheduled,72,72,1872.0
lucknow-10324645,LUCKNOW L5 - FEEDER WAREHOUSE,lucknow,lucknow,"10324645",26,0,0.0,4.75842155919153,0.0,0.0,"2940310044047",Scheduled,144,144,12060.0
kundli-10249578,KUNDLI - FEEDER WAREHOUSE,kundli,kundli,"10249578",30,0,1.4189980929915527,1.9943167140273832,0.0,21.141677461139892,"2011710094041",Scheduled,24,24,18463.2
kolkata-10260300,KOLKATA K4 - FEEDER WAREHOUSE,kolkata,kolkata,"10260300",121,0,3.0650406504065035,4.051948051948052,0.0,39.477453580901866,"2135610069122",Scheduled,36,36,6804.0
rajpura-10260300,RAJPURA R2 - FEEDER WAREHOUSE,rajpura,rajpura,"10260300",144,9,14.861841202044085,8.959366733626364,0.605577726046632,10.294821342792742,"43886010062987",Scheduled,36,36,6804.0
"",RAIPUR - FEEDER WAREHOUSE,raipur,raipur,"10176793",0,0,0.0,0.0,0.0,0.0,"52221610000026",Scheduled,180,180,6804.0
visakhapatnam-10176794,VISAKHAPATNAM V1 - FEEDER WAREHOUSE,visakhapatnam,visakhapatnam,"10176794",127,2,6.447815796047811,8.234458190171212,0.31018255844496984,20.006775019700555,"2888510043803",Scheduled,180,180,6804.0
gurgaon-10325396,SUPER STORE GURGAON G7 ECOM - WAREHOUSE,gurgaon,gurgaon,"10325396",4,0,0.2692743764172335,0.6978666095313888,0.0,14.854736842105266,"","",0,0,0.0
bengaluru-10249577,BENGALURU B5 - FEEDER WAREHOUSE,bengaluru,bengaluru,"10249577",87,30,12.437017994858614,13.882352941176471,2.4121537825547743,9.40739975196362,"49990010078666",Scheduled,18,18,13847.4
lucknow-10216715,SUPER STORE LUCKNOW L4 - WAREHOUSE,lucknow,lucknow,"10216715",313,161,42.54022645595055,87.08482549685114,3.7846531016169336,11.142394845754202,"1735810061889",Scheduled,72,72,1872.0
bengaluru-10291036,BENGALURU B5 - FEEDER WAREHOUSE,bengaluru,bengaluru,"10291036",105,0,5.797909407665505,7.066202090592334,0.0,18.109975961538463,"49990010071488",Scheduled,168,168,129242.4
kundli-10216709,KUNDLI - FEEDER WAREHOUSE,kundli,kundli,"10216709",85,31,27.712631244034355,27.396801415837526,1.1186234799221135,4.185816892611779,"2011710095241",Scheduled,72,72,1872.0
visakhapatnam-10258333,VISAKHAPATNAM V1 - FEEDER WAREHOUSE,visakhapatnam,visakhapatnam,"10258333",55,1,1.6147575250836117,2.1133118126607213,0.6192880258899678,34.6801294498382,"","",0,0,0.0
bengaluru-10176797,BENGALURU B5 - FEEDER WAREHOUSE,bengaluru,bengaluru,"10176797",748,1812,236.04973156258833,265.59705418200946,7.676348488113193,10.845172256936962,"49990010071488",Scheduled,540,540,20412.0
bhopal-10265737,BHOPAL B1 - FEEDER WAREHOUSE,bhopal,bhopal,"10265737",101,13,8.268614667348135,10.249633382215706,1.5722101613146389,13.7870737222976,"","",0,0,0.0
ahmedabad-10315547,AHMEDABAD A2 - FEEDER WAREHOUSE,ahmedabad,ahmedabad,"10315547",149,203,91.13349482148038,73.53139566330997,2.2275015393369113,3.862465723382231,"2738110068008",Scheduled,96,96,3120.0
jamnagar-10265737,CPC - JAMNAGAR KHODIYAR COLONY (HP),jamnagar,jamnagar,"10265737",2,0,0.25056408082873133,0.0,0.0,7.981990049751245,"","",0,0,0.0
coimbatore-10292367,COIMBATORE C1 - FEEDER WAREHOUSE,coimbatore,coimbatore,"10292367",415,137,33.90297758447641,25.702162052939986,4.0409430014999606,16.281755743269915,"2883810040462",Scheduled,144,144,11095.2
goa-10291036,CPC-GOA2-FRZ (HP),goa,goa,"10291036",2,0,0.0,0.14274677164195576,0.0,0.0,"","",0,0,0.0
bengaluru-10216722,BENGALURU B5 - FEEDER WAREHOUSE,bengaluru,bengaluru,"10216722",83,815,0.5384023395413268,36.4375,1513.7378502001143,1667.8976558033162,"49990010071488",Scheduled,504,504,13104.0
noida-10216715,NOIDA N1 - FEEDER WAREHOUSE,noida,noida,"10216715",423,135,321.0325164042805,299.7443527311305,0.4205181503483364,1.738141688106457,"2867410093996",Scheduled,648,648,16848.0
bengaluru-10216709,BENGALURU B3 - FEEDER WAREHOUSE,bengaluru,bengaluru,"10216709",132,3,38.771202412363365,23.247386759581886,0.07737701730507485,3.481965778728368,"1736010087559",Scheduled,72,72,1872.0
coimbatore-10265737,CPC - COIMBATORE1 (HP),coimbatore,coimbatore,"10265737",1,1,0.0,0.11622276029055686,0.0,0.0,"","",0,0,0.0
gandhidham-10291036,CPC - GANDHIDHAM GAYATRI KUNJ (HP),gandhidham,gandhidham,"10291036",1,0,0.0,0.0,0.0,0.0,"","",0,0,0.0
gurgaon-10216726,CPC - GURGAON1 (HP),gurgaon,gurgaon,"10216726",3,0,0.8138492871690425,0.9979583809398941,0.0,3.6861861861861875,"","",0,0,0.0
mumbai-10325396,MUMBAI M10 - FEEDER WAREHOUSE,mumbai,mumbai,"10325396",19,0,2.709677419354838,6.927835051546391,0.0,7.011904761904764,"2273910097633",Scheduled,144,144,12060.0
indore-10249574,INDORE I2 - FEEDER WAREHOUSE,indore,indore,"10249574",6,34,0.2155365963179165,0.3394625176803394,157.7458333333333,185.58333333333331,"50993810000789",Partially Scheduled,12,12,24351.6
bengaluru-10216715,BENGALURU B5 - FEEDER WAREHOUSE,bengaluru,bengaluru,"10216715",496,4920,281.64183118513057,330.31244930404597,17.468995920446048,19.23009794819833,"49990010081779",Scheduled,216,216,5616.0
satara-10315586,CPC - SATARA POWAI NAKA(HP),satara,satara,"10315586",0,0,0.0,0.12517225539733579,0.0,0.0,"","",0,0,0.0
noida-10292367,CPC-NOIDA2-FRZ(HP),noida,noida,"10292367",25,1,1.1186102214632176,1.7403746392258215,0.8939664422983123,23.24312749975612,"","",0,0,0.0
kolkata-10265740,KOLKATA K5 - FEEDER WAREHOUSE,kolkata,kolkata,"10265740",136,58,3.7936701060249347,5.505543710021322,15.288625098921235,51.13781498604689,"27845210026298",Scheduled,180,180,6804.0
chennai-10315546,CHENNAI C5 - FEEDER WAREHOUSE,chennai,chennai,"10315546",207,98,19.42125480153649,23.924747629244415,5.046017932489452,15.704443565400844,"8525210065574",Scheduled,48,48,1560.0
mumbai-10176795,MUMBAI M10 - FEEDER WAREHOUSE,mumbai,mumbai,"10176795",697,395,93.34757883853177,100.94720661240326,4.231497002008507,11.698214496691874,"2273910094687",Scheduled,180,180,6804.0
nagpur-10176793,NAGPUR N1 - FEEDER WAREHOUSE,nagpur,nagpur,"10176793",238,150,33.714910975050486,41.60319789505642,4.449070030497845,11.508261145554426,"2549710050594",Scheduled,180,180,6804.0
kolkata-10216726,KOLKATA K5 - FEEDER WAREHOUSE,kolkata,kolkata,"10216726",158,86,22.287390029325515,17.6624821229938,3.8586842105263157,10.947894736842105,"27845210026389",Scheduled,72,72,1872.0
noida-10199527,NOIDA N1 - FEEDER WAREHOUSE,noida,noida,"10199527",184,118,43.116047867444,31.436904472191543,2.7368000045546674,7.004352554029742,"2867410093603",Scheduled,180,180,6804.0
jaipur-10176795,JAIPUR J3 - FEEDER WAREHOUSE,jaipur,jaipur,"10176795",840,211,147.56875221481732,144.3452296461523,1.4298420013258983,7.122103997125683,"6478710071825",Scheduled,180,180,6804.0
jaipur-10176794,JAIPUR J4 - FEEDER WAREHOUSE,jaipur,jaipur,"10176794",107,119,9.559782447612553,3.8427471554132326,12.447982017594855,23.64070534433981,"","",0,0,0.0
hyderabad-10258333,HYDERABAD H3 - FEEDER WAREHOUSE,hyderabad,hyderabad,"10258333",191,19,7.142857142857143,7.142857142857143,2.6599999999999997,29.4,"6769710093850",Scheduled,36,36,6804.0
surat-10258761,SURAT S1 - FEEDER WAREHOUSE,surat,surat,"10258761",73,27,7.421927808571044,4.706737489516355,3.6378688524590155,13.473588342440799,"2873410039504",Scheduled,36,36,6804.0
coimbatore-10249578,COIMBATORE C1 - FEEDER WAREHOUSE,coimbatore,coimbatore,"10249578",86,21,0.8163265306122448,0.7912087912087911,25.725,131.07500000000002,"","",0,0,0.0
gurgaon-10258333,SUPER STORE GURGAON G7 ECOM - WAREHOUSE,gurgaon,gurgaon,"10258333",3,0,0.0,0.7111597374179432,0.0,0.0,"","",0,0,0.0
ludhiana-10249578,LUDHIANA L2 - FEEDER WAREHOUSE,ludhiana,ludhiana,"10249578",74,0,4.191274959166718,5.412044729869312,0.0,17.655725458468176,"","",0,0,0.0
dasna-10176793,DASNA D3 - FEEDER WAREHOUSE,dasna,dasna,"10176793",154,73,10.986677299401043,12.334099202594947,6.644411045364891,20.661387771203152,"2576310067807",Scheduled,180,180,6804.0
farukhnagar-10315341,FARUKHNAGAR F2 - FEEDER WAREHOUSE,farukhnagar,farukhnagar,"10315341",558,353,78.59319311860008,71.6799821468422,4.491483116957848,11.591334616284986,"5383910068788",Scheduled,96,96,3120.0
chennai-10216722,CHENNAI C5 - FEEDER WAREHOUSE,chennai,chennai,"10216722",208,20,13.740608138772629,12.94997421351212,1.4555396528312965,16.59315204227678,"8525210065889",Scheduled,72,72,1872.0
farukhnagar-10258187,FARUKHNAGAR F2 - FEEDER WAREHOUSE,farukhnagar,farukhnagar,"10258187",177,21,2.627245508982036,2.6184635248547448,7.993162393162393,75.36410256410257,"5383910068788",Scheduled,36,36,6804.0
guwahati-10315547,GUWAHATI G2 - FEEDER WAREHOUSE,guwahati,guwahati,"10315547",54,78,4.9337545533670735,3.506132773349879,15.809460960470435,26.754472394642278,"","",0,0,0.0
nagpur-10249574,NAGPUR N1 - FEEDER WAREHOUSE,nagpur,nagpur,"10249574",28,226,27.45936237090256,24.356435643564353,8.230344060701203,9.250032705389847,"2549710051216",Scheduled,24,24,48703.2
satara-10315543,CPC - SATARA POWAI NAKA(HP),satara,satara,"10315543",4,0,0.0,0.0,0.0,0.0,"","",0,0,0.0
delhi-10216726,CPC-DEL5,delhi,delhi,"10216726",67,17,16.276985743380852,5.987750285639365,1.0444194194194196,5.160660660660662,"","",0,0,0.0
chennai-10291036,CHENNAI C5 - FEEDER WAREHOUSE,chennai,chennai,"10291036",57,11,1.5406162464985993,2.0,7.140000000000001,44.13818181818182,"8525210065192",Scheduled,120,120,92316.0
goa-10216726,CPC-GOA2-FRZ (HP),goa,goa,"10216726",11,8,0.17596589576670987,0.9894109544136984,45.46335507311117,107.97546829863902,"","",0,0,0.0
bengaluru-10176793,BENGALURU B5 - FEEDER WAREHOUSE,bengaluru,bengaluru,"10176793",245,746,11.724476316286092,39.4522249051397,63.62757532835437,84.52403103270667,"49990010071488",Scheduled,180,180,6804.0
puducherry-10199527,CPC - PUDUCHERRY VENKATA NAGAR (HP),puducherry,puducherry,"10199527",4,0,0.4470281906185953,0.17396713285310111,0.0,8.947981545559399,"","",0,0,0.0
faridabad-10249576,FARIDABAD - FEEDER WAREHOUSE,faridabad,faridabad,"10249576",23,35,19.73411478807805,17.191780821917803,1.7735784136182544,2.93907279971025,"49060410069839",Scheduled,12,12,23511.6
hyderabad-10315341,HYDERABAD H3 - FEEDER WAREHOUSE,hyderabad,hyderabad,"10315341",213,30,34.42857142857143,34.42857142857143,0.871369294605809,7.058091286307054,"6769710095686",Scheduled,96,96,3120.0
morbi-10216722,CPC - MORBI SANALA ROAD(HP),morbi,morbi,"10216722",6,0,0.13244979134063642,0.16527384604953127,0.0,45.300184615384616,"","",0,0,0.0
kundli-10324645,KUNDLI - FEEDER WAREHOUSE,kundli,kundli,"10324645",3,0,0.0,0.41464285714285715,0.0,0.0,"2011710093411",Scheduled,144,144,12060.0
gurgaon-10216726,CPC - GURGAON3 (HP),gurgaon,gurgaon,"10216726",88,13,15.598778004073315,8.981625428459045,0.8333986160073119,6.474866170518347,"","",0,0,0.0
delhi-10265740,CPC - DELHI MUNDKA (HP),delhi,delhi,"10265740",16,5,0.5769940139136062,1.5909496449091751,8.665601166442352,36.395524899057875,"","",0,0,0.0
"",FARUKHNAGAR - SR FEEDER WAREHOUSE,farukhnagar,farukhnagar,"10297369",0,0,0.0,0.0,0.0,0.0,"1735210076297",Scheduled,20,20,20986.0
vijayawada-10176797,VIJAYAWADA - FEEDER WAREHOUSE,vijayawada,vijayawada,"10176797",118,299,48.8472009886941,62.74973959650099,6.121128620434257,8.536824865287912,"51388610013167",Scheduled,180,180,6804.0
rajpura-10216722,RAJPURA R2 - FEEDER WAREHOUSE,rajpura,rajpura,"10216722",138,0,36.32908562486028,114.46394366401825,0.0,3.7986092307692303,"43886010062987",Scheduled,144,144,3744.0
delhi-10258761,CPC-DEL5,delhi,delhi,"10258761",11,0,0.1553004726536124,0.2599184727771724,0.0,70.8304347826087,"","",0,0,0.0
vijayawada-10292367,VIJAYAWADA - FEEDER WAREHOUSE,vijayawada,vijayawada,"10292367",102,22,13.245925730144045,20.634835433547188,1.660888068391786,9.361369112753703,"51388610012598",Scheduled,144,144,11095.2
visakhapatnam-10315543,VISAKHAPATNAM V1 - FEEDER WAREHOUSE,visakhapatnam,visakhapatnam,"10315543",82,8,9.127365058563356,6.944056069943415,0.876485157399763,9.860458020747334,"2888510043351",Scheduled,48,48,1560.0
mumbai-10258333,MUMBAI M10 - FEEDER WAREHOUSE,mumbai,mumbai,"10258333",86,61,3.3901345291479825,4.136363636363637,17.99338624338624,43.36111111111111,"","",0,0,0.0
patna-10216715,PATNA P1 - FEEDER WAREHOUSE,patna,patna,"10216715",283,15,77.63101233436139,83.6309264463967,0.19322174925909902,3.838672085280767,"3292010041159",Scheduled,504,504,13104.0
ranchi-10315543,RANCHI R1 - FEEDER WAREHOUSE,ranchi,ranchi,"10315543",62,57,12.005995577033339,7.777342798336626,4.747627935915382,9.911714462700536,"","",0,0,0.0
noida-10324645,CPC-NOIDA2,noida,noida,"10324645",2,0,0.0,0.5528571428571428,0.0,0.0,"","",0,0,0.0
gurgaon-10298083,CPC - GURGAON (HP),gurgaon,gurgaon,"10298083",0,0,0.0,0.0,0.0,0.0,"","",0,0,0.0
bhopal-10258333,BHOPAL B1 - FEEDER WAREHOUSE,bhopal,bhopal,"10258333",92,16,2.6912625418060196,1.3149495723222264,5.94516504854369,40.12986407766991,"","",0,0,0.0
surat-10216715,SURAT S1 - FEEDER WAREHOUSE,surat,surat,"10216715",1252,1270,216.13179570361976,87.31767262384807,5.876044271346098,11.668806025460519,"2873410039504",Scheduled,72,72,1872.0
gurgaon-10315341,SUPER STORE GURGAON G7 ECOM - WAREHOUSE,gurgaon,gurgaon,"10315341",24,0,1.1086814076291547,1.1462683712181592,0.0,21.647336948963982,"","",0,0,0.0
hyderabad-10216715,HYDERABAD H3 - FEEDER WAREHOUSE,hyderabad,hyderabad,"10216715",1485,1915,282.7142857142857,282.7142857142857,6.773623041940374,12.026275896917635,"6769710095165",Scheduled,216,216,5616.0
mumbai-10216722,MUMBAI M10 - FEEDER WAREHOUSE,mumbai,mumbai,"10216722",271,99,34.23334775086505,46.3178820791311,2.891916990429262,10.808174610695222,"2273910097415",Scheduled,72,72,1872.0
noida-10315543,CPC-NOIDA2,noida,noida,"10315543",28,3,1.6242489188258256,1.5003338788870704,1.8470075400565507,19.085744580584358,"","",0,0,0.0
mumbai-10216715,MUMBAI M12 - FEEDER WAREHOUSE,mumbai,mumbai,"10216715",333,879,217.00647800886466,249.0955559794011,4.05057032428356,5.585086726998491,"50033210039849",Scheduled,216,216,5616.0
hyderabad-10249577,HYDERABAD H3 - FEEDER WAREHOUSE,hyderabad,hyderabad,"10249577",66,85,6.0,6.0,14.166666666666666,25.166666666666668,"","",0,0,0.0
ahmedabad-10265737,AHMEDABAD A2 - FEEDER WAREHOUSE,ahmedabad,ahmedabad,"10265737",116,13,11.42572208579015,13.063258232235704,1.137783669372436,11.290314873003403,"2738110068530",Scheduled,36,36,6804.0
chennai-10291036,CPC-CHN3,chennai,chennai,"10291036",6,0,0.1400560224089636,0.28571428571428575,0.0,42.839999999999996,"","",0,0,0.0
guwahati-10265791,GUWAHATI G1 - FEEDER WAREHOUSE,guwahati,guwahati,"10265791",4,0,0.0,0.0,0.0,0.0,"","",0,0,0.0
mumbai-10292367,MUMBAI M12 - FEEDER WAREHOUSE,mumbai,mumbai,"10292367",294,302,77.38905775075987,83.4470905562317,3.9023604728800914,7.701347158399121,"50033210039849",Scheduled,144,144,11095.2
guwahati-10260300,GUWAHATI G2 - FEEDER WAREHOUSE,guwahati,guwahati,"10260300",49,0,2.054632424245726,2.0835736589828753,0.0,23.848548003903105,"51894410003549",Scheduled,36,36,6804.0
solapur-10249578,CPC - SOLAPUR KARNIK NAGAR (HP),solapur,solapur,"10249578",1,0,0.0,0.0,0.0,0.0,"","",0,0,0.0
noida-10216715,NOIDA N1 - FEEDER WAREHOUSE,noida,noida,"10216715",423,135,321.0325164042805,299.7443527311305,0.4205181503483364,1.738141688106457,"2867410093603",Scheduled,432,432,11232.0
surat-10258333,CPC - SURAT1 (HP),surat,surat,"10258333",2,0,0.0,0.0,0.0,0.0,"","",0,0,0.0
guwahati-10249577,GUWAHATI G1 - FEEDER WAREHOUSE,guwahati,guwahati,"10249577",30,37,0.4013737494400478,1.105323756784911,92.18340773809524,166.92671130952382,"","",0,0,0.0
rajpura-10249574,RAJPURA R2 - FEEDER WAREHOUSE,rajpura,rajpura,"10249574",43,1,14.785810507409073,17.029702970297027,0.0676324101068999,2.975826044703595,"43886010069091",Scheduled,12,12,24351.6
rajpura-10216722,RAJPURA R2 - FEEDER WAREHOUSE,rajpura,rajpura,"10216722",138,0,36.32908562486028,114.46394366401825,0.0,3.7986092307692303,"43886010066389",Scheduled,360,360,9360.0
dehradun-10176795,CPC-DHD1-FRZ (HP),dehradun,dehradun,"10176795",107,0,4.417717395031952,15.344215755855213,0.0,24.220652982540116,"","",0,0,0.0
dasna-10216726,SUPER STORE DASNA 2 - WAREHOUSE,dasna,dasna,"10216726",340,260,37.97963340122198,72.01932982449568,6.845774345774348,15.797940797940804,"1724010051917",Scheduled,288,288,7488.0
noida-10315546,CPC - NOIDA1 (HP),noida,noida,"10315546",19,19,1.773940994145334,3.957011613797886,10.710615551874092,21.421231103748184,"","",0,0,0.0
dasna-10324645,SUPER STORE DASNA 2 - WAREHOUSE,dasna,dasna,"10324645",2,0,0.0,1.1057142857142856,0.0,0.0,"","",0,0,0.0
vijayawada-10315586,VIJAYAWADA - FEEDER WAREHOUSE,vijayawada,vijayawada,"10315586",43,28,0.598832551218954,0.5841371918542335,46.75764525993883,118.56402905198775,"","",0,0,0.0
ludhiana-10258187,LUDHIANA L2 - FEEDER WAREHOUSE,ludhiana,ludhiana,"10258187",112,10,2.3146163737676817,1.8725414765769768,4.3203703703703695,52.7085185185185,"3226810044352",Scheduled,36,36,6804.0
mumbai-10176795,MUMBAI M10 - FEEDER WAREHOUSE,mumbai,mumbai,"10176795",697,395,93.34757883853177,100.94720661240326,4.231497002008507,11.698214496691874,"2273910096790",Scheduled,180,180,6804.0
bhopal-10176795,BHOPAL B1 - FEEDER WAREHOUSE,bhopal,bhopal,"10176795",579,143,100.41811463322628,74.6386494981243,1.4240458558926603,7.189937817863642,"27828910033903",Scheduled,180,180,6804.0
kolkata-10176797,KOLKATA K4 - FEEDER WAREHOUSE,kolkata,kolkata,"10176797",504,208,95.31585845347315,91.42857142857143,2.182218188818304,7.469900723262655,"2135610070684",Scheduled,180,180,6804.0
kundli-10315546,KUNDLI - FEEDER WAREHOUSE,kundli,kundli,"10315546",85,40,39.24172502200283,35.004333506673596,1.0193231815770587,3.1853849424283083,"2011710094637",Scheduled,48,48,1560.0
"",LUCKNOW L5 - FEEDER WAREHOUSE,lucknow,lucknow,"10291038",0,0,0.0,0.0,0.0,0.0,"2940310043143",Scheduled,100,100,9660.0
kolkata-10216722,KOLKATA K6 - FEEDER WAREHOUSE,kolkata,kolkata,"10216722",3,1,1.4285714285714286,0.9051724137931035,0.7,2.8,"48287510054379",Scheduled,72,72,1872.0
farukhnagar-10315546,FARUKHNAGAR - SR FEEDER WAREHOUSE,farukhnagar,farukhnagar,"10315546",23,0,39.107335552749404,37.79453400358236,0.0,0.588124955968344,"1735210076132",Scheduled,48,48,1560.0
bengaluru-10297369,BENGALURU B5 - FEEDER WAREHOUSE,bengaluru,bengaluru,"10297369",12,27,0.0,0.0,0.0,0.0,"","",0,0,0.0
vijayawada-10216715,VIJAYAWADA - FEEDER WAREHOUSE,vijayawada,vijayawada,"10216715",207,173,41.36399899633902,52.62345070130578,4.182380915716385,9.186732647238301,"51388610012124",Scheduled,72,72,1872.0
pune-10291036,PUNE P2 - FEEDER WAREHOUSE,pune,pune,"10291036",123,50,9.805073431241656,6.857142857142858,5.099400871459695,17.643927015250544,"1723710058529",Scheduled,48,48,36926.4
hyderabad-10176795,HYDERABAD H3 - FEEDER WAREHOUSE,hyderabad,hyderabad,"10176795",966,1029,151.85714285714286,151.85714285714286,6.776105362182502,13.137347130761993,"6769710095165",Scheduled,180,180,6804.0
bengaluru-10315543,BENGALURU B3 - FEEDER WAREHOUSE,bengaluru,bengaluru,"10315543",170,99,18.15450643776824,12.989788972089857,5.453191489361702,14.81725768321513,"1736010088491",Scheduled,48,48,1560.0
kundli-10315543,KUNDLI - FEEDER WAREHOUSE,kundli,kundli,"10315543",111,54,13.156416242489188,13.961440261865794,4.104461200125668,12.541409222606207,"2011710094637",Scheduled,48,48,1560.0
"",RANCHI R1 - FEEDER WAREHOUSE,ranchi,ranchi,"10325396",0,0,0.0,0.0,0.0,0.0,"2896610025121",Scheduled,144,144,12060.0
mumbai-10315546,MUMBAI M12 - FEEDER WAREHOUSE,mumbai,mumbai,"10315546",101,145,61.59479826971733,60.189612744463155,2.3540948923163905,3.993843748343669,"50033210040195",Scheduled,192,192,6240.0
patna-10249577,PATNA P2 - FEEDER WAREHOUSE,patna,patna,"10249577",42,19,1.0034343736001194,1.381654695981139,18.93497023809524,60.79122023809524,"","",0,0,0.0
mumbai-10315546,MUMBAI M12 - FEEDER WAREHOUSE,mumbai,mumbai,"10315546",101,145,61.59479826971733,60.189612744463155,2.3540948923163905,3.993843748343669,"50033210036493",Scheduled,48,48,1560.0
noida-10216722,NOIDA N1 - FEEDER WAREHOUSE,noida,noida,"10216722",118,1,6.336957600328876,18.170951102016453,0.15780443283194792,18.7787275070018,"2867410094941",Scheduled,72,72,1872.0
patna-10298083,PATNA P2 - FEEDER WAREHOUSE,patna,patna,"10298083",19,10,1.0514066671230062,0.6632124352331605,9.511067708333334,27.58209635416667,"","",0,0,0.0
kundli-10292367,KUNDLI - FEEDER WAREHOUSE,kundli,kundli,"10292367",148,211,44.74440885852871,40.931033181792465,4.715672983123597,8.023348819627353,"2011710094637",Scheduled,144,144,11095.2
junagadh-10199527,CPC -  JUNAGADH SONVATIKA(HP),junagadh,junagadh,"10199527",7,0,0.0,0.2982293706053162,0.0,0.0,"","",0,0,0.0
lucknow-10258187,SUPER STORE LUCKNOW L4 - WAREHOUSE,lucknow,lucknow,"10258187",42,5,0.22043965464454113,0.11703384228606105,22.681944444444436,213.21027777777772,"","",0,0,0.0
goa-10315547,GOA G2 - FEEDER WAREHOUSE,goa,goa,"10315547",112,34,9.811123340409953,9.934042857824656,3.465454344046533,14.881068653846876,"","",0,0,0.0
dehradun-10297369,DEHRADUN - FEEDER WAREHOUSE,dehradun,dehradun,"10297369",2,18,0.2711697275976827,0.0,66.37909090909092,73.75454545454546,"","",0,0,0.0
gurgaon-10216715,CPC - GURGAON3 (HP),gurgaon,gurgaon,"10216715",157,6,13.414464123255785,15.377390224338242,0.4472783962795942,12.151063098928976,"","",0,0,0.0
hyderabad-10216722,HYDERABAD H3 - FEEDER WAREHOUSE,hyderabad,hyderabad,"10216722",481,153,51.857142857142854,51.857142857142854,2.950413223140496,12.225895316804408,"6769710094450",Scheduled,72,72,1872.0
coimbatore-10249577,COIMBATORE C1 - FEEDER WAREHOUSE,coimbatore,coimbatore,"10249577",98,33,2.03921568627451,0.8484848484848485,16.182692307692307,64.2403846153846,"","",0,0,0.0
dasna-10176797,DASNA D3 - FEEDER WAREHOUSE,dasna,dasna,"10176797",320,645,114.70727388625258,120.97226034375666,5.623008708581138,8.412718455474106,"2576310067109",Scheduled,540,540,20412.0
bengaluru-10249578,BENGALURU B5 - FEEDER WAREHOUSE,bengaluru,bengaluru,"10249578",80,41,6.756019261637238,6.819875776397515,6.068662390116418,17.909954858636258,"49990010071488",Scheduled,24,24,18463.2
bengaluru-10216709,BENGALURU B5 - FEEDER WAREHOUSE,bengaluru,bengaluru,"10216709",54,615,0.943083301922352,16.466898954703833,652.1163069544365,709.3752997601919,"49990010081779",Scheduled,72,72,1872.0
mumbai-10325396,MUMBAI M12 - FEEDER WAREHOUSE,mumbai,mumbai,"10325396",19,1,6.322580645161289,6.927835051546391,0.15816326530612249,3.1632653061224496,"50033210040195",Scheduled,144,144,12060.0
lucknow-10216726,LUCKNOW L5 - FEEDER WAREHOUSE,lucknow,lucknow,"10216726",511,210,78.08486624647749,124.08862386605134,2.6893815677051682,9.23354338245441,"2940310043143",Scheduled,360,360,9360.0
gurgaon-10315547,CPC - GURGAON (HP),gurgaon,gurgaon,"10315547",31,1,3.5790644503491325,2.3177477012823027,0.2794026243093922,8.940883977900551,"","",0,0,0.0
solapur-10249574,CPC - SOLAPUR KARNIK NAGAR (HP),solapur,solapur,"10249574",2,0,0.2155365963179165,0.0,0.0,9.279166666666667,"","",0,0,0.0
kolkata-10298083,KOLKATA K6 - FEEDER WAREHOUSE,kolkata,kolkata,"10298083",32,5,0.8333333333333334,0.5714285714285714,6.0,44.4,"","",0,0,0.0
hyderabad-10216715,HYDERABAD H3 - FEEDER WAREHOUSE,hyderabad,hyderabad,"10216715",1485,1915,282.7142857142857,282.7142857142857,6.773623041940374,12.026275896917635,"6769710095686",Scheduled,288,288,7488.0
mumbai-10292367,MUMBAI M12 - FEEDER WAREHOUSE,mumbai,mumbai,"10292367",294,302,77.38905775075987,83.4470905562317,3.9023604728800914,7.701347158399121,"50033210040195",Scheduled,144,144,11095.2
farukhnagar-10252336,FARUKHNAGAR F2 - FEEDER WAREHOUSE,farukhnagar,farukhnagar,"10252336",19,15,2.728525493798806,0.6550868486352358,5.4974747474747465,12.460942760942759,"","",0,0,0.0
kolkata-10315546,KOLKATA K5 - FEEDER WAREHOUSE,kolkata,kolkata,"10315546",98,10,9.719331441185746,8.079398496240602,1.028877352368592,11.111875405580792,"27845210026298",Scheduled,48,48,1560.0
patna-10265737,PATNA P2 - FEEDER WAREHOUSE,patna,patna,"10265737",66,5,2.0045126466298506,2.5121650446607124,2.494371890547264,35.420080845771146,"50283910016171",Scheduled,36,36,6804.0
"",RAIPUR - FEEDER WAREHOUSE,raipur,raipur,"10249574",0,0,0.0,0.0,0.0,0.0,"52221610000014",Scheduled,12,12,24351.6
ahmedabad-10176797,CPC - AHMEDABAD2 (HP),ahmedabad,ahmedabad,"10176797",17,0,2.762850734654643,1.7091368761692876,0.0,6.153064943671307,"","",0,0,0.0
satara-10216709,CPC - SATARA POWAI NAKA(HP),satara,satara,"10216709",4,0,0.0,0.3743894766201166,0.0,0.0,"","",0,0,0.0
mumbai-10315586,MUMBAI M12 - FEEDER WAREHOUSE,mumbai,mumbai,"10315586",79,10,2.0000000000000004,1.5795918367346937,4.999999999999999,44.49999999999999,"","",0,0,0.0
coimbatore-10265791,COIMBATORE C1 - FEEDER WAREHOUSE,coimbatore,coimbatore,"10265791",1,0,0.0,0.0,0.0,0.0,"","",0,0,0.0
farukhnagar-10216726,FARUKHNAGAR F2 - FEEDER WAREHOUSE,farukhnagar,farukhnagar,"10216726",1557,823,208.43584521384923,231.36001798123212,3.948457133923512,11.418381505149403,"5383910068267",Scheduled,504,504,13104.0
gurgaon-10249577,CPC - GURGAON (HP),gurgaon,gurgaon,"10249577",2,0,0.0,0.9453471196454948,0.0,0.0,"","",0,0,0.0
rajpura-10216715,RAJPURA R2 - FEEDER WAREHOUSE,rajpura,rajpura,"10216715",671,115,270.7283536205885,249.1464258867132,0.42478003674918524,2.9032792076944314,"43886010069972",Scheduled,720,720,18720.0
ahmedabad-10315543,AHMEDABAD A2 - FEEDER WAREHOUSE,ahmedabad,ahmedabad,"10315543",117,0,11.409206323204197,20.369231138500687,0.0,10.254876341577225,"2738110067259",Scheduled,48,48,1560.0
visakhapatnam-10292367,VISAKHAPATNAM V1 - FEEDER WAREHOUSE,visakhapatnam,visakhapatnam,"10292367",199,51,13.245925730144045,19.33500328025288,3.8502405221809584,18.87372804990666,"2888510043351",Scheduled,144,144,11095.2
farukhnagar-10325396,FARUKHNAGAR F2 - FEEDER WAREHOUSE,farukhnagar,farukhnagar,"10325396",265,0,28.004535147392286,37.684796914695,0.0,9.462753036437249,"5383910069131",Scheduled,288,288,24120.0
jaipur-10292367,JAIPUR J3 - FEEDER WAREHOUSE,jaipur,jaipur,"10292367",448,126,62.419156865336326,69.15107055525735,2.018611053523738,9.195894799385917,"6478710071825",Scheduled,144,144,11095.2
solapur-10216715,CPC - SOLAPUR MURARJI PETH(HP),solapur,solapur,"10216715",3,16,6.86132684773396,5.588331047926276,2.3319104824869554,2.7691436979532593,"","",0,0,0.0
nellore-10249576,CPC - NELLORE RAMALINGA PURAM (HP),nellore,nellore,"10249576",1,0,0.0,0.162276985223276,0.0,0.0,"","",0,0,0.0
chennai-10216715,CHENNAI C5 - FEEDER WAREHOUSE,chennai,chennai,"10216715",679,552,66.82380720883394,80.21636177918099,8.260529039821408,18.4215783478626,"8525210065889",Scheduled,216,216,5616.0
pune-10216726,PUNE P3 - FEEDER WAREHOUSE,pune,pune,"10216726",286,27,89.37326645028033,96.13460903992083,0.30210376181137455,3.5021658313688975,"43886110067295",Scheduled,288,288,7488.0
surat-10265740,SURAT S2 - FEEDER WAREHOUSE,surat,surat,"10265740",121,258,10.44560162465246,17.925029430595423,24.699391118947066,36.28321408558503,"51076110004846",Scheduled,180,180,6804.0
farukhnagar-10176795,FARUKHNAGAR - SR FEEDER WAREHOUSE,farukhnagar,farukhnagar,"10176795",126,657,66.27377777777778,78.0494102868309,9.913423106842995,11.814627538292335,"1735210076132",Scheduled,360,360,13608.0
puducherry-10291036,CPC - PUDUCHERRY VENKATA NAGAR (HP),puducherry,puducherry,"10291036",1,0,0.0,0.0,0.0,0.0,"","",0,0,0.0
rajpura-10315543,RAJPURA R2 - FEEDER WAREHOUSE,rajpura,rajpura,"10315543",279,73,58.71353100172006,31.865501743184783,1.243324984114163,5.995210882303908,"43886010069972",Scheduled,48,48,1560.0
bhopal-10297369,BHOPAL B1 - FEEDER WAREHOUSE,bhopal,bhopal,"10297369",17,0,0.5423394551953654,0.14164305949008493,0.0,31.34568181818182,"","",0,0,0.0
mumbai-10297369,MUMBAI M12 - FEEDER WAREHOUSE,mumbai,mumbai,"10297369",83,2,8.857142857142858,8.857142857142858,0.22580645161290322,9.596774193548386,"50033210040195",Scheduled,40,40,41972.0
junagadh-10258333,CPC -  JUNAGADH SONVATIKA(HP),junagadh,junagadh,"10258333",2,0,0.13456312709030097,0.0,0.0,14.862912621359227,"","",0,0,0.0
farukhnagar-10315543,FARUKHNAGAR - SR FEEDER WAREHOUSE,farukhnagar,farukhnagar,"10315543",38,96,21.115235944735737,22.71338788870704,4.546480098600739,6.3461284709635315,"1735210075753",Scheduled,48,48,1560.0
hyderabad-10258761,HYDERABAD H3 - FEEDER WAREHOUSE,hyderabad,hyderabad,"10258761",216,24,11.0,11.0,2.1818181818181817,21.818181818181817,"6769710095686",Scheduled,36,36,6804.0
dasna-10315546,SUPER STORE DASNA 2 - WAREHOUSE,dasna,dasna,"10315546",119,15,22.846209773083842,21.43381290807188,0.656564049309929,5.865305507168698,"1724010051917",Scheduled,192,192,6240.0
ludhiana-10315341,LUDHIANA L2 - FEEDER WAREHOUSE,ludhiana,ludhiana,"10315341",325,244,40.24523640494108,30.270222846113352,6.06282933823301,14.138319235469602,"3226810044769",Scheduled,48,48,1560.0
bengaluru-10176797,BENGALURU B5 - FEEDER WAREHOUSE,bengaluru,bengaluru,"10176797",748,1812,236.04973156258833,265.59705418200946,7.676348488113193,10.845172256936962,"49990010081045",Scheduled,360,360,13608.0
pune-10252336,PUNE P3 - FEEDER WAREHOUSE,pune,pune,"10252336",16,1,6.571428571428571,6.571428571428571,0.15217391304347827,2.5869565217391304,"43886110066628",Scheduled,48,48,97406.4
kundli-10291036,KUNDLI - FEEDER WAREHOUSE,kundli,kundli,"10291036",16,0,0.24719166016922237,1.652885052248978,0.0,64.7271028037383,"2011710095298",Scheduled,24,24,18463.2
kolkata-10176793,KOLKATA K4 - FEEDER WAREHOUSE,kolkata,kolkata,"10176793",245,48,26.19016968987712,28.23826834104428,1.8327487209276347,11.187403650662437,"2135610070684",Scheduled,180,180,6804.0
jaipur-10324645,JAIPUR J3 - FEEDER WAREHOUSE,jaipur,jaipur,"10324645",10,0,5.695852534562211,4.078647050735596,0.0,1.7556634304207124,"6478710071599",Scheduled,288,288,24120.0
mumbai-10249577,MUMBAI M11 - FEEDER WAREHOUSE,mumbai,mumbai,"10249577",74,0,6.9183673469387745,5.745762711864407,0.0,10.696165191740414,"5625710057139",Scheduled,120,120,92316.0
hyderabad-10176797,HYDERABAD H3 - FEEDER WAREHOUSE,hyderabad,hyderabad,"10176797",1236,1294,259.2857142857143,259.2857142857143,4.990633608815427,9.757575757575758,"6769710094450",Scheduled,540,540,20412.0
noida-10249576,CPC-NOIDA2,noida,noida,"10249576",12,3,0.21528125223357872,0.3327441449403446,13.935258964143427,69.67629482071713,"","",0,0,0.0
dasna-10315543,DASNA D3 - FEEDER WAREHOUSE,dasna,dasna,"10315543",118,27,18.910898126329254,21.552415244330138,1.4277481597983153,7.667536413731693,"2576310067807",Scheduled,96,96,3120.0
bengaluru-10216722,BENGALURU B3 - FEEDER WAREHOUSE,bengaluru,bengaluru,"10216722",139,1,82.29864332988853,45.897670807453416,0.012150868587123213,1.70112160219725,"1736010087973",Scheduled,576,576,14976.0
ahmedabad-10176795,AHMEDABAD A2 - FEEDER WAREHOUSE,ahmedabad,ahmedabad,"10176795",407,155,125.1403408246551,166.7039440332556,1.2386093803051395,4.490957882138635,"2738110067651",Scheduled,180,180,6804.0
gurgaon-10249576,CPC-GGN4,gurgaon,gurgaon,"10249576",2,0,0.645843756700736,0.6654882898806892,0.0,3.0967242142540954,"","",0,0,0.0
"",RAIPUR - FEEDER WAREHOUSE,raipur,raipur,"10265740",0,0,0.0,0.0,0.0,0.0,"52221610000014",Scheduled,180,180,6804.0
kolkata-10216722,KOLKATA K5 - FEEDER WAREHOUSE,kolkata,kolkata,"10216722",0,0,0.0,0.09236453201970445,0.0,0.0,"27845210027233",Scheduled,72,72,1872.0
faridabad-10258333,FARIDABAD - FEEDER WAREHOUSE,faridabad,faridabad,"10258333",13,0,0.17979173446143837,0.14223194748358864,0.0,72.30588235294117,"","",0,0,0.0
rajpura-10315586,RAJPURA R2 - FEEDER WAREHOUSE,rajpura,rajpura,"10315586",148,12,4.063506597557187,5.111200428724544,2.953114437469821,39.37485916626429,"","",0,0,0.0
mumbai-10176795,MUMBAI M12 - FEEDER WAREHOUSE,mumbai,mumbai,"10176795",281,235,73.93692917456487,86.08381422775494,3.178384639767304,6.9789211664677815,"50033210038659",Scheduled,180,180,6804.0
pune-10216709,PUNE P3 - FEEDER WAREHOUSE,pune,pune,"10216709",93,0,10.370121130551818,8.451807228915662,0.0,8.96807268007787,"43886110067295",Scheduled,72,72,1872.0
dasna-10258333,SUPER STORE DASNA 2 - WAREHOUSE,dasna,dasna,"10258333",61,12,3.236251220305891,3.5354798374492034,3.707993966817495,22.55696329813976,"1724010050564",Scheduled,36,36,6804.0
dehradun-10315546,DEHRADUN - FEEDER WAREHOUSE,dehradun,dehradun,"10315546",137,13,14.229081409220639,20.78637374518107,0.9136218724264114,10.541790835689362,"2173110040365",Scheduled,48,48,1560.0
pune-10249578,PUNE P3 - FEEDER WAREHOUSE,pune,pune,"10249578",38,0,4.737662337662338,4.4926108374384235,0.0,8.020833333333332,"43886110067829",Scheduled,72,72,55389.6
gurgaon-10260300,SUPER STORE GURGAON G7 ECOM - WAREHOUSE,gurgaon,gurgaon,"10260300",10,0,0.192098354357431,0.4494718705521013,0.0,52.056666666666665,"","",0,0,0.0
bengaluru-10315341,BENGALURU B3 - FEEDER WAREHOUSE,bengaluru,bengaluru,"10315341",156,0,50.33642125792296,33.38287331917905,0.0,3.099147617202635,"1736010087559",Scheduled,240,240,7800.0
mumbai-10265791,MUMBAI M11 - FEEDER WAREHOUSE,mumbai,mumbai,"10265791",11,0,0.2857142857142857,0.25,0.0,38.5,"","",0,0,0.0
mumbai-10315341,MUMBAI M12 - FEEDER WAREHOUSE,mumbai,mumbai,"10315341",11,0,13.339432753888381,13.057169634489222,0.0,0.8246227709190672,"50033210034102",Scheduled,96,96,3120.0
bhuj-10176797,CPC -  BHUJ CITY MALL (HP),bhuj,bhuj,"10176797",6,10,1.1051402938618575,0.9766496435253073,9.048624917163684,14.477799867461895,"","",0,0,0.0
gurgaon-10315586,CPC - GURGAON (HP),gurgaon,gurgaon,"10315586",17,0,0.0,0.0,0.0,0.0,"","",0,0,0.0
farukhnagar-10216709,FARUKHNAGAR - SR FEEDER WAREHOUSE,farukhnagar,farukhnagar,"10216709",62,33,15.209723194400251,14.864222044762911,2.1696647321069973,6.246004531823173,"1735210076934",Scheduled,144,144,3744.0
kolkata-10249578,KOLKATA K6 - FEEDER WAREHOUSE,kolkata,kolkata,"10249578",33,1,0.45592705167173253,1.1904761904761905,2.1933333333333334,74.57333333333334,"","",0,0,0.0
delhi-10216722,CPC - DELHI4 (HP),delhi,delhi,"10216722",412,30,10.75809080986065,26.0598030438675,2.78859888155086,41.085356854849344,"","",0,0,0.0
mumbai-10315543,MUMBAI M11 - FEEDER WAREHOUSE,mumbai,mumbai,"10315543",243,88,29.621983914209114,24.829952524816573,2.9707665852113316,11.174133405738077,"5625710056845",Scheduled,48,48,1560.0
mumbai-10176795,MUMBAI M10 - FEEDER WAREHOUSE,mumbai,mumbai,"10176795",697,395,93.34757883853177,100.94720661240326,4.231497002008507,11.698214496691874,"2273910097234",Scheduled,180,180,6804.0
delhi-10216715,CPC - DELHI4 (HP),delhi,delhi,"10216715",1074,507,74.99904941638461,40.62385178668461,6.760085680355819,21.080267180754536,"","",0,0,0.0
solapur-10176794,CPC - SOLAPUR MURARJI PETH(HP),solapur,solapur,"10176794",2,0,0.0,0.2744819396723737,0.0,0.0,"","",0,0,0.0
gandhidham-10325396,CPC - GANDHIDHAM GAYATRI KUNJ (HP),gandhidham,gandhidham,"10325396",0,0,0.0,0.20831681912583025,0.0,0.0,"","",0,0,0.0
kolkata-10315543,KOLKATA K4 - FEEDER WAREHOUSE,kolkata,kolkata,"10315543",179,32,13.431305536568697,9.966313398940196,2.3824936386768445,15.709567430025443,"2135610069660",Scheduled,96,96,3120.0
nellore-10315543,CPC - NELLORE RAMALINGA PURAM (HP),nellore,nellore,"10315543",3,1,0.6318945040543862,0.21603729995379517,1.5825426453051277,6.330170581220511,"","",0,0,0.0
surat-10315543,SURAT S1 - FEEDER WAREHOUSE,surat,surat,"10315543",223,165,25.802358915554105,22.68391649514849,6.394764158579902,15.03738480926668,"2873410039504",Scheduled,48,48,1560.0
vijayawada-10249574,VIJAYAWADA - FEEDER WAREHOUSE,vijayawada,vijayawada,"10249574",6,0,0.25145936237090255,1.5275813295615275,0.0,23.860714285714288,"51388610011914",Scheduled,12,12,24351.6
gurgaon-10252336,CPC-GGN4,gurgaon,gurgaon,"10252336",4,0,0.45475424896646766,0.13101736972704717,0.0,8.795959595959594,"","",0,0,0.0
ahmedabad-10315341,AHMEDABAD A2 - FEEDER WAREHOUSE,ahmedabad,ahmedabad,"10315341",41,22,31.653556722987368,30.839406523561635,0.6950245810456812,1.9902976639035415,"2738110068900",Scheduled,96,96,3120.0
farukhnagar-10216715,FARUKHNAGAR - SR FEEDER WAREHOUSE,farukhnagar,farukhnagar,"10216715",188,1071,407.6930033823591,400.2711724066552,2.626976649377403,3.088107937970262,"1735210076132",Scheduled,432,432,11232.0
kolkata-10315341,KOLKATA K4 - FEEDER WAREHOUSE,kolkata,kolkata,"10315341",202,48,21.467053241960993,18.659451659451662,2.2359845787392874,11.64575301426712,"2135610070403",Scheduled,48,48,1560.0
guwahati-10315546,GUWAHATI G1 - FEEDER WAREHOUSE,guwahati,guwahati,"10315546",65,14,13.610425695776264,8.09438229952534,1.028623226997568,5.8043739237719905,"7165810032923",Scheduled,96,96,3120.0
mumbai-10324645,MUMBAI M12 - FEEDER WAREHOUSE,mumbai,mumbai,"10324645",11,0,17.09090909090909,6.714285714285715,0.0,0.6436170212765958,"50033210038659",Scheduled,144,144,12060.0
nagpur-10216726,NAGPUR N1 - FEEDER WAREHOUSE,nagpur,nagpur,"10216726",511,383,66.51510859981632,91.5205132832671,5.758090275463486,13.440555368836439,"2549710050594",Scheduled,72,72,1872.0
gurgaon-10315547,CPC-GGN4,gurgaon,gurgaon,"10315547",38,0,5.070341304661271,2.7040389848293525,0.0,7.494564510887226,"","",0,0,0.0
puducherry-10176794,CPC - PUDUCHERRY VENKATA NAGAR (HP),puducherry,puducherry,"10176794",0,0,0.13432949575099606,0.2744819396723737,0.0,0.0,"","",0,0,0.0
lucknow-10292367,SUPER STORE LUCKNOW L4 - WAREHOUSE,lucknow,lucknow,"10292367",156,33,17.69147614642527,16.681179300610328,1.8653050614246207,10.68311080634101,"1735810061603",Scheduled,144,144,11095.2
gurgaon-10249577,CPC - GURGAON1 (HP),gurgaon,gurgaon,"10249577",2,0,0.2163331530557058,0.15755785327424915,0.0,9.245,"","",0,0,0.0
kolkata-10216726,KOLKATA K6 - FEEDER WAREHOUSE,kolkata,kolkata,"10216726",223,77,37.80896522832007,31.852852375655488,2.0365540166204985,7.934626038781163,"48287510055363",Scheduled,72,72,1872.0
rajpura-10252336,RAJPURA R2 - FEEDER WAREHOUSE,rajpura,rajpura,"10252336",36,0,9.507440788094739,12.255520504731866,0.0,3.786507936507937,"43886010069920",Scheduled,12,12,24351.6
mumbai-10176797,MUMBAI M12 - FEEDER WAREHOUSE,mumbai,mumbai,"10176797",511,638,146.2582909894884,153.24800835836487,4.362145870047485,7.855964897624702,"50033210039849",Scheduled,180,180,6804.0
kolkata-10176797,KOLKATA K4 - FEEDER WAREHOUSE,kolkata,kolkata,"10176797",504,208,95.31585845347315,91.42857142857143,2.182218188818304,7.469900723262655,"2135610069660",Scheduled,180,180,6804.0
pune-10176797,PUNE P3 - FEEDER WAREHOUSE,pune,pune,"10176797",404,138,148.5691489361702,142.71746293245468,0.9288604060005013,3.6481328989295054,"43886110066628",Scheduled,180,180,6804.0
rajpura-10315547,RAJPURA R2 - FEEDER WAREHOUSE,rajpura,rajpura,"10315547",423,188,63.09567251677435,44.02144482094848,2.979602126437738,9.683706910922648,"43886010066389",Scheduled,144,144,4680.0
mumbai-10315543,MUMBAI M10 - FEEDER WAREHOUSE,mumbai,mumbai,"10315543",54,128,20.915358100344697,21.924902891670264,6.119904779344441,8.701739608130378,"2273910097633",Scheduled,144,144,4680.0
rajpura-10176795,RAJPURA R2 - FEEDER WAREHOUSE,rajpura,rajpura,"10176795",651,210,216.63806456406684,161.50883098448745,0.9693587339906107,3.9743708093615036,"43886010069972",Scheduled,540,540,20412.0
farukhnagar-10315546,FARUKHNAGAR F2 - FEEDER WAREHOUSE,farukhnagar,farukhnagar,"10315546",262,22,87.35315501473234,76.73051366499105,0.2518512353250394,3.2511704923777813,"5383910068788",Scheduled,96,96,3120.0
surat-10315586,SURAT S1 - FEEDER WAREHOUSE,surat,surat,"10315586",85,0,2.1386876829248354,1.898445873526259,0.0,39.74399847094801,"2873410039254",Scheduled,36,36,6804.0
dasna-10216715,DASNA D3 - FEEDER WAREHOUSE,dasna,dasna,"10216715",275,1813,87.07206712731482,111.26804150386836,20.82183253268895,23.980135867763117,"2576310067109",Scheduled,432,432,11232.0
mumbai-10315547,MUMBAI M12 - FEEDER WAREHOUSE,mumbai,mumbai,"10315547",44,0,30.41970078114656,31.914903731875444,0.0,1.446431058495822,"50033210036493",Scheduled,96,96,3120.0
ahmedabad-10176794,CPC - AHMEDABAD2 (HP),ahmedabad,ahmedabad,"10176794",4,0,0.15671774504282876,0.38427471554132325,0.0,25.52359338061466,"","",0,0,0.0
patna-10315586,PATNA P2 - FEEDER WAREHOUSE,patna,patna,"10315586",51,20,0.3208031524387253,1.126550298576022,62.34352701325178,221.31952089704382,"","",0,0,0.0
farukhnagar-10216722,FARUKHNAGAR F2 - FEEDER WAREHOUSE,farukhnagar,farukhnagar,"10216722",788,615,146.19213812851734,95.33101419618878,4.2067925667750625,9.59695930274051,"5383910068788",Scheduled,72,72,1872.0
gurgaon-10258333,CPC - GURGAON (HP),gurgaon,gurgaon,"10258333",15,0,0.0,0.8533916849015318,0.0,0.0,"","",0,0,0.0
dehradun-10315546,CPC-DHD1-FRZ (HP),dehradun,dehradun,"10315546",15,2,0.4639917850832817,1.456988813914561,4.3104211417040945,36.638579704484805,"","",0,0,0.0
surat-10325396,SURAT S2 - FEEDER WAREHOUSE,surat,surat,"10325396",24,19,42.447001817080555,18.331880083073067,0.44761700913242014,1.0130279680365297,"","",0,0,0.0
farukhnagar-10216709,FARUKHNAGAR - SR FEEDER WAREHOUSE,farukhnagar,farukhnagar,"10216709",62,33,15.209723194400251,14.864222044762911,2.1696647321069973,6.246004531823173,"1735210076510",Scheduled,72,72,1872.0
jamnagar-10258761,CPC - JAMNAGAR KHODIYAR COLONY (HP),jamnagar,jamnagar,"10258761",3,0,0.0,0.0,0.0,0.0,"","",0,0,0.0
kundli-10176794,KUNDLI - FEEDER WAREHOUSE,kundli,kundli,"10176794",63,3,15.73185344208891,16.9899009706834,0.19069590312695242,4.195309868792953,"2011710095829",Scheduled,180,180,6804.0
bhubaneswar-10176795,BHUBANESWAR B1 - FEEDER WAREHOUSE,bhubaneswar,bhubaneswar,"10176795",305,222,46.691874621337696,51.03047754232991,4.754574576419948,11.286760368348254,"5407610027371",Scheduled,180,180,6804.0
vijayawada-10216726,VIJAYAWADA - FEEDER WAREHOUSE,vijayawada,vijayawada,"10216726",75,121,28.154543322673575,38.95805633003937,4.29770778425504,6.961576245570148,"51388610012598",Scheduled,72,72,1872.0
faridabad-10324645,FARIDABAD - FEEDER WAREHOUSE,faridabad,faridabad,"10324645",1,0,0.0,0.1382142857142857,0.0,0.0,"","",0,0,0.0
bengaluru-10265740,BENGALURU B5 - FEEDER WAREHOUSE,bengaluru,bengaluru,"10265740",346,461,60.336902585531476,63.79878741947708,7.640431978530926,13.374899363718995,"49990010081045",Scheduled,180,180,6804.0
pune-10315543,PUNE P2 - FEEDER WAREHOUSE,pune,pune,"10315543",155,63,9.747287052177793,10.873826903023984,6.463336891871282,22.36519749885618,"1723710058529",Scheduled,48,48,1560.0
farukhnagar-10315543,FARUKHNAGAR - SR FEEDER WAREHOUSE,farukhnagar,farukhnagar,"10315543",38,96,21.115235944735737,22.71338788870704,4.546480098600739,6.3461284709635315,"1735210076934",Scheduled,96,96,3120.0
nagpur-10176794,NAGPUR N1 - FEEDER WAREHOUSE,nagpur,nagpur,"10176794",198,93,21.313613325824715,17.932820058595087,4.3634084272006675,13.653245723821442,"2549710051216",Scheduled,180,180,6804.0
patna-10260300,PATNA P1 - FEEDER WAREHOUSE,patna,patna,"10260300",51,0,1.1414624579142922,3.5718405582563575,0.0,44.679524627720504,"3292010040740",Scheduled,36,36,6804.0
farukhnagar-10260300,FARUKHNAGAR F2 - FEEDER WAREHOUSE,farukhnagar,farukhnagar,"10260300",219,22,17.032720753025547,15.600419507079183,1.2916315789473685,14.149236842105266,"5383910069593",Scheduled,108,108,20412.0
pune-10265740,PUNE P3 - FEEDER WAREHOUSE,pune,pune,"10265740",125,11,15.60892469786179,17.830755232029116,0.7047250347429026,8.71296406591225,"43886110068251",Scheduled,180,180,6804.0
farukhnagar-10249577,FARUKHNAGAR F2 - FEEDER WAREHOUSE,farukhnagar,farukhnagar,"10249577",211,16,20.248783126014064,16.070901033973414,0.79017094017094,11.210550213675212,"5383910069571",Scheduled,66,66,50773.8
jaipur-10252336,JAIPUR J3 - FEEDER WAREHOUSE,jaipur,jaipur,"10252336",68,0,13.204778872353804,9.274447949526817,0.0,5.149650793650793,"6478710071825",Scheduled,12,12,24351.6
lucknow-10216715,LUCKNOW L5 - FEEDER WAREHOUSE,lucknow,lucknow,"10216715",868,874,203.87942633266624,251.08681861168756,4.286847455485335,8.54426575223736,"2940310044047",Scheduled,216,216,5616.0
bengaluru-10216726,BENGALURU B3 - FEEDER WAREHOUSE,bengaluru,bengaluru,"10216726",350,30,185.45679862306366,127.2885379627693,0.16176274055595155,2.0489947137087197,"1736010087973",Scheduled,144,144,3744.0
bhopal-10260300,BHOPAL B1 - FEEDER WAREHOUSE,bhopal,bhopal,"10260300",90,0,4.109264848491452,3.5718405582563575,0.0,21.901727758686523,"27828910033803",Scheduled,36,36,6804.0
gurgaon-10292367,CPC - GURGAON1 (HP),gurgaon,gurgaon,"10292367",3,2,0.4474440885852871,2.417186998924752,4.469832211491561,11.174580528728903,"","",0,0,0.0
gurgaon-10315586,CPC-GGN4,gurgaon,gurgaon,"10315586",18,0,0.0,0.14513920584208123,0.0,0.0,"","",0,0,0.0
farukhnagar-10265740,FARUKHNAGAR F2 - FEEDER WAREHOUSE,farukhnagar,farukhnagar,"10265740",548,247,74.88901472253679,61.25156132900324,3.298214042675459,10.615709165696314,"5383910067895",Scheduled,180,180,6804.0
pune-10216715,PUNE P2 - FEEDER WAREHOUSE,pune,pune,"10216715",853,834,129.0636887499529,107.15001021867974,6.461925953594786,13.07106604761919,"1723710058323",Scheduled,72,72,1872.0
dasna-10216726,SUPER STORE DASNA 2 - WAREHOUSE,dasna,dasna,"10216726",340,260,37.97963340122198,72.01932982449568,6.845774345774348,15.797940797940804,"1724010050564",Scheduled,144,144,3744.0
kolkata-10216715,KOLKATA K4 - FEEDER WAREHOUSE,kolkata,kolkata,"10216715",538,28,98.08017492711372,98.99515165182096,0.2854807306451852,5.7707890551848156,"2135610069660",Scheduled,288,288,7488.0
noida-10315543,CPC-NOIDA2-FRZ(HP),noida,noida,"10315543",14,1,0.0,0.7144447042319383,0.0,0.0,"","",0,0,0.0
dasna-10216715,SUPER STORE DASNA 2 - WAREHOUSE,dasna,dasna,"10216715",615,468,201.94865989192348,195.54532046471914,2.317420676376158,5.362749129306366,"1724010051605",Scheduled,288,288,7488.0
rajpura-10315547,RAJPURA R2 - FEEDER WAREHOUSE,rajpura,rajpura,"10315547",423,188,63.09567251677435,44.02144482094848,2.979602126437738,9.683706910922648,"43886010069972",Scheduled,96,96,3120.0
mumbai-10292367,MUMBAI M11 - FEEDER WAREHOUSE,mumbai,mumbai,"10292367",585,240,77.38905775075987,78.40992072629189,3.1012136208318606,10.660421821609521,"5625710057139",Scheduled,288,288,22190.4
surat-10265737,CPC - SURAT1 (HP),surat,surat,"10265737",2,0,0.0,0.0,0.0,0.0,"","",0,0,0.0
mangalore-10176794,CPC - MANGALORE ATTAVAR(HP),mangalore,mangalore,"10176794",24,0,2.3019182652210173,0.15436241610738255,0.0,10.42608695652174,"","",0,0,0.0
pune-10315547,PUNE P2 - FEEDER WAREHOUSE,pune,pune,"10315547",171,236,14.364869958537504,13.537142857142857,16.428968774599845,28.333009708737865,"1723710058323",Scheduled,48,48,1560.0
mumbai-10315341,MUMBAI M11 - FEEDER WAREHOUSE,mumbai,mumbai,"10315341",14,0,4.3229643183897535,9.868791002811623,0.0,3.2385185185185184,"5625710056845",Scheduled,144,144,4680.0
chennai-10176793,CPC-CHN3,chennai,chennai,"10176793",22,11,0.4380580357142857,0.7826520438683947,25.11082802547771,75.33248407643312,"","",0,0,0.0
mumbai-10216715,MUMBAI M11 - FEEDER WAREHOUSE,mumbai,mumbai,"10216715",996,868,199.83673469387753,158.28189967575813,4.343545751633988,9.327614379084968,"5625710056845",Scheduled,288,288,7488.0
bhubaneswar-10315341,BHUBANESWAR B1 - FEEDER WAREHOUSE,bhubaneswar,bhubaneswar,"10315341",77,21,14.470197359079942,15.316215320426585,1.4512587132629988,6.772540661893995,"5407610027371",Scheduled,48,48,1560.0
solapur-10249578,CPC - SOLAPUR KONARK NAGAR(HP),solapur,solapur,"10249578",2,0,0.1629940261898168,0.0,0.0,12.270388349514567,"","",0,0,0.0
mumbai-10216709,MUMBAI M11 - FEEDER WAREHOUSE,mumbai,mumbai,"10216709",277,159,35.97220760080008,23.994867408041067,4.420079016681299,12.120468247000293,"5625710053542",Scheduled,72,72,1872.0
ahmedabad-10216715,AHMEDABAD A2 - FEEDER WAREHOUSE,ahmedabad,ahmedabad,"10216715",1348,1092,880.7003103841377,721.8260936904774,1.239922351706336,2.770522470845659,"2738110067259",Scheduled,216,216,5616.0
guwahati-10216726,GUWAHATI G2 - FEEDER WAREHOUSE,guwahati,guwahati,"10216726",196,76,28.154543322673575,37.10291079051368,2.699386707465976,9.660962953036124,"51894410003847",Scheduled,144,144,3744.0
"",PATNA P2 - FEEDER WAREHOUSE,patna,patna,"10291038",0,0,0.0,0.0,0.0,0.0,"50283910015103",Scheduled,50,50,4830.0
visakhapatnam-10199527,VISAKHAPATNAM V1 - FEEDER WAREHOUSE,visakhapatnam,visakhapatnam,"10199527",168,26,12.963817527939263,11.133896502598471,2.005582070556417,14.964727757228651,"2888510043576",Scheduled,180,180,6804.0
delhi-10216709,CPC-DEL5,delhi,delhi,"10216709",20,9,0.0,1.4572766710551874,0.0,0.0,"","",0,0,0.0
faridabad-10260300,FARIDABAD - FEEDER WAREHOUSE,faridabad,faridabad,"10260300",16,1,0.1344688480502017,0.0,7.4366666666666665,126.42333333333333,"","",0,0,0.0
junagadh-10216722,CPC -  JUNAGADH SONVATIKA(HP),junagadh,junagadh,"10216722",9,0,0.0,0.6610953841981251,0.0,0.0,"","",0,0,0.0
kolkata-10249577,KOLKATA K6 - FEEDER WAREHOUSE,kolkata,kolkata,"10249577",58,44,2.4778761061946906,2.5,17.757142857142856,41.16428571428571,"","",0,0,0.0
coimbatore-10291038,CPC - COIMBATORE1 (HP),coimbatore,coimbatore,"10291038",2,0,0.23002421307506055,0.0,0.0,8.694736842105263,"","",0,0,0.0
bhopal-10216726,BHOPAL B1 - FEEDER WAREHOUSE,bhopal,bhopal,"10216726",339,20,49.05049344497037,44.31736566644691,0.40774309482610915,7.318988552128659,"27828910034742",Scheduled,72,72,1872.0
pune-10292367,PUNE P2 - FEEDER WAREHOUSE,pune,pune,"10292367",354,127,45.19832011199254,53.04462348930895,2.809838942804047,10.641988436919265,"1723710058323",Scheduled,144,144,11095.2
pune-10216709,PUNE P2 - FEEDER WAREHOUSE,pune,pune,"10216709",133,59,12.629878869448182,14.548192771084336,4.671462063086104,15.202046035805628,"1723710058323",Scheduled,144,144,3744.0
satara-10258187,CPC - SATARA POWAI NAKA(HP),satara,satara,"10258187",2,0,0.0,0.0,0.0,0.0,"","",0,0,0.0
noida-10315546,CPC-NOIDA2,noida,noida,"10315546",15,11,2.4190104465618183,4.946264517247357,4.547313971146545,10.748196659073653,"","",0,0,0.0
kolkata-10216715,KOLKATA K4 - FEEDER WAREHOUSE,kolkata,kolkata,"10216715",538,28,98.08017492711372,98.99515165182096,0.2854807306451852,5.7707890551848156,"2135610071101",Scheduled,72,72,1872.0
solapur-10315547,CPC - SOLAPUR KONARK NAGAR(HP),solapur,solapur,"10315547",2,1,0.0,0.27826450582141893,0.0,0.0,"","",0,0,0.0
delhi-10252336,CPC - DELHI4 (HP),delhi,delhi,"10252336",8,2,0.45475424896646766,0.7861042183622828,4.397979797979797,21.98989898989899,"","",0,0,0.0
bhuj-10216722,CPC -  BHUJ CITY MALL (HP),bhuj,bhuj,"10216722",20,0,0.0,0.9916430762971877,0.0,0.0,"","",0,0,0.0
rajpura-10292367,RAJPURA R2 - FEEDER WAREHOUSE,rajpura,rajpura,"10292367",358,34,74.57637637108498,76.4301306137055,0.45590844788193013,5.256356222638724,"43886010069381",Scheduled,144,144,11095.2
ludhiana-10249577,LUDHIANA L2 - FEEDER WAREHOUSE,ludhiana,ludhiana,"10249577",92,33,4.180976556667164,5.112122375130215,7.892892857142858,29.89732142857143,"3226810044769",Scheduled,6,6,4615.8
varanasi-10216715,VARANASI V2 - FEEDER WAREHOUSE,varanasi,varanasi,"10216715",738,105,108.80104001406708,128.8975167304424,0.9650643044076083,7.748087701101083,"51116810014857",Scheduled,144,144,4680.0
bhopal-10315543,BHOPAL B1 - FEEDER WAREHOUSE,bhopal,bhopal,"10315543",196,81,10.531575067573105,9.073566598059397,7.691157256182919,26.301858764971218,"27828910033803",Scheduled,48,48,1560.0
goa-10258761,GOA G2 - FEEDER WAREHOUSE,goa,goa,"10258761",96,14,2.1441124780316345,3.274252166620073,6.529508196721311,51.303278688524586,"","",0,0,0.0
ahmedabad-10324645,AHMEDABAD A2 - FEEDER WAREHOUSE,ahmedabad,ahmedabad,"10324645",5,0,0.0,3.398872542279664,0.0,0.0,"2738110068008",Scheduled,144,144,12060.0
mumbai-10176794,MUMBAI M11 - FEEDER WAREHOUSE,mumbai,mumbai,"10176794",108,0,9.789956878564473,21.449142857142853,0.0,11.031713554987213,"5625710053542",Scheduled,180,180,6804.0
farukhnagar-10315546,FARUKHNAGAR - SR FEEDER WAREHOUSE,farukhnagar,farukhnagar,"10315546",23,0,39.107335552749404,37.79453400358236,0.0,0.588124955968344,"1735210076510",Scheduled,432,432,14040.0
ludhiana-10176797,LUDHIANA L2 - FEEDER WAREHOUSE,ludhiana,ludhiana,"10176797",776,412,156.487865610839,109.14059766395309,2.6327919956719197,7.591642938976312,"3226810044769",Scheduled,180,180,6804.0
kundli-10176797,KUNDLI - FEEDER WAREHOUSE,kundli,kundli,"10176797",211,338,125.4989730150861,121.9936021290229,2.6932491308862696,4.374537789516455,"2011710093411",Scheduled,180,180,6804.0
pune-10216722,PUNE P3 - FEEDER WAREHOUSE,pune,pune,"10216722",146,7,28.068131868131868,38.92902721708556,0.24939315636990056,5.451021846370684,"43886110063916",Scheduled,72,72,1872.0
noida-10252336,CPC-NOIDA2-FRZ(HP),noida,noida,"10252336",2,0,0.0,0.28075150655795816,0.0,0.0,"","",0,0,0.0
kundli-10176795,KUNDLI - FEEDER WAREHOUSE,kundli,kundli,"10176795",253,356,140.00694179894182,122.69130783725315,2.542731063372821,4.349784319084405,"2011710093998",Scheduled,180,180,6804.0
hyderabad-10249574,HYDERABAD H3 - FEEDER WAREHOUSE,hyderabad,hyderabad,"10249574",2,0,7.142857142857143,7.142857142857143,0.0,0.27999999999999997,"6769710095165",Scheduled,24,24,48703.2
junagadh-10258761,CPC -  JUNAGADH SONVATIKA(HP),junagadh,junagadh,"10258761",2,0,0.0,0.0,0.0,0.0,"","",0,0,0.0
mangalore-10176793,CPC - MANGALORE ATTAVAR(HP),mangalore,mangalore,"10176793",7,0,1.9984902811851293,0.8697580446459371,0.0,3.502644003777148,"","",0,0,0.0
mumbai-10315341,MUMBAI M10 - FEEDER WAREHOUSE,mumbai,mumbai,"10315341",7,0,9.337602927721866,4.074039362699157,0.0,0.7496570644718793,"2273910097633",Scheduled,96,96,3120.0
mumbai-10252336,MUMBAI M12 - FEEDER WAREHOUSE,mumbai,mumbai,"10252336",57,12,15.043583535108958,15.571428571428571,0.797682279092226,4.586673104780299,"50033210040195",Scheduled,36,36,73054.8
varanasi-10216722,VARANASI V2 - FEEDER WAREHOUSE,varanasi,varanasi,"10216722",183,0,22.251564945226917,32.724221517807194,0.0,8.224140659340659,"51116810014857",Scheduled,72,72,2340.0
surat-10292367,CPC - SURAT1 (HP),surat,surat,"10292367",5,0,0.36290207479846703,1.5164708455100298,0.0,13.777821476431859,"","",0,0,0.0
solapur-10291036,CPC - SOLAPUR MURARJI PETH(HP),solapur,solapur,"10291036",1,0,0.0,0.0,0.0,0.0,"","",0,0,0.0
noida-10315546,NOIDA N1 - FEEDER WAREHOUSE,noida,noida,"10315546",74,31,18.948915164734245,21.306985612757842,1.6359775602190665,5.541214316871032,"2867410093168",Scheduled,48,48,1560.0
bengaluru-10249574,BENGALURU B3 - FEEDER WAREHOUSE,bengaluru,bengaluru,"10249574",0,1,0.9945750452079565,0.5612244897959183,1.0054545454545456,1.0054545454545456,"1736010088491",Scheduled,12,12,24351.6
dasna-10216715,DASNA D3 - FEEDER WAREHOUSE,dasna,dasna,"10216715",275,1813,87.07206712731482,111.26804150386836,20.82183253268895,23.980135867763117,"2576310067807",Scheduled,792,792,20592.0
lucknow-10297369,LUCKNOW L5 - FEEDER WAREHOUSE,lucknow,lucknow,"10297369",73,1,1.4914335017872549,1.6997167138810194,0.6704958677685952,49.61669421487604,"","",0,0,0.0
dasna-10298083,SUPER STORE DASNA 2 - WAREHOUSE,dasna,dasna,"10298083",30,0,0.33928571428571425,1.5877437325905288,0.0,88.42105263157896,"","",0,0,0.0
jaipur-10325396,JAIPUR J3 - FEEDER WAREHOUSE,jaipur,jaipur,"10325396",7,0,0.0,7.082771850278229,0.0,0.0,"6478710071599",Scheduled,144,144,12060.0
kolkata-10315543,KOLKATA K5 - FEEDER WAREHOUSE,kolkata,kolkata,"10315543",50,5,1.3431305536568698,2.550016221477236,3.7226463104325687,40.949109414758254,"27845210026389",Scheduled,48,48,1560.0
ranchi-10216715,RANCHI R2 - FEEDER WAREHOUSE,ranchi,ranchi,"10216715",361,228,71.88056697626052,92.20746229078357,3.1719282358373704,8.194147942579875,"51024410014953",Scheduled,144,144,3744.0
surat-10252336,SURAT S2 - FEEDER WAREHOUSE,surat,surat,"10252336",13,0,0.0,0.8517350157728708,0.0,0.0,"51076110004079",Scheduled,24,24,48703.2
farukhnagar-10260300,FARUKHNAGAR - SR FEEDER WAREHOUSE,farukhnagar,farukhnagar,"10260300",21,6,9.412819363514119,10.854745673833248,0.6374285714285715,2.8684285714285713,"1735210076934",Scheduled,36,36,6804.0
rajpura-10315547,RAJPURA R2 - FEEDER WAREHOUSE,rajpura,rajpura,"10315547",423,188,63.09567251677435,44.02144482094848,2.979602126437738,9.683706910922648,"43886010069381",Scheduled,48,48,1560.0
farukhnagar-10324645,FARUKHNAGAR F2 - FEEDER WAREHOUSE,farukhnagar,farukhnagar,"10324645",174,0,52.331515812431846,37.59428571428572,0.0,3.3249562390597647,"5383910069593",Scheduled,288,288,24120.0
chennai-10176797,CHENNAI C5 - FEEDER WAREHOUSE,chennai,chennai,"10176797",492,483,46.04711043295823,50.04434589800442,10.489257533395465,21.173967070518795,"8525210065574",Scheduled,180,180,6804.0
surat-10258333,SURAT S2 - FEEDER WAREHOUSE,surat,surat,"10258333",35,17,3.094951923076923,3.123005234265288,5.492815533980583,16.801553398058253,"","",0,0,0.0
mumbai-10298083,MUMBAI M10 - FEEDER WAREHOUSE,mumbai,mumbai,"10298083",10,5,0.4799999999999999,0.22784810126582275,10.416666666666668,31.250000000000004,"","",0,0,0.0
ahmedabad-10249577,CPC - AHMEDABAD2 (HP),ahmedabad,ahmedabad,"10249577",3,0,0.07167388382857995,0.11842754536981191,0.0,41.85625000000001,"","",0,0,0.0
chennai-10297369,CHENNAI C5 - FEEDER WAREHOUSE,chennai,chennai,"10297369",84,17,4.472049689440993,4.571428571428571,3.8013888888888894,22.584722222222226,"8525210065574",Scheduled,20,20,20986.0
solapur-10315547,CPC - SOLAPUR KARNIK NAGAR (HP),solapur,solapur,"10315547",2,0,0.28192883162097565,0.3246419234583221,0.0,7.093988892518785,"","",0,0,0.0
farukhnagar-10315341,FARUKHNAGAR - SR FEEDER WAREHOUSE,farukhnagar,farukhnagar,"10315341",34,174,48.812778641450286,57.88655274651703,3.5646403430155202,4.261179260616254,"1735210076934",Scheduled,192,192,6240.0
faridabad-10265740,FARIDABAD - FEEDER WAREHOUSE,faridabad,faridabad,"10265740",26,2,0.7212425173920076,1.4583705078334106,2.7729923732615527,38.82189322566174,"","",0,0,0.0
guwahati-10315543,GUWAHATI G2 - FEEDER WAREHOUSE,guwahati,guwahati,"10315543",58,44,6.01804289575606,5.040870332255221,7.311347021309689,16.949031731217914,"","",0,0,0.0
mumbai-10291036,MUMBAI M12 - FEEDER WAREHOUSE,mumbai,mumbai,"10291036",65,0,2.4859228362878,6.081632653061224,0.0,26.14723154362416,"50033210036493",Scheduled,24,24,18463.2
pune-10176797,PUNE P2 - FEEDER WAREHOUSE,pune,pune,"10176797",549,462,37.430851063829785,43.2825370675453,12.342759698735257,27.009805314764815,"1723710057816",Scheduled,180,180,6804.0
kundli-10265740,KUNDLI - FEEDER WAREHOUSE,kundli,kundli,"10265740",121,94,38.94709593916841,36.75093679740195,2.4135303989498698,5.520308891215128,"2011710093998",Scheduled,180,180,6804.0
coimbatore-10315341,COIMBATORE C1 - FEEDER WAREHOUSE,coimbatore,coimbatore,"10315341",144,11,11.612665684830633,7.335443872839995,0.9472415979708307,13.347495244134432,"2883810040701",Scheduled,48,48,1560.0
surat-10216709,SURAT S1 - FEEDER WAREHOUSE,surat,surat,"10216709",179,78,11.295993588893072,9.593730338390488,6.905103069170868,22.751429343293758,"","",0,0,0.0
vijayawada-10216715,VIJAYAWADA - FEEDER WAREHOUSE,vijayawada,vijayawada,"10216715",207,173,41.36399899633902,52.62345070130578,4.182380915716385,9.186732647238301,"51388610013167",Scheduled,72,72,1872.0
ranchi-10249574,RANCHI R1 - FEEDER WAREHOUSE,ranchi,ranchi,"10249574",1,0,1.5087561742254154,1.188118811881188,0.0,0.662797619047619,"","",0,0,0.0
kolkata-10315341,KOLKATA K4 - FEEDER WAREHOUSE,kolkata,kolkata,"10315341",202,48,21.467053241960993,18.659451659451662,2.2359845787392874,11.64575301426712,"2135610069660",Scheduled,96,96,3120.0
patna-10249574,PATNA P2 - FEEDER WAREHOUSE,patna,patna,"10249574",22,19,6.035024696901662,0.9504950495049503,3.1482886904761904,6.793675595238095,"","",0,0,0.0
mumbai-10176797,MUMBAI M11 - FEEDER WAREHOUSE,mumbai,mumbai,"10176797",841,466,89.6421783483961,121.47707979626483,5.198445738220258,14.580190085523341,"5625710056845",Scheduled,180,180,6804.0
mumbai-10216722,MUMBAI M10 - FEEDER WAREHOUSE,mumbai,mumbai,"10216722",271,99,34.23334775086505,46.3178820791311,2.891916990429262,10.808174610695222,"2273910097633",Scheduled,144,144,3744.0
ahmedabad-10324645,AHMEDABAD A2 - FEEDER WAREHOUSE,ahmedabad,ahmedabad,"10324645",5,0,0.0,3.398872542279664,0.0,0.0,"2738110067651",Scheduled,144,144,12060.0
noida-10315546,NOIDA N1 - FEEDER WAREHOUSE,noida,noida,"10315546",74,31,18.948915164734245,21.306985612757842,1.6359775602190665,5.541214316871032,"2867410094941",Scheduled,96,96,3120.0
dehradun-10216715,DEHRADUN - FEEDER WAREHOUSE,dehradun,dehradun,"10216715",668,485,117.13265118631547,129.46300261029208,4.140604648558166,9.843540535644465,"2173110040847",Scheduled,144,144,3744.0
rajpura-10176795,RAJPURA R2 - FEEDER WAREHOUSE,rajpura,rajpura,"10176795",651,210,216.63806456406684,161.50883098448745,0.9693587339906107,3.9743708093615036,"43886010066389",Scheduled,360,360,13608.0
solapur-10252336,CPC - SOLAPUR MURARJI PETH(HP),solapur,solapur,"10252336",1,0,0.0,0.0,0.0,0.0,"","",0,0,0.0
kolkata-10176797,KOLKATA K6 - FEEDER WAREHOUSE,kolkata,kolkata,"10176797",274,69,32.68465643137989,33.80952380952381,2.1110823099781606,10.494220758297232,"48287510054379",Scheduled,180,180,6804.0
morbi-10258333,CPC - MORBI SANALA ROAD(HP),morbi,morbi,"10258333",2,0,0.13456312709030097,0.0,0.0,14.862912621359227,"","",0,0,0.0
chennai-10249574,CPC-CHN3,chennai,chennai,"10249574",0,0,0.0,0.2706766917293233,0.0,0.0,"","",0,0,0.0
faridabad-10252336,FARIDABAD - FEEDER WAREHOUSE,faridabad,faridabad,"10252336",26,111,12.278364722094627,8.909181141439205,9.040291806958471,11.157837635615412,"49060410069839",Scheduled,84,84,170461.2
ahmedabad-10176797,AHMEDABAD A2 - FEEDER WAREHOUSE,ahmedabad,ahmedabad,"10176797",600,254,261.36567949832926,223.10340294281238,0.9718184900463325,3.267452718502236,"2738110068530",Scheduled,180,180,6804.0
noida-10176794,CPC - NOIDA1 (HP),noida,noida,"10176794",60,2,2.2784063605783937,3.442690459849005,0.8778065382034319,27.212002684306388,"","",0,0,0.0
ludhiana-10258333,LUDHIANA L2 - FEEDER WAREHOUSE,ludhiana,ludhiana,"10258333",107,21,2.9603887959866215,3.9448487169666793,7.093662842012358,43.237563989408656,"3226810044352",Scheduled,36,36,6804.0
mumbai-10324645,MUMBAI M11 - FEEDER WAREHOUSE,mumbai,mumbai,"10324645",34,0,3.051948051948052,9.511904761904761,0.0,11.140425531914893,"5625710053542",Scheduled,144,144,12060.0
jaipur-10315546,JAIPUR J3 - FEEDER WAREHOUSE,jaipur,jaipur,"10315546",220,79,31.86076924238534,31.85948873093173,2.4795383752035693,9.384581951719838,"6478710071282",Scheduled,48,48,1560.0
mumbai-10258187,MUMBAI M10 - FEEDER WAREHOUSE,mumbai,mumbai,"10258187",79,20,1.714285714285714,2.0136054421768708,11.66666666666667,57.750000000000014,"","",0,0,0.0
kolkata-10258333,KOLKATA K5 - FEEDER WAREHOUSE,kolkata,kolkata,"10258333",43,42,0.19560878243512975,0.5791962174940899,214.7142857142857,434.5408163265306,"","",0,0,0.0
ranchi-10216722,RANCHI R1 - FEEDER WAREHOUSE,ranchi,ranchi,"10216722",1,0,0.0,0.16527384604953127,0.0,0.0,"2896610025019",Scheduled,144,144,3744.0
kolkata-10265740,KOLKATA K4 - FEEDER WAREHOUSE,kolkata,kolkata,"10265740",288,88,29.662205508240245,25.692537313432837,2.9667382614402475,12.67606348069924,"2135610069660",Scheduled,180,180,6804.0
noida-10260300,CPC-NOIDA2-FRZ(HP),noida,noida,"10260300",6,2,0.0,0.5243838489774515,0.0,0.0,"","",0,0,0.0
mumbai-10216715,MUMBAI M10 - FEEDER WAREHOUSE,mumbai,mumbai,"10216715",960,974,282.5853587258292,292.05111577341216,3.446746159785996,6.843949766967265,"2273910094389",Scheduled,72,72,1872.0
varanasi-10216715,VARANASI V2 - FEEDER WAREHOUSE,varanasi,varanasi,"10216715",738,105,108.80104001406708,128.8975167304424,0.9650643044076083,7.748087701101083,"51116810014516",Scheduled,216,216,7020.0
bengaluru-10249576,BENGALURU B5 - FEEDER WAREHOUSE,bengaluru,bengaluru,"10249576",30,13,8.884615384615385,10.256756756756756,1.4632034632034632,4.83982683982684,"49990010081779",Scheduled,12,12,23511.6
ahmedabad-10249577,AHMEDABAD A2 - FEEDER WAREHOUSE,ahmedabad,ahmedabad,"10249577",75,75,10.536060922801255,8.289928175886834,7.118409863945578,14.236819727891156,"2738110063421",Scheduled,24,24,18463.2
dasna-10315341,SUPER STORE DASNA 2 - WAREHOUSE,dasna,dasna,"10315341",152,180,19.555908162347592,18.034622373832374,9.20437949011067,16.976966615093012,"1724010051917",Scheduled,96,96,3120.0
morbi-10258761,CPC - MORBI SANALA ROAD(HP),morbi,morbi,"10258761",2,1,0.19791807489522786,0.0,5.052595628415299,15.157786885245896,"","",0,0,0.0
surat-10176797,CPC - SURAT1 (HP),surat,surat,"10176797",0,12,0.18419004897697622,1.2208120544066339,65.15009940357854,65.15009940357854,"","",0,0,0.0
kundli-10216722,KUNDLI - FEEDER WAREHOUSE,kundli,kundli,"10216722",104,72,40.89548218816891,39.2226627445965,1.7605856722440025,4.30365386548534,"2011710095241",Scheduled,72,72,1872.0
mumbai-10176795,MUMBAI M11 - FEEDER WAREHOUSE,mumbai,mumbai,"10176795",647,136,125.28692055833189,105.5404077312703,1.0855083626760564,6.2496547645246485,"5625710056845",Scheduled,360,360,13608.0
ranchi-10315341,RANCHI R2 - FEEDER WAREHOUSE,ranchi,ranchi,"10315341",93,159,10.400454351838707,7.244155894796358,15.28779365027358,24.229710690999635,"51024410015429",Scheduled,48,48,1560.0
guwahati-10292367,GUWAHATI G2 - FEEDER WAREHOUSE,guwahati,guwahati,"10292367",73,22,12.399154222280957,14.027355320967775,1.7743145706234198,7.6618129186011315,"51894410003847",Scheduled,144,144,11095.2
ahmedabad-10216722,CPC - AHMEDABAD2 (HP),ahmedabad,ahmedabad,"10216722",9,0,0.6357589984350549,0.49582153814859387,0.0,14.15630769230769,"","",0,0,0.0
solapur-10292367,CPC - SOLAPUR KONARK NAGAR(HP),solapur,solapur,"10292367",5,0,0.0,0.6499160766471556,0.0,0.0,"","",0,0,0.0
gurgaon-10249577,CPC-GGN4,gurgaon,gurgaon,"10249577",2,0,0.18542841690489067,1.08039670816628,0.0,10.785833333333333,"","",0,0,0.0
dasna-10199527,DASNA D3 - FEEDER WAREHOUSE,dasna,dasna,"10199527",131,204,32.29947836759742,34.484359497557044,6.315891472868217,10.371684526523788,"2576310067807",Scheduled,180,180,6804.0
ranchi-10249577,RANCHI R2 - FEEDER WAREHOUSE,ranchi,ranchi,"10249577",54,37,1.0034343736001194,0.8289928175886835,36.8733630952381,90.68854166666667,"","",0,0,0.0
hyderabad-10315547,HYDERABAD H3 - FEEDER WAREHOUSE,hyderabad,hyderabad,"10315547",282,346,35.285714285714285,35.285714285714285,9.805668016194332,17.79757085020243,"6769710093850",Scheduled,48,48,1560.0
noida-10297369,NOIDA N1 - FEEDER WAREHOUSE,noida,noida,"10297369",22,1,0.0,2.8705933873439897,0.0,0.0,"2867410093603",Scheduled,40,40,41972.0
mumbai-10265737,MUMBAI M12 - FEEDER WAREHOUSE,mumbai,mumbai,"10265737",54,36,1.0625737898465173,6.7002012072434605,33.879999999999995,84.69999999999999,"50033210036493",Scheduled,36,36,6804.0
mumbai-10176793,MUMBAI M11 - FEEDER WAREHOUSE,mumbai,mumbai,"10176793",209,0,7.025965801139962,23.472629144178875,0.0,29.746800072111053,"5625710053542",Scheduled,180,180,6804.0
pune-10265737,PUNE P2 - FEEDER WAREHOUSE,pune,pune,"10265737",73,0,11.444099378881988,7.993720565149137,0.0,6.378833107191316,"1723710058323",Scheduled,36,36,6804.0
rajpura-10315546,RAJPURA R2 - FEEDER WAREHOUSE,rajpura,rajpura,"10315546",472,139,103.00617628848853,52.4515973009242,1.3494336457136693,5.93168314770541,"43886010069972",Scheduled,192,192,6240.0
jaipur-10176794,JAIPUR J3 - FEEDER WAREHOUSE,jaipur,jaipur,"10176794",301,140,17.082234209668336,15.851332016079583,8.195649250656082,25.816295139566662,"","",0,0,0.0
surat-10216726,CPC - SURAT1 (HP),surat,surat,"10216726",20,0,3.6952838111009068,0.9894109544136984,0.0,5.412304175370378,"","",0,0,0.0
mumbai-10291036,MUMBAI M10 - FEEDER WAREHOUSE,mumbai,mumbai,"10291036",92,44,4.039624608967675,7.095238095238095,10.892101187403199,33.666494579246255,"2273910094389",Scheduled,96,96,73852.8
noida-10258333,CPC - NOIDA1 (HP),noida,noida,"10258333",27,1,0.4315001627074521,0.7111597374179432,2.3174962292609345,64.88989441930616,"","",0,0,0.0
"",HYDERABAD H4 - FEEDER WAREHOUSE,hyderabad,hyderabad,"10325396",0,0,0.0,0.0,0.0,0.0,"52029210000299",Scheduled,144,144,12060.0
jaipur-10291036,JAIPUR J4 - FEEDER WAREHOUSE,jaipur,jaipur,"10291036",26,3,1.037048036231346,1.3323032019915872,2.8928264604811003,27.963989117983967,"49603310013567",Scheduled,24,24,18463.2
mumbai-10216709,MUMBAI M12 - FEEDER WAREHOUSE,mumbai,mumbai,"10216709",130,75,21.583324560480055,29.349094019752705,3.474904887328065,9.498073358696711,"50033210033504",Scheduled,72,72,1872.0
dehradun-10199527,DEHRADUN - FEEDER WAREHOUSE,dehradun,dehradun,"10199527",190,114,16.689052449760894,22.96366153660935,6.830825197726147,18.21553386060306,"","",0,0,0.0
solapur-10291036,CPC - SOLAPUR KONARK NAGAR(HP),solapur,solapur,"10291036",0,0,0.0,0.14274677164195576,0.0,0.0,"","",0,0,0.0
guwahati-10252336,GUWAHATI G1 - FEEDER WAREHOUSE,guwahati,guwahati,"10252336",0,27,0.0,0.5678233438485805,0.0,0.0,"","",0,0,0.0
kolkata-10315547,KOLKATA K4 - FEEDER WAREHOUSE,kolkata,kolkata,"10315547",196,156,15.08344733242134,11.693365695792881,10.342463268637767,23.3368401959006,"2135610069122",Scheduled,144,144,4680.0
jaipur-10216709,JAIPUR J4 - FEEDER WAREHOUSE,jaipur,jaipur,"10216709",58,2,1.5316601476465184,7.086657950309349,1.305772695772696,39.17318087318088,"49603310013756",Scheduled,216,216,5616.0
bengaluru-10176793,BENGALURU B5 - FEEDER WAREHOUSE,bengaluru,bengaluru,"10176793",245,746,11.724476316286092,39.4522249051397,63.62757532835437,84.52403103270667,"49990010078666",Scheduled,180,180,6804.0
mumbai-10216715,MUMBAI M12 - FEEDER WAREHOUSE,mumbai,mumbai,"10216715",333,879,217.00647800886466,249.0955559794011,4.05057032428356,5.585086726998491,"50033210034102",Scheduled,288,288,7488.0
mumbai-10325396,MUMBAI M12 - FEEDER WAREHOUSE,mumbai,mumbai,"10325396",19,1,6.322580645161289,6.927835051546391,0.15816326530612249,3.1632653061224496,"50033210038659",Scheduled,288,288,24120.0
hyderabad-10315543,HYDERABAD H4 - FEEDER WAREHOUSE,hyderabad,hyderabad,"10315543",0,48,0.0,0.0,0.0,0.0,"","",0,0,0.0
faridabad-10315547,FARIDABAD - FEEDER WAREHOUSE,faridabad,faridabad,"10315547",16,0,1.0737193351047398,0.6438188059117507,0.0,14.901473296500917,"","",0,0,0.0
varanasi-10176794,VARANASI V2 - FEEDER WAREHOUSE,varanasi,varanasi,"10176794",210,11,10.343371172826698,11.253759526567324,1.063483057525611,21.36634142846909,"51116810015404",Scheduled,180,180,6804.0
rajpura-10216722,RAJPURA R2 - FEEDER WAREHOUSE,rajpura,rajpura,"10216722",138,0,36.32908562486028,114.46394366401825,0.0,3.7986092307692303,"43886010069381",Scheduled,144,144,3744.0
delhi-10324645,CPC-DEL5,delhi,delhi,"10324645",7,0,1.1816793893129771,0.8062500000000001,0.0,5.923772609819121,"","",0,0,0.0
vijayawada-10176797,VIJAYAWADA - FEEDER WAREHOUSE,vijayawada,vijayawada,"10176797",118,299,48.8472009886941,62.74973959650099,6.121128620434257,8.536824865287912,"51388610012124",Scheduled,180,180,6804.0
ahmedabad-10315547,CPC - AHMEDABAD2 (HP),ahmedabad,ahmedabad,"10315547",5,0,0.5074718969177561,0.5843554622249798,0.0,9.852762350720536,"","",0,0,0.0
gurgaon-10216726,SUPER STORE GURGAON G7 ECOM - WAREHOUSE,gurgaon,gurgaon,"10216726",74,2,4.340529531568227,4.98979190469947,0.4607732732732734,17.50938438438439,"","",0,0,0.0
gurgaon-10315546,SUPER STORE GURGAON G7 ECOM - WAREHOUSE,gurgaon,gurgaon,"10315546",20,0,1.9352083572494547,2.1306985612757843,0.0,10.334804479878512,"","",0,0,0.0
farukhnagar-10176795,FARUKHNAGAR F2 - FEEDER WAREHOUSE,farukhnagar,farukhnagar,"10176795",1369,700,227.7981798941799,289.96538488380213,3.0728954916372646,9.082601103139286,"5383910067895",Scheduled,180,180,6804.0
goa-10325396,GOA G2 - FEEDER WAREHOUSE,goa,goa,"10325396",10,4,5.305875227135069,5.346798357562977,0.7538812785388128,2.638584474885845,"","",0,0,0.0
pune-10249577,PUNE P3 - FEEDER WAREHOUSE,pune,pune,"10249577",45,0,4.967458509599741,4.642857142857143,0.0,9.058958401572221,"43886110066159",Scheduled,6,6,4615.8
noida-10315586,CPC - NOIDA1 (HP),noida,noida,"10315586",28,1,0.3057692307692308,0.20734172263154463,3.2704402515723268,94.84276729559748,"","",0,0,0.0
ranchi-10216715,RANCHI R2 - FEEDER WAREHOUSE,ranchi,ranchi,"10216715",361,228,71.88056697626052,92.20746229078357,3.1719282358373704,8.194147942579875,"51024410015429",Scheduled,144,144,3744.0
varanasi-10252336,VARANASI V2 - FEEDER WAREHOUSE,varanasi,varanasi,"10252336",39,0,1.5845734646824563,5.25236593059937,0.0,24.61230158730159,"51116810015115",Scheduled,12,12,24351.6
gurgaon-10292367,CPC - GURGAON3 (HP),gurgaon,gurgaon,"10292367",48,10,3.9151357751212625,6.52640489709683,2.5541898351380348,14.814301043800603,"","",0,0,0.0
ranchi-10249578,RANCHI R1 - FEEDER WAREHOUSE,ranchi,ranchi,"10249578",24,14,2.151521145705582,0.6938518884447838,6.507024124742571,17.661922624301265,"","",0,0,0.0
hyderabad-10325396,HYDERABAD H3 - FEEDER WAREHOUSE,hyderabad,hyderabad,"10325396",30,0,0.0,7.0,0.0,0.0,"6769710094450",Scheduled,144,144,12060.0
nagpur-10315341,NAGPUR N1 - FEEDER WAREHOUSE,nagpur,nagpur,"10315341",41,0,10.400454351838707,24.147186315987856,0.0,3.942135469567401,"2549710050075",Scheduled,48,48,1560.0
mumbai-10216726,MUMBAI M12 - FEEDER WAREHOUSE,mumbai,mumbai,"10216726",274,362,120.23984336759668,143.58108108108107,3.0106492977813963,5.289428048035823,"50033210039849",Scheduled,72,72,1872.0
noida-10315586,CPC-NOIDA2-FRZ(HP),noida,noida,"10315586",7,0,0.0,0.20734172263154463,0.0,0.0,"","",0,0,0.0
dehradun-10216709,CPC-DHD1-FRZ (HP),dehradun,dehradun,"10216709",30,8,4.78643796139537,6.083828995076894,1.671389050589051,7.939097990297992,"","",0,0,0.0
farukhnagar-10249574,FARUKHNAGAR F2 - FEEDER WAREHOUSE,farukhnagar,farukhnagar,"10249574",24,10,9.717954251186878,6.026776338816941,1.0290231607931963,3.4986787466968674,"","",0,0,0.0
hyderabad-10216715,HYDERABAD H3 - FEEDER WAREHOUSE,hyderabad,hyderabad,"10216715",1485,1915,282.7142857142857,282.7142857142857,6.773623041940374,12.026275896917635,"6769710093850",Scheduled,576,576,14976.0
lucknow-10291036,SUPER STORE LUCKNOW L4 - WAREHOUSE,lucknow,lucknow,"10291036",14,1,0.345682678743782,0.7137338582097789,2.8928264604811,43.392396907216494,"1735810061288",Scheduled,24,24,18463.2
kolkata-10297369,KOLKATA K6 - FEEDER WAREHOUSE,kolkata,kolkata,"10297369",29,0,0.7868852459016393,0.9655172413793105,0.0,36.854166666666664,"","",0,0,0.0
ahmedabad-10260300,CPC - AHMEDABAD2 (HP),ahmedabad,ahmedabad,"10260300",3,0,0.0,0.0,0.0,0.0,"","",0,0,0.0
dehradun-10291036,DEHRADUN - FEEDER WAREHOUSE,dehradun,dehradun,"10291036",22,0,0.28806889895315163,1.9984548029873808,0.0,76.37061855670105,"2173110040238",Scheduled,48,48,36926.4
patna-10249574,PATNA P1 - FEEDER WAREHOUSE,patna,patna,"10249574",13,13,1.5087561742254154,0.7920792079207919,8.616369047619047,17.232738095238094,"","",0,0,0.0
hyderabad-10176795,SUPER STORE HYDERABAD H2 - WAREHOUSE,hyderabad,hyderabad,"10176795",0,2,0.0,0.0,0.0,0.0,"","",0,0,0.0
gurgaon-10249574,CPC - GURGAON (HP),gurgaon,gurgaon,"10249574",4,0,0.5716443677168752,2.781589079453973,0.0,6.997357493393734,"","",0,0,0.0
vijayawada-10249577,VIJAYAWADA - FEEDER WAREHOUSE,vijayawada,vijayawada,"10249577",42,33,3.386591010900403,3.315971270354734,9.74431216931217,22.146164021164022,"","",0,0,0.0
dehradun-10292367,CPC-DHD1-FRZ (HP),dehradun,dehradun,"10292367",54,21,3.4022069512356286,6.824118804795134,6.172464021441472,22.044514362290975,"","",0,0,0.0
ahmedabad-10292367,CPC - AHMEDABAD2 (HP),ahmedabad,ahmedabad,"10292367",9,0,0.0,1.1373531341325223,0.0,0.0,"","",0,0,0.0
morbi-10315341,CPC - MORBI SANALA ROAD(HP),morbi,morbi,"10315341",0,0,0.0,0.0,0.0,0.0,"","",0,0,0.0
farukhnagar-10291036,FARUKHNAGAR - SR FEEDER WAREHOUSE,farukhnagar,farukhnagar,"10291036",18,37,4.696641543215224,3.6169014084507047,7.8779697491392024,11.710495573044762,"1735210072912",Scheduled,24,24,18463.2
delhi-10176795,CPC - DELHI4 (HP),delhi,delhi,"10176795",788,122,38.73142857142857,22.173127922395146,3.149896724697551,23.495131307170254,"","",0,0,0.0
ahmedabad-10315341,AHMEDABAD A2 - FEEDER WAREHOUSE,ahmedabad,ahmedabad,"10315341",41,22,31.653556722987368,30.839406523561635,0.6950245810456812,1.9902976639035415,"2738110067259",Scheduled,240,240,7800.0
bengaluru-10176797,BENGALURU B5 - FEEDER WAREHOUSE,bengaluru,bengaluru,"10176797",748,1812,236.04973156258833,265.59705418200946,7.676348488113193,10.845172256936962,"49990010078666",Scheduled,540,540,20412.0
delhi-10216715,CPC-DEL5,delhi,delhi,"10216715",65,49,10.518159369371014,11.016637772660234,4.658609769945918,10.83839824028234,"","",0,0,0.0
bengaluru-10176797,BENGALURU B5 - FEEDER WAREHOUSE,bengaluru,bengaluru,"10176797",748,1812,236.04973156258833,265.59705418200946,7.676348488113193,10.845172256936962,"49990010081779",Scheduled,1080,1080,40824.0
"",HYDERABAD H3 - FEEDER WAREHOUSE,hyderabad,hyderabad,"10291038",0,0,0.0,0.0,0.0,0.0,"6769710093850",Scheduled,50,50,4830.0
vijayawada-10249576,VIJAYAWADA - FEEDER WAREHOUSE,vijayawada,vijayawada,"10249576",11,0,0.5390918731321701,0.37864629885431056,0.0,20.404685264663804,"51388610011914",Scheduled,12,12,23511.6
solapur-10176797,CPC - SOLAPUR KONARK NAGAR(HP),solapur,solapur,"10176797",3,5,0.2762850734654644,0.7324872326439803,18.097249834327368,28.95559973492379,"","",0,0,0.0
goa-10258761,CPC-GOA2-FRZ (HP),goa,goa,"10258761",3,0,0.49479518723806953,0.0,0.0,6.06311475409836,"","",0,0,0.0
bhuj-10315543,CPC -  BHUJ CITY MALL (HP),bhuj,bhuj,"10315543",3,0,0.1755262511262184,0.0,0.0,17.09146056929538,"","",0,0,0.0
rajpura-10249578,RAJPURA R2 - FEEDER WAREHOUSE,rajpura,rajpura,"10249578",82,0,6.258970605688966,5.634077334171644,0.0,13.101195894012944,"43886010069920",Scheduled,24,24,18463.2
gandhidham-10292367,CPC - GANDHIDHAM GAYATRI KUNJ (HP),gandhidham,gandhidham,"10292367",14,0,1.8145103739923352,2.2747062682650445,0.0,7.715580026801841,"","",0,0,0.0
rajpura-10260300,RAJPURA R2 - FEEDER WAREHOUSE,rajpura,rajpura,"10260300",144,9,14.861841202044085,8.959366733626364,0.605577726046632,10.294821342792742,"43886010069381",Scheduled,36,36,6804.0
chennai-10216709,CHENNAI C5 - FEEDER WAREHOUSE,chennai,chennai,"10216709",144,48,7.718796992481204,9.457083457083458,6.2185856224430145,24.874342489772058,"8525210065192",Scheduled,72,72,1872.0
farukhnagar-10176795,FARUKHNAGAR F2 - FEEDER WAREHOUSE,farukhnagar,farukhnagar,"10176795",1369,700,227.7981798941799,289.96538488380213,3.0728954916372646,9.082601103139286,"5383910069593",Scheduled,720,720,27216.0
dehradun-10265791,DEHRADUN - FEEDER WAREHOUSE,dehradun,dehradun,"10265791",1,0,0.0,0.0,0.0,0.0,"","",0,0,0.0
hyderabad-10176795,HYDERABAD H3 - FEEDER WAREHOUSE,hyderabad,hyderabad,"10176795",966,1029,151.85714285714286,151.85714285714286,6.776105362182502,13.137347130761993,"6769710093850",Scheduled,180,180,6804.0
puducherry-10315546,CPC - PUDUCHERRY VENKATA NAGAR (HP),puducherry,puducherry,"10315546",1,0,0.0,0.27752167884086876,0.0,0.0,"","",0,0,0.0
mumbai-10258761,MUMBAI M11 - FEEDER WAREHOUSE,mumbai,mumbai,"10258761",107,4,12.105263157894736,7.899159663865546,0.3304347826086957,9.169565217391305,"5625710053542",Scheduled,36,36,6804.0
farukhnagar-10249577,FARUKHNAGAR - SR FEEDER WAREHOUSE,farukhnagar,farukhnagar,"10249577",12,0,0.519199567333694,1.1029049729197442,0.0,23.112499999999997,"1735210076678",Scheduled,72,72,55389.6
gurgaon-10176794,CPC - GURGAON3 (HP),gurgaon,gurgaon,"10176794",37,0,1.5189375737189292,1.4344543582704186,0.0,24.359131435145233,"","",0,0,0.0
varanasi-10249577,VARANASI V2 - FEEDER WAREHOUSE,varanasi,varanasi,"10249577",86,5,1.648499328057339,1.8948407259169906,3.033061594202899,55.201721014492755,"","",0,0,0.0
mumbai-10265737,MUMBAI M10 - FEEDER WAREHOUSE,mumbai,mumbai,"10265737",105,11,11.900826446280993,9.054325955734408,0.9243055555555555,9.747222222222222,"2273910094687",Scheduled,36,36,6804.0
jaipur-10258761,JAIPUR J4 - FEEDER WAREHOUSE,jaipur,jaipur,"10258761",43,0,2.5446609629386434,2.923439434482208,0.0,16.898125379477836,"49603310013567",Scheduled,72,72,13608.0
mumbai-10176793,MUMBAI M12 - FEEDER WAREHOUSE,mumbai,mumbai,"10176793",137,175,42.891070297656746,37.595990747879725,4.080103359173126,7.274241417497231,"50033210033504",Scheduled,180,180,6804.0
vijayawada-10298083,VIJAYAWADA - FEEDER WAREHOUSE,vijayawada,vijayawada,"10298083",6,10,0.13142583339037578,0.0,76.08854166666667,121.74166666666669,"","",0,0,0.0
solapur-10315543,CPC - SOLAPUR MURARJI PETH(HP),solapur,solapur,"10315543",0,2,0.0,0.36006216658965856,0.0,0.0,"","",0,0,0.0
farukhnagar-10324645,FARUKHNAGAR - SR FEEDER WAREHOUSE,farukhnagar,farukhnagar,"10324645",2,0,0.0,1.7967857142857142,0.0,0.0,"1735210075435",Scheduled,288,288,24120.0
coimbatore-10258761,COIMBATORE C1 - FEEDER WAREHOUSE,coimbatore,coimbatore,"10258761",95,33,1.6551724137931034,1.888888888888889,19.9375,77.33333333333333,"","",0,0,0.0
solapur-10315547,CPC - SOLAPUR MURARJI PETH(HP),solapur,solapur,"10315547",0,5,0.5074718969177561,0.7791406162999731,9.852762350720536,9.852762350720536,"","",0,0,0.0
mumbai-10216722,MUMBAI M11 - FEEDER WAREHOUSE,mumbai,mumbai,"10216722",405,504,68.625,62.99941815360744,7.344262295081967,13.245901639344263,"5625710057139",Scheduled,144,144,3744.0
farukhnagar-10216709,FARUKHNAGAR F2 - FEEDER WAREHOUSE,farukhnagar,farukhnagar,"10216709",535,435,104.4057270124085,85.25068525672846,4.16643811070154,9.29067808593217,"5383910068267",Scheduled,144,144,3744.0
dehradun-10216726,CPC-DHD1-FRZ (HP),dehradun,dehradun,"10216726",57,20,20.016120643463246,12.676827853425511,0.9991946169914543,3.846899275417099,"","",0,0,0.0
surat-10291036,SURAT S1 - FEEDER WAREHOUSE,surat,surat,"10291036",51,24,6.049446878016185,2.398145763584857,3.967304860088366,12.397827687776143,"","",0,0,0.0
ludhiana-10297369,LUDHIANA L2 - FEEDER WAREHOUSE,ludhiana,ludhiana,"10297369",1,19,0.0,0.0,0.0,0.0,"","",0,0,0.0
pune-10216726,PUNE P3 - FEEDER WAREHOUSE,pune,pune,"10216726",286,27,89.37326645028033,96.13460903992083,0.30210376181137455,3.5021658313688975,"43886110068251",Scheduled,216,216,5616.0
pune-10315341,PUNE P3 - FEEDER WAREHOUSE,pune,pune,"10315341",26,0,10.12987012987013,10.392017106200997,0.0,2.566666666666667,"43886110063916",Scheduled,96,96,3120.0
kolkata-10216726,KOLKATA K4 - FEEDER WAREHOUSE,kolkata,kolkata,"10216726",603,159,75.61793045664014,86.19895121563643,2.102675900277008,10.076975069252077,"2135610070403",Scheduled,144,144,3744.0
jaipur-10315543,JAIPUR J3 - FEEDER WAREHOUSE,jaipur,jaipur,"10315543",197,44,17.90367761487428,22.68391649514849,2.457595637415021,13.460921559477729,"6478710071282",Scheduled,48,48,1560.0
jaipur-10249574,JAIPUR J3 - FEEDER WAREHOUSE,jaipur,jaipur,"10249574",30,0,12.82442748091603,19.405940594059402,0.0,2.3392857142857144,"6478710071825",Scheduled,156,156,316570.8
kolkata-10216715,KOLKATA K4 - FEEDER WAREHOUSE,kolkata,kolkata,"10216715",538,28,98.08017492711372,98.99515165182096,0.2854807306451852,5.7707890551848156,"2135610070684",Scheduled,144,144,3744.0
vijayawada-10258187,VIJAYAWADA - FEEDER WAREHOUSE,vijayawada,vijayawada,"10258187",44,0,0.22043965464454113,0.2340676845721221,0.0,199.60111111111104,"51388610012005",Scheduled,36,36,6804.0
mangalore-10258187,CPC - MANGALORE ATTAVAR(HP),mangalore,mangalore,"10258187",0,0,0.0,0.0,0.0,0.0,"","",0,0,0.0
guwahati-10265740,GUWAHATI G1 - FEEDER WAREHOUSE,guwahati,guwahati,"10265740",195,202,27.614808892759374,27.44335901195811,7.314915731789278,14.376344284754175,"","",0,0,0.0
indore-10265740,INDORE I2 - FEEDER WAREHOUSE,indore,indore,"10265740",217,184,24.313038264277274,34.18261426299592,7.567955843278872,16.49320811497189,"","",0,0,0.0
bengaluru-10315543,BENGALURU B5 - FEEDER WAREHOUSE,bengaluru,bengaluru,"10315543",272,100,28.84549356223176,33.37031994554118,3.4667460199375095,12.896295194167536,"49990010078666",Scheduled,48,48,1560.0
nellore-10260300,CPC - NELLORE RAMALINGA PURAM (HP),nellore,nellore,"10260300",1,1,0.0,0.20835736589828754,0.0,0.0,"","",0,0,0.0
visakhapatnam-10252336,VISAKHAPATNAM V1 - FEEDER WAREHOUSE,visakhapatnam,visakhapatnam,"10252336",5,3,0.7922867323412282,1.3911671924290223,3.786507936507937,10.097354497354498,"","",0,0,0.0
bhuj-10216726,CPC -  BHUJ CITY MALL (HP),bhuj,bhuj,"10216726",3,4,1.9796163273754859,0.7420582158102738,2.020593558804941,3.5360387279086467,"","",0,0,0.0
patna-10297369,PATNA P1 - FEEDER WAREHOUSE,patna,patna,"10297369",39,6,0.5694564279551337,0.3399433427762039,10.536363636363637,79.02272727272727,"","",0,0,0.0
jaipur-10176793,JAIPUR J4 - FEEDER WAREHOUSE,jaipur,jaipur,"10176793",168,145,9.587178476317673,6.632393867327834,15.124366398120175,32.64777022490769,"","",0,0,0.0
noida-10315543,NOIDA N1 - FEEDER WAREHOUSE,noida,noida,"10315543",173,20,19.490987025909906,23.100378770166007,1.0261153000314172,9.902012645303174,"2867410093996",Scheduled,48,48,1560.0
goa-10216726,GOA G2 - FEEDER WAREHOUSE,goa,goa,"10216726",437,187,26.218918469239767,40.07114365375478,7.132254529087072,23.799608695991083,"41315210039886",Scheduled,72,72,1872.0
vijayawada-10258333,VIJAYAWADA - FEEDER WAREHOUSE,vijayawada,vijayawada,"10258333",57,24,2.0991847826086953,0.8218434827013916,11.433009708737865,38.5864077669903,"","",0,0,0.0
farukhnagar-10176794,FARUKHNAGAR F2 - FEEDER WAREHOUSE,farukhnagar,farukhnagar,"10176794",428,111,31.138220261238047,32.079615648593,3.564750941728571,17.30991673506036,"5383910067675",Scheduled,180,180,6804.0
vijayawada-10315543,VIJAYAWADA - FEEDER WAREHOUSE,vijayawada,vijayawada,"10315543",36,35,4.38815627815546,6.301087915319025,7.976014932337843,16.179916005599623,"51388610012005",Scheduled,48,48,1560.0
pune-10292367,PUNE P3 - FEEDER WAREHOUSE,pune,pune,"10292367",159,10,50.230251316578894,42.38394793926247,0.19908321654563213,3.364506359621183,"43886110067295",Scheduled,144,144,11095.2
farukhnagar-10258187,FARUKHNAGAR - SR FEEDER WAREHOUSE,farukhnagar,farukhnagar,"10258187",18,54,1.4178785286569717,1.3811675735497555,38.08506787330317,50.78009049773756,"","",0,0,0.0
chennai-10292367,CHENNAI C5 - FEEDER WAREHOUSE,chennai,chennai,"10292367",362,193,25.533623285379726,32.98444130127298,7.558660901467506,21.736045597484278,"8525210065108",Scheduled,144,144,11095.2
lucknow-10315546,LUCKNOW L5 - FEEDER WAREHOUSE,lucknow,lucknow,"10315546",66,0,1.9885362217854932,17.06758324871343,0.0,33.19024279112153,"2940310043312",Scheduled,48,48,1560.0
mumbai-10265740,MUMBAI M11 - FEEDER WAREHOUSE,mumbai,mumbai,"10265740",310,43,61.65335628227194,40.18716094032549,0.6974478372779909,5.725560152537925,"5625710056407",Scheduled,180,180,6804.0
kolkata-10315546,KOLKATA K6 - FEEDER WAREHOUSE,kolkata,kolkata,"10315546",76,5,5.077262693156732,9.695278195488722,0.9847826086956523,15.953478260869568,"48287510054379",Scheduled,48,48,1560.0
mumbai-10249577,MUMBAI M12 - FEEDER WAREHOUSE,mumbai,mumbai,"10249577",28,0,0.0,1.9152542372881356,0.0,0.0,"50033210034102",Scheduled,96,96,73852.8
nellore-10216726,CPC - NELLORE RAMALINGA PURAM (HP),nellore,nellore,"10216726",2,4,0.35193179153341975,1.2367636930171229,11.365838768277792,17.04875815241669,"","",0,0,0.0
gurgaon-10324645,CPC-GGN4,gurgaon,gurgaon,"10324645",1,0,0.0,0.41464285714285715,0.0,0.0,"","",0,0,0.0
surat-10298083,SURAT S1 - FEEDER WAREHOUSE,surat,surat,"10298083",10,0,0.9199808337326305,0.6632124352331605,0.0,10.869791666666668,"","",0,0,0.0
pune-10260300,PUNE P3 - FEEDER WAREHOUSE,pune,pune,"10260300",65,0,6.857142857142857,5.433962264150944,0.0,9.479166666666668,"43886110066159",Scheduled,36,36,6804.0
farukhnagar-10315586,FARUKHNAGAR F2 - FEEDER WAREHOUSE,farukhnagar,farukhnagar,"10315586",195,28,2.6754807692307687,2.5399361022364215,10.465408805031448,83.3495058400719,"5383910069593",Scheduled,36,36,6804.0
bengaluru-10315341,BENGALURU B5 - FEEDER WAREHOUSE,bengaluru,bengaluru,"10315341",52,498,0.5207215992198927,17.258315640481243,956.365168539326,1056.2265917602997,"49990010073868",Scheduled,48,48,1560.0
varanasi-10258187,VARANASI V2 - FEEDER WAREHOUSE,varanasi,varanasi,"10258187",81,22,1.8737370644785993,0.5851692114303052,11.741241830065357,54.97035947712417,"","",0,0,0.0
"",BENGALURU B3 - FEEDER WAREHOUSE,bengaluru,bengaluru,"10298083",0,0,0.0,0.0,0.0,0.0,"1736010087559",Scheduled,20,20,20986.0
gurgaon-10324645,CPC - GURGAON (HP),gurgaon,gurgaon,"10324645",0,0,0.0,1.2439285714285715,0.0,0.0,"","",0,0,0.0
varanasi-10298083,VARANASI V2 - FEEDER WAREHOUSE,varanasi,varanasi,"10298083",2,0,0.0,0.2842339008142116,0.0,0.0,"","",0,0,0.0
nagpur-10216715,NAGPUR N1 - FEEDER WAREHOUSE,nagpur,nagpur,"10216715",1092,1281,303.6137130122277,254.0944273353979,4.219177017042076,7.815852506979584,"2549710051002",Scheduled,360,360,9360.0
surat-10176797,SURAT S1 - FEEDER WAREHOUSE,surat,surat,"10176797",598,461,23.207946171099007,18.31218081609951,19.863886127678374,45.63092279655401,"2873410039504",Scheduled,180,180,6804.0
patna-10216722,PATNA P1 - FEEDER WAREHOUSE,patna,patna,"10216722",119,0,23.04626369327074,18.444561219127692,0.0,5.163526790450928,"3292010040740",Scheduled,72,72,1872.0
ranchi-10216715,RANCHI R1 - FEEDER WAREHOUSE,ranchi,ranchi,"10216715",95,8,19.277061143633507,31.240322872087866,0.4150010180697124,5.3431381076475475,"2896610024842",Scheduled,144,144,3744.0
bengaluru-10216726,BENGALURU B3 - FEEDER WAREHOUSE,bengaluru,bengaluru,"10216726",350,30,185.45679862306366,127.2885379627693,0.16176274055595155,2.0489947137087197,"1736010088491",Scheduled,360,360,9360.0
dasna-10260300,DASNA D3 - FEEDER WAREHOUSE,dasna,dasna,"10260300",49,41,0.9412819363514119,2.045097011012061,43.55761904761905,95.61428571428571,"2576310066675",Scheduled,36,36,6804.0
mumbai-10216722,MUMBAI M11 - FEEDER WAREHOUSE,mumbai,mumbai,"10216722",405,504,68.625,62.99941815360744,7.344262295081967,13.245901639344263,"5625710056407",Scheduled,72,72,1872.0
farukhnagar-10258333,FARUKHNAGAR F2 - FEEDER WAREHOUSE,farukhnagar,farukhnagar,"10258333",187,34,10.787504067686301,9.38730853391685,3.1517948717948716,20.486666666666665,"5383910068788",Scheduled,36,36,6804.0
farukhnagar-10258761,FARUKHNAGAR - SR FEEDER WAREHOUSE,farukhnagar,farukhnagar,"10258761",17,35,9.690749493585416,8.265407434314083,3.6116917502787063,5.365942028985507,"1735210076934",Scheduled,36,36,6804.0
gurgaon-10176797,CPC - GURGAON1 (HP),gurgaon,gurgaon,"10176797",5,0,1.8188256958708127,0.94568683820948,0.0,2.7490264797507784,"","",0,0,0.0
dehradun-10249576,CPC-DHD1-FRZ (HP),dehradun,dehradun,"10249576",2,0,0.0,0.0,0.0,0.0,"","",0,0,0.0
hyderabad-10315547,HYDERABAD H4 - FEEDER WAREHOUSE,hyderabad,hyderabad,"10315547",0,48,0.0,0.0,0.0,0.0,"","",0,0,0.0
bengaluru-10298083,BENGALURU B5 - FEEDER WAREHOUSE,bengaluru,bengaluru,"10298083",19,25,0.0,0.0,0.0,0.0,"","",0,0,0.0
gurgaon-10252336,CPC - GURGAON (HP),gurgaon,gurgaon,"10252336",0,0,0.0,0.0,0.0,0.0,"","",0,0,0.0
bhopal-10216715,BHOPAL B1 - FEEDER WAREHOUSE,bhopal,bhopal,"10216715",636,93,128.60086891752795,121.66262385589499,0.7231677420441158,5.6687019779587144,"27828910034507",Scheduled,216,216,5616.0
varanasi-10265737,VARANASI V2 - FEEDER WAREHOUSE,varanasi,varanasi,"10265737",98,0,4.510153454917165,6.364151446473804,0.0,21.728750690989493,"51116810015404",Scheduled,36,36,6804.0
chennai-10265740,CPC-CHN3,chennai,chennai,"10265740",27,3,3.6515337423312886,2.080895008605852,0.8215725806451613,8.215725806451612,"","",0,0,0.0
agra-10249576,CPC-AGRA2,agra,agra,"10249576",2,0,0.0,0.162276985223276,0.0,0.0,"","",0,0,0.0
surat-10324645,SURAT S1 - FEEDER WAREHOUSE,surat,surat,"10324645",3,0,7.594470046082948,2.379210779595765,0.0,0.39502427184466027,"","",0,0,0.0
goa-10265740,CPC-GOA2-FRZ (HP),goa,goa,"10265740",9,2,1.1256036233461701,0.0,1.7768244153785178,9.772534284581848,"","",0,0,0.0
rajpura-10176795,RAJPURA R2 - FEEDER WAREHOUSE,rajpura,rajpura,"10176795",651,210,216.63806456406684,161.50883098448745,0.9693587339906107,3.9743708093615036,"43886010069381",Scheduled,180,180,6804.0
"",RAIPUR - FEEDER WAREHOUSE,raipur,raipur,"10216709",0,0,0.0,0.0,0.0,0.0,"52221610000014",Scheduled,72,72,1872.0
mumbai-10216722,MUMBAI M12 - FEEDER WAREHOUSE,mumbai,mumbai,"10216722",129,291,80.14165224913495,73.68269976726144,3.631070633475005,5.240720501922688,"50033210040195",Scheduled,216,216,5616.0
delhi-10176795,CPC - DELHI MUNDKA (HP),delhi,delhi,"10176795",55,0,14.23021375661376,17.44286063228418,0.0,3.865015729256893,"","",0,0,0.0
farukhnagar-10252336,FARUKHNAGAR - SR FEEDER WAREHOUSE,farukhnagar,farukhnagar,"10252336",3,7,0.2598595708379815,0.467919177596597,26.93762626262626,38.48232323232323,"","",0,0,0.0
pune-10249574,PUNE P3 - FEEDER WAREHOUSE,pune,pune,"10249574",6,0,18.982857142857146,19.260204081632654,0.0,0.31607465382299815,"43886110066628",Scheduled,12,12,24351.6
delhi-10176793,CPC-DEL5,delhi,delhi,"10176793",21,0,0.7910407655568752,0.456818488984998,0.0,26.547304404996705,"","",0,0,0.0
delhi-10291038,CPC - DELHI4 (HP),delhi,delhi,"10291038",1,0,0.0,0.0,0.0,0.0,"","",0,0,0.0
kundli-10292367,KUNDLI - FEEDER WAREHOUSE,kundli,kundli,"10292367",148,211,44.74440885852871,40.931033181792465,4.715672983123597,8.023348819627353,"2011710095829",Scheduled,144,144,11095.2
guwahati-10176795,GUWAHATI G1 - FEEDER WAREHOUSE,guwahati,guwahati,"10176795",222,114,27.525777615199083,47.12866267869816,4.141572368769408,12.206739613215095,"7165810032200",Scheduled,180,180,6804.0
gandhidham-10258761,CPC - GANDHIDHAM GAYATRI KUNJ (HP),gandhidham,gandhidham,"10258761",3,0,0.0,0.0,0.0,0.0,"","",0,0,0.0
kolkata-10176795,KOLKATA K4 - FEEDER WAREHOUSE,kolkata,kolkata,"10176795",473,140,54.31419457735249,59.959559649516976,2.577595066803699,11.28618411393334,"2135610070684",Scheduled,180,180,6804.0
noida-10249574,CPC-NOIDA2-FRZ(HP),noida,noida,"10249574",1,0,1.5243849805783338,2.163458172908646,0.0,0.6560022650056626,"","",0,0,0.0
solapur-10315546,CPC - SOLAPUR KONARK NAGAR(HP),solapur,solapur,"10315546",5,1,0.9279835701665634,0.9713258759430407,1.0776052854260236,6.465631712556142,"","",0,0,0.0
agra-10252336,CPC-AGRA2,agra,agra,"10252336",1,0,0.0,0.4258675078864354,0.0,0.0,"","",0,0,0.0
mumbai-10265737,MUMBAI M10 - FEEDER WAREHOUSE,mumbai,mumbai,"10265737",105,11,11.900826446280993,9.054325955734408,0.9243055555555555,9.747222222222222,"2273910096790",Scheduled,36,36,6804.0
kolkata-10292367,KOLKATA K4 - FEEDER WAREHOUSE,kolkata,kolkata,"10292367",297,20,27.889183765939546,31.214638572436737,0.7171238917513809,11.366413684259387,"2135610070684",Scheduled,144,144,11095.2
vijayawada-10199527,VIJAYAWADA - FEEDER WAREHOUSE,vijayawada,vijayawada,"10199527",108,12,8.19551682800758,11.655797901157776,1.464215162000629,14.64215162000629,"51388610012124",Scheduled,180,180,6804.0
surat-10216709,CPC - SURAT1 (HP),surat,surat,"10216709",5,0,0.7658300738232592,0.5615842149301749,0.0,6.528863478863481,"","",0,0,0.0
faridabad-10258761,FARIDABAD - FEEDER WAREHOUSE,faridabad,faridabad,"10258761",14,0,0.3106009453072248,0.3119021673326069,0.0,45.073913043478264,"","",0,0,0.0
ludhiana-10216709,LUDHIANA L2 - FEEDER WAREHOUSE,ludhiana,ludhiana,"10216709",293,136,39.21049977975087,30.325547606229442,3.4684587231462243,10.940947001689192,"3226810044769",Scheduled,72,72,1872.0
coimbatore-10298083,COIMBATORE C1 - FEEDER WAREHOUSE,coimbatore,coimbatore,"10298083",5,15,0.0,0.0,0.0,0.0,"","",0,0,0.0
gurgaon-10249574,CPC - GURGAON1 (HP),gurgaon,gurgaon,"10249574",0,0,0.0,0.39736986849342465,0.0,0.0,"","",0,0,0.0
nellore-10265740,CPC - NELLORE RAMALINGA PURAM (HP),nellore,nellore,"10265740",8,0,0.45024144933846805,1.6674445981949233,0.0,17.768244153785176,"","",0,0,0.0
kundli-10216722,KUNDLI - FEEDER WAREHOUSE,kundli,kundli,"10216722",104,72,40.89548218816891,39.2226627445965,1.7605856722440025,4.30365386548534,"2011710093411",Scheduled,288,288,7488.0
gurgaon-10315547,SUPER STORE GURGAON G7 ECOM - WAREHOUSE,gurgaon,gurgaon,"10315547",15,0,1.9684854476920228,1.2361321073505613,0.0,7.620071572074333,"","",0,0,0.0
noida-10260300,CPC-NOIDA2,noida,noida,"10260300",21,2,0.33617212012550424,0.31463030938647096,5.949333333333334,68.41733333333333,"","",0,0,0.0
ahmedabad-10258761,AHMEDABAD A2 - FEEDER WAREHOUSE,ahmedabad,ahmedabad,"10258761",95,40,6.135460321752063,4.092815208275091,6.51947823021329,22.00323902696985,"2738110068530",Scheduled,36,36,6804.0
solapur-10315586,CPC - SOLAPUR KARNIK NAGAR (HP),solapur,solapur,"10315586",2,0,0.0,0.0,0.0,0.0,"","",0,0,0.0
nagpur-10176795,NAGPUR N1 - FEEDER WAREHOUSE,nagpur,nagpur,"10176795",548,712,123.01643823088972,138.53634796714994,5.787844374616393,10.242533584293055,"2549710051002",Scheduled,180,180,6804.0
gurgaon-10249574,CPC-GGN4,gurgaon,gurgaon,"10249574",1,0,0.19054812257229173,1.4835141757087855,0.0,5.248018120045301,"","",0,0,0.0
hyderabad-10265740,HYDERABAD H3 - FEEDER WAREHOUSE,hyderabad,hyderabad,"10265740",535,127,71.57142857142857,71.57142857142857,1.7744510978043913,9.249500998003992,"6769710095686",Scheduled,180,180,6804.0
bidar-10258187,CPC - BIDAR DEVI NAGAR (HP),bidar,bidar,"10258187",2,0,0.0,0.0,0.0,0.0,"","",0,0,0.0
bhuj-10216709,CPC -  BHUJ CITY MALL (HP),bhuj,bhuj,"10216709",4,0,0.0,0.401131582092982,0.0,0.0,"","",0,0,0.0
hyderabad-10315586,HYDERABAD H4 - FEEDER WAREHOUSE,hyderabad,hyderabad,"10315586",0,36,0.0,0.0,0.0,0.0,"","",0,0,0.0
rajpura-10325396,RAJPURA R2 - FEEDER WAREHOUSE,rajpura,rajpura,"10325396",24,1,0.4421562689279224,10.624157775417345,2.2616438356164386,56.541095890410965,"43886010069012",Scheduled,144,144,12060.0
mumbai-10298083,MUMBAI M12 - FEEDER WAREHOUSE,mumbai,mumbai,"10298083",89,1,5.52,5.772151898734178,0.1811594202898551,16.304347826086957,"50033210036493",Scheduled,20,20,20986.0
bengaluru-10325396,BENGALURU B3 - FEEDER WAREHOUSE,bengaluru,bengaluru,"10325396",26,0,0.9125364431486882,7.311769991015274,0.0,28.49201277955271,"1736010088491",Scheduled,144,144,12060.0
bhopal-10249577,BHOPAL B1 - FEEDER WAREHOUSE,bhopal,bhopal,"10249577",92,46,3.0939226519337018,1.9895827622128404,14.867857142857142,44.60357142857143,"","",0,0,0.0
gurgaon-10298083,CPC-GGN4,gurgaon,gurgaon,"10298083",3,0,0.0,0.2646239554317548,0.0,0.0,"","",0,0,0.0
surat-10249578,SURAT S2 - FEEDER WAREHOUSE,surat,surat,"10249578",34,5,3.7721474632500462,1.8040149099564378,1.3255049142994129,10.33893833153542,"51076110004408",Scheduled,24,24,18463.2
ahmedabad-10298083,AHMEDABAD A2 - FEEDER WAREHOUSE,ahmedabad,ahmedabad,"10298083",103,38,4.205626668492025,1.9896373056994814,9.035514322916669,33.526513671875,"","",0,0,0.0
dasna-10265740,DASNA D3 - FEEDER WAREHOUSE,dasna,dasna,"10265740",132,218,5.769940139136061,9.704792833945968,37.782021085688655,60.659208165096466,"2576310067807",Scheduled,180,180,6804.0
junagadh-10249578,CPC -  JUNAGADH SONVATIKA(HP),junagadh,junagadh,"10249578",1,0,0.0,0.16189877397044952,0.0,0.0,"","",0,0,0.0
lucknow-10325396,LUCKNOW L5 - FEEDER WAREHOUSE,lucknow,lucknow,"10325396",32,0,0.4421562689279224,6.249504573774908,0.0,72.37260273972603,"2940310043312",Scheduled,144,144,12060.0
mumbai-10176793,MUMBAI M11 - FEEDER WAREHOUSE,mumbai,mumbai,"10176793",209,0,7.025965801139962,23.472629144178875,0.0,29.746800072111053,"5625710057139",Scheduled,180,180,6804.0
goa-10258333,GOA G2 - FEEDER WAREHOUSE,goa,goa,"10258333",86,13,2.1914566411849017,1.8080556619430614,5.932127405893375,45.17543178334186,"","",0,0,0.0
pune-10176795,PUNE P2 - FEEDER WAREHOUSE,pune,pune,"10176795",499,335,42.31401722787784,41.54699537750385,7.916998241880262,19.709780697695937,"1723710058529",Scheduled,180,180,6804.0
mumbai-10249574,MUMBAI M12 - FEEDER WAREHOUSE,mumbai,mumbai,"10249574",18,168,36.285714285714285,36.285714285714285,4.6299212598425195,5.125984251968504,"50033210036493",Scheduled,240,240,487032.0
dasna-10176795,DASNA D3 - FEEDER WAREHOUSE,dasna,dasna,"10176795",373,371,122.21917460317462,123.28259124851701,3.035530236598107,6.08742451759836,"2576310067807",Scheduled,360,360,13608.0
gurgaon-10324645,CPC - GURGAON1 (HP),gurgaon,gurgaon,"10324645",0,0,0.0,0.1382142857142857,0.0,0.0,"","",0,0,0.0
varanasi-10291036,VARANASI V2 - FEEDER WAREHOUSE,varanasi,varanasi,"10291036",55,1,0.691365357487564,2.8549354328391154,1.44641323024055,80.9991408934708,"51116810014516",Scheduled,48,48,36926.4
puducherry-10315341,CPC - PUDUCHERRY VENKATA NAGAR (HP),puducherry,puducherry,"10315341",0,0,0.4521936674712482,0.6899196090282246,0.0,0.0,"","",0,0,0.0
hyderabad-10252336,HYDERABAD H3 - FEEDER WAREHOUSE,hyderabad,hyderabad,"10252336",2,11,3.5714285714285716,3.5714285714285716,3.0799999999999996,3.6399999999999997,"6769710093850",Scheduled,12,12,24351.6
lucknow-10324645,LUCKNOW L5 - FEEDER WAREHOUSE,lucknow,lucknow,"10324645",26,0,0.0,4.75842155919153,0.0,0.0,"2940310043143",Scheduled,144,144,12060.0
solapur-10258761,CPC - SOLAPUR KONARK NAGAR(HP),solapur,solapur,"10258761",2,0,0.0,0.1461719717241104,0.0,0.0,"","",0,0,0.0
rajpura-10292367,RAJPURA R2 - FEEDER WAREHOUSE,rajpura,rajpura,"10292367",358,34,74.57637637108498,76.4301306137055,0.45590844788193013,5.256356222638724,"43886010062987",Scheduled,144,144,11095.2
lucknow-10252336,SUPER STORE LUCKNOW L4 - WAREHOUSE,lucknow,lucknow,"10252336",28,0,2.9050513519178365,2.9810725552050483,0.0,9.63838383838384,"1735810060912",Scheduled,12,12,24351.6
gurgaon-10292367,SUPER STORE GURGAON G7 ECOM - WAREHOUSE,gurgaon,gurgaon,"10292367",43,9,3.3558306643896536,7.493279696666731,2.6818993268949365,15.495418333170745,"","",0,0,0.0
farukhnagar-10315543,FARUKHNAGAR F2 - FEEDER WAREHOUSE,farukhnagar,farukhnagar,"10315543",352,94,41.09349764629339,38.50856955810148,2.2874665186471113,10.85329858847459,"5383910069131",Scheduled,96,96,3120.0
gurgaon-10258333,CPC - GURGAON1 (HP),gurgaon,gurgaon,"10258333",2,0,0.0,0.0,0.0,0.0,"","",0,0,0.0
mumbai-10315543,MUMBAI M12 - FEEDER WAREHOUSE,mumbai,mumbai,"10315543",64,96,22.034086556874758,25.816573154941736,4.356885852844554,7.26147642140759,"50033210034102",Scheduled,96,96,3120.0
kolkata-10176797,KOLKATA K5 - FEEDER WAREHOUSE,kolkata,kolkata,"10176797",182,78,22.57091368657555,25.33333333333334,3.455775033440134,11.519250111467112,"27845210026389",Scheduled,180,180,6804.0
farukhnagar-10325396,FARUKHNAGAR F2 - FEEDER WAREHOUSE,farukhnagar,farukhnagar,"10325396",265,0,28.004535147392286,37.684796914695,0.0,9.462753036437249,"5383910069593",Scheduled,288,288,24120.0
lucknow-10291036,SUPER STORE LUCKNOW L4 - WAREHOUSE,lucknow,lucknow,"10291036",14,1,0.345682678743782,0.7137338582097789,2.8928264604811,43.392396907216494,"1735810061889",Scheduled,24,24,18463.2
solapur-10176793,CPC - SOLAPUR MURARJI PETH(HP),solapur,solapur,"10176793",5,0,0.9320867963086628,1.0049081617163385,0.0,5.364307293914544,"","",0,0,0.0
noida-10258187,NOIDA N1 - FEEDER WAREHOUSE,noida,noida,"10258187",74,29,1.55688622754491,1.4099418979987088,18.626923076923077,66.15769230769232,"","",0,0,0.0
morbi-10315547,CPC - MORBI SANALA ROAD(HP),morbi,morbi,"10315547",0,15,0.6343398711471951,1.217407212968708,23.646629641729284,23.646629641729284,"","",0,0,0.0
mumbai-10176797,MUMBAI M10 - FEEDER WAREHOUSE,mumbai,mumbai,"10176797",563,428,172.95667351925837,134.1320547025131,2.474608185340377,5.729758672131574,"2273910097633",Scheduled,360,360,13608.0
guwahati-10199527,GUWAHATI G1 - FEEDER WAREHOUSE,guwahati,guwahati,"10199527",122,151,14.751930290413645,20.702088809519033,10.235948586208101,18.506052741952395,"","",0,0,0.0
noida-10297369,NOIDA N1 - FEEDER WAREHOUSE,noida,noida,"10297369",22,1,0.0,2.8705933873439897,0.0,0.0,"2867410094569",Scheduled,20,20,20986.0
delhi-10176793,CPC - DELHI4 (HP),delhi,delhi,"10176793",266,21,3.2960031898203135,5.65312880118935,6.371353057199209,87.07515844838919,"","",0,0,0.0
dehradun-10199527,CPC-DHD1-FRZ (HP),dehradun,dehradun,"10199527",36,11,0.0,3.7576900696269844,0.0,0.0,"","",0,0,0.0
faridabad-10249577,FARIDABAD - FEEDER WAREHOUSE,faridabad,faridabad,"10249577",5,14,0.0,1.2604628261939932,0.0,0.0,"","",0,0,0.0
goa-10315546,CPC-GOA2-FRZ (HP),goa,goa,"10315546",2,2,0.0,0.0,0.0,0.0,"","",0,0,0.0
hyderabad-10216709,HYDERABAD H3 - FEEDER WAREHOUSE,hyderabad,hyderabad,"10216709",294,121,24.714285714285715,24.714285714285715,4.895953757225433,16.791907514450866,"6769710093850",Scheduled,72,72,1872.0
nellore-10176793,CPC - NELLORE RAMALINGA PURAM (HP),nellore,nellore,"10176793",4,8,0.47935892381588363,0.0,16.688956025511917,25.033434038267877,"","",0,0,0.0
mumbai-10315546,MUMBAI M11 - FEEDER WAREHOUSE,mumbai,mumbai,"10315546",356,236,51.220937508501784,47.26427923844062,4.607490832451634,11.557773613607488,"5625710056845",Scheduled,48,48,1560.0
gurgaon-10249576,CPC - GURGAON (HP),gurgaon,gurgaon,"10249576",1,0,0.0,0.5545735749005742,0.0,0.0,"","",0,0,0.0
chennai-10249574,CHENNAI C5 - FEEDER WAREHOUSE,chennai,chennai,"10249574",0,50,1.6240601503759402,0.5413533834586466,30.78703703703703,30.78703703703703,"","",0,0,0.0
goa-10258187,CPC-GOA2-FRZ (HP),goa,goa,"10258187",2,0,0.3086155165023576,0.0,0.0,6.480555555555553,"","",0,0,0.0
ahmedabad-10315341,AHMEDABAD A2 - FEEDER WAREHOUSE,ahmedabad,ahmedabad,"10315341",41,22,31.653556722987368,30.839406523561635,0.6950245810456812,1.9902976639035415,"2738110063421",Scheduled,144,144,4680.0
noida-10291036,CPC-NOIDA2,noida,noida,"10291036",7,0,0.308989575211528,0.48614266242617,0.0,22.654485981308405,"","",0,0,0.0
kolkata-10258761,KOLKATA K6 - FEEDER WAREHOUSE,kolkata,kolkata,"10258761",46,0,0.0,1.6595744680851063,0.0,0.0,"","",0,0,0.0
bhuj-10315546,CPC -  BHUJ CITY MALL (HP),bhuj,bhuj,"10315546",3,4,0.19332991045136738,0.38853035037721634,20.690021480179652,36.207537590314395,"","",0,0,0.0
pune-10176795,PUNE P3 - FEEDER WAREHOUSE,pune,pune,"10176795",385,126,64.68598277212216,65.45300462249614,1.9478717737639824,7.899702193598373,"43886110066159",Scheduled,180,180,6804.0
dasna-10249576,SUPER STORE DASNA 2 - WAREHOUSE,dasna,dasna,"10249576",55,8,3.382991106527665,2.376743892431033,2.364771218157673,18.622573342991675,"","",0,0,0.0
mumbai-10176794,MUMBAI M12 - FEEDER WAREHOUSE,mumbai,mumbai,"10176794",73,3,1.142161635832522,11.040000000000001,2.626598465473146,66.54049445865303,"50033210033504",Scheduled,180,180,6804.0
dasna-10176797,DASNA D3 - FEEDER WAREHOUSE,dasna,dasna,"10176797",320,645,114.70727388625258,120.97226034375666,5.623008708581138,8.412718455474106,"2576310066675",Scheduled,1080,1080,40824.0
dehradun-10315546,CPC-DDN1,dehradun,dehradun,"10315546",1,3,0.25777321393515645,1.214157344928801,11.638137082601057,15.517516110134743,"","",0,0,0.0
mumbai-10249577,MUMBAI M10 - FEEDER WAREHOUSE,mumbai,mumbai,"10249577",73,1,9.224489795918366,8.4818401937046,0.10840707964601771,8.022123893805311,"2273910097415",Scheduled,48,48,36926.4
guwahati-10216726,GUWAHATI G1 - FEEDER WAREHOUSE,guwahati,guwahati,"10216726",311,156,75.31340338815181,58.54014813614383,2.071344448424458,6.200755496245011,"7165810032923",Scheduled,288,288,7488.0
kundli-10292367,KUNDLI - FEEDER WAREHOUSE,kundli,kundli,"10292367",148,211,44.74440885852871,40.931033181792465,4.715672983123597,8.023348819627353,"2011710093998",Scheduled,144,144,11095.2
chennai-10216715,CPC-CHN3,chennai,chennai,"10216715",29,64,6.399333287033821,8.391865539975855,10.001041847542977,14.53276393471089,"","",0,0,0.0
mangalore-10199527,CPC - MANGALORE ATTAVAR(HP),mangalore,mangalore,"10199527",0,0,0.0,0.4743384185544425,0.0,0.0,"","",0,0,0.0
aurangabad-(maharashtra)-10176793,CC-DTS-CHITEGAON1,aurangabad,aurangabad-(maharashtra),"10176793",4,0,0.2663105132310465,0.803926529373071,0.0,15.020060422960725,"","",0,0,0.0
ludhiana-10315547,LUDHIANA L2 - FEEDER WAREHOUSE,ludhiana,ludhiana,"10315547",284,81,28.47481199371854,31.00330369026976,2.8446193083862457,12.818346266184934,"3226810044769",Scheduled,144,144,4680.0
bhubaneswar-10252336,BHUBANESWAR B1 - FEEDER WAREHOUSE,bhubaneswar,bhubaneswar,"10252336",3,23,0.6791029134353385,0.993690851735016,33.86820987654321,38.2858024691358,"","",0,0,0.0
mangalore-10252336,CPC - MANGALORE ATTAVAR(HP),mangalore,mangalore,"10252336",0,0,0.0,0.0,0.0,0.0,"","",0,0,0.0
"",KUNDLI - FEEDER WAREHOUSE,kundli,kundli,"10298083",0,0,0.0,0.0,0.0,0.0,"2011710094655",Scheduled,60,60,62958.0
kundli-10315546,KUNDLI - FEEDER WAREHOUSE,kundli,kundli,"10315546",85,40,39.24172502200283,35.004333506673596,1.0193231815770587,3.1853849424283083,"2011710093998",Scheduled,48,48,1560.0
farukhnagar-10297369,FARUKHNAGAR F2 - FEEDER WAREHOUSE,farukhnagar,farukhnagar,"10297369",34,0,2.572202166064982,3.4946354280709437,0.0,13.218245614035087,"5383910069571",Scheduled,40,40,41972.0
ahmedabad-10216715,AHMEDABAD A2 - FEEDER WAREHOUSE,ahmedabad,ahmedabad,"10216715",1348,1092,880.7003103841377,721.8260936904774,1.239922351706336,2.770522470845659,"2738110067651",Scheduled,936,936,24336.0
bhopal-10315546,BHOPAL B1 - FEEDER WAREHOUSE,bhopal,bhopal,"10315546",172,71,19.79698283022002,15.346948839900042,3.5864050905584848,12.2745977043058,"27828910034507",Scheduled,48,48,1560.0
nellore-10258761,CPC - NELLORE RAMALINGA PURAM (HP),nellore,nellore,"10258761",2,0,0.16493172907935652,0.17053396701146212,0.0,12.126229508196719,"","",0,0,0.0
ahmedabad-10216715,AHMEDABAD A2 - FEEDER WAREHOUSE,ahmedabad,ahmedabad,"10216715",1348,1092,880.7003103841377,721.8260936904774,1.239922351706336,2.770522470845659,"2738110063421",Scheduled,576,576,14976.0
kolkata-10292367,KOLKATA K4 - FEEDER WAREHOUSE,kolkata,kolkata,"10292367",297,20,27.889183765939546,31.214638572436737,0.7171238917513809,11.366413684259387,"2135610069660",Scheduled,144,144,11095.2
ranchi-10216726,RANCHI R1 - FEEDER WAREHOUSE,ranchi,ranchi,"10216726",80,7,18.225039204409235,26.67875966365508,0.38408696527283576,4.7736522826766725,"2896610024842",Scheduled,72,72,1872.0
bhopal-10315547,BHOPAL B1 - FEEDER WAREHOUSE,bhopal,bhopal,"10315547",218,58,22.667078062326443,18.50458963712436,2.5587770880975715,12.17624959163672,"27828910033803",Scheduled,96,96,3120.0
lucknow-10176793,LUCKNOW L5 - FEEDER WAREHOUSE,lucknow,lucknow,"10176793",185,0,23.967946190794187,23.447857106714565,0.0,7.718642161799261,"2940310043143",Scheduled,180,180,6804.0
farukhnagar-10249578,FARUKHNAGAR F2 - FEEDER WAREHOUSE,farukhnagar,farukhnagar,"10249578",142,36,20.33158205114459,9.888487040385776,1.7706443064509747,8.754852404118708,"5383910068512",Scheduled,48,48,36926.4
kolkata-10176795,KOLKATA K4 - FEEDER WAREHOUSE,kolkata,kolkata,"10176795",473,140,54.31419457735249,59.959559649516976,2.577595066803699,11.28618411393334,"2135610069660",Scheduled,180,180,6804.0
indore-10216726,INDORE I2 - FEEDER WAREHOUSE,indore,indore,"10216726",236,135,23.755395928505827,26.466743030566427,5.682919384138898,15.617504381596525,"50993810015362",Scheduled,72,72,1872.0
bengaluru-10258333,BENGALURU B3 - FEEDER WAREHOUSE,bengaluru,bengaluru,"10258333",111,5,4.419642857142857,4.813014210919969,1.1313131313131315,26.24646464646465,"1736010087973",Scheduled,36,36,6804.0
farukhnagar-10176797,FARUKHNAGAR - SR FEEDER WAREHOUSE,farukhnagar,farukhnagar,"10176797",124,360,105.79502797648561,99.86453011492108,3.4028064161958054,4.574884181774361,"1735210075753",Scheduled,180,180,6804.0
farukhnagar-10315586,FARUKHNAGAR - SR FEEDER WAREHOUSE,farukhnagar,farukhnagar,"10315586",17,59,1.9656593406593408,2.073417226315446,30.015373864430465,38.6638714185884,"","",0,0,0.0
indore-10265737,INDORE I2 - FEEDER WAREHOUSE,indore,indore,"10265737",82,2,4.134307333674068,3.8519864018130923,0.48375697271219653,20.317792853912255,"","",0,0,0.0
junagadh-10249574,CPC -  JUNAGADH SONVATIKA(HP),junagadh,junagadh,"10249574",2,0,0.25145936237090255,0.19801980198019797,0.0,7.953571428571429,"","",0,0,0.0
lucknow-10315341,LUCKNOW L5 - FEEDER WAREHOUSE,lucknow,lucknow,"10315341",159,53,20.077398835723415,27.424304458871926,2.6397841888610536,10.559136755444214,"2940310043312",Scheduled,48,48,1560.0
bengaluru-10315543,BENGALURU B3 - FEEDER WAREHOUSE,bengaluru,bengaluru,"10315543",170,99,18.15450643776824,12.989788972089857,5.453191489361702,14.81725768321513,"1736010087973",Scheduled,48,48,1560.0
bengaluru-10260300,BENGALURU B5 - FEEDER WAREHOUSE,bengaluru,bengaluru,"10260300",197,215,13.033824114604057,16.98520084566596,16.495542529156747,31.610062893081764,"49990010081779",Scheduled,36,36,6804.0
coimbatore-10176797,CPC - COIMBATORE1 (HP),coimbatore,coimbatore,"10176797",7,0,0.0,0.46879949318973707,0.0,0.0,"","",0,0,0.0
farukhnagar-10216722,FARUKHNAGAR - SR FEEDER WAREHOUSE,farukhnagar,farukhnagar,"10216722",92,277,75.45400677600895,66.61204757641642,3.671110545822913,4.890396358876011,"1735210076934",Scheduled,216,216,5616.0
puducherry-10315543,CPC - PUDUCHERRY VENKATA NAGAR (HP),puducherry,puducherry,"10315543",2,0,0.0,0.15431235710985367,0.0,0.0,"","",0,0,0.0
dasna-10216715,SUPER STORE DASNA 2 - WAREHOUSE,dasna,dasna,"10216715",615,468,201.94865989192348,195.54532046471914,2.317420676376158,5.362749129306366,"1724010050564",Scheduled,216,216,5616.0
mumbai-10249578,MUMBAI M12 - FEEDER WAREHOUSE,mumbai,mumbai,"10249578",72,7,2.3341836734693873,4.211904761904761,2.9989071038251374,33.84480874316941,"50033210036493",Scheduled,24,24,18463.2
indore-10315586,INDORE I2 - FEEDER WAREHOUSE,indore,indore,"10315586",55,14,0.3208031524387253,0.3755167661920073,43.640468909276244,215.08516819571864,"","",0,0,0.0
ranchi-10249574,RANCHI R2 - FEEDER WAREHOUSE,ranchi,ranchi,"10249574",8,0,0.862146385271666,1.8670438472418667,0.0,9.279166666666667,"51024410014953",Scheduled,12,12,24351.6
aurangabad-(maharashtra)-10315546,CC-DTS-CHITEGAON1,aurangabad,aurangabad-(maharashtra),"10315546",5,0,0.0,0.6475505839620271,0.0,0.0,"","",0,0,0.0
farukhnagar-10325396,FARUKHNAGAR - SR FEEDER WAREHOUSE,farukhnagar,farukhnagar,"10325396",4,0,0.0,1.1963427591966667,0.0,0.0,"1735210076510",Scheduled,144,144,12060.0
ranchi-10199527,RANCHI R2 - FEEDER WAREHOUSE,ranchi,ranchi,"10199527",200,87,14.453911496667915,11.133896502598471,6.019131915956193,19.856216780223306,"51024410015429",Scheduled,180,180,6804.0
nagpur-10315341,NAGPUR N1 - FEEDER WAREHOUSE,nagpur,nagpur,"10315341",41,0,10.400454351838707,24.147186315987856,0.0,3.942135469567401,"2549710051002",Scheduled,48,48,1560.0
rajpura-10176795,RAJPURA R2 - FEEDER WAREHOUSE,rajpura,rajpura,"10176795",651,210,216.63806456406684,161.50883098448745,0.9693587339906107,3.9743708093615036,"43886010068445",Scheduled,180,180,6804.0
gandhidham-10249574,CPC - GANDHIDHAM GAYATRI KUNJ (HP),gandhidham,gandhidham,"10249574",2,0,0.0,0.1697312588401697,0.0,0.0,"","",0,0,0.0
jamnagar-10216709,CPC - JAMNAGAR KHODIYAR COLONY (HP),jamnagar,jamnagar,"10216709",2,0,0.2552766912744197,0.3119912305167638,0.0,7.834636174636177,"","",0,0,0.0
lucknow-10315586,LUCKNOW L5 - FEEDER WAREHOUSE,lucknow,lucknow,"10315586",120,10,1.7109501463398682,1.0013780431786863,5.844705657492355,75.98117354740062,"","",0,0,0.0
farukhnagar-10176797,FARUKHNAGAR F2 - FEEDER WAREHOUSE,farukhnagar,farukhnagar,"10176797",1542,749,323.548882121019,302.0902035976362,2.314951592754528,7.080846594126333,"5383910068267",Scheduled,360,360,13608.0
hyderabad-10265740,HYDERABAD H4 - FEEDER WAREHOUSE,hyderabad,hyderabad,"10265740",0,180,0.0,0.0,0.0,0.0,"","",0,0,0.0
hyderabad-10176795,HYDERABAD H4 - FEEDER WAREHOUSE,hyderabad,hyderabad,"10176795",0,180,0.0,0.0,0.0,0.0,"","",0,0,0.0
farukhnagar-10258333,FARUKHNAGAR F2 - FEEDER WAREHOUSE,farukhnagar,farukhnagar,"10258333",187,34,10.787504067686301,9.38730853391685,3.1517948717948716,20.486666666666665,"5383910069593",Scheduled,36,36,6804.0
kolkata-10216722,KOLKATA K5 - FEEDER WAREHOUSE,kolkata,kolkata,"10216722",0,0,0.0,0.09236453201970445,0.0,0.0,"27845210026106",Scheduled,72,72,1872.0
goa-10315341,CPC-GOA2-FRZ (HP),goa,goa,"10315341",2,2,0.0,0.0,0.0,0.0,"","",0,0,0.0
pune-10265737,PUNE P2 - FEEDER WAREHOUSE,pune,pune,"10265737",73,0,11.444099378881988,7.993720565149137,0.0,6.378833107191316,"1723710057816",Scheduled,36,36,6804.0
guwahati-10315547,GUWAHATI G1 - FEEDER WAREHOUSE,guwahati,guwahati,"10315547",73,105,6.6253275430929275,5.681233660520637,15.848273057754733,26.866596231241356,"7165810032200",Scheduled,48,48,1560.0
ludhiana-10216715,LUDHIANA L2 - FEEDER WAREHOUSE,ludhiana,ludhiana,"10216715",1480,2131,237.40190893159502,261.4873236175504,8.976338941798595,15.210492688331641,"3226810044352",Scheduled,216,216,5616.0
mumbai-10315547,MUMBAI M10 - FEEDER WAREHOUSE,mumbai,mumbai,"10315547",140,269,34.602409638554214,38.912289042072736,7.774025069637884,11.819986072423399,"2273910096790",Scheduled,48,48,1560.0
dehradun-10176795,DEHRADUN - FEEDER WAREHOUSE,dehradun,dehradun,"10176795",663,247,97.66553687170637,102.06095508465982,2.5290394944990644,9.317513927101816,"2173110040365",Scheduled,180,180,6804.0
rajpura-10315341,RAJPURA R2 - FEEDER WAREHOUSE,rajpura,rajpura,"10315341",396,98,83.74626721567515,42.68877580862139,1.1702014102624614,5.898770374180163,"43886010062987",Scheduled,48,48,1560.0
agra-10216709,CPC-AGRA2,agra,agra,"10216709",62,0,1.6848261624111704,3.743894766201166,0.0,36.799048699048704,"","",0,0,0.0
kundli-10265740,KUNDLI - FEEDER WAREHOUSE,kundli,kundli,"10265740",121,94,38.94709593916841,36.75093679740195,2.4135303989498698,5.520308891215128,"2011710095829",Scheduled,180,180,6804.0
bhopal-10199527,BHOPAL B1 - FEEDER WAREHOUSE,bhopal,bhopal,"10199527",319,55,28.162776008971505,26.61697132652447,1.9529324801816148,13.27994086523498,"","",0,0,0.0
gurgaon-10315543,CPC - GURGAON3 (HP),gurgaon,gurgaon,"10315543",19,3,0.6496995675303303,1.8337414075286418,4.6175188501413755,33.861804901036756,"","",0,0,0.0
ranchi-10216726,RANCHI R2 - FEEDER WAREHOUSE,ranchi,ranchi,"10216726",345,109,46.63096237817811,53.3869660819058,2.3375026900797726,9.736020378864373,"51024410015429",Scheduled,144,144,3744.0
kolkata-10315341,KOLKATA K5 - FEEDER WAREHOUSE,kolkata,kolkata,"10315341",51,61,2.4417501317870323,3.8989898989898992,24.982081174438687,45.868739205526765,"27845210026389",Scheduled,48,48,1560.0
chennai-10258761,CPC-CHN3,chennai,chennai,"10258761",14,1,0.6896551724137931,0.2222222222222222,1.45,21.75,"","",0,0,0.0
junagadh-10216715,CPC -  JUNAGADH SONVATIKA(HP),junagadh,junagadh,"10216715",9,0,5.293023568251913,6.985413809907846,0.0,1.7003513934800714,"","",0,0,0.0
dehradun-10258187,CPC-DHD1-FRZ (HP),dehradun,dehradun,"10258187",4,0,0.0,0.2340676845721221,0.0,0.0,"","",0,0,0.0
kundli-10252336,KUNDLI - FEEDER WAREHOUSE,kundli,kundli,"10252336",2,0,0.15158474965548924,0.3743353420772776,0.0,13.193939393939392,"2011710095298",Scheduled,48,48,97406.4
kolkata-10216726,KOLKATA K5 - FEEDER WAREHOUSE,kolkata,kolkata,"10216726",158,86,22.287390029325515,17.6624821229938,3.8586842105263157,10.947894736842105,"27845210026883",Scheduled,72,72,1872.0
junagadh-10324645,CPC -  JUNAGADH SONVATIKA(HP),junagadh,junagadh,"10324645",0,0,0.0,0.0,0.0,0.0,"","",0,0,0.0
mumbai-10297369,MUMBAI M12 - FEEDER WAREHOUSE,mumbai,mumbai,"10297369",83,2,8.857142857142858,8.857142857142858,0.22580645161290322,9.596774193548386,"50033210038659",Scheduled,20,20,20986.0
satara-10176797,CPC - SATARA POWAI NAKA(HP),satara,satara,"10176797",18,0,0.0,2.136421095211609,0.0,0.0,"","",0,0,0.0
rajpura-10216709,RAJPURA R2 - FEEDER WAREHOUSE,rajpura,rajpura,"10216709",23,0,0.10940429626046558,7.955776378177478,0.0,210.22940401940411,"43886010069972",Scheduled,576,576,14976.0
bengaluru-10216722,BENGALURU B5 - FEEDER WAREHOUSE,bengaluru,bengaluru,"10216722",83,815,0.5384023395413268,36.4375,1513.7378502001143,1667.8976558033162,"49990010078666",Scheduled,72,72,1872.0
pune-10315547,PUNE P3 - FEEDER WAREHOUSE,pune,pune,"10315547",98,20,15.063701470033923,15.891428571428571,1.3276949254328896,7.833400060054049,"43886110063916",Scheduled,48,48,1560.0
dasna-10315546,DASNA D3 - FEEDER WAREHOUSE,dasna,dasna,"10315546",55,265,13.707725863850305,14.914889928930492,19.332163674125685,23.344499531019697,"2576310067486",Scheduled,96,96,3120.0
lucknow-10249578,LUCKNOW L5 - FEEDER WAREHOUSE,lucknow,lucknow,"10249578",104,2,5.308948281611176,3.6080298199128755,0.37672244932720156,19.966289814341682,"2940310044047",Scheduled,24,24,18463.2
goa-10252336,GOA G2 - FEEDER WAREHOUSE,goa,goa,"10252336",11,1,0.7922867323412282,2.318611987381704,1.2621693121693123,15.146031746031747,"41315210040426",Scheduled,12,12,24351.6
farukhnagar-10258761,FARUKHNAGAR F2 - FEEDER WAREHOUSE,farukhnagar,farukhnagar,"10258761",217,23,16.0270087778528,12.787988860636881,1.4350775193798453,14.974721941354906,"5383910068267",Scheduled,36,36,6804.0
puducherry-10216715,CPC - PUDUCHERRY VENKATA NAGAR (HP),puducherry,puducherry,"10216715",0,0,1.2602437067266459,2.4947906463956593,0.0,0.0,"","",0,0,0.0
noida-10315586,NOIDA N1 - FEEDER WAREHOUSE,noida,noida,"10315586",84,4,1.4196428571428572,1.34772119710504,2.8176100628930816,61.9874213836478,"","",0,0,0.0
bengaluru-10260300,BENGALURU B3 - FEEDER WAREHOUSE,bengaluru,bengaluru,"10260300",114,2,16.39474731396737,12.443370582905468,0.12199029126213594,7.075436893203884,"1736010088491",Scheduled,36,36,6804.0
gurgaon-10265740,CPC - GURGAON (HP),gurgaon,gurgaon,"10265740",47,0,0.9616566898560102,1.5909496449091751,0.0,48.87399057873487,"","",0,0,0.0
kolkata-10216715,KOLKATA K6 - FEEDER WAREHOUSE,kolkata,kolkata,"10216715",157,3,37.874311629413675,38.55338820611117,0.0792093604064387,4.22449922167673,"48287510055768",Scheduled,72,72,1872.0
surat-10315546,SURAT S2 - FEEDER WAREHOUSE,surat,surat,"10315546",45,1,18.044124975460953,21.369169270746895,0.055419700393338364,2.5493062180935646,"51076110004079",Scheduled,144,144,4680.0
delhi-10216726,CPC - DELHI4 (HP),delhi,delhi,"10216726",791,149,118.00814663951118,15.30202850774504,1.2626246936591767,7.9655517586552085,"","",0,0,0.0
mumbai-10265737,MUMBAI M11 - FEEDER WAREHOUSE,mumbai,mumbai,"10265737",130,10,12.750885478158205,9.959758551307846,0.7842592592592593,10.97962962962963,"5625710056845",Scheduled,36,36,6804.0
noida-10176795,CPC-NOIDA2-FRZ(HP),noida,noida,"10176795",29,0,4.3034920634920635,4.927361760532254,0.0,6.738713484803777,"","",0,0,0.0
delhi-10292367,CPC-DEL5,delhi,delhi,"10292367",29,5,1.3423322657558614,2.658905698817227,3.724860176242968,25.32904919845218,"","",0,0,0.0
jaipur-10315547,JAIPUR J3 - FEEDER WAREHOUSE,jaipur,jaipur,"10315547",89,0,13.109690670375368,25.159749068019963,0.0,6.788871090690019,"6478710071825",Scheduled,144,144,4680.0
dehradun-10216722,CPC-DHD1-FRZ (HP),dehradun,dehradun,"10216722",32,8,5.364216549295776,6.610953841981251,1.4913641025641022,7.456820512820511,"","",0,0,0.0
chennai-10216722,CHENNAI C5 - FEEDER WAREHOUSE,chennai,chennai,"10216722",208,20,13.740608138772629,12.94997421351212,1.4555396528312965,16.59315204227678,"8525210065574",Scheduled,288,288,7488.0
kolkata-10260300,KOLKATA K4 - FEEDER WAREHOUSE,kolkata,kolkata,"10260300",121,0,3.0650406504065035,4.051948051948052,0.0,39.477453580901866,"2135610070184",Scheduled,36,36,6804.0
kundli-10249576,KUNDLI - FEEDER WAREHOUSE,kundli,kundli,"10249576",12,0,5.074486659791498,4.634650590240513,0.0,2.3647712181576725,"2011710094041",Scheduled,12,12,23511.6
bengaluru-10324645,BENGALURU B3 - FEEDER WAREHOUSE,bengaluru,bengaluru,"10324645",8,0,16.857142857142858,16.857142857142858,0.0,0.4745762711864407,"1736010087559",Scheduled,144,144,12060.0
coimbatore-10315341,COIMBATORE C1 - FEEDER WAREHOUSE,coimbatore,coimbatore,"10315341",144,11,11.612665684830633,7.335443872839995,0.9472415979708307,13.347495244134432,"2883810040184",Scheduled,48,48,1560.0
noida-10325396,CPC-NOIDA2-FRZ(HP),noida,noida,"10325396",6,0,0.9424603174603173,0.5815555079428241,0.0,6.366315789473685,"","",0,0,0.0
delhi-10297369,CPC - DELHI MUNDKA (HP),delhi,delhi,"10297369",0,0,0.0,0.6240420407269542,0.0,0.0,"","",0,0,0.0
delhi-10216709,CPC - DELHI MUNDKA (HP),delhi,delhi,"10216709",19,4,1.772319440025453,3.206008676321413,2.2569294844176366,12.97734453540141,"","",0,0,0.0
kolkata-10265737,KOLKATA K4 - FEEDER WAREHOUSE,kolkata,kolkata,"10265737",65,0,0.0,5.301204819277108,0.0,0.0,"2135610067276",Scheduled,36,36,6804.0
bhopal-10176797,BHOPAL B1 - FEEDER WAREHOUSE,bhopal,bhopal,"10176797",508,36,108.11955874948504,95.22334024371744,0.33296473289733497,5.031467074893062,"27828910034507",Scheduled,180,180,6804.0
mumbai-10199527,MUMBAI M12 - FEEDER WAREHOUSE,mumbai,mumbai,"10199527",135,180,16.061386681282546,29.308214676889378,11.207002457002455,19.612254299754298,"50033210040195",Scheduled,180,180,6804.0
pune-10315546,PUNE P3 - FEEDER WAREHOUSE,pune,pune,"10315546",179,78,30.052756372258443,30.338551859099805,2.5954358074123753,8.551628237243339,"43886110066159",Scheduled,144,144,4680.0
farukhnagar-10260300,FARUKHNAGAR F2 - FEEDER WAREHOUSE,farukhnagar,farukhnagar,"10260300",219,22,17.032720753025547,15.600419507079183,1.2916315789473685,14.149236842105266,"5383910068267",Scheduled,36,36,6804.0
dasna-10216722,DASNA D3 - FEEDER WAREHOUSE,dasna,dasna,"10216722",176,17,39.29896186250466,39.8874536385727,0.43258140150057717,4.911071205271258,"2576310066675",Scheduled,216,216,5616.0
rajpura-10260300,RAJPURA R2 - FEEDER WAREHOUSE,rajpura,rajpura,"10260300",144,9,14.861841202044085,8.959366733626364,0.605577726046632,10.294821342792742,"43886010068445",Scheduled,36,36,6804.0
guwahati-10265740,GUWAHATI G2 - FEEDER WAREHOUSE,guwahati,guwahati,"10265740",145,70,11.556197199687347,14.590140234205577,6.057355961517674,18.60473616751857,"51894410003549",Scheduled,180,180,6804.0
hyderabad-10249574,HYDERABAD H3 - FEEDER WAREHOUSE,hyderabad,hyderabad,"10249574",2,0,7.142857142857143,7.142857142857143,0.0,0.27999999999999997,"6769710095686",Scheduled,72,72,146109.6
morbi-10252336,CPC - MORBI SANALA ROAD(HP),morbi,morbi,"10252336",2,0,0.0,0.0,0.0,0.0,"","",0,0,0.0
patna-10260300,PATNA P2 - FEEDER WAREHOUSE,patna,patna,"10260300",25,0,0.0,1.6370935892008307,0.0,0.0,"50283910015103",Scheduled,36,36,6804.0
noida-10216726,NOIDA N1 - FEEDER WAREHOUSE,noida,noida,"10216726",411,225,101.39205702647654,112.76929704620802,2.2191087408478722,6.272680707463318,"2867410093603",Scheduled,144,144,3744.0
goa-10176797,GOA G2 - FEEDER WAREHOUSE,goa,goa,"10176797",477,88,41.99533116675058,60.308115487687715,2.0954710334484323,13.45387652157232,"41315210039472",Scheduled,180,180,6804.0
delhi-10292367,CPC - DELHI MUNDKA (HP),delhi,delhi,"10292367",35,0,8.109924105608329,4.2542491181075635,0.0,4.3157000662677145,"","",0,0,0.0
chennai-10291038,CHENNAI C5 - FEEDER WAREHOUSE,chennai,chennai,"10291038",101,83,2.484261501210654,2.7142857142857144,33.41033138401559,74.06627680311891,"","",0,0,0.0
ranchi-10258333,RANCHI R1 - FEEDER WAREHOUSE,ranchi,ranchi,"10258333",20,1,0.4036893812709029,0.8453247250642885,2.477152103559871,52.02019417475729,"","",0,0,0.0
farukhnagar-10324645,FARUKHNAGAR F2 - FEEDER WAREHOUSE,farukhnagar,farukhnagar,"10324645",174,0,52.331515812431846,37.59428571428572,0.0,3.3249562390597647,"5383910069131",Scheduled,288,288,24120.0
bengaluru-10249576,BENGALURU B5 - FEEDER WAREHOUSE,bengaluru,bengaluru,"10249576",30,13,8.884615384615385,10.256756756756756,1.4632034632034632,4.83982683982684,"49990010071488",Scheduled,120,120,235116.0
kundli-10216709,KUNDLI - FEEDER WAREHOUSE,kundli,kundli,"10216709",85,31,27.712631244034355,27.396801415837526,1.1186234799221135,4.185816892611779,"2011710093411",Scheduled,144,144,3744.0
aurangabad-(maharashtra)-10324645,CC-DTS-CHITEGAON1,aurangabad,aurangabad-(maharashtra),"10324645",0,0,1.898617511520737,0.33988725422796634,0.0,0.0,"","",0,0,0.0
bengaluru-10265737,BENGALURU B3 - FEEDER WAREHOUSE,bengaluru,bengaluru,"10265737",162,34,7.453924914675769,9.083276912660796,4.561355311355311,26.294871794871792,"1736010088344",Scheduled,36,36,6804.0
mumbai-10258761,MUMBAI M11 - FEEDER WAREHOUSE,mumbai,mumbai,"10258761",107,4,12.105263157894736,7.899159663865546,0.3304347826086957,9.169565217391305,"5625710057139",Scheduled,36,36,6804.0
noida-10249577,CPC-NOIDA2-FRZ(HP),noida,noida,"10249577",6,0,0.4326663061114116,0.7877892663712457,0.0,13.8675,"","",0,0,0.0
pune-10258333,PUNE P3 - FEEDER WAREHOUSE,pune,pune,"10258333",67,0,3.9459261965655825,3.401360544217687,0.0,16.979537037037037,"43886110066159",Scheduled,36,36,6804.0
lucknow-10216722,SUPER STORE LUCKNOW L4 - WAREHOUSE,lucknow,lucknow,"10216722",60,0,4.427607310529846,11.333063729110718,0.0,13.551337278106507,"1735810061288",Scheduled,72,72,1872.0
bengaluru-10315546,BENGALURU B5 - FEEDER WAREHOUSE,bengaluru,bengaluru,"10315546",87,706,38.26860564585116,51.999341672152745,18.44854256080114,20.721946530758224,"49990010078666",Scheduled,96,96,3120.0
noida-10265737,CPC-NOIDA2-FRZ(HP),noida,noida,"10265737",10,1,0.0949411931415616,0.35180863477246205,10.532835820895519,115.86119402985071,"","",0,0,0.0
nagpur-10258761,NAGPUR N1 - FEEDER WAREHOUSE,nagpur,nagpur,"10258761",109,66,17.152899824253076,13.301649426894047,3.8477459016393443,10.20235655737705,"","",0,0,0.0
dasna-10265737,SUPER STORE DASNA 2 - WAREHOUSE,dasna,dasna,"10265737",84,25,5.063530300883284,5.2771295215869305,4.9372667910447765,21.526483208955224,"1724010051917",Scheduled,36,36,6804.0
visakhapatnam-10216726,VISAKHAPATNAM V1 - FEEDER WAREHOUSE,visakhapatnam,visakhapatnam,"10216726",248,65,49.49040818438714,44.276140210013,1.3133858132232117,6.324457839059465,"2888510043182",Scheduled,72,72,1872.0
visakhapatnam-10315341,VISAKHAPATNAM V1 - FEEDER WAREHOUSE,visakhapatnam,visakhapatnam,"10315341",58,0,4.780333056124623,8.426875224559028,0.0,12.13304581899156,"2888510043803",Scheduled,48,48,1560.0
surat-10315341,SURAT S2 - FEEDER WAREHOUSE,surat,surat,"10315341",17,0,3.875945721182127,5.174397067711684,0.0,4.386026333417063,"51076110004621",Scheduled,96,96,3120.0
dasna-10199527,SUPER STORE DASNA 2 - WAREHOUSE,dasna,dasna,"10199527",222,98,13.520711874808226,13.747917407663937,7.24813907044299,23.667392883079152,"1724010051605",Scheduled,180,180,6804.0
agra-10258333,CPC-AGRA2,agra,agra,"10258333",20,0,0.26912625418060193,0.9862121792416698,0.0,74.31456310679614,"","",0,0,0.0
ranchi-10216709,RANCHI R2 - FEEDER WAREHOUSE,ranchi,ranchi,"10216709",163,94,12.636196218083777,11.231684298603497,7.4389474789474805,20.33839895839896,"","",0,0,0.0
ranchi-10176793,RANCHI R2 - FEEDER WAREHOUSE,ranchi,ranchi,"10176793",153,115,15.845475537247268,11.556443859737893,7.257592221178501,16.91334535022468,"","",0,0,0.0
gurgaon-10298083,CPC - GURGAON3 (HP),gurgaon,gurgaon,"10298083",0,0,0.0,0.1134102666136092,0.0,0.0,"","",0,0,0.0
rajpura-10249577,RAJPURA R2 - FEEDER WAREHOUSE,rajpura,rajpura,"10249577",129,6,10.435717485441241,10.113712374581937,0.574948489010989,12.936341002747254,"43886010068367",Scheduled,18,18,13847.4
noida-10315543,NOIDA N1 - FEEDER WAREHOUSE,noida,noida,"10315543",173,20,19.490987025909906,23.100378770166007,1.0261153000314172,9.902012645303174,"2867410094941",Scheduled,48,48,1560.0
bidar-10324645,CPC - BIDAR DEVI NAGAR (HP),bidar,bidar,"10324645",0,1,0.0,0.0,0.0,0.0,"","",0,0,0.0
coimbatore-10315546,CPC - COIMBATORE1 (HP),coimbatore,coimbatore,"10315546",4,0,0.0,0.0,0.0,0.0,"","",0,0,0.0
ahmedabad-10291038,AHMEDABAD A2 - FEEDER WAREHOUSE,ahmedabad,ahmedabad,"10291038",0,0,0.0,0.0,0.0,0.0,"","",0,0,0.0
ranchi-10315341,RANCHI R1 - FEEDER WAREHOUSE,ranchi,ranchi,"10315341",38,29,6.692466278574473,5.588348833128619,4.333230649639842,10.011257018133428,"","",0,0,0.0
kolkata-10297369,KOLKATA K5 - FEEDER WAREHOUSE,kolkata,kolkata,"10297369",24,0,2.295081967213115,0.6896551724137931,0.0,10.457142857142856,"27845210027233",Scheduled,20,20,20986.0
nellore-10292367,CPC - NELLORE RAMALINGA PURAM (HP),nellore,nellore,"10292367",9,0,1.2701572617946346,1.7060297011987835,0.0,7.085736759307813,"","",0,0,0.0
agra-10249574,CPC-AGRA2,agra,agra,"10249574",3,0,0.0,0.5091937765205091,0.0,0.0,"","",0,0,0.0
ahmedabad-10216709,AHMEDABAD A2 - FEEDER WAREHOUSE,ahmedabad,ahmedabad,"10216709",240,137,64.32972620115376,45.301126671034105,2.129653087153088,5.86043221793222,"2738110068530",Scheduled,72,72,1872.0
lucknow-10176797,LUCKNOW L5 - FEEDER WAREHOUSE,lucknow,lucknow,"10176797",529,208,75.1495399826063,124.21762653587501,2.7678146805441863,9.807112594043582,"2940310043312",Scheduled,180,180,6804.0
goa-10176793,GOA G2 - FEEDER WAREHOUSE,goa,goa,"10176793",259,134,17.1770281034025,14.90613773212569,7.801116653785803,22.879394365207617,"","",0,0,0.0
bidar-10216715,CPC - BIDAR DEVI NAGAR (HP),bidar,bidar,"10216715",12,0,0.16336492494604668,2.1344319974718418,0.0,73.4551801983391,"","",0,0,0.0
chennai-10176794,CHENNAI C5 - FEEDER WAREHOUSE,chennai,chennai,"10176794",217,56,3.4664433852891925,9.919860627177702,16.154886659234485,78.75507246376812,"","",0,0,0.0
faridabad-10249574,FARIDABAD - FEEDER WAREHOUSE,faridabad,faridabad,"10249574",40,147,65.62477341389727,56.00266013300665,2.240007734165677,2.849533648224365,"49060410073252",Scheduled,108,108,219164.4
chennai-10249578,CPC-CHN3,chennai,chennai,"10249578",11,0,0.058309037900874626,0.13186813186813184,0.0,188.65000000000003,"","",0,0,0.0
dehradun-10252336,CPC-DHD1-FRZ (HP),dehradun,dehradun,"10252336",1,0,0.0,0.14195583596214512,0.0,0.0,"","",0,0,0.0
dehradun-10291036,CPC-DHD1-FRZ (HP),dehradun,dehradun,"10291036",2,0,0.2469161991027014,0.4282403149258673,0.0,8.099914089347081,"","",0,0,0.0
mumbai-10176795,MUMBAI M12 - FEEDER WAREHOUSE,mumbai,mumbai,"10176795",281,235,73.93692917456487,86.08381422775494,3.178384639767304,6.9789211664677815,"50033210034102",Scheduled,180,180,6804.0
indore-10216722,INDORE I2 - FEEDER WAREHOUSE,indore,indore,"10216722",163,55,21.615805946791866,17.05626091231163,2.544434389140271,10.085212669683257,"50993810015362",Scheduled,72,72,1872.0
mumbai-10315341,MUMBAI M12 - FEEDER WAREHOUSE,mumbai,mumbai,"10315341",11,0,13.339432753888381,13.057169634489222,0.0,0.8246227709190672,"50033210033504",Scheduled,96,96,3120.0
chennai-10176794,CPC-CHN3,chennai,chennai,"10176794",21,1,0.22607239469277343,0.13588850174216027,4.423361823361823,97.3139601139601,"","",0,0,0.0
chennai-10249576,CPC-CHN3,chennai,chennai,"10249576",1,0,0.0,0.0,0.0,0.0,"","",0,0,0.0
dehradun-10265737,DEHRADUN - FEEDER WAREHOUSE,dehradun,dehradun,"10265737",57,1,2.8814869295304106,8.03892814291428,0.3470430456413584,20.128496647198787,"2173110040238",Scheduled,36,36,6804.0
ahmedabad-10199527,CPC - AHMEDABAD2 (HP),ahmedabad,ahmedabad,"10199527",6,0,0.2980187937457302,0.0,0.0,20.132958477508648,"","",0,0,0.0
lucknow-10216715,LUCKNOW L5 - FEEDER WAREHOUSE,lucknow,lucknow,"10216715",868,874,203.87942633266624,251.08681861168756,4.286847455485335,8.54426575223736,"2940310043566",Scheduled,144,144,3744.0
farukhnagar-10249578,FARUKHNAGAR - SR FEEDER WAREHOUSE,farukhnagar,farukhnagar,"10249578",5,0,0.8691363319573259,1.1633514165159737,0.0,5.7528374043918085,"1735210076297",Scheduled,48,48,36926.4
pune-10216715,PUNE P3 - FEEDER WAREHOUSE,pune,pune,"10216715",393,57,179.79345410718992,201.70713263846307,0.31703045187628204,2.5028719884969637,"43886110068251",Scheduled,288,288,7488.0
hyderabad-10216722,SUPER STORE HYDERABAD H2 - WAREHOUSE,hyderabad,hyderabad,"10216722",0,3,0.0,0.0,0.0,0.0,"","",0,0,0.0
ranchi-10315546,RANCHI R2 - FEEDER WAREHOUSE,ranchi,ranchi,"10315546",131,48,21.395176756617992,20.98063892036968,2.2434963050797214,8.366371637693128,"51024410015429",Scheduled,144,144,4680.0
"",RAIPUR - FEEDER WAREHOUSE,raipur,raipur,"10258761",0,0,0.0,0.0,0.0,0.0,"52221610000014",Scheduled,36,36,6804.0
surat-10252336,SURAT S2 - FEEDER WAREHOUSE,surat,surat,"10252336",13,0,0.0,0.8517350157728708,0.0,0.0,"51076110004621",Scheduled,12,12,24351.6
hyderabad-10216709,HYDERABAD H3 - FEEDER WAREHOUSE,hyderabad,hyderabad,"10216709",294,121,24.714285714285715,24.714285714285715,4.895953757225433,16.791907514450866,"6769710094450",Scheduled,72,72,1872.0
noida-10216722,CPC-NOIDA2-FRZ(HP),noida,noida,"10216722",22,0,1.2280925582032707,1.7284563243381506,0.0,17.913959215082727,"","",0,0,0.0
ranchi-10176797,RANCHI R1 - FEEDER WAREHOUSE,ranchi,ranchi,"10176797",126,7,15.787718483740822,30.17149791604967,0.44338262094102054,8.42426979787939,"2896610024842",Scheduled,180,180,6804.0
jamnagar-10249576,CPC - JAMNAGAR KHODIYAR COLONY (HP),jamnagar,jamnagar,"10249576",2,0,0.0,0.0,0.0,0.0,"","",0,0,0.0
mumbai-10216722,MUMBAI M12 - FEEDER WAREHOUSE,mumbai,mumbai,"10216722",129,291,80.14165224913495,73.68269976726144,3.631070633475005,5.240720501922688,"50033210038659",Scheduled,72,72,1872.0
bhopal-10265791,BHOPAL B1 - FEEDER WAREHOUSE,bhopal,bhopal,"10265791",9,0,0.0,0.23209876543209876,0.0,0.0,"","",0,0,0.0
bengaluru-10315543,BENGALURU B5 - FEEDER WAREHOUSE,bengaluru,bengaluru,"10315543",272,100,28.84549356223176,33.37031994554118,3.4667460199375095,12.896295194167536,"49990010081779",Scheduled,144,144,4680.0
bengaluru-10265791,BENGALURU B5 - FEEDER WAREHOUSE,bengaluru,bengaluru,"10265791",8,0,0.0,0.7142857142857143,0.0,0.0,"","",0,0,0.0
goa-10324645,CPC-GOA2-FRZ (HP),goa,goa,"10324645",0,1,2.2150537634408596,0.1982675649663137,0.4514563106796118,0.4514563106796118,"","",0,0,0.0
kolkata-10315546,KOLKATA K6 - FEEDER WAREHOUSE,kolkata,kolkata,"10315546",76,5,5.077262693156732,9.695278195488722,0.9847826086956523,15.953478260869568,"48287510055768",Scheduled,48,48,1560.0
pune-10315341,PUNE P3 - FEEDER WAREHOUSE,pune,pune,"10315341",26,0,10.12987012987013,10.392017106200997,0.0,2.566666666666667,"43886110067295",Scheduled,48,48,1560.0
mumbai-10315546,MUMBAI M12 - FEEDER WAREHOUSE,mumbai,mumbai,"10315546",101,145,61.59479826971733,60.189612744463155,2.3540948923163905,3.993843748343669,"50033210034102",Scheduled,240,240,7800.0
puducherry-10249578,CPC - PUDUCHERRY VENKATA NAGAR (HP),puducherry,puducherry,"10249578",1,0,0.0,0.13877037768895675,0.0,0.0,"","",0,0,0.0
mumbai-10315546,MUMBAI M11 - FEEDER WAREHOUSE,mumbai,mumbai,"10315546",356,236,51.220937508501784,47.26427923844062,4.607490832451634,11.557773613607488,"5625710056407",Scheduled,96,96,3120.0
aurangabad-(maharashtra)-10315543,CC-DTS-CHITEGAON1,aurangabad,aurangabad-(maharashtra),"10315543",3,0,0.1755262511262184,0.36006216658965856,0.0,17.09146056929538,"","",0,0,0.0
farukhnagar-10216722,FARUKHNAGAR - SR FEEDER WAREHOUSE,farukhnagar,farukhnagar,"10216722",92,277,75.45400677600895,66.61204757641642,3.671110545822913,4.890396358876011,"1735210075753",Scheduled,72,72,1872.0
dasna-10176794,SUPER STORE DASNA 2 - WAREHOUSE,dasna,dasna,"10176794",114,1,9.569306714429253,11.959996078046867,0.10450077835755142,12.017589511118414,"","",0,0,0.0
surat-10176797,SURAT S2 - FEEDER WAREHOUSE,surat,surat,"10176797",288,456,74.59696983567538,73.24872326439804,6.112848832928355,9.973595464251527,"51076110004079",Scheduled,180,180,6804.0
satara-10258761,CPC - SATARA POWAI NAKA(HP),satara,satara,"10258761",1,0,0.0,0.1461719717241104,0.0,0.0,"","",0,0,0.0
dasna-10265737,SUPER STORE DASNA 2 - WAREHOUSE,dasna,dasna,"10265737",84,25,5.063530300883284,5.2771295215869305,4.9372667910447765,21.526483208955224,"1724010050564",Scheduled,36,36,6804.0
vijayawada-10265737,VIJAYAWADA - FEEDER WAREHOUSE,vijayawada,vijayawada,"10265737",53,50,8.118276218850896,9.244767364351421,6.1589429396228725,12.687422455623118,"51388610012846",Scheduled,36,36,6804.0
dasna-10216722,DASNA D3 - FEEDER WAREHOUSE,dasna,dasna,"10216722",176,17,39.29896186250466,39.8874536385727,0.43258140150057717,4.911071205271258,"2576310067486",Scheduled,144,144,3744.0
farukhnagar-10315546,FARUKHNAGAR F2 - FEEDER WAREHOUSE,farukhnagar,farukhnagar,"10315546",262,22,87.35315501473234,76.73051366499105,0.2518512353250394,3.2511704923777813,"5383910069131",Scheduled,672,672,21840.0
pune-10258187,PUNE P3 - FEEDER WAREHOUSE,pune,pune,"10258187",64,0,0.0,0.48000000000000004,0.0,0.0,"","",0,0,0.0
hyderabad-10216715,HYDERABAD H4 - FEEDER WAREHOUSE,hyderabad,hyderabad,"10216715",0,243,0.0,0.0,0.0,0.0,"","",0,0,0.0
mumbai-10176797,MUMBAI M10 - FEEDER WAREHOUSE,mumbai,mumbai,"10176797",563,428,172.95667351925837,134.1320547025131,2.474608185340377,5.729758672131574,"2273910097234",Scheduled,180,180,6804.0
dasna-10258761,DASNA D3 - FEEDER WAREHOUSE,dasna,dasna,"10258761",52,40,1.3045239702903442,2.469225491383138,30.66252587991719,70.52380952380953,"2576310065808",Scheduled,36,36,6804.0
mangalore-10249577,CPC - MANGALORE ATTAVAR(HP),mangalore,mangalore,"10249577",0,0,0.0,0.0,0.0,0.0,"","",0,0,0.0
goa-10265791,GOA G2 - FEEDER WAREHOUSE,goa,goa,"10265791",4,0,0.0,0.0,0.0,0.0,"","",0,0,0.0
surat-10315547,SURAT S1 - FEEDER WAREHOUSE,surat,surat,"10315547",170,219,7.330149622145367,2.272493464208255,29.8766070665695,53.06849383057322,"2873410039254",Scheduled,48,48,1560.0
satara-10315341,CPC - SATARA POWAI NAKA(HP),satara,satara,"10315341",4,0,0.15073122249041604,0.0,0.0,26.537302185380554,"","",0,0,0.0
dasna-10176797,DASNA D3 - FEEDER WAREHOUSE,dasna,dasna,"10176797",320,645,114.70727388625258,120.97226034375666,5.623008708581138,8.412718455474106,"2576310067807",Scheduled,360,360,13608.0
rajpura-10176797,RAJPURA R2 - FEEDER WAREHOUSE,rajpura,rajpura,"10176797",531,204,152.73038861170866,114.14592708702028,1.3356870355292274,4.812401819186187,"43886010062987",Scheduled,180,180,6804.0
kolkata-10292367,KOLKATA K6 - FEEDER WAREHOUSE,kolkata,kolkata,"10292367",170,70,19.82510194834617,16.499647141848975,3.5308771769438225,12.105864606664534,"","",0,0,0.0
bengaluru-10324645,BENGALURU B3 - FEEDER WAREHOUSE,bengaluru,bengaluru,"10324645",8,0,16.857142857142858,16.857142857142858,0.0,0.4745762711864407,"1736010087973",Scheduled,144,144,12060.0
goa-10176797,GOA G2 - FEEDER WAREHOUSE,goa,goa,"10176797",477,88,41.99533116675058,60.308115487687715,2.0954710334484323,13.45387652157232,"41315210040395",Scheduled,180,180,6804.0
bengaluru-10216715,BENGALURU B3 - FEEDER WAREHOUSE,bengaluru,bengaluru,"10216715",776,292,249.91493515548737,202.04762986275597,1.1683975582264778,4.2734540828283505,"1736010088491",Scheduled,576,576,14976.0
gurgaon-10176795,CPC - GURGAON3 (HP),gurgaon,gurgaon,"10176795",116,0,15.607331216931218,10.347459697117735,0.0,7.432404578827694,"","",0,0,0.0
pune-10216722,PUNE P3 - FEEDER WAREHOUSE,pune,pune,"10216722",146,7,28.068131868131868,38.92902721708556,0.24939315636990056,5.451021846370684,"43886110067295",Scheduled,144,144,3744.0
delhi-10249577,CPC-DEL5,delhi,delhi,"10249577",9,0,0.2163331530557058,0.15755785327424915,0.0,41.6025,"","",0,0,0.0
dasna-10260300,DASNA D3 - FEEDER WAREHOUSE,dasna,dasna,"10260300",49,41,0.9412819363514119,2.045097011012061,43.55761904761905,95.61428571428571,"2576310067109",Scheduled,36,36,6804.0
vijayawada-10216709,VIJAYAWADA - FEEDER WAREHOUSE,vijayawada,vijayawada,"10216709",47,27,0.9572875922790739,3.5567000278911074,28.20469022869024,77.30174358974361,"51388610013167",Scheduled,72,72,1872.0
lucknow-10216709,LUCKNOW L5 - FEEDER WAREHOUSE,lucknow,lucknow,"10216709",180,32,19.91158191940474,27.517626531578568,1.6071048563356258,10.647069673223521,"2940310043566",Scheduled,72,72,1872.0
puducherry-10315547,CPC - PUDUCHERRY VENKATA NAGAR (HP),puducherry,puducherry,"10315547",0,0,0.36247992636982584,0.6956612645535474,0.0,0.0,"","",0,0,0.0
delhi-10258333,CPC-DEL5,delhi,delhi,"10258333",8,0,0.17979173446143837,0.4266958424507659,0.0,44.495927601809946,"","",0,0,0.0
kolkata-10298083,KOLKATA K5 - FEEDER WAREHOUSE,kolkata,kolkata,"10298083",25,14,0.5833333333333334,0.14285714285714285,24.0,66.85714285714285,"","",0,0,0.0
"",NOIDA N1 - FEEDER WAREHOUSE,noida,noida,"10291038",0,0,0.0,0.0,0.0,0.0,"2867410093168",Scheduled,50,50,4830.0
pune-10325396,PUNE P2 - FEEDER WAREHOUSE,pune,pune,"10325396",187,169,15.142857142857142,14.577825159914712,11.160377358490566,23.50943396226415,"","",0,0,0.0
jaipur-10176797,JAIPUR J3 - FEEDER WAREHOUSE,jaipur,jaipur,"10176797",868,219,125.10188126516225,162.36800323608233,1.7505731951049888,8.688918096251701,"6478710071825",Scheduled,360,360,13608.0
solapur-10216709,CPC - SOLAPUR MURARJI PETH(HP),solapur,solapur,"10216709",6,0,0.0,0.2674210547286547,0.0,0.0,"","",0,0,0.0
gurgaon-10258187,CPC - GURGAON (HP),gurgaon,gurgaon,"10258187",13,1,0.0,0.08632297334685972,0.0,0.0,"","",0,0,0.0
pune-10258333,PUNE P2 - FEEDER WAREHOUSE,pune,pune,"10258333",80,14,3.1969309462915603,3.7414965986394564,4.3792,29.4032,"1723710058323",Scheduled,36,36,6804.0
junagadh-10258187,CPC -  JUNAGADH SONVATIKA(HP),junagadh,junagadh,"10258187",3,0,0.0,0.0,0.0,0.0,"","",0,0,0.0
ahmedabad-10199527,AHMEDABAD A2 - FEEDER WAREHOUSE,ahmedabad,ahmedabad,"10199527",254,135,38.26561311695175,38.20318237454101,3.5279716958251144,10.165785108710885,"2738110068530",Scheduled,180,180,6804.0
rajpura-10249574,RAJPURA R2 - FEEDER WAREHOUSE,rajpura,rajpura,"10249574",43,1,14.785810507409073,17.029702970297027,0.0676324101068999,2.975826044703595,"43886010068367",Scheduled,36,36,73054.8
mangalore-10325396,CPC - MANGALORE ATTAVAR(HP),mangalore,mangalore,"10325396",0,0,0.0,1.1248876909254266,0.0,0.0,"","",0,0,0.0
ahmedabad-10176797,AHMEDABAD A2 - FEEDER WAREHOUSE,ahmedabad,ahmedabad,"10176797",600,254,261.36567949832926,223.10340294281238,0.9718184900463325,3.267452718502236,"2738110067259",Scheduled,180,180,6804.0
jaipur-10315547,JAIPUR J4 - FEEDER WAREHOUSE,jaipur,jaipur,"10315547",54,0,4.470585758561185,12.011751167957918,0.0,12.078954060234688,"49603310013756",Scheduled,96,96,3120.0
dasna-10249578,DASNA D3 - FEEDER WAREHOUSE,dasna,dasna,"10249578",37,3,0.9312174985257063,1.7450271247739604,3.2215889464594127,42.9545192861255,"2576310067807",Scheduled,96,96,73852.8
pune-10176797,PUNE P3 - FEEDER WAREHOUSE,pune,pune,"10176797",404,138,148.5691489361702,142.71746293245468,0.9288604060005013,3.6481328989295054,"43886110068251",Scheduled,180,180,6804.0
agra-10265740,CPC-AGRA2,agra,agra,"10265740",46,0,0.6003219324512907,3.3348891963898466,0.0,76.62555291319858,"","",0,0,0.0
gurgaon-10249576,CPC - GURGAON1 (HP),gurgaon,gurgaon,"10249576",0,1,0.0,0.4159301811754307,0.0,0.0,"","",0,0,0.0
jaipur-10315586,JAIPUR J3 - FEEDER WAREHOUSE,jaipur,jaipur,"10315586",114,2,0.7485406890236924,2.044480171489818,2.671865443425076,154.9681957186544,"","",0,0,0.0
hyderabad-10265737,HYDERABAD H3 - FEEDER WAREHOUSE,hyderabad,hyderabad,"10265737",237,69,15.428571428571429,15.428571428571429,4.472222222222222,19.833333333333332,"6769710095686",Scheduled,36,36,6804.0
farukhnagar-10315547,FARUKHNAGAR F2 - FEEDER WAREHOUSE,farukhnagar,farukhnagar,"10315547",272,10,54.13334981153063,48.23122597430315,0.1847290078078626,5.209358020181726,"5383910068267",Scheduled,96,96,3120.0
farukhnagar-10315546,FARUKHNAGAR - SR FEEDER WAREHOUSE,farukhnagar,farukhnagar,"10315546",23,0,39.107335552749404,37.79453400358236,0.0,0.588124955968344,"1735210075753",Scheduled,48,48,1560.0
visakhapatnam-10315586,VISAKHAPATNAM V1 - FEEDER WAREHOUSE,visakhapatnam,visakhapatnam,"10315586",41,10,0.5346719207312088,0.5006890215893431,18.703058103975536,95.38559633027522,"","",0,0,0.0
kolkata-10216715,KOLKATA K4 - FEEDER WAREHOUSE,kolkata,kolkata,"10216715",538,28,98.08017492711372,98.99515165182096,0.2854807306451852,5.7707890551848156,"2135610067276",Scheduled,144,144,3744.0
lucknow-10315543,SUPER STORE LUCKNOW L4 - WAREHOUSE,lucknow,lucknow,"10315543",86,67,4.8144343166048476,4.629370713295611,13.916484387151964,31.77943449603359,"","",0,0,0.0
noida-10176797,NOIDA N1 - FEEDER WAREHOUSE,noida,noida,"10176797",333,71,131.56172533465545,125.39807474657705,0.5396706361169731,3.070801929454326,"2867410093603",Scheduled,180,180,6804.0
kundli-10315341,KUNDLI - FEEDER WAREHOUSE,kundli,kundli,"10315341",88,230,24.760551437051124,22.31402429304683,9.288969213174843,12.84300960778087,"2011710093998",Scheduled,48,48,1560.0
surat-10291036,SURAT S2 - FEEDER WAREHOUSE,surat,surat,"10291036",14,0,0.0,0.4282403149258673,0.0,0.0,"51076110004621",Scheduled,48,48,36926.4
guwahati-10249576,GUWAHATI G1 - FEEDER WAREHOUSE,guwahati,guwahati,"10249576",0,4,0.0,0.0,0.0,0.0,"7165810032200",Scheduled,12,12,23511.6
farukhnagar-10265737,FARUKHNAGAR - SR FEEDER WAREHOUSE,farukhnagar,farukhnagar,"10265737",19,0,1.5823532190260265,1.7590431738623102,0.0,12.007432835820893,"1735210073345",Scheduled,72,72,13608.0
mumbai-10249574,MUMBAI M12 - FEEDER WAREHOUSE,mumbai,mumbai,"10249574",18,168,36.285714285714285,36.285714285714285,4.6299212598425195,5.125984251968504,"50033210033504",Scheduled,132,132,267867.6
ahmedabad-10315341,AHMEDABAD A2 - FEEDER WAREHOUSE,ahmedabad,ahmedabad,"10315341",41,22,31.653556722987368,30.839406523561635,0.6950245810456812,1.9902976639035415,"2738110069320",Scheduled,192,192,6240.0
mumbai-10216709,MUMBAI M11 - FEEDER WAREHOUSE,mumbai,mumbai,"10216709",277,159,35.97220760080008,23.994867408041067,4.420079016681299,12.120468247000293,"5625710056845",Scheduled,72,72,1872.0
ahmedabad-10292367,AHMEDABAD A2 - FEEDER WAREHOUSE,ahmedabad,ahmedabad,"10292367",335,249,101.61258094357076,84.16413192580666,2.4504839625939523,5.747319815883005,"2738110068008",Scheduled,288,288,22190.4
noida-10216709,CPC-NOIDA2,noida,noida,"10216709",44,6,2.9646070633153028,1.8215958388189843,2.023876983309294,16.86564152757745,"","",0,0,0.0
morbi-10315546,CPC - MORBI SANALA ROAD(HP),morbi,morbi,"10315546",0,8,0.3093278567221878,0.38853035037721634,25.862526850224565,25.862526850224565,"","",0,0,0.0
mumbai-10315543,MUMBAI M12 - FEEDER WAREHOUSE,mumbai,mumbai,"10315543",64,96,22.034086556874758,25.816573154941736,4.356885852844554,7.26147642140759,"50033210039849",Scheduled,48,48,1560.0
farukhnagar-10260300,FARUKHNAGAR F2 - FEEDER WAREHOUSE,farukhnagar,farukhnagar,"10260300",219,22,17.032720753025547,15.600419507079183,1.2916315789473685,14.149236842105266,"5383910067895",Scheduled,36,36,6804.0
pune-10249578,PUNE P3 - FEEDER WAREHOUSE,pune,pune,"10249578",38,0,4.737662337662338,4.4926108374384235,0.0,8.020833333333332,"43886110063916",Scheduled,48,48,36926.4
pune-10265740,PUNE P3 - FEEDER WAREHOUSE,pune,pune,"10265740",125,11,15.60892469786179,17.830755232029116,0.7047250347429026,8.71296406591225,"43886110066628",Scheduled,180,180,6804.0
chennai-10199527,CHENNAI C5 - FEEDER WAREHOUSE,chennai,chennai,"10199527",188,88,8.232271325796505,10.918032786885245,10.689637952559302,33.526591760299624,"","",0,0,0.0
indore-10258333,INDORE I2 - FEEDER WAREHOUSE,indore,indore,"10258333",57,34,0.9419418896321069,1.8080556619430614,36.09564493758669,96.60893203883496,"","",0,0,0.0
"",JAIPUR J4 - FEEDER WAREHOUSE,jaipur,jaipur,"10265737",0,0,0.0,0.0,0.0,0.0,"49603310013756",Scheduled,36,36,6804.0
gurgaon-10176794,CPC-GGN4,gurgaon,gurgaon,"10176794",66,2,1.3670438163470364,1.7604667124227864,1.4630108970057196,49.74237049819447,"","",0,0,0.0
mumbai-10258333,MUMBAI M11 - FEEDER WAREHOUSE,mumbai,mumbai,"10258333",101,44,6.026905829596412,3.5,7.300595238095238,24.058779761904763,"","",0,0,0.0
indore-10315341,INDORE I2 - FEEDER WAREHOUSE,indore,indore,"10315341",17,0,2.454765623415347,7.244155894796358,0.0,6.925304736974311,"50993810015083",Scheduled,96,96,3120.0
delhi-10252336,CPC - DELHI MUNDKA (HP),delhi,delhi,"10252336",0,0,0.45475424896646766,0.3275434243176179,0.0,0.0,"","",0,0,0.0
varanasi-10315586,VARANASI V2 - FEEDER WAREHOUSE,varanasi,varanasi,"10315586",89,9,1.4970813780473848,1.0013780431786863,6.011697247706421,65.46070336391436,"","",0,0,0.0
hyderabad-10249576,HYDERABAD H3 - FEEDER WAREHOUSE,hyderabad,hyderabad,"10249576",22,0,9.571428571428571,9.571428571428571,0.0,2.298507462686567,"6769710094450",Scheduled,60,60,117558.0
jamnagar-10315547,CPC - JAMNAGAR KHODIYAR COLONY (HP),jamnagar,jamnagar,"10315547",3,0,0.6766291958903417,0.38957030814998655,0.0,4.43374305782424,"","",0,0,0.0
satara-10216726,CPC - SATARA POWAI NAKA(HP),satara,satara,"10216726",13,7,4.399147394167746,6.493009388339896,1.5912174275588913,4.546335507311118,"","",0,0,0.0
mangalore-10249578,CPC - MANGALORE ATTAVAR(HP),mangalore,mangalore,"10249578",0,1,0.0,0.0,0.0,0.0,"","",0,0,0.0
mumbai-10249577,MUMBAI M10 - FEEDER WAREHOUSE,mumbai,mumbai,"10249577",73,1,9.224489795918366,8.4818401937046,0.10840707964601771,8.022123893805311,"2273910097633",Scheduled,30,30,23079.0
kundli-10176795,KUNDLI - FEEDER WAREHOUSE,kundli,kundli,"10176795",253,356,140.00694179894182,122.69130783725315,2.542731063372821,4.349784319084405,"2011710095829",Scheduled,540,540,20412.0
solapur-10258333,CPC - SOLAPUR KONARK NAGAR(HP),solapur,solapur,"10258333",3,0,0.13456312709030097,0.1643686965402783,0.0,22.294368932038843,"","",0,0,0.0
mumbai-10176797,MUMBAI M10 - FEEDER WAREHOUSE,mumbai,mumbai,"10176797",563,428,172.95667351925837,134.1320547025131,2.474608185340377,5.729758672131574,"2273910094389",Scheduled,180,180,6804.0
satara-10216722,CPC - SATARA POWAI NAKA(HP),satara,satara,"10216722",7,2,1.2715179968701098,4.4623938433373445,1.5729230769230766,7.078153846153845,"","",0,0,0.0
surat-10258761,CPC - SURAT1 (HP),surat,surat,"10258761",2,0,0.2827401069931826,0.0,0.0,7.07363387978142,"","",0,0,0.0
lucknow-10176795,SUPER STORE LUCKNOW L4 - WAREHOUSE,lucknow,lucknow,"10176795",213,107,18.86025503263641,19.728277400385277,5.673306104018406,16.966896759681212,"1735810061288",Scheduled,180,180,6804.0
ranchi-10258761,RANCHI R1 - FEEDER WAREHOUSE,ranchi,ranchi,"10258761",25,18,0.1413700534965913,0.2923439434482208,127.32540983606556,304.16625683060107,"","",0,0,0.0
mumbai-10315546,MUMBAI M12 - FEEDER WAREHOUSE,mumbai,mumbai,"10315546",101,145,61.59479826971733,60.189612744463155,2.3540948923163905,3.993843748343669,"50033210033504",Scheduled,192,192,6240.0
gurgaon-10199527,CPC - GURGAON (HP),gurgaon,gurgaon,"10199527",41,0,0.6259588830929733,3.689024504389823,0.0,65.49950980392157,"","",0,0,0.0
gurgaon-10315546,CPC-GGN4,gurgaon,gurgaon,"10315546",29,0,1.2095052232809091,3.551164268792974,0.0,23.976746393318148,"","",0,0,0.0
pune-10252336,PUNE P3 - FEEDER WAREHOUSE,pune,pune,"10252336",16,1,6.571428571428571,6.571428571428571,0.15217391304347827,2.5869565217391304,"43886110067829",Scheduled,72,72,146109.6
farukhnagar-10176795,FARUKHNAGAR F2 - FEEDER WAREHOUSE,farukhnagar,farukhnagar,"10176795",1369,700,227.7981798941799,289.96538488380213,3.0728954916372646,9.082601103139286,"5383910069131",Scheduled,360,360,13608.0
surat-10249577,SURAT S2 - FEEDER WAREHOUSE,surat,surat,"10249577",16,0,1.5768254442287588,1.421130544437743,0.0,10.146969696969698,"51076110004079",Scheduled,36,36,27694.8
kundli-10249577,KUNDLI - FEEDER WAREHOUSE,kundli,kundli,"10249577",48,59,8.004326663061116,5.829640571147218,7.371013513513511,13.367770270270267,"2011710095298",Scheduled,12,12,9231.6
coimbatore-10315341,CPC - COIMBATORE1 (HP),coimbatore,coimbatore,"10315341",4,0,0.0,0.0,0.0,0.0,"","",0,0,0.0
gurgaon-10315341,CPC - GURGAON3 (HP),gurgaon,gurgaon,"10315341",36,1,2.001785874885974,3.4388051136544773,0.49955392959147654,18.48349539488463,"","",0,0,0.0
bengaluru-10176793,BENGALURU B5 - FEEDER WAREHOUSE,bengaluru,bengaluru,"10176793",245,746,11.724476316286092,39.4522249051397,63.62757532835437,84.52403103270667,"49990010081779",Scheduled,360,360,13608.0
kundli-10315547,KUNDLI - FEEDER WAREHOUSE,kundli,kundli,"10315547",43,2,24.695544707409017,20.73096555035837,0.08098626791576585,1.8221910281047315,"2011710093411",Scheduled,48,48,1560.0
patna-10291036,PATNA P1 - FEEDER WAREHOUSE,patna,patna,"10291036",42,24,1.4403444947657584,1.4274677164195577,16.662680412371135,45.82237113402062,"","",0,0,0.0
bhopal-10258761,BHOPAL B1 - FEEDER WAREHOUSE,bhopal,bhopal,"10258761",61,0,0.8482203209795479,4.823675066895643,0.0,71.91527777777776,"27828910033803",Scheduled,36,36,6804.0
hyderabad-10291036,HYDERABAD H3 - FEEDER WAREHOUSE,hyderabad,hyderabad,"10291036",134,0,6.857142857142857,6.857142857142857,0.0,19.541666666666668,"6769710095686",Scheduled,72,72,55389.6
vijayawada-10176794,VIJAYAWADA - FEEDER WAREHOUSE,vijayawada,vijayawada,"10176794",159,18,10.970242152998011,10.293072737714015,1.6408024316109426,16.13455724417427,"51388610012846",Scheduled,180,180,6804.0
varanasi-10216715,VARANASI V2 - FEEDER WAREHOUSE,varanasi,varanasi,"10216715",738,105,108.80104001406708,128.8975167304424,0.9650643044076083,7.748087701101083,"51116810015115",Scheduled,216,216,7020.0
farukhnagar-10216726,FARUKHNAGAR F2 - FEEDER WAREHOUSE,farukhnagar,farukhnagar,"10216726",1557,823,208.43584521384923,231.36001798123212,3.948457133923512,11.418381505149403,"5383910069131",Scheduled,360,360,9360.0
lucknow-10216722,LUCKNOW L5 - FEEDER WAREHOUSE,lucknow,lucknow,"10216722",206,0,23.973412232655196,39.807386348501396,0.0,8.592852698682531,"2940310043143",Scheduled,72,72,1872.0
pune-10315546,PUNE P3 - FEEDER WAREHOUSE,pune,pune,"10315546",179,78,30.052756372258443,30.338551859099805,2.5954358074123753,8.551628237243339,"43886110063916",Scheduled,192,192,6240.0
hyderabad-10292367,HYDERABAD H4 - FEEDER WAREHOUSE,hyderabad,hyderabad,"10292367",0,144,0.0,0.0,0.0,0.0,"","",0,0,0.0
solapur-10258333,CPC - SOLAPUR KARNIK NAGAR (HP),solapur,solapur,"10258333",2,0,0.13456312709030097,0.0,0.0,14.862912621359227,"","",0,0,0.0
patna-10258333,PATNA P2 - FEEDER WAREHOUSE,patna,patna,"10258333",55,2,1.7300973483038695,2.5359741751928655,1.1560043149946067,32.94612297734629,"","",0,0,0.0
farukhnagar-10176793,FARUKHNAGAR - SR FEEDER WAREHOUSE,farukhnagar,farukhnagar,"10176793",51,0,18.809191536574588,24.668198405189894,0.0,2.7114403030470604,"1735210075435",Scheduled,180,180,6804.0
ahmedabad-10176793,AHMEDABAD A2 - FEEDER WAREHOUSE,ahmedabad,ahmedabad,"10176793",205,118,53.8479857753176,52.054242776906335,2.1913540181866535,5.998367354866857,"2738110067651",Scheduled,180,180,6804.0
mumbai-10315341,MUMBAI M11 - FEEDER WAREHOUSE,mumbai,mumbai,"10315341",14,0,4.3229643183897535,9.868791002811623,0.0,3.2385185185185184,"5625710053542",Scheduled,48,48,1560.0
dehradun-10249578,CPC-DDN1,dehradun,dehradun,"10249578",3,1,0.0,0.9713926438226973,0.0,0.0,"","",0,0,0.0
pune-10315586,PUNE P2 - FEEDER WAREHOUSE,pune,pune,"10315586",82,26,3.1199999999999997,2.7226890756302518,8.333333333333334,34.61538461538462,"","",0,0,0.0
"",PUNE P3 - FEEDER WAREHOUSE,pune,pune,"10324645",0,0,0.0,0.0,0.0,0.0,"43886110067295",Scheduled,144,144,12060.0
kolkata-10315546,KOLKATA K4 - FEEDER WAREHOUSE,kolkata,kolkata,"10315546",315,97,37.77483443708609,34.79675187969925,2.5678471248246844,10.906732117812062,"2135610069660",Scheduled,192,192,6240.0
vijayawada-10216715,VIJAYAWADA - FEEDER WAREHOUSE,vijayawada,vijayawada,"10216715",207,173,41.36399899633902,52.62345070130578,4.182380915716385,9.186732647238301,"51388610012598",Scheduled,72,72,1872.0
aurangabad-(maharashtra)-10216722,CC-DTS-CHITEGAON1,aurangabad,aurangabad-(maharashtra),"10216722",7,0,0.13244979134063642,0.7933144610377502,0.0,52.85021538461538,"","",0,0,0.0
farukhnagar-10199527,FARUKHNAGAR F2 - FEEDER WAREHOUSE,farukhnagar,farukhnagar,"10199527",493,141,34.552930346732126,43.62672457365356,4.080695865302643,18.348660841148053,"5383910069593",Scheduled,180,180,6804.0
hyderabad-10258761,HYDERABAD H4 - FEEDER WAREHOUSE,hyderabad,hyderabad,"10258761",0,36,0.0,0.0,0.0,0.0,"","",0,0,0.0
bhuj-10249578,CPC -  BHUJ CITY MALL (HP),bhuj,bhuj,"10249578",0,0,0.0,0.13877037768895675,0.0,0.0,"","",0,0,0.0
kolkata-10216726,KOLKATA K6 - FEEDER WAREHOUSE,kolkata,kolkata,"10216726",223,77,37.80896522832007,31.852852375655488,2.0365540166204985,7.934626038781163,"48287510054379",Scheduled,72,72,1872.0
lucknow-10176795,LUCKNOW L5 - FEEDER WAREHOUSE,lucknow,lucknow,"10176795",424,190,65.50115599172373,92.06529453513129,2.900712164896862,9.373880364456173,"2940310043312",Scheduled,180,180,6804.0
mumbai-10176795,MUMBAI M12 - FEEDER WAREHOUSE,mumbai,mumbai,"10176795",281,235,73.93692917456487,86.08381422775494,3.178384639767304,6.9789211664677815,"50033210039849",Scheduled,180,180,6804.0
vijayawada-10216722,VIJAYAWADA - FEEDER WAREHOUSE,vijayawada,vijayawada,"10216722",50,242,0.0,1.1899716915566252,0.0,0.0,"51388610011914",Scheduled,72,72,1872.0
dehradun-10216715,DEHRADUN - FEEDER WAREHOUSE,dehradun,dehradun,"10216715",668,485,117.13265118631547,129.46300261029208,4.140604648558166,9.843540535644465,"2173110040606",Scheduled,216,216,5616.0
guwahati-10258333,GUWAHATI G2 - FEEDER WAREHOUSE,guwahati,guwahati,"10258333",45,18,1.0380584089823217,1.1834546150900038,17.3400647249191,60.690226537216844,"","",0,0,0.0
jamnagar-10258187,CPC - JAMNAGAR KHODIYAR COLONY (HP),jamnagar,jamnagar,"10258187",1,0,0.0,0.11703384228606105,0.0,0.0,"","",0,0,0.0
visakhapatnam-10258187,VISAKHAPATNAM V1 - FEEDER WAREHOUSE,visakhapatnam,visakhapatnam,"10258187",49,13,0.642948992713245,0.4681353691442442,20.219333333333324,96.43066666666662,"","",0,0,0.0
mumbai-10315547,MUMBAI M11 - FEEDER WAREHOUSE,mumbai,mumbai,"10315547",242,85,37.54931815172779,31.74423579748039,2.263689573710377,8.708546948274039,"5625710056407",Scheduled,48,48,1560.0
bengaluru-10216726,BENGALURU B3 - FEEDER WAREHOUSE,bengaluru,bengaluru,"10216726",350,30,185.45679862306366,127.2885379627693,0.16176274055595155,2.0489947137087197,"1736010088344",Scheduled,792,792,20592.0
jamnagar-10216715,CPC - JAMNAGAR KHODIYAR COLONY (HP),jamnagar,jamnagar,"10216715",13,26,6.86132684773396,5.433099629928325,3.7893545340413026,5.684031801061954,"","",0,0,0.0
gurgaon-10291036,CPC - GURGAON (HP),gurgaon,gurgaon,"10291036",14,1,0.5932599844061337,0.29168559745570194,1.6856016355140184,25.284024532710276,"","",0,0,0.0
patna-10216722,PATNA P2 - FEEDER WAREHOUSE,patna,patna,"10216722",5,0,0.0,0.6610953841981251,0.0,0.0,"50283910015103",Scheduled,72,72,1872.0
kolkata-10249578,KOLKATA K4 - FEEDER WAREHOUSE,kolkata,kolkata,"10249578",89,0,2.1884498480243164,2.142857142857143,0.0,40.66805555555555,"","",0,0,0.0
surat-10216722,SURAT S2 - FEEDER WAREHOUSE,surat,surat,"10216722",97,113,24.9535406885759,27.369348905802383,4.528415482606565,8.415639392454679,"51076110004079",Scheduled,72,72,1872.0
bengaluru-10265791,BENGALURU B3 - FEEDER WAREHOUSE,bengaluru,bengaluru,"10265791",10,0,0.0,0.0,0.0,0.0,"","",0,0,0.0
bengaluru-10315547,BENGALURU B5 - FEEDER WAREHOUSE,bengaluru,bengaluru,"10315547",201,275,35.5610479485912,36.533458338216334,7.733180428134556,13.385432304698359,"49990010078666",Scheduled,48,48,1560.0
mumbai-10292367,MUMBAI M10 - FEEDER WAREHOUSE,mumbai,mumbai,"10292367",471,276,108.7933130699088,101.71441728890497,2.5369206269382283,6.866230827256727,"2273910097234",Scheduled,144,144,11095.2
satara-10176793,CPC - SATARA POWAI NAKA(HP),satara,satara,"10176793",0,0,0.0,1.0049081617163385,0.0,0.0,"","",0,0,0.0
bhopal-10216726,BHOPAL B1 - FEEDER WAREHOUSE,bhopal,bhopal,"10216726",339,20,49.05049344497037,44.31736566644691,0.40774309482610915,7.318988552128659,"27828910034302",Scheduled,72,72,1872.0
gurgaon-10258187,SUPER STORE GURGAON G7 ECOM - WAREHOUSE,gurgaon,gurgaon,"10258187",9,0,0.0,0.0,0.0,0.0,"","",0,0,0.0
bidar-10176794,CPC - BIDAR DEVI NAGAR (HP),bidar,bidar,"10176794",4,1,0.7835887252141438,0.38427471554132325,1.276179669030733,6.380898345153665,"","",0,0,0.0
delhi-10249576,CPC-DEL5,delhi,delhi,"10249576",1,0,0.0,0.0,0.0,0.0,"","",0,0,0.0
junagadh-10315341,CPC -  JUNAGADH SONVATIKA(HP),junagadh,junagadh,"10315341",3,0,0.3014624449808321,0.41395176541693474,0.0,9.951488319517708,"","",0,0,0.0
ranchi-10265737,RANCHI R2 - FEEDER WAREHOUSE,ranchi,ranchi,"10265737",75,0,4.510153454917165,3.6845087321690446,0.0,16.629145936981754,"51024410015429",Scheduled,36,36,6804.0
surat-10265737,SURAT S1 - FEEDER WAREHOUSE,surat,surat,"10265737",117,88,3.908799660928209,3.014598053592855,22.513305268529148,52.44576795509631,"","",0,0,0.0
dehradun-10249574,CPC-DHD1-FRZ (HP),dehradun,dehradun,"10249574",0,0,0.25145936237090255,0.19801980198019797,0.0,0.0,"","",0,0,0.0
jaipur-10297369,JAIPUR J4 - FEEDER WAREHOUSE,jaipur,jaipur,"10297369",9,12,0.0,0.0,0.0,0.0,"","",0,0,0.0
farukhnagar-10216715,FARUKHNAGAR F2 - FEEDER WAREHOUSE,farukhnagar,farukhnagar,"10216715",2198,1742,569.0781530106648,615.4628302326184,3.061090978074068,6.923477872337444,"5383910069131",Scheduled,288,288,7488.0
faridabad-10291036,FARIDABAD - FEEDER WAREHOUSE,faridabad,faridabad,"10291036",6,0,0.0,0.08333874213020057,0.0,0.0,"","",0,0,0.0
gurgaon-10249578,CPC - GURGAON (HP),gurgaon,gurgaon,"10249578",8,0,0.10346861094730071,0.2326702833031947,0.0,77.3181347150259,"","",0,0,0.0
surat-10315543,SURAT S2 - FEEDER WAREHOUSE,surat,surat,"10315543",63,8,12.28683757883529,12.962237997227708,0.6511032597826809,5.778541430571294,"51076110004079",Scheduled,144,144,4680.0
aurangabad-(maharashtra)-10315341,CC-DTS-CHITEGAON1,aurangabad,aurangabad-(maharashtra),"10315341",1,0,0.1291981907060709,0.44351974866100147,0.0,7.740046470735995,"","",0,0,0.0
mumbai-10324645,MUMBAI M12 - FEEDER WAREHOUSE,mumbai,mumbai,"10324645",11,0,17.09090909090909,6.714285714285715,0.0,0.6436170212765958,"50033210039849",Scheduled,144,144,12060.0
goa-10249578,CPC-GOA2-FRZ (HP),goa,goa,"10249578",2,0,0.0,0.0,0.0,0.0,"","",0,0,0.0
pune-10315543,PUNE P2 - FEEDER WAREHOUSE,pune,pune,"10315543",155,63,9.747287052177793,10.873826903023984,6.463336891871282,22.36519749885618,"1723710057816",Scheduled,48,48,1560.0
visakhapatnam-10216722,VISAKHAPATNAM V1 - FEEDER WAREHOUSE,visakhapatnam,visakhapatnam,"10216722",93,1,17.350922665623372,19.66758767989422,0.057633822665883724,5.41757933059307,"2888510043182",Scheduled,72,72,1872.0
noida-10291036,NOIDA N1 - FEEDER WAREHOUSE,noida,noida,"10291036",25,0,0.37078749025383356,1.7501135847342117,0.0,67.42406542056074,"2867410093603",Scheduled,48,48,36926.4
delhi-10176797,CPC - DELHI4 (HP),delhi,delhi,"10176797",903,178,55.47418372405979,31.396803028554736,3.2086997599714002,19.48654180072519,"","",0,0,0.0
kolkata-10176797,KOLKATA K4 - FEEDER WAREHOUSE,kolkata,kolkata,"10176797",504,208,95.31585845347315,91.42857142857143,2.182218188818304,7.469900723262655,"2135610070403",Scheduled,180,180,6804.0
ahmedabad-10265740,AHMEDABAD A2 - FEEDER WAREHOUSE,ahmedabad,ahmedabad,"10265740",251,293,44.844048354111415,49.398046221524595,6.533754439080142,12.130929743548114,"","",0,0,0.0
delhi-10249576,CPC - DELHI MUNDKA (HP),delhi,delhi,"10249576",1,0,0.35880208705596445,0.6932169686257178,0.0,2.787051792828686,"","",0,0,0.0
dasna-10292367,SUPER STORE DASNA 2 - WAREHOUSE,dasna,dasna,"10292367",326,237,66.66916919920779,58.205862934108026,3.554866557461409,8.44468300358976,"1724010051254",Scheduled,144,144,11095.2
bhopal-10216715,BHOPAL B1 - FEEDER WAREHOUSE,bhopal,bhopal,"10216715",636,93,128.60086891752795,121.66262385589499,0.7231677420441158,5.6687019779587144,"27828910034742",Scheduled,144,144,3744.0
pune-10265737,PUNE P3 - FEEDER WAREHOUSE,pune,pune,"10265737",58,0,7.6987577639751565,11.149136577708006,0.0,7.5336829366680105,"43886110067295",Scheduled,36,36,6804.0
rajpura-10315546,RAJPURA R2 - FEEDER WAREHOUSE,rajpura,rajpura,"10315546",472,139,103.00617628848853,52.4515973009242,1.3494336457136693,5.93168314770541,"43886010069381",Scheduled,48,48,1560.0
"",KUNDLI - FEEDER WAREHOUSE,kundli,kundli,"10297369",0,0,0.0,0.0,0.0,0.0,"2011710094655",Scheduled,20,20,20986.0
solapur-10176793,CPC - SOLAPUR KARNIK NAGAR (HP),solapur,solapur,"10176793",4,0,0.0,0.1435583088166198,0.0,0.0,"","",0,0,0.0
jaipur-10249578,JAIPUR J3 - FEEDER WAREHOUSE,jaipur,jaipur,"10249578",63,0,0.5588366612222291,4.856963219113486,0.0,112.73419296116506,"6478710071825",Scheduled,24,24,18463.2
varanasi-10265791,VARANASI V2 - FEEDER WAREHOUSE,varanasi,varanasi,"10265791",9,0,0.0,0.5968253968253968,0.0,0.0,"","",0,0,0.0
mumbai-10292367,MUMBAI M10 - FEEDER WAREHOUSE,mumbai,mumbai,"10292367",471,276,108.7933130699088,101.71441728890497,2.5369206269382283,6.866230827256727,"2273910094687",Scheduled,144,144,11095.2
bhopal-10176795,BHOPAL B1 - FEEDER WAREHOUSE,bhopal,bhopal,"10176795",579,143,100.41811463322628,74.6386494981243,1.4240458558926603,7.189937817863642,"27828910034507",Scheduled,180,180,6804.0
noida-10292367,CPC-NOIDA2,noida,noida,"10292367",83,4,12.67758250991647,4.5926552979570285,0.3155175678699925,6.862507101172338,"","",0,0,0.0
dasna-10315547,DASNA D3 - FEEDER WAREHOUSE,dasna,dasna,"10315547",51,0,10.886321036478611,15.451651341882016,0.0,4.6847782486944665,"2576310066675",Scheduled,336,336,10920.0
goa-10315546,GOA G2 - FEEDER WAREHOUSE,goa,goa,"10315546",168,73,14.435299980368764,10.684584635373447,5.057047660892125,16.69518474349318,"","",0,0,0.0
chennai-10216715,CHENNAI C5 - FEEDER WAREHOUSE,chennai,chennai,"10216715",679,552,66.82380720883394,80.21636177918099,8.260529039821408,18.4215783478626,"8525210065108",Scheduled,72,72,1872.0
pune-10315547,PUNE P3 - FEEDER WAREHOUSE,pune,pune,"10315547",98,20,15.063701470033923,15.891428571428571,1.3276949254328896,7.833400060054049,"43886110066159",Scheduled,48,48,1560.0
farukhnagar-10176797,FARUKHNAGAR F2 - FEEDER WAREHOUSE,farukhnagar,farukhnagar,"10176797",1542,749,323.548882121019,302.0902035976362,2.314951592754528,7.080846594126333,"5383910067675",Scheduled,720,720,27216.0
guwahati-10216715,GUWAHATI G2 - FEEDER WAREHOUSE,guwahati,guwahati,"10216715",95,0,16.826587269442808,19.597966522241457,0.0,5.6458269569920825,"51894410003847",Scheduled,72,72,1872.0
junagadh-10176794,CPC -  JUNAGADH SONVATIKA(HP),junagadh,junagadh,"10176794",4,0,0.7835887252141438,0.4803433944266541,0.0,5.104718676122932,"","",0,0,0.0
kolkata-10216722,KOLKATA K4 - FEEDER WAREHOUSE,kolkata,kolkata,"10216722",1,0,0.0,0.4310344827586208,0.0,0.0,"2135610069122",Scheduled,144,144,3744.0
gurgaon-10216709,CPC - GURGAON (HP),gurgaon,gurgaon,"10216709",24,4,1.288959592745784,3.7889193447434875,3.10327804107425,21.722946287519754,"","",0,0,0.0
aurangabad-(maharashtra)-10216715,CC-DTS-CHITEGAON1,aurangabad,aurangabad-(maharashtra),"10216715",8,1,2.744530739093584,4.989581292791319,0.3643610128885868,3.279249115997281,"","",0,0,0.0
surat-10315543,SURAT S1 - FEEDER WAREHOUSE,surat,surat,"10315543",223,165,25.802358915554105,22.68391649514849,6.394764158579902,15.03738480926668,"2873410039254",Scheduled,48,48,1560.0
patna-10216726,PATNA P2 - FEEDER WAREHOUSE,patna,patna,"10216726",175,6,19.884146221638215,23.99321564453218,0.3017479319011803,9.10272927901894,"50283910015435",Scheduled,144,144,3744.0
mumbai-10325396,MUMBAI M11 - FEEDER WAREHOUSE,mumbai,mumbai,"10325396",31,0,18.96774193548387,14.144329896907216,0.0,1.634353741496599,"5625710056845",Scheduled,144,144,12060.0
mumbai-10199527,MUMBAI M10 - FEEDER WAREHOUSE,mumbai,mumbai,"10199527",254,6,32.81807148729593,25.565952120168987,0.18282609940448924,7.922464307527867,"2273910097633",Scheduled,180,180,6804.0
bengaluru-10176797,BENGALURU B5 - FEEDER WAREHOUSE,bengaluru,bengaluru,"10176797",748,1812,236.04973156258833,265.59705418200946,7.676348488113193,10.845172256936962,"49990010073868",Scheduled,360,360,13608.0
gurgaon-10265737,SUPER STORE GURGAON G7 ECOM - WAREHOUSE,gurgaon,gurgaon,"10265737",8,0,0.13563027591651655,0.23453908984830807,0.0,58.98388059701492,"","",0,0,0.0
bhubaneswar-10249577,BHUBANESWAR B1 - FEEDER WAREHOUSE,bhubaneswar,bhubaneswar,"10249577",40,34,0.6689562490667462,1.519820165579253,50.82544642857143,110.6200892857143,"","",0,0,0.0
pune-10216715,PUNE P3 - FEEDER WAREHOUSE,pune,pune,"10216715",393,57,179.79345410718992,201.70713263846307,0.31703045187628204,2.5028719884969637,"43886110067295",Scheduled,576,576,14976.0
vijayawada-10249578,VIJAYAWADA - FEEDER WAREHOUSE,vijayawada,vijayawada,"10249578",41,33,1.222455196423626,0.38855705752907893,26.994854368932042,60.53391585760519,"","",0,0,0.0
ahmedabad-10176794,AHMEDABAD A2 - FEEDER WAREHOUSE,ahmedabad,ahmedabad,"10176794",183,165,36.671952340021924,28.052054234516596,4.499351397223739,9.489541128690067,"","",0,0,0.0
bidar-10325396,CPC - BIDAR DEVI NAGAR (HP),bidar,bidar,"10325396",2,0,0.0,0.0,0.0,0.0,"","",0,0,0.0
farukhnagar-10315341,FARUKHNAGAR F2 - FEEDER WAREHOUSE,farukhnagar,farukhnagar,"10315341",558,353,78.59319311860008,71.6799821468422,4.491483116957848,11.591334616284986,"5383910069131",Scheduled,48,48,1560.0
chennai-10265740,CHENNAI C5 - FEEDER WAREHOUSE,chennai,chennai,"10265740",303,85,26.01717791411043,20.542168674698797,3.26707225051877,14.91322392001509,"8525210065108",Scheduled,180,180,6804.0
solapur-10252336,CPC - SOLAPUR KONARK NAGAR(HP),solapur,solapur,"10252336",2,0,0.0,0.14195583596214512,0.0,0.0,"","",0,0,0.0
coimbatore-10176793,CPC - COIMBATORE1 (HP),coimbatore,coimbatore,"10176793",4,0,0.0,0.0,0.0,0.0,"","",0,0,0.0
bengaluru-10292367,BENGALURU B5 - FEEDER WAREHOUSE,bengaluru,bengaluru,"10292367",453,1828,128.963948549689,122.04379562043795,14.174503964537678,17.687113535618405,"49990010078666",Scheduled,144,144,11095.2
nellore-10216709,CPC - NELLORE RAMALINGA PURAM (HP),nellore,nellore,"10216709",1,3,0.0,0.0,0.0,0.0,"","",0,0,0.0
mumbai-10324645,MUMBAI M12 - FEEDER WAREHOUSE,mumbai,mumbai,"10324645",11,0,17.09090909090909,6.714285714285715,0.0,0.6436170212765958,"50033210040195",Scheduled,144,144,12060.0
goa-10260300,CPC-GOA2-FRZ (HP),goa,goa,"10260300",5,1,0.2663412401800015,0.0,3.7545819014891184,22.52749140893471,"","",0,0,0.0
junagadh-10252336,CPC -  JUNAGADH SONVATIKA(HP),junagadh,junagadh,"10252336",1,0,0.0,0.0,0.0,0.0,"","",0,0,0.0
kundli-10315543,KUNDLI - FEEDER WAREHOUSE,kundli,kundli,"10315543",111,54,13.156416242489188,13.961440261865794,4.104461200125668,12.541409222606207,"2011710095829",Scheduled,96,96,3120.0
mumbai-10216715,MUMBAI M10 - FEEDER WAREHOUSE,mumbai,mumbai,"10216715",960,974,282.5853587258292,292.05111577341216,3.446746159785996,6.843949766967265,"2273910097415",Scheduled,72,72,1872.0
bhopal-10252336,BHOPAL B1 - FEEDER WAREHOUSE,bhopal,bhopal,"10252336",44,0,1.9014881576189475,7.239747634069402,0.0,23.13977072310406,"27828910034742",Scheduled,24,24,48703.2
gandhidham-10176795,CPC - GANDHIDHAM GAYATRI KUNJ (HP),gandhidham,gandhidham,"10176795",3,22,1.6991220750122888,0.4384061644530061,12.947863089731728,14.713480783786055,"","",0,0,0.0
delhi-10315543,CPC - DELHI4 (HP),delhi,delhi,"10315543",238,16,10.882467756133032,6.168039279869068,1.4702547582539705,23.340294287281782,"","",0,0,0.0
varanasi-10176793,VARANASI V2 - FEEDER WAREHOUSE,varanasi,varanasi,"10176793",229,14,21.970617341561336,16.6527638227279,0.6372146846104549,11.060226311452897,"51116810014516",Scheduled,180,180,6804.0
dasna-10249578,SUPER STORE DASNA 2 - WAREHOUSE,dasna,dasna,"10249578",56,4,1.9511223778633848,3.2906225781451828,2.050102056837808,30.751530852567118,"","",0,0,0.0
mumbai-10315543,MUMBAI M12 - FEEDER WAREHOUSE,mumbai,mumbai,"10315543",64,96,22.034086556874758,25.816573154941736,4.356885852844554,7.26147642140759,"50033210040195",Scheduled,48,48,1560.0
nellore-10315341,CPC - NELLORE RAMALINGA PURAM (HP),nellore,nellore,"10315341",0,2,0.0,0.0,0.0,0.0,"","",0,0,0.0
coimbatore-10176794,COIMBATORE C1 - FEEDER WAREHOUSE,coimbatore,coimbatore,"10176794",302,49,13.02176993430375,6.658536585365853,3.7629293289015506,26.954861111111107,"","",0,0,0.0
bengaluru-10176793,BENGALURU B3 - FEEDER WAREHOUSE,bengaluru,bengaluru,"10176793",296,110,87.13417625967165,60.53515990735722,1.2624208401555905,4.659480555483362,"1736010088491",Scheduled,180,180,6804.0
kolkata-10216722,KOLKATA K6 - FEEDER WAREHOUSE,kolkata,kolkata,"10216722",3,1,1.4285714285714286,0.9051724137931035,0.7,2.8,"48287510055363",Scheduled,72,72,1872.0
ranchi-10216722,RANCHI R2 - FEEDER WAREHOUSE,ranchi,ranchi,"10216722",95,0,19.072769953051647,8.263692302476565,0.0,4.980923076923076,"51024410014953",Scheduled,72,72,1872.0
ludhiana-10176795,LUDHIANA L2 - FEEDER WAREHOUSE,ludhiana,ludhiana,"10176795",846,906,173.05558334000165,79.17615330021292,5.235312161064375,10.123914907488725,"3226810044769",Scheduled,180,180,6804.0
pune-10315586,PUNE P3 - FEEDER WAREHOUSE,pune,pune,"10315586",64,0,0.30857142857142855,0.7058823529411764,0.0,207.40740740740742,"43886110066628",Scheduled,36,36,6804.0
ahmedabad-10315547,AHMEDABAD A2 - FEEDER WAREHOUSE,ahmedabad,ahmedabad,"10315547",149,203,91.13349482148038,73.53139566330997,2.2275015393369113,3.862465723382231,"2738110067651",Scheduled,48,48,1560.0
bhopal-10216726,BHOPAL B1 - FEEDER WAREHOUSE,bhopal,bhopal,"10216726",339,20,49.05049344497037,44.31736566644691,0.40774309482610915,7.318988552128659,"27828910033803",Scheduled,72,72,1872.0
lucknow-10258761,SUPER STORE LUCKNOW L4 - WAREHOUSE,lucknow,lucknow,"10258761",43,0,0.8246586453967826,1.8758736371260836,0.0,52.1427868852459,"1735810061889",Scheduled,36,36,6804.0
noida-10297369,CPC - NOIDA1 (HP),noida,noida,"10297369",19,1,1.5433212996389891,1.019268666520692,0.6479532163742691,12.95906432748538,"","",0,0,0.0
jamnagar-10176793,CPC - JAMNAGAR KHODIYAR COLONY (HP),jamnagar,jamnagar,"10176793",8,0,1.1983973095397091,1.8088346910894095,0.0,6.675582410204767,"","",0,0,0.0
farukhnagar-10292367,FARUKHNAGAR F2 - FEEDER WAREHOUSE,farukhnagar,farukhnagar,"10292367",784,343,97.31908926729994,130.14134802210862,3.524488387451967,11.580461844485034,"5383910069593",Scheduled,288,288,22190.4
mumbai-10292367,MUMBAI M11 - FEEDER WAREHOUSE,mumbai,mumbai,"10292367",585,240,77.38905775075987,78.40992072629189,3.1012136208318606,10.660421821609521,"5625710056407",Scheduled,144,144,11095.2
mumbai-10292367,MUMBAI M12 - FEEDER WAREHOUSE,mumbai,mumbai,"10292367",294,302,77.38905775075987,83.4470905562317,3.9023604728800914,7.701347158399121,"50033210033504",Scheduled,144,144,11095.2
dehradun-10249576,DEHRADUN - FEEDER WAREHOUSE,dehradun,dehradun,"10249576",10,5,0.22462161380507087,0.681563337937759,22.259656652360515,66.77896995708154,"","",0,0,0.0
ahmedabad-10176797,AHMEDABAD A2 - FEEDER WAREHOUSE,ahmedabad,ahmedabad,"10176797",600,254,261.36567949832926,223.10340294281238,0.9718184900463325,3.267452718502236,"2738110069320",Scheduled,180,180,6804.0
farukhnagar-10315341,FARUKHNAGAR - SR FEEDER WAREHOUSE,farukhnagar,farukhnagar,"10315341",34,174,48.812778641450286,57.88655274651703,3.5646403430155202,4.261179260616254,"1735210076510",Scheduled,288,288,9360.0
noida-10315547,NOIDA N1 - FEEDER WAREHOUSE,noida,noida,"10315547",61,0,5.624244136262922,14.016855145850112,0.0,10.845901870919135,"2867410094569",Scheduled,144,144,4680.0
guwahati-10199527,GUWAHATI G2 - FEEDER WAREHOUSE,guwahati,guwahati,"10199527",155,95,4.342559566009211,8.767943495796297,21.87649899925368,57.56973420856232,"51894410003549",Scheduled,180,180,6804.0
kundli-10249574,KUNDLI - FEEDER WAREHOUSE,kundli,kundli,"10249574",10,0,10.289598618903753,9.934246712335618,0.0,0.9718552074157965,"2011710094041",Scheduled,36,36,73054.8
hyderabad-10315547,HYDERABAD H3 - FEEDER WAREHOUSE,hyderabad,hyderabad,"10315547",282,346,35.285714285714285,35.285714285714285,9.805668016194332,17.79757085020243,"6769710094450",Scheduled,48,48,1560.0
vijayawada-10216726,VIJAYAWADA - FEEDER WAREHOUSE,vijayawada,vijayawada,"10216726",75,121,28.154543322673575,38.95805633003937,4.29770778425504,6.961576245570148,"51388610012005",Scheduled,72,72,1872.0
hyderabad-10216726,HYDERABAD H3 - FEEDER WAREHOUSE,hyderabad,hyderabad,"10216726",845,233,160.28571428571428,160.28571428571428,1.4536541889483066,6.7254901960784315,"6769710095165",Scheduled,216,216,5616.0
mumbai-10216726,MUMBAI M12 - FEEDER WAREHOUSE,mumbai,mumbai,"10216726",274,362,120.23984336759668,143.58108108108107,3.0106492977813963,5.289428048035823,"50033210033504",Scheduled,216,216,5616.0
mumbai-10216726,MUMBAI M12 - FEEDER WAREHOUSE,mumbai,mumbai,"10216726",274,362,120.23984336759668,143.58108108108107,3.0106492977813963,5.289428048035823,"50033210034102",Scheduled,144,144,3744.0
kolkata-10315341,KOLKATA K4 - FEEDER WAREHOUSE,kolkata,kolkata,"10315341",202,48,21.467053241960993,18.659451659451662,2.2359845787392874,11.64575301426712,"2135610070684",Scheduled,48,48,1560.0
guwahati-10176794,GUWAHATI G2 - FEEDER WAREHOUSE,guwahati,guwahati,"10176794",193,112,7.253792770553788,5.604006268310963,15.440198464816277,42.04696903365147,"","",0,0,0.0
faridabad-10216715,FARIDABAD - FEEDER WAREHOUSE,faridabad,faridabad,"10216715",107,11,8.41452749549681,8.813310218128187,1.3072629456480895,14.02336614422496,"","",0,0,0.0
indore-10249578,INDORE I2 - FEEDER WAREHOUSE,indore,indore,"10249578",62,16,3.5858685761759697,1.9427852876453946,4.4619593998234786,21.752052074139456,"50993810015083",Scheduled,24,24,18463.2
bhuj-10176793,CPC -  BHUJ CITY MALL (HP),bhuj,bhuj,"10176793",2,0,0.2663105132310465,0.16748469361938975,0.0,7.5100302114803625,"","",0,0,0.0
mumbai-10292367,MUMBAI M10 - FEEDER WAREHOUSE,mumbai,mumbai,"10292367",471,276,108.7933130699088,101.71441728890497,2.5369206269382283,6.866230827256727,"2273910097633",Scheduled,288,288,22190.4
dehradun-10216709,CPC-DDN1,dehradun,dehradun,"10216709",12,3,1.5316601476465184,0.0,1.958659043659044,9.79329521829522,"","",0,0,0.0
hyderabad-10249574,HYDERABAD H3 - FEEDER WAREHOUSE,hyderabad,hyderabad,"10249574",2,0,7.142857142857143,7.142857142857143,0.0,0.27999999999999997,"6769710094450",Scheduled,48,48,97406.4
morbi-10258187,CPC - MORBI SANALA ROAD(HP),morbi,morbi,"10258187",2,0,0.0,0.0,0.0,0.0,"","",0,0,0.0
kundli-10249577,KUNDLI - FEEDER WAREHOUSE,kundli,kundli,"10249577",48,59,8.004326663061116,5.829640571147218,7.371013513513511,13.367770270270267,"2011710094655",Scheduled,6,6,4615.8
rajpura-10216726,RAJPURA R2 - FEEDER WAREHOUSE,rajpura,rajpura,"10216726",1270,345,280.4896378521355,118.97666726824723,1.2299919620626847,5.757788460090538,"43886010068445",Scheduled,216,216,5616.0
vijayawada-10315546,VIJAYAWADA - FEEDER WAREHOUSE,vijayawada,vijayawada,"10315546",51,29,11.8575678410172,10.846472281363953,2.4456954738799315,6.746746134841191,"51388610012005",Scheduled,48,48,1560.0
farukhnagar-10315341,FARUKHNAGAR - SR FEEDER WAREHOUSE,farukhnagar,farukhnagar,"10315341",34,174,48.812778641450286,57.88655274651703,3.5646403430155202,4.261179260616254,"1735210075435",Scheduled,48,48,1560.0
ahmedabad-10252336,AHMEDABAD A2 - FEEDER WAREHOUSE,ahmedabad,ahmedabad,"10252336",52,0,11.092014252777195,9.340694006309151,0.0,4.688057445200302,"2738110068530",Scheduled,12,12,24351.6
farukhnagar-10199527,FARUKHNAGAR F2 - FEEDER WAREHOUSE,farukhnagar,farukhnagar,"10199527",493,141,34.552930346732126,43.62672457365356,4.080695865302643,18.348660841148053,"5383910068788",Scheduled,180,180,6804.0
rajpura-10216726,RAJPURA R2 - FEEDER WAREHOUSE,rajpura,rajpura,"10216726",1270,345,280.4896378521355,118.97666726824723,1.2299919620626847,5.757788460090538,"43886010066389",Scheduled,432,432,11232.0
faridabad-10315543,FARIDABAD - FEEDER WAREHOUSE,faridabad,faridabad,"10315543",33,0,1.0828326125505505,1.333630114566285,0.0,30.47562441093308,"","",0,0,0.0
farukhnagar-10176797,FARUKHNAGAR - SR FEEDER WAREHOUSE,farukhnagar,farukhnagar,"10176797",124,360,105.79502797648561,99.86453011492108,3.4028064161958054,4.574884181774361,"1735210076934",Scheduled,540,540,20412.0
agra-10249578,CPC-AGRA2,agra,agra,"10249578",11,0,0.13970916530555727,0.6938518884447838,0.0,78.73499190938512,"","",0,0,0.0
"",PUNE P3 - FEEDER WAREHOUSE,pune,pune,"10325396",0,0,0.0,0.0,0.0,0.0,"43886110067295",Scheduled,144,144,12060.0
ludhiana-10249576,LUDHIANA L2 - FEEDER WAREHOUSE,ludhiana,ludhiana,"10249576",20,0,0.6738648414152125,2.271877793125864,0.0,29.679542203147356,"","",0,0,0.0
noida-10258761,CPC-NOIDA2-FRZ(HP),noida,noida,"10258761",6,2,0.0,0.38987770916575865,0.0,0.0,"","",0,0,0.0
farukhnagar-10315547,FARUKHNAGAR - SR FEEDER WAREHOUSE,farukhnagar,farukhnagar,"10315547",34,36,53.387711384374555,47.12753659274014,0.6743124787802092,1.3111631531837402,"1735210075435",Scheduled,48,48,1560.0
chennai-10260300,CHENNAI C5 - FEEDER WAREHOUSE,chennai,chennai,"10260300",115,3,3.2529973582605165,5.626202090592336,0.9222263868065966,36.27423788105946,"8525210065574",Scheduled,36,36,6804.0
farukhnagar-10265737,FARUKHNAGAR - SR FEEDER WAREHOUSE,farukhnagar,farukhnagar,"10265737",19,0,1.5823532190260265,1.7590431738623102,0.0,12.007432835820893,"1735210076934",Scheduled,36,36,6804.0
lucknow-10249576,LUCKNOW L5 - FEEDER WAREHOUSE,lucknow,lucknow,"10249576",85,3,4.8133202958229475,4.543755586251728,0.6232703862660943,18.28259799713877,"","",0,0,0.0
bengaluru-10265740,BENGALURU B5 - FEEDER WAREHOUSE,bengaluru,bengaluru,"10265740",346,461,60.336902585531476,63.79878741947708,7.640431978530926,13.374899363718995,"49990010073868",Scheduled,180,180,6804.0
chennai-10258187,CHENNAI C5 - FEEDER WAREHOUSE,chennai,chennai,"10258187",98,5,0.5442176870748299,1.2195121951219512,9.187500000000002,189.26250000000002,"","",0,0,0.0
patna-10315547,PATNA P1 - FEEDER WAREHOUSE,patna,patna,"10315547",85,66,7.4711140379558545,6.655159430895603,8.834023903891318,20.211175901327106,"","",0,0,0.0
rajpura-10315546,RAJPURA R2 - FEEDER WAREHOUSE,rajpura,rajpura,"10315546",472,139,103.00617628848853,52.4515973009242,1.3494336457136693,5.93168314770541,"43886010066389",Scheduled,144,144,4680.0
gurgaon-10176793,CPC - GURGAON1 (HP),gurgaon,gurgaon,"10176793",3,0,0.26368025518562505,0.0,0.0,11.377416173570017,"","",0,0,0.0
dehradun-10249578,DEHRADUN - FEEDER WAREHOUSE,dehradun,dehradun,"10249578",41,1,0.4889820785694504,3.885570575290789,2.045064724919094,85.89271844660196,"2173110040606",Scheduled,48,48,36926.4
mumbai-10291036,MUMBAI M11 - FEEDER WAREHOUSE,mumbai,mumbai,"10291036",107,1,14.760166840458812,8.108843537414964,0.06774991169198163,7.316990462734016,"5625710053542",Scheduled,72,72,55389.6
kolkata-10249574,KOLKATA K6 - FEEDER WAREHOUSE,kolkata,kolkata,"10249574",125,247,12.051557465091298,11.649746192893401,20.49527629233512,30.86737967914439,"48287510055768",Scheduled,12,12,24351.6
farukhnagar-10291036,FARUKHNAGAR F2 - FEEDER WAREHOUSE,farukhnagar,farukhnagar,"10291036",170,41,19.837130728580096,13.709223080417992,2.0668311642938244,10.636618918682853,"5383910069408",Scheduled,96,96,73852.8
noida-10297369,CPC-NOIDA2-FRZ(HP),noida,noida,"10297369",5,0,0.0,0.2496168162907817,0.0,0.0,"","",0,0,0.0
kolkata-10216715,KOLKATA K6 - FEEDER WAREHOUSE,kolkata,kolkata,"10216715",157,3,37.874311629413675,38.55338820611117,0.0792093604064387,4.22449922167673,"48287510055363",Scheduled,144,144,3744.0
noida-10292367,CPC - NOIDA1 (HP),noida,noida,"10292367",102,5,8.016706587153061,12.327653694516234,0.6236975178825434,13.347126882686428,"","",0,0,0.0
lucknow-10297369,SUPER STORE LUCKNOW L4 - WAREHOUSE,lucknow,lucknow,"10297369",17,0,0.7592752372735118,0.8498583569405097,0.0,22.389772727272724,"1735810061889",Scheduled,20,20,20986.0
pune-10176794,PUNE P2 - FEEDER WAREHOUSE,pune,pune,"10176794",199,161,27.216524216524217,18.469512195121947,5.91552391918769,13.227258452842038,"","",0,0,0.0
mumbai-10252336,MUMBAI M12 - FEEDER WAREHOUSE,mumbai,mumbai,"10252336",57,12,15.043583535108958,15.571428571428571,0.797682279092226,4.586673104780299,"50033210033504",Scheduled,36,36,73054.8
solapur-10249576,CPC - SOLAPUR MURARJI PETH(HP),solapur,solapur,"10249576",1,0,0.0,0.162276985223276,0.0,0.0,"","",0,0,0.0
farukhnagar-10216715,FARUKHNAGAR - SR FEEDER WAREHOUSE,farukhnagar,farukhnagar,"10216715",188,1071,407.6930033823591,400.2711724066552,2.626976649377403,3.088107937970262,"1735210076934",Scheduled,1008,1008,26208.0
dasna-10292367,SUPER STORE DASNA 2 - WAREHOUSE,dasna,dasna,"10292367",326,237,66.66916919920779,58.205862934108026,3.554866557461409,8.44468300358976,"1724010051917",Scheduled,144,144,11095.2
varanasi-10252336,VARANASI V2 - FEEDER WAREHOUSE,varanasi,varanasi,"10252336",39,0,1.5845734646824563,5.25236593059937,0.0,24.61230158730159,"51116810014516",Scheduled,24,24,48703.2
gurgaon-10265737,CPC - GURGAON3 (HP),gurgaon,gurgaon,"10265737",13,0,0.0,0.67011168528088,0.0,0.0,"","",0,0,0.0
nellore-10176794,CPC - NELLORE RAMALINGA PURAM (HP),nellore,nellore,"10176794",3,0,0.0,0.2744819396723737,0.0,0.0,"","",0,0,0.0
dasna-10298083,DASNA D3 - FEEDER WAREHOUSE,dasna,dasna,"10298083",0,0,1.5833333333333333,0.5292479108635096,0.0,0.0,"2576310066675",Scheduled,40,40,41972.0
kolkata-10216715,KOLKATA K5 - FEEDER WAREHOUSE,kolkata,kolkata,"10216715",155,25,21.616942014901202,20.02288871349645,1.15650030345489,8.326802184875207,"27845210026106",Scheduled,72,72,1872.0
morbi-10249577,CPC - MORBI SANALA ROAD(HP),morbi,morbi,"10249577",3,0,0.08361953113334328,0.0,0.0,35.87678571428572,"","",0,0,0.0
guwahati-10265737,GUWAHATI G1 - FEEDER WAREHOUSE,guwahati,guwahati,"10265737",40,0,1.9329229092502136,5.598539242386731,0.0,20.69404827713285,"7165810032923",Scheduled,36,36,6804.0
surat-10249574,SURAT S1 - FEEDER WAREHOUSE,surat,surat,"10249574",35,14,9.806915132465202,10.099009900990097,1.4275641025641024,4.996474358974358,"","",0,0,0.0
solapur-10249578,CPC - SOLAPUR MURARJI PETH(HP),solapur,solapur,"10249578",1,0,0.0,0.13877037768895675,0.0,0.0,"","",0,0,0.0
gurgaon-10249574,CPC - GURGAON3 (HP),gurgaon,gurgaon,"10249574",1,0,0.5716443677168752,4.23861193059653,0.0,1.7493393733484335,"","",0,0,0.0
faridabad-10249574,FARIDABAD - FEEDER WAREHOUSE,faridabad,faridabad,"10249574",40,147,65.62477341389727,56.00266013300665,2.240007734165677,2.849533648224365,"49060410074475",Scheduled,228,228,462680.4
ranchi-10258761,RANCHI R2 - FEEDER WAREHOUSE,ranchi,ranchi,"10258761",77,4,5.277815330539409,2.728543472183394,0.7578893442622949,15.347259221311473,"","",0,0,0.0
jamnagar-10249577,CPC - JAMNAGAR KHODIYAR COLONY (HP),jamnagar,jamnagar,"10249577",3,0,0.25085859340002986,0.0,0.0,11.958928571428572,"","",0,0,0.0
pune-10315341,PUNE P2 - FEEDER WAREHOUSE,pune,pune,"10315341",40,0,19.870129870129873,19.607982893799,0.0,2.0130718954248366,"1723710058323",Scheduled,96,96,3120.0
mumbai-10176797,MUMBAI M10 - FEEDER WAREHOUSE,mumbai,mumbai,"10176797",563,428,172.95667351925837,134.1320547025131,2.474608185340377,5.729758672131574,"2273910094687",Scheduled,180,180,6804.0
jaipur-10216726,JAIPUR J3 - FEEDER WAREHOUSE,jaipur,jaipur,"10216726",697,517,109.68540836124915,103.26976836692977,4.713480195079908,11.068017324617038,"","",0,0,0.0
varanasi-10176795,VARANASI V2 - FEEDER WAREHOUSE,varanasi,varanasi,"10176795",503,34,53.5223453628871,73.91527932677684,0.6352486941571122,10.033192610657919,"51116810015115",Scheduled,180,180,6804.0
gurgaon-10258761,CPC - GURGAON1 (HP),gurgaon,gurgaon,"10258761",1,0,0.0,0.22278726238043348,0.0,0.0,"","",0,0,0.0
lucknow-10216722,SUPER STORE LUCKNOW L4 - WAREHOUSE,lucknow,lucknow,"10216722",60,0,4.427607310529846,11.333063729110718,0.0,13.551337278106507,"1735810061603",Scheduled,72,72,1872.0
dasna-10216715,SUPER STORE DASNA 2 - WAREHOUSE,dasna,dasna,"10216715",615,468,201.94865989192348,195.54532046471914,2.317420676376158,5.362749129306366,"1724010051917",Scheduled,648,648,16848.0
kolkata-10216722,KOLKATA K4 - FEEDER WAREHOUSE,kolkata,kolkata,"10216722",1,0,0.0,0.4310344827586208,0.0,0.0,"2135610067276",Scheduled,72,72,1872.0
bengaluru-10265737,BENGALURU B5 - FEEDER WAREHOUSE,bengaluru,bengaluru,"10265737",211,132,14.831789371038518,13.202437373053487,8.899802761341222,23.126002629848784,"49990010078666",Scheduled,36,36,6804.0
farukhnagar-10249578,FARUKHNAGAR F2 - FEEDER WAREHOUSE,farukhnagar,farukhnagar,"10249578",142,36,20.33158205114459,9.888487040385776,1.7706443064509747,8.754852404118708,"5383910069571",Scheduled,24,24,18463.2
mangalore-10249576,CPC - MANGALORE ATTAVAR(HP),mangalore,mangalore,"10249576",0,0,0.0,0.0,0.0,0.0,"","",0,0,0.0
kolkata-10216726,KOLKATA K4 - FEEDER WAREHOUSE,kolkata,kolkata,"10216726",603,159,75.61793045664014,86.19895121563643,2.102675900277008,10.076975069252077,"2135610069660",Scheduled,288,288,7488.0
nagpur-10216709,NAGPUR N1 - FEEDER WAREHOUSE,nagpur,nagpur,"10216709",150,152,1.2253281181172146,7.487789532402332,124.04840609840613,246.4645963270964,"2549710051216",Scheduled,72,72,1872.0
kundli-10249574,KUNDLI - FEEDER WAREHOUSE,kundli,kundli,"10249574",10,0,10.289598618903753,9.934246712335618,0.0,0.9718552074157965,"2011710094655",Scheduled,156,156,316570.8
patna-10265740,PATNA P1 - FEEDER WAREHOUSE,patna,patna,"10265740",176,75,18.159738456651546,16.32706169065862,4.130015428307504,13.821784966735782,"","",0,0,0.0
farukhnagar-10324645,FARUKHNAGAR - SR FEEDER WAREHOUSE,farukhnagar,farukhnagar,"10324645",2,0,0.0,1.7967857142857142,0.0,0.0,"1735210076510",Scheduled,144,144,12060.0
noida-10265740,CPC-NOIDA2,noida,noida,"10265740",62,7,2.163727552176023,2.58529317297741,3.235157768805145,31.889412292507856,"","",0,0,0.0
kundli-10258761,KUNDLI - FEEDER WAREHOUSE,kundli,kundli,"10258761",52,37,6.522619851451721,4.288654800823346,5.67256728778468,13.644824016563149,"2011710095829",Scheduled,36,36,6804.0
ranchi-10265740,RANCHI R1 - FEEDER WAREHOUSE,ranchi,ranchi,"10265740",64,133,8.40450705431807,8.16353084532931,15.824842449464922,23.43980422965857,"","",0,0,0.0
hyderabad-10216722,HYDERABAD H3 - FEEDER WAREHOUSE,hyderabad,hyderabad,"10216722",481,153,51.857142857142854,51.857142857142854,2.950413223140496,12.225895316804408,"6769710095165",Scheduled,72,72,1872.0
puducherry-10216726,CPC - PUDUCHERRY VENKATA NAGAR (HP),puducherry,puducherry,"10216726",0,0,0.0,1.060083165443248,0.0,0.0,"","",0,0,0.0
noida-10315546,NOIDA N1 - FEEDER WAREHOUSE,noida,noida,"10315546",74,31,18.948915164734245,21.306985612757842,1.6359775602190665,5.541214316871032,"2867410093996",Scheduled,48,48,1560.0
aurangabad-(maharashtra)-10176795,CC-DTS-CHITEGAON1,aurangabad,aurangabad-(maharashtra),"10176795",8,1,1.6311571920117975,1.0960154111325155,0.6130616993244189,5.51755529391977,"","",0,0,0.0
mumbai-10176797,MUMBAI M10 - FEEDER WAREHOUSE,mumbai,mumbai,"10176797",563,428,172.95667351925837,134.1320547025131,2.474608185340377,5.729758672131574,"2273910096790",Scheduled,180,180,6804.0
rajpura-10176797,RAJPURA R2 - FEEDER WAREHOUSE,rajpura,rajpura,"10176797",531,204,152.73038861170866,114.14592708702028,1.3356870355292274,4.812401819186187,"43886010069972",Scheduled,540,540,20412.0
mumbai-10315341,MUMBAI M12 - FEEDER WAREHOUSE,mumbai,mumbai,"10315341",11,0,13.339432753888381,13.057169634489222,0.0,0.8246227709190672,"50033210040195",Scheduled,144,144,4680.0
pune-10252336,PUNE P3 - FEEDER WAREHOUSE,pune,pune,"10252336",16,1,6.571428571428571,6.571428571428571,0.15217391304347827,2.5869565217391304,"43886110066159",Scheduled,12,12,24351.6
kundli-10252336,KUNDLI - FEEDER WAREHOUSE,kundli,kundli,"10252336",2,0,0.15158474965548924,0.3743353420772776,0.0,13.193939393939392,"2011710094041",Scheduled,24,24,48703.2
patna-10216715,PATNA P2 - FEEDER WAREHOUSE,patna,patna,"10216715",89,0,8.168246247302335,42.245121612299826,0.0,10.895851729420297,"50283910015973",Scheduled,72,72,1872.0
dasna-10265737,DASNA D3 - FEEDER WAREHOUSE,dasna,dasna,"10265737",87,47,4.747059657078079,6.366061010168361,9.900865671641789,28.227999999999994,"2576310067807",Scheduled,36,36,6804.0
lucknow-10249574,SUPER STORE LUCKNOW L4 - WAREHOUSE,lucknow,lucknow,"10249574",15,0,13.075886843286932,12.67326732673267,0.0,1.1471497252747254,"1735810061288",Scheduled,12,12,24351.6
noida-10216722,NOIDA N1 - FEEDER WAREHOUSE,noida,noida,"10216722",118,1,6.336957600328876,18.170951102016453,0.15780443283194792,18.7787275070018,"2867410093168",Scheduled,72,72,1872.0
kolkata-10216715,KOLKATA K4 - FEEDER WAREHOUSE,kolkata,kolkata,"10216715",538,28,98.08017492711372,98.99515165182096,0.2854807306451852,5.7707890551848156,"2135610069122",Scheduled,216,216,5616.0
bengaluru-10176797,BENGALURU B3 - FEEDER WAREHOUSE,bengaluru,bengaluru,"10176797",679,116,196.64634884753565,168.61388742766965,0.5898914507176404,4.042790545866588,"1736010087973",Scheduled,180,180,6804.0
satara-10315546,CPC - SATARA POWAI NAKA(HP),satara,satara,"10315546",1,3,0.3093278567221878,0.24283146898576016,9.698447568834212,12.931263425112283,"","",0,0,0.0
ahmedabad-10292367,AHMEDABAD A2 - FEEDER WAREHOUSE,ahmedabad,ahmedabad,"10292367",335,249,101.61258094357076,84.16413192580666,2.4504839625939523,5.747319815883005,"2738110067651",Scheduled,144,144,11095.2
faridabad-10249578,FARIDABAD - FEEDER WAREHOUSE,faridabad,faridabad,"10249578",8,17,0.20693722189460143,0.6980108499095841,82.15051813471501,120.80958549222797,"","",0,0,0.0
ranchi-10176795,RANCHI R2 - FEEDER WAREHOUSE,ranchi,ranchi,"10176795",385,369,27.525777615199083,33.75727466288147,13.405615825227294,27.39250496536959,"","",0,0,0.0
farukhnagar-10292367,FARUKHNAGAR F2 - FEEDER WAREHOUSE,farukhnagar,farukhnagar,"10292367",784,343,97.31908926729994,130.14134802210862,3.524488387451967,11.580461844485034,"5383910069131",Scheduled,144,144,11095.2
jamnagar-10324645,CPC - JAMNAGAR KHODIYAR COLONY (HP),jamnagar,jamnagar,"10324645",0,0,0.0,0.0,0.0,0.0,"","",0,0,0.0
farukhnagar-10216715,FARUKHNAGAR F2 - FEEDER WAREHOUSE,farukhnagar,farukhnagar,"10216715",2198,1742,569.0781530106648,615.4628302326184,3.061090978074068,6.923477872337444,"5383910067895",Scheduled,576,576,14976.0
kolkata-10325396,KOLKATA K4 - FEEDER WAREHOUSE,kolkata,kolkata,"10325396",72,0,8.571428571428571,8.571428571428571,0.0,8.4,"","",0,0,0.0
noida-10216722,NOIDA N1 - FEEDER WAREHOUSE,noida,noida,"10216722",118,1,6.336957600328876,18.170951102016453,0.15780443283194792,18.7787275070018,"2867410094569",Scheduled,72,72,1872.0
gurgaon-10249578,CPC - GURGAON3 (HP),gurgaon,gurgaon,"10249578",9,0,0.0,0.09971583570136916,0.0,0.0,"","",0,0,0.0
bhuj-10199527,CPC -  BHUJ CITY MALL (HP),bhuj,bhuj,"10199527",10,0,1.1920751749829208,0.5219013985593034,0.0,8.388732698961936,"","",0,0,0.0
dasna-10258761,SUPER STORE DASNA 2 - WAREHOUSE,dasna,dasna,"10258761",72,7,2.950708980418636,3.341808935706502,2.3723112128146453,26.773226544622425,"1724010051917",Scheduled,36,36,6804.0
varanasi-10315543,VARANASI V2 - FEEDER WAREHOUSE,varanasi,varanasi,"10315543",160,80,8.425260054058484,10.441802831100098,9.495255871830764,28.485767615492293,"51116810015404",Scheduled,48,48,1560.0
jaipur-10176795,JAIPUR J4 - FEEDER WAREHOUSE,jaipur,jaipur,"10176795",299,311,41.186719098297885,32.35437493663186,7.550977761976011,14.810599468827546,"","",0,0,0.0
solapur-10249577,CPC - SOLAPUR KONARK NAGAR(HP),solapur,solapur,"10249577",2,0,0.08361953113334328,0.0,0.0,23.917857142857144,"","",0,0,0.0
mumbai-10249576,MUMBAI M12 - FEEDER WAREHOUSE,mumbai,mumbai,"10249576",33,0,6.428571428571429,6.428571428571429,0.0,5.133333333333333,"50033210036493",Scheduled,12,12,23511.6
nagpur-10315586,NAGPUR N1 - FEEDER WAREHOUSE,nagpur,nagpur,"10315586",107,5,4.1169737896303085,1.8775838309600366,1.2144842924659436,27.204448151237138,"","",0,0,0.0
"",RAIPUR - FEEDER WAREHOUSE,raipur,raipur,"10315547",0,0,0.0,0.0,0.0,0.0,"52221610000014",Scheduled,48,48,1560.0
hyderabad-10292367,HYDERABAD H3 - FEEDER WAREHOUSE,hyderabad,hyderabad,"10292367",576,458,96.71428571428571,96.71428571428571,4.735598227474151,10.69128508124077,"6769710095686",Scheduled,144,144,11095.2
farukhnagar-10249577,FARUKHNAGAR F2 - FEEDER WAREHOUSE,farukhnagar,farukhnagar,"10249577",211,16,20.248783126014064,16.070901033973414,0.79017094017094,11.210550213675212,"5383910068512",Scheduled,12,12,9231.6
delhi-10199527,CPC-DEL5,delhi,delhi,"10199527",25,0,1.314513654495244,0.9623542185364755,0.0,19.018440709617177,"","",0,0,0.0
ludhiana-10216726,LUDHIANA L2 - FEEDER WAREHOUSE,ludhiana,ludhiana,"10216726",879,961,143.63216241957693,156.75979808992034,6.690702025307784,12.810501276343729,"3226810044769",Scheduled,72,72,1872.0
faridabad-10315586,FARIDABAD - FEEDER WAREHOUSE,faridabad,faridabad,"10315586",11,0,0.12740384615384615,0.0,0.0,86.33962264150944,"","",0,0,0.0
gurgaon-10291036,CPC - GURGAON3 (HP),gurgaon,gurgaon,"10291036",13,1,0.37078749025383356,0.1166742389822808,2.696962616822429,37.75747663551401,"","",0,0,0.0
dehradun-10265740,CPC-DHD1-FRZ (HP),dehradun,dehradun,"10265740",39,0,4.652494976497503,6.252917243230962,0.0,8.382599056422846,"","",0,0,0.0
ranchi-10265737,RANCHI R1 - FEEDER WAREHOUSE,ranchi,ranchi,"10265737",29,11,1.6286665253867538,1.722627459195917,6.753991580558744,24.559969383849978,"","",0,0,0.0
hyderabad-10315546,HYDERABAD H3 - FEEDER WAREHOUSE,hyderabad,hyderabad,"10315546",297,37,55.42857142857143,55.42857142857143,0.6675257731958762,6.025773195876289,"6769710093850",Scheduled,144,144,4680.0
farukhnagar-10315547,FARUKHNAGAR F2 - FEEDER WAREHOUSE,farukhnagar,farukhnagar,"10315547",272,10,54.13334981153063,48.23122597430315,0.1847290078078626,5.209358020181726,"5383910067895",Scheduled,48,48,1560.0
gurgaon-10292367,CPC - GURGAON (HP),gurgaon,gurgaon,"10292367",44,14,4.847310959673943,4.350936598064553,2.8881992751176244,11.965396996915873,"","",0,0,0.0
lucknow-10324645,SUPER STORE LUCKNOW L4 - WAREHOUSE,lucknow,lucknow,"10324645",0,0,0.0,0.0,0.0,0.0,"","",0,0,0.0
dehradun-10258333,CPC-DHD1-FRZ (HP),dehradun,dehradun,"10258333",5,0,0.26912625418060193,0.8453247250642885,0.0,18.578640776699036,"","",0,0,0.0
mumbai-10315341,MUMBAI M11 - FEEDER WAREHOUSE,mumbai,mumbai,"10315341",14,0,4.3229643183897535,9.868791002811623,0.0,3.2385185185185184,"5625710057139",Scheduled,144,144,4680.0
dasna-10315547,SUPER STORE DASNA 2 - WAREHOUSE,dasna,dasna,"10315547",114,65,27.737749490205776,24.207587102281824,2.3433768490465154,6.453299322758865,"1724010051917",Scheduled,144,144,4680.0
pune-10176795,PUNE P3 - FEEDER WAREHOUSE,pune,pune,"10176795",385,126,64.68598277212216,65.45300462249614,1.9478717737639824,7.899702193598373,"43886110063916",Scheduled,180,180,6804.0
guwahati-10249576,GUWAHATI G2 - FEEDER WAREHOUSE,guwahati,guwahati,"10249576",17,3,1.1231080690253543,0.567969448281466,2.671158798283262,17.807725321888412,"51894410003549",Scheduled,12,12,23511.6
solapur-10258187,CPC - SOLAPUR KARNIK NAGAR (HP),solapur,solapur,"10258187",1,0,0.0,0.0,0.0,0.0,"","",0,0,0.0
dehradun-10176793,CPC-DHD1-FRZ (HP),dehradun,dehradun,"10176793",41,0,0.7989315396931395,2.4117795881192126,0.0,51.31853977844914,"","",0,0,0.0
goa-10216709,CPC-GOA2-FRZ (HP),goa,goa,"10216709",4,3,0.0,0.0,0.0,0.0,"","",0,0,0.0
mumbai-10315546,MUMBAI M10 - FEEDER WAREHOUSE,mumbai,mumbai,"10315546",53,323,29.041407078923747,34.403250874239085,11.122050633504296,12.947031078011193,"2273910097633",Scheduled,192,192,6240.0
ludhiana-10324645,LUDHIANA L2 - FEEDER WAREHOUSE,ludhiana,ludhiana,"10324645",7,0,0.0,1.869379898253815,0.0,0.0,"","",0,0,0.0
lucknow-10258333,LUCKNOW L5 - FEEDER WAREHOUSE,lucknow,lucknow,"10258333",130,8,5.2479619565217375,3.2873739308055665,1.5244012944983825,26.295922330097095,"","",0,0,0.0
farukhnagar-10216715,FARUKHNAGAR - SR FEEDER WAREHOUSE,farukhnagar,farukhnagar,"10216715",188,1071,407.6930033823591,400.2711724066552,2.626976649377403,3.088107937970262,"1735210075753",Scheduled,432,432,11232.0
puducherry-10249574,CPC - PUDUCHERRY VENKATA NAGAR (HP),puducherry,puducherry,"10249574",1,0,0.7543780871127077,1.188118811881188,0.0,1.325595238095238,"","",0,0,0.0
ranchi-10252336,RANCHI R1 - FEEDER WAREHOUSE,ranchi,ranchi,"10252336",2,5,0.0,0.14195583596214512,0.0,0.0,"","",0,0,0.0
bengaluru-10325396,BENGALURU B5 - FEEDER WAREHOUSE,bengaluru,bengaluru,"10325396",101,0,43.801749271137034,36.277628032345014,0.0,2.305843982960596,"49990010081045",Scheduled,288,288,24120.0
noida-10199527,CPC-NOIDA2,noida,noida,"10199527",52,7,2.10322184719239,2.5662779160972686,3.328227124183007,28.052200046685346,"","",0,0,0.0
junagadh-10260300,CPC -  JUNAGADH SONVATIKA(HP),junagadh,junagadh,"10260300",1,1,0.0,0.0,0.0,0.0,"","",0,0,0.0
mumbai-10216709,MUMBAI M12 - FEEDER WAREHOUSE,mumbai,mumbai,"10216709",130,75,21.583324560480055,29.349094019752705,3.474904887328065,9.498073358696711,"50033210040195",Scheduled,72,72,1872.0
dasna-10176794,DASNA D3 - FEEDER WAREHOUSE,dasna,dasna,"10176794",149,14,24.935891835219092,25.298558682223746,0.5614397147900122,6.53676239362657,"2576310067807",Scheduled,180,180,6804.0
pune-10315546,PUNE P2 - FEEDER WAREHOUSE,pune,pune,"10315546",285,674,29.80438648488441,29.51859099804305,22.61412092283214,32.176471758154335,"1723710058529",Scheduled,48,48,1560.0
mumbai-10216715,MUMBAI M10 - FEEDER WAREHOUSE,mumbai,mumbai,"10216715",960,974,282.5853587258292,292.05111577341216,3.446746159785996,6.843949766967265,"2273910096790",Scheduled,216,216,5616.0
chennai-10315547,CPC-CHN3,chennai,chennai,"10315547",13,2,0.3769461895656925,0.7656033287101248,5.305797101449275,39.79347826086956,"","",0,0,0.0
farukhnagar-10249577,FARUKHNAGAR - SR FEEDER WAREHOUSE,farukhnagar,farukhnagar,"10249577",12,0,0.519199567333694,1.1029049729197442,0.0,23.112499999999997,"1735210076921",Scheduled,48,48,36926.4
guwahati-10315341,GUWAHATI G2 - FEEDER WAREHOUSE,guwahati,guwahati,"10315341",68,141,9.173071540131033,7.0716759925393005,15.371078202447539,22.784080456110182,"","",0,0,0.0
aurangabad-(maharashtra)-10176797,CC-DTS-CHITEGAON1,aurangabad,aurangabad-(maharashtra),"10176797",5,7,1.5471964114066001,2.4416241088132677,4.524312458581843,7.755964214711732,"","",0,0,0.0
noida-10297369,NOIDA N1 - FEEDER WAREHOUSE,noida,noida,"10297369",22,1,0.0,2.8705933873439897,0.0,0.0,"2867410094941",Scheduled,20,20,20986.0
satara-10176795,CPC - SATARA POWAI NAKA(HP),satara,satara,"10176795",24,0,0.14563903500105332,1.0960154111325155,0.0,164.7909847784038,"","",0,0,0.0
mumbai-10249577,MUMBAI M12 - FEEDER WAREHOUSE,mumbai,mumbai,"10249577",28,0,0.0,1.9152542372881356,0.0,0.0,"50033210039849",Scheduled,66,66,50773.8
gurgaon-10291038,CPC - GURGAON3 (HP),gurgaon,gurgaon,"10291038",1,0,0.0,0.0,0.0,0.0,"","",0,0,0.0
ahmedabad-10216726,CPC - AHMEDABAD2 (HP),ahmedabad,ahmedabad,"10216726",9,0,1.3197442182503238,1.4841164316205475,0.0,6.819503260966676,"","",0,0,0.0
bengaluru-10315586,BENGALURU B3 - FEEDER WAREHOUSE,bengaluru,bengaluru,"10315586",100,0,0.0,1.8401048492791614,0.0,0.0,"","",0,0,0.0
pune-10216726,PUNE P2 - FEEDER WAREHOUSE,pune,pune,"10216726",605,541,93.19816212114826,86.43681953150777,5.80483549983265,12.296379820347905,"1723710058529",Scheduled,72,72,1872.0
bhopal-10315547,BHOPAL B1 - FEEDER WAREHOUSE,bhopal,bhopal,"10315547",218,58,22.667078062326443,18.50458963712436,2.5587770880975715,12.17624959163672,"27828910034507",Scheduled,48,48,1560.0
solapur-10258187,CPC - SOLAPUR KONARK NAGAR(HP),solapur,solapur,"10258187",2,0,0.0,0.0,0.0,0.0,"","",0,0,0.0
coimbatore-10216726,COIMBATORE C1 - FEEDER WAREHOUSE,coimbatore,coimbatore,"10216726",419,77,34.07381281566548,28.87993920972644,2.2597999354096103,14.556633350170998,"2883810040701",Scheduled,72,72,1872.0
patna-10260300,PATNA P2 - FEEDER WAREHOUSE,patna,patna,"10260300",25,0,0.0,1.6370935892008307,0.0,0.0,"50283910015238",Scheduled,36,36,6804.0
rajpura-10249577,RAJPURA R2 - FEEDER WAREHOUSE,rajpura,rajpura,"10249577",129,6,10.435717485441241,10.113712374581937,0.574948489010989,12.936341002747254,"43886010069091",Scheduled,24,24,18463.2
hyderabad-10260300,HYDERABAD H4 - FEEDER WAREHOUSE,hyderabad,hyderabad,"10260300",0,36,0.0,0.0,0.0,0.0,"","",0,0,0.0
surat-10176794,SURAT S2 - FEEDER WAREHOUSE,surat,surat,"10176794",78,0,11.28367764308367,10.293072737714015,0.0,6.91263987391647,"51076110004621",Scheduled,180,180,6804.0
noida-10249578,CPC-NOIDA2,noida,noida,"10249578",5,0,0.0,0.598295014208215,0.0,0.0,"","",0,0,0.0
lucknow-10292367,LUCKNOW L5 - FEEDER WAREHOUSE,lucknow,lucknow,"10292367",361,42,45.90711246200608,50.953420409136996,0.914890912268993,8.778596134390575,"2940310043312",Scheduled,144,144,11095.2
chennai-10315341,CHENNAI C5 - FEEDER WAREHOUSE,chennai,chennai,"10315341",129,11,12.10162002945508,15.502967946181244,0.9089692101740294,11.568699038578558,"8525210065108",Scheduled,48,48,1560.0
surat-10249577,SURAT S2 - FEEDER WAREHOUSE,surat,surat,"10249577",16,0,1.5768254442287588,1.421130544437743,0.0,10.146969696969698,"51076110004846",Scheduled,12,12,9231.6
pune-10216722,PUNE P2 - FEEDER WAREHOUSE,pune,pune,"10216722",338,183,39.503296703296705,28.64240135434301,4.632524757983754,13.188772671636809,"1723710058529",Scheduled,72,72,1872.0
bhubaneswar-10216726,BHUBANESWAR B1 - FEEDER WAREHOUSE,bhubaneswar,bhubaneswar,"10216726",215,80,27.978577426906863,49.22319498208149,2.8593305077428415,10.543781247301727,"5407610027371",Scheduled,144,144,3744.0
faridabad-10216726,FARIDABAD - FEEDER WAREHOUSE,faridabad,faridabad,"10216726",60,1,3.3910386965376773,4.98979190469947,0.29489489489489495,17.988588588588595,"","",0,0,0.0
bhopal-10176797,BHOPAL B1 - FEEDER WAREHOUSE,bhopal,bhopal,"10176797",508,36,108.11955874948504,95.22334024371744,0.33296473289733497,5.031467074893062,"27828910033903",Scheduled,180,180,6804.0
rajpura-10324645,RAJPURA R2 - FEEDER WAREHOUSE,rajpura,rajpura,"10324645",6,0,7.594470046082948,10.536504881066959,0.0,0.7900485436893205,"43886010069012",Scheduled,144,144,12060.0
kundli-10176797,KUNDLI - FEEDER WAREHOUSE,kundli,kundli,"10176797",211,338,125.4989730150861,121.9936021290229,2.6932491308862696,4.374537789516455,"2011710095829",Scheduled,360,360,13608.0
dasna-10252336,SUPER STORE DASNA 2 - WAREHOUSE,dasna,dasna,"10252336",34,0,0.0,2.152428216944346,0.0,0.0,"","",0,0,0.0
gurgaon-10291036,CPC-GGN4,gurgaon,gurgaon,"10291036",12,0,0.49438332033844473,0.29168559745570194,0.0,24.272663551401866,"","",0,0,0.0
pune-10315543,PUNE P3 - FEEDER WAREHOUSE,pune,pune,"10315543",89,5,12.824141519250782,11.69760166840459,0.3898896462187601,7.32992534891269,"43886110063916",Scheduled,48,48,1560.0
kundli-10324645,KUNDLI - FEEDER WAREHOUSE,kundli,kundli,"10324645",3,0,0.0,0.41464285714285715,0.0,0.0,"2011710095241",Scheduled,144,144,12060.0
goa-10315586,GOA G2 - FEEDER WAREHOUSE,goa,goa,"10315586",73,13,0.962409457316176,1.898445873526259,13.507764186204552,89.35905538566088,"","",0,0,0.0
lucknow-10216726,LUCKNOW L5 - FEEDER WAREHOUSE,lucknow,lucknow,"10216726",511,210,78.08486624647749,124.08862386605134,2.6893815677051682,9.23354338245441,"2940310043566",Scheduled,72,72,1872.0
mangalore-10315543,CPC - MANGALORE ATTAVAR(HP),mangalore,mangalore,"10315543",0,0,0.0,0.6398910823689585,0.0,0.0,"","",0,0,0.0
pune-10315341,PUNE P3 - FEEDER WAREHOUSE,pune,pune,"10315341",26,0,10.12987012987013,10.392017106200997,0.0,2.566666666666667,"43886110068251",Scheduled,48,48,1560.0
bidar-10260300,CPC - BIDAR DEVI NAGAR (HP),bidar,bidar,"10260300",2,1,0.1598047441080009,0.20835736589828754,6.257636502481863,18.77290950744559,"","",0,0,0.0
bhubaneswar-10176793,BHUBANESWAR B1 - FEEDER WAREHOUSE,bhubaneswar,bhubaneswar,"10176793",175,53,19.573822722481918,22.610433638617618,2.7076979674044845,11.648210123928726,"5407610027371",Scheduled,180,180,6804.0
ahmedabad-10325396,CPC - AHMEDABAD2 (HP),ahmedabad,ahmedabad,"10325396",2,0,0.7579821753050099,0.2430362889801353,0.0,2.638584474885845,"","",0,0,0.0
guwahati-10315341,GUWAHATI G1 - FEEDER WAREHOUSE,guwahati,guwahati,"10315341",42,108,8.320363481470965,7.244155894796358,12.980202155892663,18.028058549850922,"7165810032923",Scheduled,48,48,1560.0
mumbai-10176797,MUMBAI M11 - FEEDER WAREHOUSE,mumbai,mumbai,"10176797",841,466,89.6421783483961,121.47707979626483,5.198445738220258,14.580190085523341,"5625710057139",Scheduled,180,180,6804.0
"",KOLKATA K5 - FEEDER WAREHOUSE,kolkata,kolkata,"10291038",0,0,0.0,0.0,0.0,0.0,"27845210026389",Scheduled,50,50,4830.0
goa-10216726,GOA G2 - FEEDER WAREHOUSE,goa,goa,"10216726",437,187,26.218918469239767,40.07114365375478,7.132254529087072,23.799608695991083,"41315210040107",Scheduled,72,72,1872.0
ahmedabad-10249578,AHMEDABAD A2 - FEEDER WAREHOUSE,ahmedabad,ahmedabad,"10249578",73,14,4.498635122838944,4.274127632819868,3.1120550161812304,19.339199029126217,"2738110067259",Scheduled,24,24,18463.2
mangalore-10249574,CPC - MANGALORE ATTAVAR(HP),mangalore,mangalore,"10249574",0,0,0.0,0.0,0.0,0.0,"","",0,0,0.0
dehradun-10258761,CPC-DHD1-FRZ (HP),dehradun,dehradun,"10258761",9,0,0.32986345815871304,0.6821358680458485,0.0,27.28401639344262,"","",0,0,0.0
gandhidham-10315546,CPC - GANDHIDHAM GAYATRI KUNJ (HP),gandhidham,gandhidham,"10315546",0,20,0.9666495522568369,0.7284944069572805,20.690021480179652,20.690021480179652,"","",0,0,0.0
lucknow-10252336,LUCKNOW L5 - FEEDER WAREHOUSE,lucknow,lucknow,"10252336",59,1,0.6338293858729827,5.394321766561515,1.57771164021164,94.6626984126984,"2940310044047",Scheduled,12,12,24351.6
puducherry-10260300,CPC - PUDUCHERRY VENKATA NAGAR (HP),puducherry,puducherry,"10260300",2,0,0.0,0.14882668992734824,0.0,0.0,"","",0,0,0.0
ranchi-10216715,RANCHI R1 - FEEDER WAREHOUSE,ranchi,ranchi,"10216715",95,8,19.277061143633507,31.240322872087866,0.4150010180697124,5.3431381076475475,"2896610025121",Scheduled,144,144,3744.0
morbi-10249578,CPC - MORBI SANALA ROAD(HP),morbi,morbi,"10249578",2,0,0.0,0.16189877397044952,0.0,0.0,"","",0,0,0.0
dasna-10249577,DASNA D3 - FEEDER WAREHOUSE,dasna,dasna,"10249577",59,0,8.436992969172527,6.932545544066963,0.0,6.99301282051282,"2576310067486",Scheduled,48,48,36926.4
solapur-10176795,CPC - SOLAPUR KARNIK NAGAR (HP),solapur,solapur,"10176795",4,11,0.0,2.3673932880462334,0.0,0.0,"","",0,0,0.0
patna-10292367,PATNA P1 - FEEDER WAREHOUSE,patna,patna,"10292367",190,141,13.15520021144443,20.851474125762905,10.718194914079405,25.161152599718317,"","",0,0,0.0
mumbai-10265740,MUMBAI M12 - FEEDER WAREHOUSE,mumbai,mumbai,"10265740",228,274,35.30808950086058,49.46112115732369,7.760261284976115,14.217704981963537,"50033210040195",Scheduled,180,180,6804.0
ludhiana-10315543,LUDHIANA L2 - FEEDER WAREHOUSE,ludhiana,ludhiana,"10315543",254,160,19.132361372757806,26.464569244339906,8.362794162346361,21.63872989507121,"3226810044352",Scheduled,48,48,1560.0
rajpura-10176797,RAJPURA R2 - FEEDER WAREHOUSE,rajpura,rajpura,"10176797",531,204,152.73038861170866,114.14592708702028,1.3356870355292274,4.812401819186187,"43886010066389",Scheduled,360,360,13608.0
bengaluru-10258761,BENGALURU B3 - FEEDER WAREHOUSE,bengaluru,bengaluru,"10258761",99,0,7.3978424321673755,8.78273177636235,0.0,13.382280159080866,"1736010088344",Scheduled,36,36,6804.0
ahmedabad-10216726,AHMEDABAD A2 - FEEDER WAREHOUSE,ahmedabad,ahmedabad,"10216726",466,224,103.6439126065921,141.48576648115886,2.1612460815740455,6.657409804848623,"2738110067259",Scheduled,144,144,3744.0
morbi-10315586,CPC - MORBI SANALA ROAD(HP),morbi,morbi,"10315586",2,0,0.12475678150394873,0.0,0.0,16.03119266055046,"","",0,0,0.0
dasna-10265737,DASNA D3 - FEEDER WAREHOUSE,dasna,dasna,"10265737",87,47,4.747059657078079,6.366061010168361,9.900865671641789,28.227999999999994,"2576310065808",Scheduled,36,36,6804.0
mumbai-10260300,MUMBAI M11 - FEEDER WAREHOUSE,mumbai,mumbai,"10260300",119,6,11.666208791208792,7.7720864661654145,0.514305898975627,10.714706228658894,"5625710053542",Scheduled,36,36,6804.0
delhi-10252336,CPC-DEL5,delhi,delhi,"10252336",2,0,0.0,0.0,0.0,0.0,"","",0,0,0.0
patna-10216726,PATNA P2 - FEEDER WAREHOUSE,patna,patna,"10216726",175,6,19.884146221638215,23.99321564453218,0.3017479319011803,9.10272927901894,"50283910015238",Scheduled,72,72,1872.0
mumbai-10291036,MUMBAI M11 - FEEDER WAREHOUSE,mumbai,mumbai,"10291036",107,1,14.760166840458812,8.108843537414964,0.06774991169198163,7.316990462734016,"5625710057139",Scheduled,24,24,18463.2
hyderabad-10315546,HYDERABAD H3 - FEEDER WAREHOUSE,hyderabad,hyderabad,"10315546",297,37,55.42857142857143,55.42857142857143,0.6675257731958762,6.025773195876289,"6769710095686",Scheduled,96,96,3120.0
indore-10252336,INDORE I2 - FEEDER WAREHOUSE,indore,indore,"10252336",41,3,9.111297421924125,4.471608832807572,0.3292615596963423,4.8291695422130205,"50993810015083",Scheduled,48,48,97406.4
hyderabad-10176797,HYDERABAD H3 - FEEDER WAREHOUSE,hyderabad,hyderabad,"10176797",1236,1294,259.2857142857143,259.2857142857143,4.990633608815427,9.757575757575758,"6769710093850",Scheduled,540,540,20412.0
varanasi-10216726,VARANASI V2 - FEEDER WAREHOUSE,varanasi,varanasi,"10216726",423,229,79.36061899078614,88.05757494281916,2.885562170660327,8.215661726072197,"51116810015404",Scheduled,144,144,4680.0
hyderabad-10176797,HYDERABAD H3 - FEEDER WAREHOUSE,hyderabad,hyderabad,"10176797",1236,1294,259.2857142857143,259.2857142857143,4.990633608815427,9.757575757575758,"6769710095686",Scheduled,720,720,27216.0
patna-10315543,PATNA P2 - FEEDER WAREHOUSE,patna,patna,"10315543",46,48,0.0,2.5204351661276103,0.0,0.0,"50283910015435",Scheduled,48,48,1560.0
nagpur-10292367,NAGPUR N1 - FEEDER WAREHOUSE,nagpur,nagpur,"10292367",334,266,131.32518831769525,108.901562593189,2.0255063282795853,4.568811266796057,"2549710051002",Scheduled,144,144,11095.2
bhubaneswar-10216715,BHUBANESWAR B1 - FEEDER WAREHOUSE,bhubaneswar,bhubaneswar,"10216715",328,246,61.2618468547675,93.7209686162636,4.015549850842538,9.369616318632588,"5407610027371",Scheduled,360,360,9360.0
kundli-10291036,KUNDLI - FEEDER WAREHOUSE,kundli,kundli,"10291036",16,0,0.24719166016922237,1.652885052248978,0.0,64.7271028037383,"2011710094655",Scheduled,24,24,18463.2
goa-10199527,CPC-GOA2-FRZ (HP),goa,goa,"10199527",5,6,0.17881127624743812,0.782852097838955,33.554930795847746,61.517373125720866,"","",0,0,0.0
surat-10265791,SURAT S1 - FEEDER WAREHOUSE,surat,surat,"10265791",3,0,0.0,0.2984126984126984,0.0,0.0,"","",0,0,0.0
satara-10260300,CPC - SATARA POWAI NAKA(HP),satara,satara,"10260300",0,0,0.2663412401800015,0.3472622764971459,0.0,0.0,"","",0,0,0.0
bhubaneswar-10176797,BHUBANESWAR B1 - FEEDER WAREHOUSE,bhubaneswar,bhubaneswar,"10176797",238,270,43.92932668100883,42.118015877028874,6.146235792790428,11.564028824953843,"","",0,0,0.0
mumbai-10216715,MUMBAI M10 - FEEDER WAREHOUSE,mumbai,mumbai,"10216715",960,974,282.5853587258292,292.05111577341216,3.446746159785996,6.843949766967265,"2273910094687",Scheduled,216,216,5616.0
hyderabad-10176793,SUPER STORE HYDERABAD H2 - WAREHOUSE,hyderabad,hyderabad,"10176793",0,2,0.0,0.0,0.0,0.0,"","",0,0,0.0
solapur-10216722,CPC - SOLAPUR KARNIK NAGAR (HP),solapur,solapur,"10216722",3,0,0.26489958268127284,1.156916922346719,0.0,11.325046153846154,"","",0,0,0.0
puducherry-10292367,CPC - PUDUCHERRY VENKATA NAGAR (HP),puducherry,puducherry,"10292367",0,0,0.7560459891634731,1.7060297011987835,0.0,0.0,"","",0,0,0.0
bhubaneswar-10291036,BHUBANESWAR B1 - FEEDER WAREHOUSE,bhubaneswar,bhubaneswar,"10291036",38,37,3.45682678743782,1.9984548029873808,10.70345790378007,21.69619845360825,"","",0,0,0.0
ranchi-10176793,RANCHI R1 - FEEDER WAREHOUSE,ranchi,ranchi,"10176793",68,71,6.6577628307761625,5.885890661481411,10.664242900302115,20.877883987915407,"","",0,0,0.0
kolkata-10258761,KOLKATA K5 - FEEDER WAREHOUSE,kolkata,kolkata,"10258761",46,6,5.571428571428571,0.9483282674772036,1.0769230769230769,9.333333333333334,"","",0,0,0.0
ahmedabad-10176797,AHMEDABAD A2 - FEEDER WAREHOUSE,ahmedabad,ahmedabad,"10176797",600,254,261.36567949832926,223.10340294281238,0.9718184900463325,3.267452718502236,"2738110063421",Scheduled,180,180,6804.0
coimbatore-10258187,CPC - COIMBATORE1 (HP),coimbatore,coimbatore,"10258187",1,0,0.0,0.0,0.0,0.0,"","",0,0,0.0
mumbai-10315546,MUMBAI M11 - FEEDER WAREHOUSE,mumbai,mumbai,"10315546",356,236,51.220937508501784,47.26427923844062,4.607490832451634,11.557773613607488,"5625710057139",Scheduled,240,240,7800.0
jaipur-10249577,JAIPUR J3 - FEEDER WAREHOUSE,jaipur,jaipur,"10249577",103,1,2.257727340600269,5.329239541641536,0.4429232804232804,46.06402116402116,"6478710071825",Scheduled,6,6,4615.8
surat-10199527,SURAT S1 - FEEDER WAREHOUSE,surat,surat,"10199527",256,273,33.08008610577605,21.658908040211088,8.252699195735529,15.991494045949063,"","",0,0,0.0
mumbai-10216715,MUMBAI M10 - FEEDER WAREHOUSE,mumbai,mumbai,"10216715",960,974,282.5853587258292,292.05111577341216,3.446746159785996,6.843949766967265,"2273910097234",Scheduled,288,288,7488.0
delhi-10325396,CPC-DEL5,delhi,delhi,"10325396",13,0,0.0,0.4984761496652777,0.0,0.0,"","",0,0,0.0
mumbai-10315341,MUMBAI M10 - FEEDER WAREHOUSE,mumbai,mumbai,"10315341",7,0,9.337602927721866,4.074039362699157,0.0,0.7496570644718793,"2273910096790",Scheduled,48,48,1560.0
farukhnagar-10292367,FARUKHNAGAR F2 - FEEDER WAREHOUSE,farukhnagar,farukhnagar,"10292367",784,343,97.31908926729994,130.14134802210862,3.524488387451967,11.580461844485034,"5383910068788",Scheduled,144,144,11095.2
ahmedabad-10252336,CPC - AHMEDABAD2 (HP),ahmedabad,ahmedabad,"10252336",2,0,0.0,0.0,0.0,0.0,"","",0,0,0.0
jamnagar-10315586,CPC - JAMNAGAR KHODIYAR COLONY (HP),jamnagar,jamnagar,"10315586",3,0,0.24951356300789745,0.14603429796355838,0.0,12.023394495412843,"","",0,0,0.0
guwahati-10216726,GUWAHATI G2 - FEEDER WAREHOUSE,guwahati,guwahati,"10216726",196,76,28.154543322673575,37.10291079051368,2.699386707465976,9.660962953036124,"51894410004218",Scheduled,72,72,1872.0
noida-10324645,CPC - NOIDA1 (HP),noida,noida,"10324645",2,0,0.0,0.0,0.0,0.0,"","",0,0,0.0
dasna-10176793,SUPER STORE DASNA 2 - WAREHOUSE,dasna,dasna,"10176793",197,130,13.623479851257294,12.676713069333696,9.542349048800661,24.0026779919832,"1724010051917",Scheduled,180,180,6804.0
gandhidham-10315547,CPC - GANDHIDHAM GAYATRI KUNJ (HP),gandhidham,gandhidham,"10315547",1,13,0.8457864948629269,0.6492838469166442,15.370309267124034,16.5526407492105,"","",0,0,0.0
farukhnagar-10216726,FARUKHNAGAR - SR FEEDER WAREHOUSE,farukhnagar,farukhnagar,"10216726",116,137,121.39918533604884,159.0080353630898,1.1285083966648215,2.0840337544248166,"1735210075435",Scheduled,72,72,1872.0
kundli-10216726,KUNDLI - FEEDER WAREHOUSE,kundli,kundli,"10216726",275,519,91.55804480651729,121.75092247466708,5.668535201868536,8.672094316538763,"2011710093998",Scheduled,144,144,3744.0
solapur-10249574,CPC - SOLAPUR KONARK NAGAR(HP),solapur,solapur,"10249574",1,0,0.25145936237090255,0.39603960396039595,0.0,3.9767857142857146,"","",0,0,0.0
guwahati-10176795,GUWAHATI G2 - FEEDER WAREHOUSE,guwahati,guwahati,"10176795",329,75,10.704469072577421,18.150015208354453,7.006419420850501,37.741245946981365,"51894410003847",Scheduled,180,180,6804.0
chennai-10265737,CHENNAI C5 - FEEDER WAREHOUSE,chennai,chennai,"10265737",108,50,6.195256480970767,3.3472154963680385,8.070690883190883,25.50338319088319,"8525210065192",Scheduled,36,36,6804.0
dehradun-10315341,CPC-DHD1-FRZ (HP),dehradun,dehradun,"10315341",32,0,4.371205452222065,2.8976623579185428,0.0,7.320635085622222,"","",0,0,0.0
bhopal-10249578,BHOPAL B1 - FEEDER WAREHOUSE,bhopal,bhopal,"10249578",74,7,3.748862602365787,2.5903803835271924,1.867233009708738,21.606553398058253,"27828910034507",Scheduled,24,24,18463.2
kolkata-10176795,KOLKATA K5 - FEEDER WAREHOUSE,kolkata,kolkata,"10176795",194,183,23.46225412014886,13.896877106268258,7.799762080099699,16.0683623180196,"27845210026389",Scheduled,180,180,6804.0
aurangabad-(maharashtra)-10199527,CC-DTS-CHITEGAON1,aurangabad,aurangabad-(maharashtra),"10199527",3,0,0.0,1.0438027971186068,0.0,0.0,"","",0,0,0.0
nagpur-10252336,NAGPUR N1 - FEEDER WAREHOUSE,nagpur,nagpur,"10252336",26,17,11.092014252777195,6.558359621451105,1.5326341647770219,3.876662887377173,"2549710050594",Scheduled,12,12,24351.6
dehradun-10315341,DEHRADUN - FEEDER WAREHOUSE,dehradun,dehradun,"10315341",146,93,11.07874485304558,10.348794135423368,8.394452732110175,21.572840892197117,"2173110040847",Scheduled,48,48,1560.0
mangalore-10216709,CPC - MANGALORE ATTAVAR(HP),mangalore,mangalore,"10216709",0,0,0.0,0.0,0.0,0.0,"","",0,0,0.0
delhi-10315586,CPC - DELHI MUNDKA (HP),delhi,delhi,"10315586",7,0,0.10920329670329669,0.3110125839473169,0.0,64.10062893081762,"","",0,0,0.0
solapur-10315543,CPC - SOLAPUR KARNIK NAGAR (HP),solapur,solapur,"10315543",5,0,0.0,0.0,0.0,0.0,"","",0,0,0.0
farukhnagar-10315543,FARUKHNAGAR F2 - FEEDER WAREHOUSE,farukhnagar,farukhnagar,"10315543",352,94,41.09349764629339,38.50856955810148,2.2874665186471113,10.85329858847459,"5383910068788",Scheduled,48,48,1560.0
mumbai-10315543,MUMBAI M10 - FEEDER WAREHOUSE,mumbai,mumbai,"10315543",54,128,20.915358100344697,21.924902891670264,6.119904779344441,8.701739608130378,"2273910096790",Scheduled,96,96,3120.0
delhi-10291038,CPC - DELHI MUNDKA (HP),delhi,delhi,"10291038",1,0,0.0,0.0,0.0,0.0,"","",0,0,0.0
mumbai-10216715,MUMBAI M11 - FEEDER WAREHOUSE,mumbai,mumbai,"10216715",996,868,199.83673469387753,158.28189967575813,4.343545751633988,9.327614379084968,"5625710057139",Scheduled,576,576,14976.0
dasna-10315543,DASNA D3 - FEEDER WAREHOUSE,dasna,dasna,"10315543",118,27,18.910898126329254,21.552415244330138,1.4277481597983153,7.667536413731693,"2576310067486",Scheduled,48,48,1560.0
rajpura-10176797,RAJPURA R2 - FEEDER WAREHOUSE,rajpura,rajpura,"10176797",531,204,152.73038861170866,114.14592708702028,1.3356870355292274,4.812401819186187,"43886010069381",Scheduled,180,180,6804.0
ahmedabad-10265737,AHMEDABAD A2 - FEEDER WAREHOUSE,ahmedabad,ahmedabad,"10265737",116,13,11.42572208579015,13.063258232235704,1.137783669372436,11.290314873003403,"2738110067259",Scheduled,36,36,6804.0
gandhidham-10315341,CPC - GANDHIDHAM GAYATRI KUNJ (HP),gandhidham,gandhidham,"10315341",0,0,0.5426324009654978,0.8279035308338695,0.0,0.0,"","",0,0,0.0
bidar-10291036,CPC - BIDAR DEVI NAGAR (HP),bidar,bidar,"10291036",2,0,0.28806889895315163,0.0,0.0,6.94278350515464,"","",0,0,0.0
gurgaon-10258187,CPC-GGN4,gurgaon,gurgaon,"10258187",17,0,0.0,0.10071013557133633,0.0,0.0,"","",0,0,0.0
solapur-10216722,CPC - SOLAPUR MURARJI PETH(HP),solapur,solapur,"10216722",4,1,0.0,0.8263692302476564,0.0,0.0,"","",0,0,0.0
ahmedabad-10315547,AHMEDABAD A2 - FEEDER WAREHOUSE,ahmedabad,ahmedabad,"10315547",149,203,91.13349482148038,73.53139566330997,2.2275015393369113,3.862465723382231,"2738110069320",Scheduled,144,144,4680.0
patna-10315341,PATNA P1 - FEEDER WAREHOUSE,patna,patna,"10315341",79,230,5.788078943631977,6.0023005985455535,39.736845720296394,53.38558838074603,"","",0,0,0.0
solapur-10265737,CPC - SOLAPUR KONARK NAGAR(HP),solapur,solapur,"10265737",1,0,0.0,0.14355228826632643,0.0,0.0,"","",0,0,0.0
ranchi-10249577,RANCHI R1 - FEEDER WAREHOUSE,ranchi,ranchi,"10249577",18,8,0.25085859340002986,0.13816546959811388,31.89047619047619,103.64404761904763,"","",0,0,0.0
bengaluru-10258187,BENGALURU B5 - FEEDER WAREHOUSE,bengaluru,bengaluru,"10258187",179,2,2.5341614906832297,2.2941176470588234,0.7892156862745099,71.42401960784314,"49990010078666",Scheduled,36,36,6804.0
mumbai-10216722,MUMBAI M12 - FEEDER WAREHOUSE,mumbai,mumbai,"10216722",129,291,80.14165224913495,73.68269976726144,3.631070633475005,5.240720501922688,"50033210033504",Scheduled,216,216,5616.0
mumbai-10216722,MUMBAI M12 - FEEDER WAREHOUSE,mumbai,mumbai,"10216722",129,291,80.14165224913495,73.68269976726144,3.631070633475005,5.240720501922688,"50033210034102",Scheduled,144,144,3744.0
ranchi-10315547,RANCHI R1 - FEEDER WAREHOUSE,ranchi,ranchi,"10315547",51,57,6.343398711471952,4.285273389649852,8.985719263857128,17.025573342045085,"2896610024842",Scheduled,48,48,1560.0
dasna-10297369,DASNA D3 - FEEDER WAREHOUSE,dasna,dasna,"10297369",0,0,6.584837545126355,2.7957083424567553,0.0,0.0,"2576310066675",Scheduled,40,40,41972.0
bengaluru-10252336,BENGALURU B3 - FEEDER WAREHOUSE,bengaluru,bengaluru,"10252336",0,3,1.326530612244898,0.4642857142857143,2.2615384615384615,2.2615384615384615,"1736010088491",Scheduled,12,12,24351.6
faridabad-10315546,FARIDABAD - FEEDER WAREHOUSE,faridabad,faridabad,"10315546",14,1,0.6450694524164851,1.0653492806378921,1.5502206719817764,23.253310079726646,"","",0,0,0.0
bengaluru-10216715,BENGALURU B3 - FEEDER WAREHOUSE,bengaluru,bengaluru,"10216715",776,292,249.91493515548737,202.04762986275597,1.1683975582264778,4.2734540828283505,"1736010088344",Scheduled,144,144,3744.0
"",PUNE P2 - FEEDER WAREHOUSE,pune,pune,"10252336",0,0,0.0,0.0,0.0,0.0,"1723710058323",Scheduled,24,24,48703.2
bidar-10216709,CPC - BIDAR DEVI NAGAR (HP),bidar,bidar,"10216709",0,3,0.0,0.1559956152583819,0.0,0.0,"","",0,0,0.0
rajpura-10325396,RAJPURA R2 - FEEDER WAREHOUSE,rajpura,rajpura,"10325396",24,1,0.4421562689279224,10.624157775417345,2.2616438356164386,56.541095890410965,"43886010066389",Scheduled,288,288,24120.0
kolkata-10216715,KOLKATA K4 - FEEDER WAREHOUSE,kolkata,kolkata,"10216715",538,28,98.08017492711372,98.99515165182096,0.2854807306451852,5.7707890551848156,"2135610070403",Scheduled,144,144,3744.0
noida-10315547,NOIDA N1 - FEEDER WAREHOUSE,noida,noida,"10315547",61,0,5.624244136262922,14.016855145850112,0.0,10.845901870919135,"2867410093603",Scheduled,144,144,4680.0
dasna-10216722,SUPER STORE DASNA 2 - WAREHOUSE,dasna,dasna,"10216722",191,95,32.79007130402733,34.67992496909238,2.8972184634539646,8.722152426819305,"1724010051917",Scheduled,144,144,3744.0
junagadh-10249576,CPC -  JUNAGADH SONVATIKA(HP),junagadh,junagadh,"10249576",1,0,0.0,0.162276985223276,0.0,0.0,"","",0,0,0.0
kundli-10249574,KUNDLI - FEEDER WAREHOUSE,kundli,kundli,"10249574",10,0,10.289598618903753,9.934246712335618,0.0,0.9718552074157965,"2011710095745",Scheduled,72,72,146109.6
farukhnagar-10216715,FARUKHNAGAR F2 - FEEDER WAREHOUSE,farukhnagar,farukhnagar,"10216715",2198,1742,569.0781530106648,615.4628302326184,3.061090978074068,6.923477872337444,"5383910068788",Scheduled,648,648,16848.0
rajpura-10315341,RAJPURA R2 - FEEDER WAREHOUSE,rajpura,rajpura,"10315341",396,98,83.74626721567515,42.68877580862139,1.1702014102624614,5.898770374180163,"43886010069972",Scheduled,48,48,1560.0
dasna-10176795,DASNA D3 - FEEDER WAREHOUSE,dasna,dasna,"10176795",373,371,122.21917460317462,123.28259124851701,3.035530236598107,6.08742451759836,"2576310067109",Scheduled,180,180,6804.0
ahmedabad-10249576,AHMEDABAD A2 - FEEDER WAREHOUSE,ahmedabad,ahmedabad,"10249576",61,6,9.883351007423117,6.00424845326121,0.6070815450643777,6.779077253218884,"2738110069320",Scheduled,12,12,23511.6
visakhapatnam-10216726,VISAKHAPATNAM V1 - FEEDER WAREHOUSE,visakhapatnam,visakhapatnam,"10216726",248,65,49.49040818438714,44.276140210013,1.3133858132232117,6.324457839059465,"2888510043803",Scheduled,72,72,1872.0
kolkata-10291036,KOLKATA K4 - FEEDER WAREHOUSE,kolkata,kolkata,"10291036",112,20,2.8051948051948052,2.368421052631579,7.12962962962963,47.05555555555556,"2135610069122",Scheduled,24,24,18463.2
chennai-10298083,CHENNAI C5 - FEEDER WAREHOUSE,chennai,chennai,"10298083",85,23,3.142857142857143,3.0,7.318181818181818,34.36363636363637,"","",0,0,0.0
dasna-10258761,DASNA D3 - FEEDER WAREHOUSE,dasna,dasna,"10258761",52,40,1.3045239702903442,2.469225491383138,30.66252587991719,70.52380952380953,"2576310067486",Scheduled,36,36,6804.0
noida-10258761,CPC - NOIDA1 (HP),noida,noida,"10258761",32,1,0.0,0.7797554183315173,0.0,0.0,"","",0,0,0.0
nellore-10249577,CPC - NELLORE RAMALINGA PURAM (HP),nellore,nellore,"10249577",2,0,0.08361953113334328,0.0,0.0,23.917857142857144,"","",0,0,0.0
faridabad-10252336,FARIDABAD - FEEDER WAREHOUSE,faridabad,faridabad,"10252336",26,111,12.278364722094627,8.909181141439205,9.040291806958471,11.157837635615412,"49060410072674",Scheduled,24,24,48703.2
bengaluru-10315546,BENGALURU B5 - FEEDER WAREHOUSE,bengaluru,bengaluru,"10315546",87,706,38.26860564585116,51.999341672152745,18.44854256080114,20.721946530758224,"49990010071488",Scheduled,48,48,1560.0
surat-10216722,SURAT S2 - FEEDER WAREHOUSE,surat,surat,"10216722",97,113,24.9535406885759,27.369348905802383,4.528415482606565,8.415639392454679,"51076110004408",Scheduled,72,72,1872.0
bengaluru-10292367,BENGALURU B3 - FEEDER WAREHOUSE,bengaluru,bengaluru,"10292367",345,39,82.30439421083355,90.34410844629824,0.4738507630600665,4.665607513206809,"1736010088491",Scheduled,288,288,22190.4
bengaluru-10176793,BENGALURU B3 - FEEDER WAREHOUSE,bengaluru,bengaluru,"10176793",296,110,87.13417625967165,60.53515990735722,1.2624208401555905,4.659480555483362,"1736010087973",Scheduled,180,180,6804.0
vijayawada-10315341,VIJAYAWADA - FEEDER WAREHOUSE,vijayawada,vijayawada,"10315341",23,65,0.0,4.3119975564264035,0.0,0.0,"51388610012005",Scheduled,48,48,1560.0
mumbai-10216722,MUMBAI M10 - FEEDER WAREHOUSE,mumbai,mumbai,"10216722",271,99,34.23334775086505,46.3178820791311,2.891916990429262,10.808174610695222,"2273910094687",Scheduled,72,72,1872.0
indore-10249577,INDORE I2 - FEEDER WAREHOUSE,indore,indore,"10249577",53,0,1.433477676571599,3.315971270354734,0.0,36.97302083333334,"50993810014973",Scheduled,6,6,4615.8
gurgaon-10315543,CPC-GGN4,gurgaon,gurgaon,"10315543",27,0,1.4212178039725976,1.333630114566285,0.0,18.997791840581662,"","",0,0,0.0
noida-10315543,NOIDA N1 - FEEDER WAREHOUSE,noida,noida,"10315543",173,20,19.490987025909906,23.100378770166007,1.0261153000314172,9.902012645303174,"2867410094569",Scheduled,48,48,1560.0
junagadh-10315543,CPC -  JUNAGADH SONVATIKA(HP),junagadh,junagadh,"10315543",0,0,0.0,0.462937071329561,0.0,0.0,"","",0,0,0.0
kundli-10216726,KUNDLI - FEEDER WAREHOUSE,kundli,kundli,"10216726",275,519,91.55804480651729,121.75092247466708,5.668535201868536,8.672094316538763,"2011710094637",Scheduled,216,216,5616.0
surat-10258761,SURAT S2 - FEEDER WAREHOUSE,surat,surat,"10258761",29,16,3.2515112304216,2.7772674627580978,4.920788785934901,13.839718460441908,"51076110004079",Scheduled,36,36,6804.0
rajpura-10199527,RAJPURA R2 - FEEDER WAREHOUSE,rajpura,rajpura,"10199527",434,152,59.18653243790202,45.9273230732187,2.568151803106172,9.900901030396163,"","",0,0,0.0
solapur-10216722,CPC - SOLAPUR KONARK NAGAR(HP),solapur,solapur,"10216722",1,1,0.0,1.5582962627527235,0.0,0.0,"","",0,0,0.0
pune-10258187,PUNE P2 - FEEDER WAREHOUSE,pune,pune,"10258187",76,11,1.7142857142857142,1.2342857142857142,6.416666666666667,50.75,"","",0,0,0.0
mumbai-10315341,MUMBAI M11 - FEEDER WAREHOUSE,mumbai,mumbai,"10315341",14,0,4.3229643183897535,9.868791002811623,0.0,3.2385185185185184,"5625710056407",Scheduled,96,96,3120.0
patna-10176797,PATNA P2 - FEEDER WAREHOUSE,patna,patna,"10176797",167,48,34.44353915869456,54.93654244829853,1.3935850139802892,6.242099541786712,"50283910015973",Scheduled,180,180,6804.0
kolkata-10249576,KOLKATA K4 - FEEDER WAREHOUSE,kolkata,kolkata,"10249576",6,7,0.06792452830188679,0.07281553398058252,103.05555555555556,191.38888888888889,"","",0,0,0.0
lucknow-10260300,SUPER STORE LUCKNOW L4 - WAREHOUSE,lucknow,lucknow,"10260300",43,24,1.598047441080009,2.7780982119771673,15.018327605956474,41.926164566628486,"","",0,0,0.0
agra-10216715,CPC-AGRA2,agra,agra,"10216715",129,4,7.645478487474985,27.708808112634454,0.5231850441477144,17.3959027179115,"","",0,0,0.0
dehradun-10176793,DEHRADUN - FEEDER WAREHOUSE,dehradun,dehradun,"10176793",197,162,11.05188629908843,19.595709153468604,14.658131256142394,32.48314272194518,"","",0,0,0.0
mumbai-10216726,MUMBAI M10 - FEEDER WAREHOUSE,mumbai,mumbai,"10216726",596,589,161.42927068037199,163.06708494208496,3.648656761673742,7.340676167374167,"2273910097633",Scheduled,288,288,7488.0
mumbai-10297369,MUMBAI M12 - FEEDER WAREHOUSE,mumbai,mumbai,"10297369",83,2,8.857142857142858,8.857142857142858,0.22580645161290322,9.596774193548386,"50033210034102",Scheduled,20,20,20986.0
bengaluru-10325396,BENGALURU B5 - FEEDER WAREHOUSE,bengaluru,bengaluru,"10325396",101,0,43.801749271137034,36.277628032345014,0.0,2.305843982960596,"49990010081779",Scheduled,144,144,12060.0
bengaluru-10176797,BENGALURU B3 - FEEDER WAREHOUSE,bengaluru,bengaluru,"10176797",679,116,196.64634884753565,168.61388742766965,0.5898914507176404,4.042790545866588,"1736010088491",Scheduled,540,540,20412.0
dasna-10216726,SUPER STORE DASNA 2 - WAREHOUSE,dasna,dasna,"10216726",340,260,37.97963340122198,72.01932982449568,6.845774345774348,15.797940797940804,"1724010051254",Scheduled,144,144,3744.0
farukhnagar-10249576,FARUKHNAGAR - SR FEEDER WAREHOUSE,farukhnagar,farukhnagar,"10249576",2,9,0.15377232302398477,0.11883719462155162,58.5280876494024,71.5343293492696,"","",0,0,0.0
"",VIJAYAWADA - FEEDER WAREHOUSE,vijayawada,vijayawada,"10291038",0,0,0.0,0.0,0.0,0.0,"51388610011914",Scheduled,50,50,4830.0
satara-10292367,CPC - SATARA POWAI NAKA(HP),satara,satara,"10292367",0,2,0.0,0.9477942784437686,0.0,0.0,"","",0,0,0.0
bengaluru-10315341,BENGALURU B3 - FEEDER WAREHOUSE,bengaluru,bengaluru,"10315341",156,0,50.33642125792296,33.38287331917905,0.0,3.099147617202635,"1736010088491",Scheduled,144,144,4680.0
agra-10199527,CPC-AGRA2,agra,agra,"10199527",49,0,1.430490209979505,1.3047534963982583,0.0,34.25399185409457,"","",0,0,0.0
vijayawada-10216726,VIJAYAWADA - FEEDER WAREHOUSE,vijayawada,vijayawada,"10216726",75,121,28.154543322673575,38.95805633003937,4.29770778425504,6.961576245570148,"51388610011914",Scheduled,72,72,1872.0
delhi-10258761,CPC - DELHI MUNDKA (HP),delhi,delhi,"10258761",5,1,0.5590817015530047,0.5198369455543448,1.788647342995169,10.731884057971014,"","",0,0,0.0
coimbatore-10297369,CPC - COIMBATORE1 (HP),coimbatore,coimbatore,"10297369",1,0,0.0,0.0,0.0,0.0,"","",0,0,0.0
kundli-10176793,KUNDLI - FEEDER WAREHOUSE,kundli,kundli,"10176793",95,149,17.666577097436882,20.671036626571162,8.434005024188718,13.81139077786609,"2011710095829",Scheduled,180,180,6804.0
agra-10324645,CPC-AGRA2,agra,agra,"10324645",2,0,0.0,1.1896053897978824,0.0,0.0,"","",0,0,0.0
visakhapatnam-10249578,VISAKHAPATNAM V1 - FEEDER WAREHOUSE,visakhapatnam,visakhapatnam,"10249578",41,5,0.6985458265277864,0.6938518884447838,7.157726537216829,65.85108414239482,"","",0,0,0.0
varanasi-10252336,VARANASI V2 - FEEDER WAREHOUSE,varanasi,varanasi,"10252336",39,0,1.5845734646824563,5.25236593059937,0.0,24.61230158730159,"51116810015404",Scheduled,24,24,48703.2
gurgaon-10249578,CPC-GGN4,gurgaon,gurgaon,"10249578",7,0,0.49664933254704346,0.6980108499095841,0.0,14.094451640759928,"","",0,0,0.0
bhuj-10325396,CPC -  BHUJ CITY MALL (HP),bhuj,bhuj,"10325396",0,0,0.0,0.6249504573774909,0.0,0.0,"","",0,0,0.0
mumbai-10324645,MUMBAI M11 - FEEDER WAREHOUSE,mumbai,mumbai,"10324645",34,0,3.051948051948052,9.511904761904761,0.0,11.140425531914893,"5625710056845",Scheduled,144,144,12060.0
ahmedabad-10258187,AHMEDABAD A2 - FEEDER WAREHOUSE,ahmedabad,ahmedabad,"10258187",86,31,2.3146163737676817,1.6384737920048549,13.393148148148144,50.54833333333332,"","",0,0,0.0
gandhidham-10249578,CPC - GANDHIDHAM GAYATRI KUNJ (HP),gandhidham,gandhidham,"10249578",1,0,0.0,0.0,0.0,0.0,"","",0,0,0.0
farukhnagar-10176795,FARUKHNAGAR F2 - FEEDER WAREHOUSE,farukhnagar,farukhnagar,"10176795",1369,700,227.7981798941799,289.96538488380213,3.0728954916372646,9.082601103139286,"5383910067675",Scheduled,540,540,20412.0
jaipur-10258333,JAIPUR J4 - FEEDER WAREHOUSE,jaipur,jaipur,"10258333",46,5,2.1530100334448155,1.9724243584833396,2.3223300970873795,23.68776699029127,"","",0,0,0.0
jaipur-10291036,JAIPUR J3 - FEEDER WAREHOUSE,jaipur,jaipur,"10291036",34,0,0.28806889895315163,3.4259225194069383,0.0,118.02731958762888,"6478710071599",Scheduled,72,72,55389.6
guwahati-10216722,GUWAHATI G1 - FEEDER WAREHOUSE,guwahati,guwahati,"10216722",0,0,0.0,0.0,0.0,0.0,"","",0,0,0.0
solapur-10265740,CPC - SOLAPUR KARNIK NAGAR (HP),solapur,solapur,"10265740",3,0,0.45024144933846805,0.34738429129060894,0.0,6.663091557669442,"","",0,0,0.0
nagpur-10249574,NAGPUR N1 - FEEDER WAREHOUSE,nagpur,nagpur,"10249574",28,226,27.45936237090256,24.356435643564353,8.230344060701203,9.250032705389847,"2549710051002",Scheduled,12,12,24351.6
noida-10315546,CPC-NOIDA2-FRZ(HP),noida,noida,"10315546",2,6,0.6450694524164851,1.5219275437684174,9.301324031890658,12.401765375854211,"","",0,0,0.0
nellore-10315546,CPC - NELLORE RAMALINGA PURAM (HP),nellore,nellore,"10315546",0,6,0.4639917850832817,1.359856226320257,12.931263425112284,12.931263425112284,"","",0,0,0.0
surat-10216715,SURAT S2 - FEEDER WAREHOUSE,surat,surat,"10216715",383,1043,155.85013839852851,172.30687397772687,6.692326427923453,9.149815423028613,"51076110004846",Scheduled,288,288,7488.0
gurgaon-10325396,CPC - GURGAON (HP),gurgaon,gurgaon,"10325396",2,0,0.0,0.19939045986611106,0.0,0.0,"","",0,0,0.0
bengaluru-10216722,BENGALURU B3 - FEEDER WAREHOUSE,bengaluru,bengaluru,"10216722",139,1,82.29864332988853,45.897670807453416,0.012150868587123213,1.70112160219725,"1736010087559",Scheduled,72,72,1872.0
lucknow-10176793,SUPER STORE LUCKNOW L4 - WAREHOUSE,lucknow,lucknow,"10176793",90,10,4.7935892381588365,7.03435713201437,2.0861195031889896,20.8611950318899,"1735810061603",Scheduled,180,180,6804.0
mumbai-10216715,MUMBAI M12 - FEEDER WAREHOUSE,mumbai,mumbai,"10216715",333,879,217.00647800886466,249.0955559794011,4.05057032428356,5.585086726998491,"50033210033504",Scheduled,288,288,7488.0
ludhiana-10315546,LUDHIANA L2 - FEEDER WAREHOUSE,ludhiana,ludhiana,"10315546",252,86,35.572703523051594,45.1666532313514,2.417584031651427,9.50166747323468,"3226810044769",Scheduled,96,96,3120.0
surat-10258333,SURAT S1 - FEEDER WAREHOUSE,surat,surat,"10258333",37,72,0.8073787625418059,2.3011617515638965,89.17747572815536,135.004789644013,"","",0,0,0.0
ahmedabad-10258333,AHMEDABAD A2 - FEEDER WAREHOUSE,ahmedabad,ahmedabad,"10258333",84,32,5.382525083612039,4.602323503127793,5.94516504854369,21.55122330097088,"2738110068530",Scheduled,36,36,6804.0
gurgaon-10297369,CPC - GURGAON (HP),gurgaon,gurgaon,"10297369",5,0,0.0,0.0,0.0,0.0,"","",0,0,0.0
bidar-10176793,CPC - BIDAR DEVI NAGAR (HP),bidar,bidar,"10176793",0,3,0.15978630793862791,0.8374234680969489,18.775075528700903,18.775075528700903,"","",0,0,0.0
gurgaon-10315547,CPC - GURGAON3 (HP),gurgaon,gurgaon,"10315547",32,3,1.3421491688809246,1.5451651341882016,2.235220994475138,26.077578268876607,"","",0,0,0.0
noida-10265737,CPC-NOIDA2,noida,noida,"10265737",31,2,0.8544707382740543,0.09772462077012835,2.3406301824212266,38.62039800995024,"","",0,0,0.0
aurangabad-(maharashtra)-10176794,CC-DTS-CHITEGAON1,aurangabad,aurangabad-(maharashtra),"10176794",2,0,0.0,0.2744819396723737,0.0,0.0,"","",0,0,0.0
mumbai-10176797,MUMBAI M11 - FEEDER WAREHOUSE,mumbai,mumbai,"10176797",841,466,89.6421783483961,121.47707979626483,5.198445738220258,14.580190085523341,"5625710053542",Scheduled,180,180,6804.0
"",KUNDLI - FEEDER WAREHOUSE,kundli,kundli,"10291038",0,0,0.0,0.0,0.0,0.0,"2011710095745",Scheduled,180,180,17388.0
visakhapatnam-10176795,VISAKHAPATNAM V1 - FEEDER WAREHOUSE,visakhapatnam,visakhapatnam,"10176795",237,163,45.366559402828116,55.23917672107877,3.5929548580631114,8.817067136351193,"2888510043803",Scheduled,180,180,6804.0
gurgaon-10315543,CPC - GURGAON (HP),gurgaon,gurgaon,"10315543",27,0,0.13535407656881882,1.3891980360065466,0.0,199.47681432610744,"","",0,0,0.0
dehradun-10216726,CPC-DDN1,dehradun,dehradun,"10216726",28,37,7.9184653095019435,5.565436618577054,4.672622604736426,8.208661332645072,"","",0,0,0.0
noida-10216715,NOIDA N1 - FEEDER WAREHOUSE,noida,noida,"10216715",423,135,321.0325164042805,299.7443527311305,0.4205181503483364,1.738141688106457,"2867410094569",Scheduled,360,360,9360.0
guwahati-10291036,GUWAHATI G1 - FEEDER WAREHOUSE,guwahati,guwahati,"10291036",35,24,1.1522755958126065,1.8319169027384323,20.82835051546392,51.203028350515474,"","",0,0,0.0
farukhnagar-10216726,FARUKHNAGAR F2 - FEEDER WAREHOUSE,farukhnagar,farukhnagar,"10216726",1557,823,208.43584521384923,231.36001798123212,3.948457133923512,11.418381505149403,"5383910068788",Scheduled,144,144,3744.0
surat-10315586,SURAT S2 - FEEDER WAREHOUSE,surat,surat,"10315586",26,8,1.4970813780473848,1.126550298576022,5.343730886850152,22.710856269113147,"","",0,0,0.0
goa-10249576,CPC-GOA2-FRZ (HP),goa,goa,"10249576",4,0,0.22462161380507087,0.0,0.0,17.807725321888412,"","",0,0,0.0
dehradun-10258761,CPC-DDN1,dehradun,dehradun,"10258761",3,1,0.0,0.5116019010343864,0.0,0.0,"","",0,0,0.0
ranchi-10265791,RANCHI R2 - FEEDER WAREHOUSE,ranchi,ranchi,"10265791",15,0,0.0,0.09947089947089947,0.0,0.0,"","",0,0,0.0
bhopal-10216715,BHOPAL B1 - FEEDER WAREHOUSE,bhopal,bhopal,"10216715",636,93,128.60086891752795,121.66262385589499,0.7231677420441158,5.6687019779587144,"27828910033903",Scheduled,216,216,5616.0
dehradun-10252336,DEHRADUN - FEEDER WAREHOUSE,dehradun,dehradun,"10252336",8,23,0.905470551247118,1.135646687697161,25.40115740740741,34.23634259259259,"","",0,0,0.0
puducherry-10176797,CPC - PUDUCHERRY VENKATA NAGAR (HP),puducherry,puducherry,"10176797",0,0,0.36838009795395243,1.627749405875512,0.0,0.0,"","",0,0,0.0
guwahati-10176797,GUWAHATI G1 - FEEDER WAREHOUSE,guwahati,guwahati,"10176797",151,71,15.787718483740822,41.68201157188365,4.497166583830351,14.061563121272366,"7165810032200",Scheduled,180,180,6804.0
ludhiana-10265737,LUDHIANA L2 - FEEDER WAREHOUSE,ludhiana,ludhiana,"10265737",150,53,9.02030690983433,7.369017464338089,5.87563156440022,22.504777501381973,"3226810044352",Scheduled,36,36,6804.0
noida-10315546,NOIDA N1 - FEEDER WAREHOUSE,noida,noida,"10315546",74,31,18.948915164734245,21.306985612757842,1.6359775602190665,5.541214316871032,"2867410094569",Scheduled,96,96,3120.0
nagpur-10199527,NAGPUR N1 - FEEDER WAREHOUSE,nagpur,nagpur,"10199527",392,234,57.443122494489494,54.0167947508879,4.073594711402528,10.897736279222148,"","",0,0,0.0
noida-10216709,CPC - NOIDA1 (HP),noida,noida,"10216709",48,19,1.9334393891186759,4.918308764811258,9.82704713006846,34.653271458662466,"","",0,0,0.0
ahmedabad-10291036,CPC - AHMEDABAD2 (HP),ahmedabad,ahmedabad,"10291036",3,0,0.0,0.0,0.0,0.0,"","",0,0,0.0
delhi-10315341,CPC - DELHI4 (HP),delhi,delhi,"10315341",329,63,9.444323102026132,1.5283578282908787,6.670673940251402,41.50641562823095,"","",0,0,0.0
morbi-10216709,CPC - MORBI SANALA ROAD(HP),morbi,morbi,"10216709",0,11,0.12763834563720985,0.1559956152583819,86.18099792099795,86.18099792099795,"","",0,0,0.0
faridabad-10176793,FARIDABAD - FEEDER WAREHOUSE,faridabad,faridabad,"10176793",22,0,0.8789341839520836,0.456818488984998,0.0,25.030315581854037,"","",0,0,0.0
patna-10216726,PATNA P1 - FEEDER WAREHOUSE,patna,patna,"10216726",271,18,41.000053713643396,43.781434732806154,0.43902381508369154,7.048771253288159,"3292010040740",Scheduled,72,72,1872.0
jaipur-10199527,JAIPUR J3 - FEEDER WAREHOUSE,jaipur,jaipur,"10199527",359,133,31.649595895796544,22.754900977185628,4.202265344489407,15.545222176607432,"","",0,0,0.0
bhubaneswar-10176794,BHUBANESWAR B1 - FEEDER WAREHOUSE,bhubaneswar,bhubaneswar,"10176794",144,13,7.791110753557773,8.508940129843587,1.6685682454281134,20.15117034863183,"5407610027371",Scheduled,180,180,6804.0
vijayawada-10315546,VIJAYAWADA - FEEDER WAREHOUSE,vijayawada,vijayawada,"10315546",51,29,11.8575678410172,10.846472281363953,2.4456954738799315,6.746746134841191,"51388610013167",Scheduled,48,48,1560.0
rajpura-10315547,RAJPURA R2 - FEEDER WAREHOUSE,rajpura,rajpura,"10315547",423,188,63.09567251677435,44.02144482094848,2.979602126437738,9.683706910922648,"43886010068445",Scheduled,96,96,3120.0
bengaluru-10265737,BENGALURU B5 - FEEDER WAREHOUSE,bengaluru,bengaluru,"10265737",211,132,14.831789371038518,13.202437373053487,8.899802761341222,23.126002629848784,"49990010071488",Scheduled,36,36,6804.0
pune-10249574,PUNE P2 - FEEDER WAREHOUSE,pune,pune,"10249574",0,6,2.5885714285714285,2.311224489795918,2.3178807947019866,2.3178807947019866,"1723710058529",Scheduled,12,12,24351.6
vijayawada-10216722,VIJAYAWADA - FEEDER WAREHOUSE,vijayawada,vijayawada,"10216722",50,242,0.0,1.1899716915566252,0.0,0.0,"51388610012005",Scheduled,72,72,1872.0
goa-10249578,GOA G2 - FEEDER WAREHOUSE,goa,goa,"10249578",51,0,0.6519761047592671,2.1046840616158438,0.0,78.22372572815536,"","",0,0,0.0
aurangabad-(maharashtra)-10260300,CC-DTS-CHITEGAON1,aurangabad,aurangabad-(maharashtra),"10260300",2,0,0.0,0.2976533798546965,0.0,0.0,"","",0,0,0.0
pune-10324645,PUNE P2 - FEEDER WAREHOUSE,pune,pune,"10324645",13,0,0.0,6.857142857142857,0.0,0.0,"1723710057816",Scheduled,144,144,12060.0
lucknow-10291036,LUCKNOW L5 - FEEDER WAREHOUSE,lucknow,lucknow,"10291036",67,0,0.5761377979063033,2.3315306034852776,0.0,116.29162371134022,"2940310043312",Scheduled,48,48,36926.4
ahmedabad-10315546,AHMEDABAD A2 - FEEDER WAREHOUSE,ahmedabad,ahmedabad,"10315546",170,235,99.95156370335694,95.18993584241798,2.3511388045658697,4.0519626206347965,"2738110067259",Scheduled,96,96,3120.0
dehradun-10216722,DEHRADUN - FEEDER WAREHOUSE,dehradun,dehradun,"10216722",210,90,16.211854460093896,30.939263980472255,5.551493212669683,18.504977375565613,"","",0,0,0.0
lucknow-10265791,SUPER STORE LUCKNOW L4 - WAREHOUSE,lucknow,lucknow,"10265791",3,0,0.0,0.6962962962962964,0.0,0.0,"","",0,0,0.0
hyderabad-10199527,HYDERABAD H3 - FEEDER WAREHOUSE,hyderabad,hyderabad,"10199527",371,215,35.285714285714285,35.285714285714285,6.093117408906883,16.607287449392715,"","",0,0,0.0
delhi-10176794,CPC-DEL5,delhi,delhi,"10176794",25,0,0.5063125245729764,0.5216197666437886,0.0,49.376617773943046,"","",0,0,0.0
ranchi-10315586,RANCHI R2 - FEEDER WAREHOUSE,ranchi,ranchi,"10315586",60,16,0.8554750731699341,0.43810289389067525,18.703058103975536,88.8395259938838,"","",0,0,0.0
ahmedabad-10315543,AHMEDABAD A2 - FEEDER WAREHOUSE,ahmedabad,ahmedabad,"10315543",117,0,11.409206323204197,20.369231138500687,0.0,10.254876341577225,"2738110068530",Scheduled,48,48,1560.0
vijayawada-10216726,VIJAYAWADA - FEEDER WAREHOUSE,vijayawada,vijayawada,"10216726",75,121,28.154543322673575,38.95805633003937,4.29770778425504,6.961576245570148,"51388610013167",Scheduled,72,72,1872.0
gurgaon-10315546,CPC - GURGAON3 (HP),gurgaon,gurgaon,"10315546",28,0,3.8300998737228795,3.043855087536835,0.0,7.310514326819326,"","",0,0,0.0
bengaluru-10216709,BENGALURU B3 - FEEDER WAREHOUSE,bengaluru,bengaluru,"10216709",132,3,38.771202412363365,23.247386759581886,0.07737701730507485,3.481965778728368,"1736010088344",Scheduled,144,144,3744.0
ranchi-10216709,RANCHI R1 - FEEDER WAREHOUSE,ranchi,ranchi,"10216709",55,20,3.2821288878139674,4.412447403022803,6.093605913605916,22.851022176022184,"","",0,0,0.0
delhi-10315586,CPC-DEL5,delhi,delhi,"10315586",10,0,0.12740384615384615,0.0,0.0,78.49056603773586,"","",0,0,0.0
kundli-10176797,KUNDLI - FEEDER WAREHOUSE,kundli,kundli,"10176797",211,338,125.4989730150861,121.9936021290229,2.6932491308862696,4.374537789516455,"2011710095241",Scheduled,180,180,6804.0
chennai-10258761,CHENNAI C5 - FEEDER WAREHOUSE,chennai,chennai,"10258761",117,19,1.6551724137931034,1.888888888888889,11.479166666666666,82.16666666666667,"","",0,0,0.0
nagpur-10249576,NAGPUR N1 - FEEDER WAREHOUSE,nagpur,nagpur,"10249576",40,0,6.963270027957197,5.869017632241815,0.0,5.74442752318981,"2549710051002",Scheduled,12,12,23511.6
noida-10252336,CPC-NOIDA2,noida,noida,"10252336",3,0,0.0,0.7486706841545552,0.0,0.0,"","",0,0,0.0
dasna-10292367,DASNA D3 - FEEDER WAREHOUSE,dasna,dasna,"10292367",254,46,54.81190085169767,52.98473901643056,0.8392338029739258,5.4732639324386465,"2576310066675",Scheduled,576,576,44380.8
jaipur-10258187,JAIPUR J4 - FEEDER WAREHOUSE,jaipur,jaipur,"10258187",33,6,0.7715387912558939,0.5461579306682849,7.776666666666665,50.548333333333325,"","",0,0,0.0
jaipur-10252336,JAIPUR J3 - FEEDER WAREHOUSE,jaipur,jaipur,"10252336",68,0,13.204778872353804,9.274447949526817,0.0,5.149650793650793,"6478710071599",Scheduled,84,84,170461.2
noida-10176797,CPC-NOIDA2,noida,noida,"10176797",96,54,6.062752319569376,15.60383283045642,8.906845794392522,24.741238317757002,"","",0,0,0.0
kundli-10249576,KUNDLI - FEEDER WAREHOUSE,kundli,kundli,"10249576",12,0,5.074486659791498,4.634650590240513,0.0,2.3647712181576725,"2011710094655",Scheduled,12,12,23511.6
jamnagar-10176797,CPC - JAMNAGAR KHODIYAR COLONY (HP),jamnagar,jamnagar,"10176797",0,10,2.762850734654643,1.9532992870506145,3.6194499668654747,3.6194499668654747,"","",0,0,0.0
bhuj-10315547,CPC -  BHUJ CITY MALL (HP),bhuj,bhuj,"10315547",2,3,0.3383145979451708,0.16232096172916105,8.86748611564848,14.7791435260808,"","",0,0,0.0
ahmedabad-10176797,AHMEDABAD A2 - FEEDER WAREHOUSE,ahmedabad,ahmedabad,"10176797",600,254,261.36567949832926,223.10340294281238,0.9718184900463325,3.267452718502236,"2738110067651",Scheduled,360,360,13608.0
pune-10315341,PUNE P3 - FEEDER WAREHOUSE,pune,pune,"10315341",26,0,10.12987012987013,10.392017106200997,0.0,2.566666666666667,"43886110067829",Scheduled,96,96,3120.0
kolkata-10315546,KOLKATA K5 - FEEDER WAREHOUSE,kolkata,kolkata,"10315546",98,10,9.719331441185746,8.079398496240602,1.028877352368592,11.111875405580792,"27845210026883",Scheduled,48,48,1560.0
mangalore-10216726,CPC - MANGALORE ATTAVAR(HP),mangalore,mangalore,"10216726",0,29,1.0079173838209983,2.5836645053336116,28.772199453551913,28.772199453551913,"","",0,0,0.0
goa-10315586,CPC-GOA2-FRZ (HP),goa,goa,"10315586",1,0,0.0,0.0,0.0,0.0,"","",0,0,0.0
rajpura-10216722,RAJPURA R2 - FEEDER WAREHOUSE,rajpura,rajpura,"10216722",138,0,36.32908562486028,114.46394366401825,0.0,3.7986092307692303,"43886010069972",Scheduled,288,288,7488.0
kolkata-10315546,KOLKATA K6 - FEEDER WAREHOUSE,kolkata,kolkata,"10315546",76,5,5.077262693156732,9.695278195488722,0.9847826086956523,15.953478260869568,"48287510055363",Scheduled,48,48,1560.0
hyderabad-10265737,HYDERABAD H4 - FEEDER WAREHOUSE,hyderabad,hyderabad,"10265737",0,36,0.0,0.0,0.0,0.0,"","",0,0,0.0
pune-10176797,PUNE P2 - FEEDER WAREHOUSE,pune,pune,"10176797",549,462,37.430851063829785,43.2825370675453,12.342759698735257,27.009805314764815,"1723710058529",Scheduled,180,180,6804.0
bengaluru-10324645,BENGALURU B5 - FEEDER WAREHOUSE,bengaluru,bengaluru,"10324645",0,357,0.0,0.0,0.0,0.0,"","",0,0,0.0
ahmedabad-10265791,AHMEDABAD A2 - FEEDER WAREHOUSE,ahmedabad,ahmedabad,"10265791",2,0,0.0,0.19894179894179895,0.0,0.0,"","",0,0,0.0
dehradun-10315547,DEHRADUN - FEEDER WAREHOUSE,dehradun,dehradun,"10315547",149,131,12.179325526026147,15.972382634149445,10.755932232869917,22.989778818347915,"2173110040847",Scheduled,48,48,1560.0
farukhnagar-10199527,FARUKHNAGAR - SR FEEDER WAREHOUSE,farukhnagar,farukhnagar,"10199527",44,229,27.79257440932802,28.389449446826028,8.239610934463874,9.822767620561736,"1735210076510",Scheduled,180,180,6804.0
lucknow-10216715,SUPER STORE LUCKNOW L4 - WAREHOUSE,lucknow,lucknow,"10216715",313,161,42.54022645595055,87.08482549685114,3.7846531016169336,11.142394845754202,"1735810061603",Scheduled,72,72,1872.0
gurgaon-10265737,CPC-GGN4,gurgaon,gurgaon,"10265737",17,0,0.15823532190260262,0.33505584264044,0.0,107.43492537313433,"","",0,0,0.0
lucknow-10265737,SUPER STORE LUCKNOW L4 - WAREHOUSE,lucknow,lucknow,"10265737",47,0,0.751692242486194,1.722627459195917,0.0,62.52558872305141,"1735810060912",Scheduled,36,36,6804.0
bhopal-10315341,BHOPAL B1 - FEEDER WAREHOUSE,bhopal,bhopal,"10315341",91,0,8.397882395894609,16.558070616677387,0.0,10.83606505903039,"27828910034742",Scheduled,96,96,3120.0
pune-10216715,PUNE P3 - FEEDER WAREHOUSE,pune,pune,"10216715",393,57,179.79345410718992,201.70713263846307,0.31703045187628204,2.5028719884969637,"43886110066628",Scheduled,360,360,9360.0
"",FARUKHNAGAR - SR FEEDER WAREHOUSE,farukhnagar,farukhnagar,"10297369",0,0,0.0,0.0,0.0,0.0,"1735210076921",Scheduled,40,40,41972.0
kolkata-10216715,KOLKATA K4 - FEEDER WAREHOUSE,kolkata,kolkata,"10216715",538,28,98.08017492711372,98.99515165182096,0.2854807306451852,5.7707890551848156,"2135610070184",Scheduled,72,72,1872.0
noida-10216726,CPC-NOIDA2-FRZ(HP),noida,noida,"10216726",45,5,9.042769857433806,2.3285695555264194,0.5529279279279281,5.529279279279281,"","",0,0,0.0
noida-10216726,CPC - NOIDA1 (HP),noida,noida,"10216726",116,34,5.696945010183298,4.657139111052839,5.968110968110969,26.329901329901336,"","",0,0,0.0
mumbai-10216726,MUMBAI M10 - FEEDER WAREHOUSE,mumbai,mumbai,"10216726",596,589,161.42927068037199,163.06708494208496,3.648656761673742,7.340676167374167,"2273910097234",Scheduled,144,144,3744.0
patna-10216722,PATNA P2 - FEEDER WAREHOUSE,patna,patna,"10216722",5,0,0.0,0.6610953841981251,0.0,0.0,"50283910015435",Scheduled,72,72,1872.0
ludhiana-10249577,LUDHIANA L2 - FEEDER WAREHOUSE,ludhiana,ludhiana,"10249577",92,33,4.180976556667164,5.112122375130215,7.892892857142858,29.89732142857143,"3226810044352",Scheduled,6,6,4615.8
farukhnagar-10249576,FARUKHNAGAR F2 - FEEDER WAREHOUSE,farukhnagar,farukhnagar,"10249576",7,7,0.8611250089343149,1.3864339372514356,8.128901062416999,16.257802124833997,"","",0,0,0.0
puducherry-10176795,CPC - PUDUCHERRY VENKATA NAGAR (HP),puducherry,puducherry,"10176795",11,0,0.87383421000632,0.6576092466795093,0.0,12.58820022612807,"","",0,0,0.0
coimbatore-10291036,CPC - COIMBATORE1 (HP),coimbatore,coimbatore,"10291036",1,0,0.0,0.0,0.0,0.0,"","",0,0,0.0
aurangabad-(maharashtra)-10291036,CC-DTS-CHITEGAON1,aurangabad,aurangabad-(maharashtra),"10291036",4,0,0.0,0.0,0.0,0.0,"","",0,0,0.0
lucknow-10260300,LUCKNOW L5 - FEEDER WAREHOUSE,lucknow,lucknow,"10260300",130,2,4.794142323240027,7.987032359434356,0.4171757668321243,27.533600610920203,"2940310043566",Scheduled,36,36,6804.0
kundli-10315586,KUNDLI - FEEDER WAREHOUSE,kundli,kundli,"10315586",35,20,1.9656593406593408,1.658733781052357,10.174703004891683,27.98043326345213,"","",0,0,0.0
noida-10216726,NOIDA N1 - FEEDER WAREHOUSE,noida,noida,"10216726",411,225,101.39205702647654,112.76929704620802,2.2191087408478722,6.272680707463318,"2867410094941",Scheduled,288,288,7488.0
nagpur-10292367,NAGPUR N1 - FEEDER WAREHOUSE,nagpur,nagpur,"10292367",334,266,131.32518831769525,108.901562593189,2.0255063282795853,4.568811266796057,"2549710050075",Scheduled,144,144,11095.2
farukhnagar-10265740,FARUKHNAGAR - SR FEEDER WAREHOUSE,farukhnagar,farukhnagar,"10265740",63,259,29.715191716550716,32.77356268512901,8.716080396538132,10.83620806056092,"1735210076132",Scheduled,180,180,6804.0
varanasi-10315546,VARANASI V2 - FEEDER WAREHOUSE,varanasi,varanasi,"10315546",150,58,12.837106053970794,20.397843394803854,4.518152281063328,16.20302887002021,"51116810015115",Scheduled,48,48,1560.0
agra-10315546,CPC-AGRA2,agra,agra,"10315546",19,0,1.546639283610939,3.8853035037721626,0.0,12.28470025385667,"","",0,0,0.0
surat-10325396,SURAT S1 - FEEDER WAREHOUSE,surat,surat,"10325396",20,0,4.7752877044215625,2.333148374209299,0.0,4.188229325215627,"","",0,0,0.0
gurgaon-10265740,CPC - GURGAON1 (HP),gurgaon,gurgaon,"10265740",2,0,0.0,0.9280539595303523,0.0,0.0,"","",0,0,0.0
coimbatore-10249577,CPC - COIMBATORE1 (HP),coimbatore,coimbatore,"10249577",2,0,0.0,0.0,0.0,0.0,"","",0,0,0.0
farukhnagar-10216709,FARUKHNAGAR F2 - FEEDER WAREHOUSE,farukhnagar,farukhnagar,"10216709",535,435,104.4057270124085,85.25068525672846,4.16643811070154,9.29067808593217,"5383910069131",Scheduled,72,72,1872.0
chennai-10292367,CHENNAI C5 - FEEDER WAREHOUSE,chennai,chennai,"10292367",362,193,25.533623285379726,32.98444130127298,7.558660901467506,21.736045597484278,"8525210065889",Scheduled,144,144,11095.2
varanasi-10265740,VARANASI V2 - FEEDER WAREHOUSE,varanasi,varanasi,"10265740",297,98,34.36843063283639,26.401206138086284,2.8514540290463115,11.493105525237683,"","",0,0,0.0
jaipur-10249578,JAIPUR J3 - FEEDER WAREHOUSE,jaipur,jaipur,"10249578",63,0,0.5588366612222291,4.856963219113486,0.0,112.73419296116506,"6478710071599",Scheduled,48,48,36926.4
mumbai-10265737,MUMBAI M11 - FEEDER WAREHOUSE,mumbai,mumbai,"10265737",130,10,12.750885478158205,9.959758551307846,0.7842592592592593,10.97962962962963,"5625710057139",Scheduled,36,36,6804.0
farukhnagar-10315546,FARUKHNAGAR - SR FEEDER WAREHOUSE,farukhnagar,farukhnagar,"10315546",23,0,39.107335552749404,37.79453400358236,0.0,0.588124955968344,"1735210076934",Scheduled,288,288,9360.0
mangalore-10260300,CPC - MANGALORE ATTAVAR(HP),mangalore,mangalore,"10260300",0,0,0.0,0.0,0.0,0.0,"","",0,0,0.0
kolkata-10249577,KOLKATA K4 - FEEDER WAREHOUSE,kolkata,kolkata,"10249577",13,57,0.3792667509481669,0.35714285714285715,150.29,184.56666666666663,"","",0,0,0.0
kolkata-10315586,KOLKATA K5 - FEEDER WAREHOUSE,kolkata,kolkata,"10315586",35,10,0.31100478468899523,0.4126984126984126,32.15384615384615,144.69230769230768,"","",0,0,0.0
dasna-10315547,SUPER STORE DASNA 2 - WAREHOUSE,dasna,dasna,"10315547",114,65,27.737749490205776,24.207587102281824,2.3433768490465154,6.453299322758865,"1724010051254",Scheduled,96,96,3120.0
"",CHENNAI C5 - FEEDER WAREHOUSE,chennai,chennai,"10324645",0,0,0.0,0.0,0.0,0.0,"8525210065574",Scheduled,144,144,12060.0
mangalore-10176795,CPC - MANGALORE ATTAVAR(HP),mangalore,mangalore,"10176795",43,0,6.031191515907673,1.5601600826232895,0.0,7.129602813405048,"","",0,0,0.0
gurgaon-10291036,SUPER STORE GURGAON G7 ECOM - WAREHOUSE,gurgaon,gurgaon,"10291036",4,1,0.12359583008461118,0.2333484779645616,8.090887850467288,40.45443925233644,"","",0,0,0.0
delhi-10315546,CPC - DELHI4 (HP),delhi,delhi,"10315546",271,63,10.683962805648033,17.502166753336798,5.896688442858984,31.261808570077786,"","",0,0,0.0
jaipur-10249574,JAIPUR J4 - FEEDER WAREHOUSE,jaipur,jaipur,"10249574",12,0,0.431073192635833,3.2248939179632248,0.0,27.8375,"49603310013988",Scheduled,48,48,97406.4
dasna-10324645,DASNA D3 - FEEDER WAREHOUSE,dasna,dasna,"10324645",9,0,1.7725190839694653,1.1057142857142856,0.0,5.077519379844962,"2576310067807",Scheduled,144,144,12060.0
varanasi-10176797,VARANASI V2 - FEEDER WAREHOUSE,varanasi,varanasi,"10176797",655,64,111.17711356250285,83.01521969965111,0.5756580464199561,6.467158365249195,"51116810015404",Scheduled,180,180,6804.0
bengaluru-10249576,BENGALURU B5 - FEEDER WAREHOUSE,bengaluru,bengaluru,"10249576",30,13,8.884615384615385,10.256756756756756,1.4632034632034632,4.83982683982684,"49990010073868",Scheduled,12,12,23511.6
kolkata-10315546,KOLKATA K4 - FEEDER WAREHOUSE,kolkata,kolkata,"10315546",315,97,37.77483443708609,34.79675187969925,2.5678471248246844,10.906732117812062,"2135610070184",Scheduled,96,96,3120.0
coimbatore-10199527,COIMBATORE C1 - FEEDER WAREHOUSE,coimbatore,coimbatore,"10199527",290,95,9.767728674203493,5.754098360655737,9.725904882154884,39.41550925925927,"","",0,0,0.0
hyderabad-10298083,HYDERABAD H3 - FEEDER WAREHOUSE,hyderabad,hyderabad,"10298083",137,1,6.857142857142857,6.857142857142857,0.14583333333333334,20.125,"6769710095686",Scheduled,120,120,125916.0
farukhnagar-10249577,FARUKHNAGAR F2 - FEEDER WAREHOUSE,farukhnagar,farukhnagar,"10249577",211,16,20.248783126014064,16.070901033973414,0.79017094017094,11.210550213675212,"5383910069408",Scheduled,6,6,4615.8
nellore-10315586,CPC - NELLORE RAMALINGA PURAM (HP),nellore,nellore,"10315586",2,0,0.0,0.0,0.0,0.0,"","",0,0,0.0
bengaluru-10176794,BENGALURU B3 - FEEDER WAREHOUSE,bengaluru,bengaluru,"10176794",198,9,48.72393661384487,44.61073825503355,0.18471413899349537,4.248425196850394,"1736010088491",Scheduled,180,180,6804.0
kundli-10260300,KUNDLI - FEEDER WAREHOUSE,kundli,kundli,"10260300",49,34,9.681757059614522,9.910854745673834,3.5117592592592595,8.572824074074074,"2011710095241",Scheduled,36,36,6804.0
dasna-10216726,DASNA D3 - FEEDER WAREHOUSE,dasna,dasna,"10216726",304,642,104.67006109979631,109.27644271291841,6.13355904500613,9.03792345261028,"2576310066675",Scheduled,1080,1080,28080.0
mumbai-10216715,MUMBAI M10 - FEEDER WAREHOUSE,mumbai,mumbai,"10216715",960,974,282.5853587258292,292.05111577341216,3.446746159785996,6.843949766967265,"2273910097633",Scheduled,504,504,13104.0
aurangabad-(maharashtra)-10249577,CC-DTS-CHITEGAON1,aurangabad,aurangabad-(maharashtra),"10249577",0,0,0.0,0.0,0.0,0.0,"","",0,0,0.0
gurgaon-10176794,CPC - GURGAON (HP),gurgaon,gurgaon,"10176794",37,0,1.822725088462715,1.877831159917639,0.0,20.299276195954363,"","",0,0,0.0
rajpura-10216715,RAJPURA R2 - FEEDER WAREHOUSE,rajpura,rajpura,"10216715",671,115,270.7283536205885,249.1464258867132,0.42478003674918524,2.9032792076944314,"43886010068445",Scheduled,360,360,9360.0
goa-10258333,CPC-GOA2-FRZ (HP),goa,goa,"10258333",4,0,0.0,0.0,0.0,0.0,"","",0,0,0.0
mumbai-10199527,MUMBAI M12 - FEEDER WAREHOUSE,mumbai,mumbai,"10199527",135,180,16.061386681282546,29.308214676889378,11.207002457002455,19.612254299754298,"50033210033504",Scheduled,180,180,6804.0
chennai-10216722,CHENNAI C5 - FEEDER WAREHOUSE,chennai,chennai,"10216722",208,20,13.740608138772629,12.94997421351212,1.4555396528312965,16.59315204227678,"8525210065192",Scheduled,72,72,1872.0
kolkata-10315546,KOLKATA K4 - FEEDER WAREHOUSE,kolkata,kolkata,"10315546",315,97,37.77483443708609,34.79675187969925,2.5678471248246844,10.906732117812062,"2135610071101",Scheduled,48,48,1560.0
mumbai-10324645,MUMBAI M10 - FEEDER WAREHOUSE,mumbai,mumbai,"10324645",13,0,0.0,3.9166666666666674,0.0,0.0,"2273910097415",Scheduled,144,144,12060.0
surat-10249577,SURAT S2 - FEEDER WAREHOUSE,surat,surat,"10249577",16,0,1.5768254442287588,1.421130544437743,0.0,10.146969696969698,"51076110004621",Scheduled,30,30,23079.0
dasna-10315547,DASNA D3 - FEEDER WAREHOUSE,dasna,dasna,"10315547",51,0,10.886321036478611,15.451651341882016,0.0,4.6847782486944665,"2576310067486",Scheduled,48,48,1560.0
chennai-10216722,CPC-CHN3,chennai,chennai,"10216722",0,15,0.0,0.9592573491490458,0.0,0.0,"","",0,0,0.0
aurangabad-(maharashtra)-10216709,CC-DTS-CHITEGAON1,aurangabad,aurangabad-(maharashtra),"10216709",7,0,0.0,1.0919693068086735,0.0,0.0,"","",0,0,0.0
coimbatore-10315341,COIMBATORE C1 - FEEDER WAREHOUSE,coimbatore,coimbatore,"10315341",144,11,11.612665684830633,7.335443872839995,0.9472415979708307,13.347495244134432,"2883810040462",Scheduled,48,48,1560.0
noida-10176795,NOIDA N1 - FEEDER WAREHOUSE,noida,noida,"10176795",467,223,123.02249312169313,102.88331355991347,1.8126766442573206,5.608730423935207,"2867410094941",Scheduled,360,360,13608.0
faridabad-10315341,FARIDABAD - FEEDER WAREHOUSE,faridabad,faridabad,"10315341",17,2,1.2318682306990607,0.5731341856090796,1.6235502711722989,15.423727576136839,"","",0,0,0.0
chennai-10176797,CPC-CHN3,chennai,chennai,"10176797",52,15,2.2229639519359146,7.219512195121952,6.747747747747748,30.13993993993994,"","",0,0,0.0
bengaluru-10260300,BENGALURU B3 - FEEDER WAREHOUSE,bengaluru,bengaluru,"10260300",114,2,16.39474731396737,12.443370582905468,0.12199029126213594,7.075436893203884,"1736010087559",Scheduled,36,36,6804.0
coimbatore-10176793,COIMBATORE C1 - FEEDER WAREHOUSE,coimbatore,coimbatore,"10176793",241,202,14.105468749999998,9.794331291838766,14.320686790362782,31.406258654112438,"","",0,0,0.0
dehradun-10216715,CPC-DDN1,dehradun,dehradun,"10216715",20,30,14.21274847030606,2.328471269969282,2.110781040182158,3.5179684003035967,"","",0,0,0.0
surat-10265737,SURAT S2 - FEEDER WAREHOUSE,surat,surat,"10265737",41,7,8.895024869419965,7.034062125049995,0.7869567654684323,5.396274963212107,"51076110004079",Scheduled,36,36,6804.0
visakhapatnam-10260300,VISAKHAPATNAM V1 - FEEDER WAREHOUSE,visakhapatnam,visakhapatnam,"10260300",64,9,0.9321943406300053,3.6462539032200323,9.654639175257733,78.30985108820161,"","",0,0,0.0
kolkata-10315547,KOLKATA K4 - FEEDER WAREHOUSE,kolkata,kolkata,"10315547",196,156,15.08344733242134,11.693365695792881,10.342463268637767,23.3368401959006,"2135610067276",Scheduled,48,48,1560.0
indore-10315546,INDORE I2 - FEEDER WAREHOUSE,indore,indore,"10315546",136,92,28.419496836351005,17.24103429798897,3.237214245198177,8.022661390273743,"50993810015083",Scheduled,48,48,1560.0
mumbai-10252336,MUMBAI M12 - FEEDER WAREHOUSE,mumbai,mumbai,"10252336",57,12,15.043583535108958,15.571428571428571,0.797682279092226,4.586673104780299,"50033210036493",Scheduled,72,72,146109.6
noida-10176797,NOIDA N1 - FEEDER WAREHOUSE,noida,noida,"10176797",333,71,131.56172533465545,125.39807474657705,0.5396706361169731,3.070801929454326,"2867410093168",Scheduled,180,180,6804.0
surat-10176794,CPC - SURAT1 (HP),surat,surat,"10176794",5,0,0.0,0.0,0.0,0.0,"","",0,0,0.0
surat-10249576,SURAT S2 - FEEDER WAREHOUSE,surat,surat,"10249576",17,2,1.010797262122819,1.3252620459900872,1.9786361468764901,18.797043395326657,"51076110004079",Scheduled,12,12,23511.6
solapur-10315341,CPC - SOLAPUR KONARK NAGAR(HP),solapur,solapur,"10315341",0,0,0.0,0.5913596648813353,0.0,0.0,"","",0,0,0.0
bengaluru-10324645,BENGALURU B3 - FEEDER WAREHOUSE,bengaluru,bengaluru,"10324645",8,0,16.857142857142858,16.857142857142858,0.0,0.4745762711864407,"1736010088491",Scheduled,144,144,12060.0
dasna-10216709,DASNA D3 - FEEDER WAREHOUSE,dasna,dasna,"10216709",131,276,33.029589564110715,34.82891243821898,8.35614379840481,12.32228451431434,"2576310066675",Scheduled,72,72,1872.0
jamnagar-10260300,CPC - JAMNAGAR KHODIYAR COLONY (HP),jamnagar,jamnagar,"10260300",3,0,0.13317062009000075,0.0,0.0,22.52749140893471,"","",0,0,0.0
dasna-10291036,DASNA D3 - FEEDER WAREHOUSE,dasna,dasna,"10291036",25,1,0.5932599844061337,0.8750567923671059,1.6856016355140184,43.82564252336448,"2576310067109",Scheduled,96,96,73852.8
dasna-10315546,DASNA D3 - FEEDER WAREHOUSE,dasna,dasna,"10315546",55,265,13.707725863850305,14.914889928930492,19.332163674125685,23.344499531019697,"2576310065808",Scheduled,48,48,1560.0
bidar-10315546,CPC - BIDAR DEVI NAGAR (HP),bidar,bidar,"10315546",1,1,0.1546639283610939,0.0,6.465631712556141,12.931263425112283,"","",0,0,0.0
kundli-10291036,KUNDLI - FEEDER WAREHOUSE,kundli,kundli,"10291036",16,0,0.24719166016922237,1.652885052248978,0.0,64.7271028037383,"2011710095745",Scheduled,48,48,36926.4
dehradun-10265737,CPC-DHD1-FRZ (HP),dehradun,dehradun,"10265737",9,0,0.375846121243097,1.2560825223303562,0.0,23.945970149253732,"","",0,0,0.0
ludhiana-10291036,LUDHIANA L2 - FEEDER WAREHOUSE,ludhiana,ludhiana,"10291036",37,0,0.28806889895315163,3.2831757477649828,0.0,128.44149484536084,"3226810044769",Scheduled,24,24,18463.2
coimbatore-10216726,COIMBATORE C1 - FEEDER WAREHOUSE,coimbatore,coimbatore,"10216726",419,77,34.07381281566548,28.87993920972644,2.2597999354096103,14.556633350170998,"2883810040184",Scheduled,72,72,1872.0
goa-10325396,CPC-GOA2-FRZ (HP),goa,goa,"10325396",0,0,0.0,0.0,0.0,0.0,"","",0,0,0.0
farukhnagar-10315543,FARUKHNAGAR F2 - FEEDER WAREHOUSE,farukhnagar,farukhnagar,"10315543",352,94,41.09349764629339,38.50856955810148,2.2874665186471113,10.85329858847459,"5383910069593",Scheduled,48,48,1560.0
hyderabad-10216722,HYDERABAD H3 - FEEDER WAREHOUSE,hyderabad,hyderabad,"10216722",481,153,51.857142857142854,51.857142857142854,2.950413223140496,12.225895316804408,"6769710093850",Scheduled,72,72,1872.0
delhi-10298083,CPC - DELHI4 (HP),delhi,delhi,"10298083",18,0,1.425,1.3231197771587744,0.0,12.631578947368421,"","",0,0,0.0
chennai-10258333,CHENNAI C5 - FEEDER WAREHOUSE,chennai,chennai,"10258333",111,17,1.3723916532905298,1.0424710424710426,12.387134502923976,93.26783625730994,"","",0,0,0.0
bengaluru-10292367,BENGALURU B3 - FEEDER WAREHOUSE,bengaluru,bengaluru,"10292367",345,39,82.30439421083355,90.34410844629824,0.4738507630600665,4.665607513206809,"1736010087973",Scheduled,144,144,11095.2
vijayawada-10292367,VIJAYAWADA - FEEDER WAREHOUSE,vijayawada,vijayawada,"10292367",102,22,13.245925730144045,20.634835433547188,1.660888068391786,9.361369112753703,"51388610011914",Scheduled,144,144,11095.2
kundli-10216715,KUNDLI - FEEDER WAREHOUSE,kundli,kundli,"10216715",429,982,201.21696184883677,170.98739876316404,4.880304279406239,7.012331301672305,"2011710095829",Scheduled,864,864,22464.0
dasna-10258761,DASNA D3 - FEEDER WAREHOUSE,dasna,dasna,"10258761",52,40,1.3045239702903442,2.469225491383138,30.66252587991719,70.52380952380953,"2576310067807",Scheduled,36,36,6804.0
lucknow-10216722,LUCKNOW L5 - FEEDER WAREHOUSE,lucknow,lucknow,"10216722",206,0,23.973412232655196,39.807386348501396,0.0,8.592852698682531,"2940310043312",Scheduled,144,144,3744.0
kolkata-10216709,KOLKATA K6 - FEEDER WAREHOUSE,kolkata,kolkata,"10216709",107,4,7.458646616541353,5.511881464914733,0.5362903225806452,14.882056451612904,"48287510056293",Scheduled,72,72,1872.0
farukhnagar-10216722,FARUKHNAGAR F2 - FEEDER WAREHOUSE,farukhnagar,farukhnagar,"10216722",788,615,146.19213812851734,95.33101419618878,4.2067925667750625,9.59695930274051,"5383910068267",Scheduled,144,144,3744.0
kolkata-10265737,KOLKATA K5 - FEEDER WAREHOUSE,kolkata,kolkata,"10265737",53,9,6.451612903225806,2.7710843373493974,1.395,9.610000000000001,"27845210026883",Scheduled,36,36,6804.0
bhubaneswar-10258333,BHUBANESWAR B1 - FEEDER WAREHOUSE,bhubaneswar,bhubaneswar,"10258333",47,14,2.9603887959866215,2.7613941018766752,4.7291085613415715,20.605401588702563,"","",0,0,0.0
farukhnagar-10176793,FARUKHNAGAR F2 - FEEDER WAREHOUSE,farukhnagar,farukhnagar,"10176793",427,102,65.2608631584422,44.65400729828356,1.5629581814197195,8.105930176186584,"5383910069593",Scheduled,180,180,6804.0
lucknow-10216709,SUPER STORE LUCKNOW L4 - WAREHOUSE,lucknow,lucknow,"10216709",32,0,0.2552766912744197,4.0558859967179295,0.0,125.35417879417884,"1735810060912",Scheduled,144,144,3744.0
rajpura-10315546,RAJPURA R2 - FEEDER WAREHOUSE,rajpura,rajpura,"10315546",472,139,103.00617628848853,52.4515973009242,1.3494336457136693,5.93168314770541,"43886010062987",Scheduled,48,48,1560.0
ranchi-10216726,RANCHI R1 - FEEDER WAREHOUSE,ranchi,ranchi,"10216726",80,7,18.225039204409235,26.67875966365508,0.38408696527283576,4.7736522826766725,"2896610025121",Scheduled,72,72,1872.0
dasna-10216715,DASNA D3 - FEEDER WAREHOUSE,dasna,dasna,"10216715",275,1813,87.07206712731482,111.26804150386836,20.82183253268895,23.980135867763117,"2576310065808",Scheduled,504,504,13104.0
surat-10176795,SURAT S1 - FEEDER WAREHOUSE,surat,surat,"10176795",347,55,35.851475782759294,31.828287539288247,1.5341070011530484,11.212927535700462,"2873410039504",Scheduled,180,180,6804.0
bengaluru-10265740,BENGALURU B3 - FEEDER WAREHOUSE,bengaluru,bengaluru,"10265740",259,44,47.52024027161139,42.91398256915498,0.9259212442636915,6.376230386634057,"1736010088344",Scheduled,180,180,6804.0
jaipur-10176793,JAIPUR J3 - FEEDER WAREHOUSE,jaipur,jaipur,"10176793",329,37,16.910717590171455,29.4773060770126,2.187961557675381,21.643079192140256,"6478710071282",Scheduled,180,180,6804.0
goa-10216726,GOA G2 - FEEDER WAREHOUSE,goa,goa,"10216726",437,187,26.218918469239767,40.07114365375478,7.132254529087072,23.799608695991083,"41315210039472",Scheduled,72,72,1872.0
noida-10291036,NOIDA N1 - FEEDER WAREHOUSE,noida,noida,"10291036",25,0,0.37078749025383356,1.7501135847342117,0.0,67.42406542056074,"2867410094569",Scheduled,24,24,18463.2
kolkata-10176793,KOLKATA K5 - FEEDER WAREHOUSE,kolkata,kolkata,"10176793",127,34,10.98888238736103,6.7233972240581625,3.0940362087326942,14.651171458998935,"27845210026883",Scheduled,180,180,6804.0
delhi-10249578,CPC - DELHI4 (HP),delhi,delhi,"10249578",55,0,0.5173430547365035,3.2906225781451828,0.0,106.31243523316061,"","",0,0,0.0
kolkata-10252336,KOLKATA K4 - FEEDER WAREHOUSE,kolkata,kolkata,"10252336",7,47,0.0,0.14808362369337974,0.0,0.0,"","",0,0,0.0
rajpura-10252336,RAJPURA R2 - FEEDER WAREHOUSE,rajpura,rajpura,"10252336",36,0,9.507440788094739,12.255520504731866,0.0,3.786507936507937,"43886010069390",Scheduled,12,12,24351.6
delhi-10249577,CPC - DELHI MUNDKA (HP),delhi,delhi,"10249577",4,0,1.038399134667388,0.40514876556235496,0.0,3.8520833333333324,"","",0,0,0.0
mumbai-10258187,MUMBAI M12 - FEEDER WAREHOUSE,mumbai,mumbai,"10258187",71,0,2.2857142857142856,1.7619047619047619,0.0,31.0625,"","",0,0,0.0
bidar-10216722,CPC - BIDAR DEVI NAGAR (HP),bidar,bidar,"10216722",1,5,0.0,0.8263692302476564,0.0,0.0,"","",0,0,0.0
chennai-10265737,CPC-CHN3,chennai,chennai,"10265737",11,1,0.26475455046883617,0.13946731234866827,3.7770833333333336,45.325,"","",0,0,0.0
coimbatore-10315543,COIMBATORE C1 - FEEDER WAREHOUSE,coimbatore,coimbatore,"10315543",163,58,7.7010582010582,3.7717823971693947,7.531432497423567,28.697354860872554,"2883810040184",Scheduled,48,48,1560.0
gurgaon-10252336,CPC - GURGAON3 (HP),gurgaon,gurgaon,"10252336",3,0,0.0,0.0,0.0,0.0,"","",0,0,0.0
lucknow-10315341,SUPER STORE LUCKNOW L4 - WAREHOUSE,lucknow,lucknow,"10315341",102,93,8.591679681953714,8.279035308338694,10.824425891405227,22.696376869075475,"","",0,0,0.0
