"filter_key","po_number","dc_blinkit_internal_city","wh_name","place_of_supply","po_state","item_id","units_ordered","remaining_quantity","total_amount","create_dt","appointment_ts","expiry_ts"
indore-10216722,"50993810000359",indore,INDORE I2 - FEEDER WAREHOUSE,indore,Partially Scheduled,"10216722",216,216,5616.0,"2026-05-04","2026-05-14","2026-05-18"
indore-10265791,"50993810000359",indore,INDORE I2 - FEEDER WAREHOUSE,indore,Partially Scheduled,"10265791",180,180,6804.0,"2026-05-04","2026-05-14","2026-05-18"
indore-10249574,"50993810000789",indore,INDORE I2 - FEEDER WAREHOUSE,indore,Partially Scheduled,"10249574",12,12,24351.6,"2026-05-06","2026-05-16","2026-05-16"
indore-10249576,"50993810000789",indore,INDORE I2 - FEEDER WAREHOUSE,indore,Partially Scheduled,"10249576",12,12,23511.6,"2026-05-06","2026-05-16","2026-05-16"
pune-10216709,"1723710058323",pune,PUNE P2 - FEEDER WAREHOUSE,pune,Scheduled,"10216709",144,144,3744.0,"2026-08-12","2026-08-18","2026-08-22"
pune-10216715,"1723710058323",pune,PUNE P2 - FEEDER WAREHOUSE,pune,Scheduled,"10216715",72,72,1872.0,"2026-08-12","2026-08-18","2026-08-22"
pune-10252336,"1723710058323",pune,PUNE P2 - FEEDER WAREHOUSE,pune,Scheduled,"10252336",24,24,48703.2,"2026-08-12","2026-08-18","2026-08-22"
pune-10258333,"1723710058323",pune,PUNE P2 - FEEDER WAREHOUSE,pune,Scheduled,"10258333",36,36,6804.0,"2026-08-12","2026-08-18","2026-08-22"
pune-10265737,"1723710058323",pune,PUNE P2 - FEEDER WAREHOUSE,pune,Scheduled,"10265737",36,36,6804.0,"2026-08-12","2026-08-18","2026-08-22"
pune-10291036,"1723710058323",pune,PUNE P2 - FEEDER WAREHOUSE,pune,Scheduled,"10291036",24,24,18463.2,"2026-08-12","2026-08-18","2026-08-22"
pune-10292367,"1723710058323",pune,PUNE P2 - FEEDER WAREHOUSE,pune,Scheduled,"10292367",144,144,11095.2,"2026-08-12","2026-08-18","2026-08-22"
pune-10315341,"1723710058323",pune,PUNE P2 - FEEDER WAREHOUSE,pune,Scheduled,"10315341",96,96,3120.0,"2026-08-12","2026-08-18","2026-08-22"
pune-10315547,"1723710058323",pune,PUNE P2 - FEEDER WAREHOUSE,pune,Scheduled,"10315547",48,48,1560.0,"2026-08-12","2026-08-18","2026-08-22"
pune-10176795,"1723710058529",pune,PUNE P2 - FEEDER WAREHOUSE,pune,Scheduled,"10176795",180,180,6804.0,"2026-08-13","2026-08-20","2026-08-23"
pune-10176797,"1723710058529",pune,PUNE P2 - FEEDER WAREHOUSE,pune,Scheduled,"10176797",180,180,6804.0,"2026-08-13","2026-08-20","2026-08-23"
pune-10216715,"1723710058529",pune,PUNE P2 - FEEDER WAREHOUSE,pune,Scheduled,"10216715",144,144,3744.0,"2026-08-13","2026-08-20","2026-08-23"
pune-10216722,"1723710058529",pune,PUNE P2 - FEEDER WAREHOUSE,pune,Scheduled,"10216722",72,72,1872.0,"2026-08-13","2026-08-20","2026-08-23"
pune-10216726,"1723710058529",pune,PUNE P2 - FEEDER WAREHOUSE,pune,Scheduled,"10216726",72,72,1872.0,"2026-08-13","2026-08-20","2026-08-23"
pune-10249574,"1723710058529",pune,PUNE P2 - FEEDER WAREHOUSE,pune,Scheduled,"10249574",12,12,24351.6,"2026-08-13","2026-08-20","2026-08-23"
pune-10291036,"1723710058529",pune,PUNE P2 - FEEDER WAREHOUSE,pune,Scheduled,"10291036",48,48,36926.4,"2026-08-13","2026-08-20","2026-08-23"
pune-10315341,"1723710058529",pune,PUNE P2 - FEEDER WAREHOUSE,pune,Scheduled,"10315341",240,240,7800.0,"2026-08-13","2026-08-20","2026-08-23"
pune-10315543,"1723710058529",pune,PUNE P2 - FEEDER WAREHOUSE,pune,Scheduled,"10315543",48,48,1560.0,"2026-08-13","2026-08-20","2026-08-23"
pune-10315546,"1723710058529",pune,PUNE P2 - FEEDER WAREHOUSE,pune,Scheduled,"10315546",48,48,1560.0,"2026-08-13","2026-08-20","2026-08-23"
dasna-10216715,"1724010050564",dasna,SUPER STORE DASNA 2 - WAREHOUSE,dasna,Scheduled,"10216715",216,216,5616.0,"2026-08-12","2026-08-18","2026-08-19"
dasna-10216726,"1724010050564",dasna,SUPER STORE DASNA 2 - WAREHOUSE,dasna,Scheduled,"10216726",144,144,3744.0,"2026-08-12","2026-08-18","2026-08-19"
dasna-10258333,"1724010050564",dasna,SUPER STORE DASNA 2 - WAREHOUSE,dasna,Scheduled,"10258333",36,36,6804.0,"2026-08-12","2026-08-18","2026-08-19"
dasna-10265737,"1724010050564",dasna,SUPER STORE DASNA 2 - WAREHOUSE,dasna,Scheduled,"10265737",36,36,6804.0,"2026-08-12","2026-08-18","2026-08-19"
dasna-10315341,"1724010050564",dasna,SUPER STORE DASNA 2 - WAREHOUSE,dasna,Scheduled,"10315341",48,48,1560.0,"2026-08-12","2026-08-18","2026-08-19"
dasna-10176795,"1724010051254",dasna,SUPER STORE DASNA 2 - WAREHOUSE,dasna,Scheduled,"10176795",180,180,6804.0,"2026-08-13","2026-08-18","2026-08-20"
dasna-10176797,"1724010051254",dasna,SUPER STORE DASNA 2 - WAREHOUSE,dasna,Scheduled,"10176797",180,180,6804.0,"2026-08-13","2026-08-18","2026-08-20"
dasna-10216715,"1724010051254",dasna,SUPER STORE DASNA 2 - WAREHOUSE,dasna,Scheduled,"10216715",360,360,9360.0,"2026-08-13","2026-08-18","2026-08-20"
dasna-10216722,"1724010051254",dasna,SUPER STORE DASNA 2 - WAREHOUSE,dasna,Scheduled,"10216722",72,72,1872.0,"2026-08-13","2026-08-18","2026-08-20"
dasna-10216726,"1724010051254",dasna,SUPER STORE DASNA 2 - WAREHOUSE,dasna,Scheduled,"10216726",144,144,3744.0,"2026-08-13","2026-08-18","2026-08-20"
dasna-10292367,"1724010051254",dasna,SUPER STORE DASNA 2 - WAREHOUSE,dasna,Scheduled,"10292367",144,144,11095.2,"2026-08-13","2026-08-18","2026-08-20"
dasna-10315546,"1724010051254",dasna,SUPER STORE DASNA 2 - WAREHOUSE,dasna,Scheduled,"10315546",144,144,4680.0,"2026-08-13","2026-08-18","2026-08-20"
dasna-10315547,"1724010051254",dasna,SUPER STORE DASNA 2 - WAREHOUSE,dasna,Scheduled,"10315547",96,96,3120.0,"2026-08-13","2026-08-18","2026-08-20"
dasna-10176795,"1724010051605",dasna,SUPER STORE DASNA 2 - WAREHOUSE,dasna,Scheduled,"10176795",180,180,6804.0,"2026-08-14","2026-08-19","2026-08-21"
dasna-10176797,"1724010051605",dasna,SUPER STORE DASNA 2 - WAREHOUSE,dasna,Scheduled,"10176797",180,180,6804.0,"2026-08-14","2026-08-19","2026-08-21"
dasna-10199527,"1724010051605",dasna,SUPER STORE DASNA 2 - WAREHOUSE,dasna,Scheduled,"10199527",180,180,6804.0,"2026-08-14","2026-08-19","2026-08-21"
dasna-10216715,"1724010051605",dasna,SUPER STORE DASNA 2 - WAREHOUSE,dasna,Scheduled,"10216715",288,288,7488.0,"2026-08-14","2026-08-19","2026-08-21"
dasna-10216722,"1724010051605",dasna,SUPER STORE DASNA 2 - WAREHOUSE,dasna,Scheduled,"10216722",72,72,1872.0,"2026-08-14","2026-08-19","2026-08-21"
dasna-10260300,"1724010051605",dasna,SUPER STORE DASNA 2 - WAREHOUSE,dasna,Scheduled,"10260300",36,36,6804.0,"2026-08-14","2026-08-19","2026-08-21"
dasna-10265740,"1724010051605",dasna,SUPER STORE DASNA 2 - WAREHOUSE,dasna,Scheduled,"10265740",180,180,6804.0,"2026-08-14","2026-08-19","2026-08-21"
dasna-10291036,"1724010051605",dasna,SUPER STORE DASNA 2 - WAREHOUSE,dasna,Scheduled,"10291036",72,72,55389.6,"2026-08-14","2026-08-19","2026-08-21"
dasna-10315546,"1724010051605",dasna,SUPER STORE DASNA 2 - WAREHOUSE,dasna,Scheduled,"10315546",96,96,3120.0,"2026-08-14","2026-08-19","2026-08-21"
dasna-10315547,"1724010051605",dasna,SUPER STORE DASNA 2 - WAREHOUSE,dasna,Scheduled,"10315547",192,192,6240.0,"2026-08-14","2026-08-19","2026-08-21"
dasna-10176793,"1724010051917",dasna,SUPER STORE DASNA 2 - WAREHOUSE,dasna,Scheduled,"10176793",180,180,6804.0,"2026-08-15","2026-08-20","2026-08-22"
dasna-10176795,"1724010051917",dasna,SUPER STORE DASNA 2 - WAREHOUSE,dasna,Scheduled,"10176795",360,360,13608.0,"2026-08-15","2026-08-20","2026-08-22"
dasna-10176797,"1724010051917",dasna,SUPER STORE DASNA 2 - WAREHOUSE,dasna,Scheduled,"10176797",360,360,13608.0,"2026-08-15","2026-08-20","2026-08-22"
dasna-10216709,"1724010051917",dasna,SUPER STORE DASNA 2 - WAREHOUSE,dasna,Scheduled,"10216709",216,216,5616.0,"2026-08-15","2026-08-20","2026-08-22"
dasna-10216715,"1724010051917",dasna,SUPER STORE DASNA 2 - WAREHOUSE,dasna,Scheduled,"10216715",648,648,16848.0,"2026-08-15","2026-08-20","2026-08-22"
dasna-10216722,"1724010051917",dasna,SUPER STORE DASNA 2 - WAREHOUSE,dasna,Scheduled,"10216722",144,144,3744.0,"2026-08-15","2026-08-20","2026-08-22"
dasna-10216726,"1724010051917",dasna,SUPER STORE DASNA 2 - WAREHOUSE,dasna,Scheduled,"10216726",288,288,7488.0,"2026-08-15","2026-08-20","2026-08-22"
dasna-10258761,"1724010051917",dasna,SUPER STORE DASNA 2 - WAREHOUSE,dasna,Scheduled,"10258761",36,36,6804.0,"2026-08-15","2026-08-20","2026-08-22"
dasna-10265737,"1724010051917",dasna,SUPER STORE DASNA 2 - WAREHOUSE,dasna,Scheduled,"10265737",36,36,6804.0,"2026-08-15","2026-08-20","2026-08-22"
dasna-10291036,"1724010051917",dasna,SUPER STORE DASNA 2 - WAREHOUSE,dasna,Scheduled,"10291036",24,24,18463.2,"2026-08-15","2026-08-20","2026-08-22"
dasna-10292367,"1724010051917",dasna,SUPER STORE DASNA 2 - WAREHOUSE,dasna,Scheduled,"10292367",144,144,11095.2,"2026-08-15","2026-08-20","2026-08-22"
dasna-10315341,"1724010051917",dasna,SUPER STORE DASNA 2 - WAREHOUSE,dasna,Scheduled,"10315341",96,96,3120.0,"2026-08-15","2026-08-20","2026-08-22"
dasna-10315543,"1724010051917",dasna,SUPER STORE DASNA 2 - WAREHOUSE,dasna,Scheduled,"10315543",96,96,3120.0,"2026-08-15","2026-08-20","2026-08-22"
dasna-10315546,"1724010051917",dasna,SUPER STORE DASNA 2 - WAREHOUSE,dasna,Scheduled,"10315546",192,192,6240.0,"2026-08-15","2026-08-20","2026-08-22"
dasna-10315547,"1724010051917",dasna,SUPER STORE DASNA 2 - WAREHOUSE,dasna,Scheduled,"10315547",144,144,4680.0,"2026-08-15","2026-08-20","2026-08-22"
farukhnagar-10249577,"1735210072912",farukhnagar,FARUKHNAGAR - SR FEEDER WAREHOUSE,farukhnagar,Scheduled,"10249577",96,96,73852.8,"2026-08-03","2026-08-20","2026-08-23"
farukhnagar-10249578,"1735210072912",farukhnagar,FARUKHNAGAR - SR FEEDER WAREHOUSE,farukhnagar,Scheduled,"10249578",24,24,18463.2,"2026-08-03","2026-08-20","2026-08-23"
farukhnagar-10291036,"1735210072912",farukhnagar,FARUKHNAGAR - SR FEEDER WAREHOUSE,farukhnagar,Scheduled,"10291036",24,24,18463.2,"2026-08-03","2026-08-20","2026-08-23"
farukhnagar-10291038,"1735210072912",farukhnagar,FARUKHNAGAR - SR FEEDER WAREHOUSE,farukhnagar,Scheduled,"10291038",50,50,4830.0,"2026-08-03","2026-08-20","2026-08-23"
farukhnagar-10298083,"1735210072912",farukhnagar,FARUKHNAGAR - SR FEEDER WAREHOUSE,farukhnagar,Scheduled,"10298083",20,20,20986.0,"2026-08-03","2026-08-20","2026-08-23"
farukhnagar-10249577,"1735210073345",farukhnagar,FARUKHNAGAR - SR FEEDER WAREHOUSE,farukhnagar,Scheduled,"10249577",48,48,36926.4,"2026-08-04","2026-08-18","2026-08-20"
farukhnagar-10265737,"1735210073345",farukhnagar,FARUKHNAGAR - SR FEEDER WAREHOUSE,farukhnagar,Scheduled,"10265737",72,72,13608.0,"2026-08-04","2026-08-18","2026-08-20"
farukhnagar-10176795,"1735210075753",farukhnagar,FARUKHNAGAR - SR FEEDER WAREHOUSE,farukhnagar,Scheduled,"10176795",180,180,6804.0,"2026-08-12","2026-08-19","2026-08-19"
farukhnagar-10176797,"1735210075753",farukhnagar,FARUKHNAGAR - SR FEEDER WAREHOUSE,farukhnagar,Scheduled,"10176797",180,180,6804.0,"2026-08-12","2026-08-19","2026-08-19"
farukhnagar-10216709,"1735210075753",farukhnagar,FARUKHNAGAR - SR FEEDER WAREHOUSE,farukhnagar,Scheduled,"10216709",72,72,1872.0,"2026-08-12","2026-08-19","2026-08-19"
farukhnagar-10216715,"1735210075753",farukhnagar,FARUKHNAGAR - SR FEEDER WAREHOUSE,farukhnagar,Scheduled,"10216715",432,432,11232.0,"2026-08-12","2026-08-19","2026-08-19"
farukhnagar-10216722,"1735210075753",farukhnagar,FARUKHNAGAR - SR FEEDER WAREHOUSE,farukhnagar,Scheduled,"10216722",72,72,1872.0,"2026-08-12","2026-08-19","2026-08-19"
farukhnagar-10216726,"1735210075753",farukhnagar,FARUKHNAGAR - SR FEEDER WAREHOUSE,farukhnagar,Scheduled,"10216726",72,72,1872.0,"2026-08-12","2026-08-19","2026-08-19"
farukhnagar-10292367,"1735210075753",farukhnagar,FARUKHNAGAR - SR FEEDER WAREHOUSE,farukhnagar,Scheduled,"10292367",144,144,11095.2,"2026-08-12","2026-08-19","2026-08-19"
farukhnagar-10315341,"1735210075753",farukhnagar,FARUKHNAGAR - SR FEEDER WAREHOUSE,farukhnagar,Scheduled,"10315341",48,48,1560.0,"2026-08-12","2026-08-19","2026-08-19"
farukhnagar-10315543,"1735210075753",farukhnagar,FARUKHNAGAR - SR FEEDER WAREHOUSE,farukhnagar,Scheduled,"10315543",48,48,1560.0,"2026-08-12","2026-08-19","2026-08-19"
farukhnagar-10315546,"1735210075753",farukhnagar,FARUKHNAGAR - SR FEEDER WAREHOUSE,farukhnagar,Scheduled,"10315546",48,48,1560.0,"2026-08-12","2026-08-19","2026-08-19"
farukhnagar-10315547,"1735210075753",farukhnagar,FARUKHNAGAR - SR FEEDER WAREHOUSE,farukhnagar,Scheduled,"10315547",48,48,1560.0,"2026-08-12","2026-08-19","2026-08-19"
farukhnagar-10249577,"1735210075935",farukhnagar,FARUKHNAGAR - SR FEEDER WAREHOUSE,farukhnagar,Scheduled,"10249577",18,18,13847.4,"2026-08-12","2026-08-18","2026-08-18"
farukhnagar-10249578,"1735210075935",farukhnagar,FARUKHNAGAR - SR FEEDER WAREHOUSE,farukhnagar,Scheduled,"10249578",24,24,18463.2,"2026-08-12","2026-08-18","2026-08-18"
farukhnagar-10298083,"1735210075935",farukhnagar,FARUKHNAGAR - SR FEEDER WAREHOUSE,farukhnagar,Scheduled,"10298083",20,20,20986.0,"2026-08-12","2026-08-18","2026-08-18"
farukhnagar-10176794,"1735210076132",farukhnagar,FARUKHNAGAR - SR FEEDER WAREHOUSE,farukhnagar,Scheduled,"10176794",180,180,6804.0,"2026-08-13","2026-08-19","2026-08-20"
farukhnagar-10176795,"1735210076132",farukhnagar,FARUKHNAGAR - SR FEEDER WAREHOUSE,farukhnagar,Scheduled,"10176795",360,360,13608.0,"2026-08-13","2026-08-19","2026-08-20"
farukhnagar-10176797,"1735210076132",farukhnagar,FARUKHNAGAR - SR FEEDER WAREHOUSE,farukhnagar,Scheduled,"10176797",360,360,13608.0,"2026-08-13","2026-08-19","2026-08-20"
farukhnagar-10216709,"1735210076132",farukhnagar,FARUKHNAGAR - SR FEEDER WAREHOUSE,farukhnagar,Scheduled,"10216709",72,72,1872.0,"2026-08-13","2026-08-19","2026-08-20"
farukhnagar-10216715,"1735210076132",farukhnagar,FARUKHNAGAR - SR FEEDER WAREHOUSE,farukhnagar,Scheduled,"10216715",432,432,11232.0,"2026-08-13","2026-08-19","2026-08-20"
farukhnagar-10216722,"1735210076132",farukhnagar,FARUKHNAGAR - SR FEEDER WAREHOUSE,farukhnagar,Scheduled,"10216722",288,288,7488.0,"2026-08-13","2026-08-19","2026-08-20"
farukhnagar-10265737,"1735210076132",farukhnagar,FARUKHNAGAR - SR FEEDER WAREHOUSE,farukhnagar,Scheduled,"10265737",108,108,20412.0,"2026-08-13","2026-08-19","2026-08-20"
farukhnagar-10265740,"1735210076132",farukhnagar,FARUKHNAGAR - SR FEEDER WAREHOUSE,farukhnagar,Scheduled,"10265740",180,180,6804.0,"2026-08-13","2026-08-19","2026-08-20"
farukhnagar-10292367,"1735210076132",farukhnagar,FARUKHNAGAR - SR FEEDER WAREHOUSE,farukhnagar,Scheduled,"10292367",144,144,11095.2,"2026-08-13","2026-08-19","2026-08-20"
farukhnagar-10315341,"1735210076132",farukhnagar,FARUKHNAGAR - SR FEEDER WAREHOUSE,farukhnagar,Scheduled,"10315341",48,48,1560.0,"2026-08-13","2026-08-19","2026-08-20"
farukhnagar-10315546,"1735210076132",farukhnagar,FARUKHNAGAR - SR FEEDER WAREHOUSE,farukhnagar,Scheduled,"10315546",48,48,1560.0,"2026-08-13","2026-08-19","2026-08-20"
farukhnagar-10315547,"1735210076132",farukhnagar,FARUKHNAGAR - SR FEEDER WAREHOUSE,farukhnagar,Scheduled,"10315547",48,48,1560.0,"2026-08-13","2026-08-19","2026-08-20"
farukhnagar-10324645,"1735210076132",farukhnagar,FARUKHNAGAR - SR FEEDER WAREHOUSE,farukhnagar,Scheduled,"10324645",288,288,24120.0,"2026-08-13","2026-08-19","2026-08-20"
farukhnagar-10249577,"1735210076297",farukhnagar,FARUKHNAGAR - SR FEEDER WAREHOUSE,farukhnagar,Scheduled,"10249577",12,12,9231.6,"2026-08-13","2026-08-19","2026-08-19"
farukhnagar-10249578,"1735210076297",farukhnagar,FARUKHNAGAR - SR FEEDER WAREHOUSE,farukhnagar,Scheduled,"10249578",48,48,36926.4,"2026-08-13","2026-08-19","2026-08-19"
farukhnagar-10291036,"1735210076297",farukhnagar,FARUKHNAGAR - SR FEEDER WAREHOUSE,farukhnagar,Scheduled,"10291036",24,24,18463.2,"2026-08-13","2026-08-19","2026-08-19"
farukhnagar-10297369,"1735210076297",farukhnagar,FARUKHNAGAR - SR FEEDER WAREHOUSE,farukhnagar,Scheduled,"10297369",20,20,20986.0,"2026-08-13","2026-08-19","2026-08-19"
farukhnagar-10176795,"1735210076510",farukhnagar,FARUKHNAGAR - SR FEEDER WAREHOUSE,farukhnagar,Scheduled,"10176795",360,360,13608.0,"2026-08-14","2026-08-20","2026-08-21"
farukhnagar-10176797,"1735210076510",farukhnagar,FARUKHNAGAR - SR FEEDER WAREHOUSE,farukhnagar,Scheduled,"10176797",900,900,34020.0,"2026-08-14","2026-08-20","2026-08-21"
farukhnagar-10199527,"1735210076510",farukhnagar,FARUKHNAGAR - SR FEEDER WAREHOUSE,farukhnagar,Scheduled,"10199527",180,180,6804.0,"2026-08-14","2026-08-20","2026-08-21"
farukhnagar-10216709,"1735210076510",farukhnagar,FARUKHNAGAR - SR FEEDER WAREHOUSE,farukhnagar,Scheduled,"10216709",72,72,1872.0,"2026-08-14","2026-08-20","2026-08-21"
farukhnagar-10216715,"1735210076510",farukhnagar,FARUKHNAGAR - SR FEEDER WAREHOUSE,farukhnagar,Scheduled,"10216715",648,648,16848.0,"2026-08-14","2026-08-20","2026-08-21"
farukhnagar-10216722,"1735210076510",farukhnagar,FARUKHNAGAR - SR FEEDER WAREHOUSE,farukhnagar,Scheduled,"10216722",72,72,1872.0,"2026-08-14","2026-08-20","2026-08-21"
farukhnagar-10216726,"1735210076510",farukhnagar,FARUKHNAGAR - SR FEEDER WAREHOUSE,farukhnagar,Scheduled,"10216726",1584,1584,41184.0,"2026-08-14","2026-08-20","2026-08-21"
farukhnagar-10258333,"1735210076510",farukhnagar,FARUKHNAGAR - SR FEEDER WAREHOUSE,farukhnagar,Scheduled,"10258333",72,72,13608.0,"2026-08-14","2026-08-20","2026-08-21"
farukhnagar-10260300,"1735210076510",farukhnagar,FARUKHNAGAR - SR FEEDER WAREHOUSE,farukhnagar,Scheduled,"10260300",36,36,6804.0,"2026-08-14","2026-08-20","2026-08-21"
farukhnagar-10315341,"1735210076510",farukhnagar,FARUKHNAGAR - SR FEEDER WAREHOUSE,farukhnagar,Scheduled,"10315341",288,288,9360.0,"2026-08-14","2026-08-20","2026-08-21"
farukhnagar-10315543,"1735210076510",farukhnagar,FARUKHNAGAR - SR FEEDER WAREHOUSE,farukhnagar,Scheduled,"10315543",288,288,9360.0,"2026-08-14","2026-08-20","2026-08-21"
farukhnagar-10315546,"1735210076510",farukhnagar,FARUKHNAGAR - SR FEEDER WAREHOUSE,farukhnagar,Scheduled,"10315546",432,432,14040.0,"2026-08-14","2026-08-20","2026-08-21"
farukhnagar-10315547,"1735210076510",farukhnagar,FARUKHNAGAR - SR FEEDER WAREHOUSE,farukhnagar,Scheduled,"10315547",384,384,12480.0,"2026-08-14","2026-08-20","2026-08-21"
farukhnagar-10324645,"1735210076510",farukhnagar,FARUKHNAGAR - SR FEEDER WAREHOUSE,farukhnagar,Scheduled,"10324645",144,144,12060.0,"2026-08-14","2026-08-20","2026-08-21"
farukhnagar-10325396,"1735210076510",farukhnagar,FARUKHNAGAR - SR FEEDER WAREHOUSE,farukhnagar,Scheduled,"10325396",144,144,12060.0,"2026-08-14","2026-08-20","2026-08-21"
farukhnagar-10249577,"1735210076678",farukhnagar,FARUKHNAGAR - SR FEEDER WAREHOUSE,farukhnagar,Scheduled,"10249577",72,72,55389.6,"2026-08-14","2026-08-18","2026-08-20"
farukhnagar-10249577,"1735210076921",farukhnagar,FARUKHNAGAR - SR FEEDER WAREHOUSE,farukhnagar,Scheduled,"10249577",48,48,36926.4,"2026-08-15","2026-08-19","2026-08-21"
farukhnagar-10291036,"1735210076921",farukhnagar,FARUKHNAGAR - SR FEEDER WAREHOUSE,farukhnagar,Scheduled,"10291036",120,120,92316.0,"2026-08-15","2026-08-19","2026-08-21"
farukhnagar-10297369,"1735210076921",farukhnagar,FARUKHNAGAR - SR FEEDER WAREHOUSE,farukhnagar,Scheduled,"10297369",40,40,41972.0,"2026-08-15","2026-08-19","2026-08-21"
farukhnagar-10176793,"1735210076934",farukhnagar,FARUKHNAGAR - SR FEEDER WAREHOUSE,farukhnagar,Scheduled,"10176793",180,180,6804.0,"2026-08-15","2026-08-20","2026-08-22"
farukhnagar-10176795,"1735210076934",farukhnagar,FARUKHNAGAR - SR FEEDER WAREHOUSE,farukhnagar,Scheduled,"10176795",540,540,20412.0,"2026-08-15","2026-08-20","2026-08-22"
farukhnagar-10176797,"1735210076934",farukhnagar,FARUKHNAGAR - SR FEEDER WAREHOUSE,farukhnagar,Scheduled,"10176797",540,540,20412.0,"2026-08-15","2026-08-20","2026-08-22"
farukhnagar-10216709,"1735210076934",farukhnagar,FARUKHNAGAR - SR FEEDER WAREHOUSE,farukhnagar,Scheduled,"10216709",144,144,3744.0,"2026-08-15","2026-08-20","2026-08-22"
farukhnagar-10216715,"1735210076934",farukhnagar,FARUKHNAGAR - SR FEEDER WAREHOUSE,farukhnagar,Scheduled,"10216715",1008,1008,26208.0,"2026-08-15","2026-08-20","2026-08-22"
farukhnagar-10216722,"1735210076934",farukhnagar,FARUKHNAGAR - SR FEEDER WAREHOUSE,farukhnagar,Scheduled,"10216722",216,216,5616.0,"2026-08-15","2026-08-20","2026-08-22"
farukhnagar-10216726,"1735210076934",farukhnagar,FARUKHNAGAR - SR FEEDER WAREHOUSE,farukhnagar,Scheduled,"10216726",792,792,20592.0,"2026-08-15","2026-08-20","2026-08-22"
farukhnagar-10258761,"1735210076934",farukhnagar,FARUKHNAGAR - SR FEEDER WAREHOUSE,farukhnagar,Scheduled,"10258761",36,36,6804.0,"2026-08-15","2026-08-20","2026-08-22"
farukhnagar-10260300,"1735210076934",farukhnagar,FARUKHNAGAR - SR FEEDER WAREHOUSE,farukhnagar,Scheduled,"10260300",36,36,6804.0,"2026-08-15","2026-08-20","2026-08-22"
farukhnagar-10265737,"1735210076934",farukhnagar,FARUKHNAGAR - SR FEEDER WAREHOUSE,farukhnagar,Scheduled,"10265737",36,36,6804.0,"2026-08-15","2026-08-20","2026-08-22"
farukhnagar-10292367,"1735210076934",farukhnagar,FARUKHNAGAR - SR FEEDER WAREHOUSE,farukhnagar,Scheduled,"10292367",432,432,33285.6,"2026-08-15","2026-08-20","2026-08-22"
farukhnagar-10315341,"1735210076934",farukhnagar,FARUKHNAGAR - SR FEEDER WAREHOUSE,farukhnagar,Scheduled,"10315341",192,192,6240.0,"2026-08-15","2026-08-20","2026-08-22"
farukhnagar-10315543,"1735210076934",farukhnagar,FARUKHNAGAR - SR FEEDER WAREHOUSE,farukhnagar,Scheduled,"10315543",96,96,3120.0,"2026-08-15","2026-08-20","2026-08-22"
farukhnagar-10315546,"1735210076934",farukhnagar,FARUKHNAGAR - SR FEEDER WAREHOUSE,farukhnagar,Scheduled,"10315546",288,288,9360.0,"2026-08-15","2026-08-20","2026-08-22"
farukhnagar-10315547,"1735210076934",farukhnagar,FARUKHNAGAR - SR FEEDER WAREHOUSE,farukhnagar,Scheduled,"10315547",288,288,9360.0,"2026-08-15","2026-08-20","2026-08-22"
lucknow-10176797,"1735810060912",lucknow,SUPER STORE LUCKNOW L4 - WAREHOUSE,lucknow,Scheduled,"10176797",180,180,6804.0,"2026-08-10","2026-08-18","2026-08-20"
lucknow-10216709,"1735810060912",lucknow,SUPER STORE LUCKNOW L4 - WAREHOUSE,lucknow,Scheduled,"10216709",144,144,3744.0,"2026-08-10","2026-08-18","2026-08-20"
lucknow-10216715,"1735810060912",lucknow,SUPER STORE LUCKNOW L4 - WAREHOUSE,lucknow,Scheduled,"10216715",360,360,9360.0,"2026-08-10","2026-08-18","2026-08-20"
lucknow-10216722,"1735810060912",lucknow,SUPER STORE LUCKNOW L4 - WAREHOUSE,lucknow,Scheduled,"10216722",72,72,1872.0,"2026-08-10","2026-08-18","2026-08-20"
lucknow-10216726,"1735810060912",lucknow,SUPER STORE LUCKNOW L4 - WAREHOUSE,lucknow,Scheduled,"10216726",144,144,3744.0,"2026-08-10","2026-08-18","2026-08-20"
lucknow-10249574,"1735810060912",lucknow,SUPER STORE LUCKNOW L4 - WAREHOUSE,lucknow,Scheduled,"10249574",36,36,73054.8,"2026-08-10","2026-08-18","2026-08-20"
lucknow-10252336,"1735810060912",lucknow,SUPER STORE LUCKNOW L4 - WAREHOUSE,lucknow,Scheduled,"10252336",12,12,24351.6,"2026-08-10","2026-08-18","2026-08-20"
lucknow-10265737,"1735810060912",lucknow,SUPER STORE LUCKNOW L4 - WAREHOUSE,lucknow,Scheduled,"10265737",36,36,6804.0,"2026-08-10","2026-08-18","2026-08-20"
lucknow-10265740,"1735810060912",lucknow,SUPER STORE LUCKNOW L4 - WAREHOUSE,lucknow,Scheduled,"10265740",180,180,6804.0,"2026-08-10","2026-08-18","2026-08-20"
lucknow-10176795,"1735810061288",lucknow,SUPER STORE LUCKNOW L4 - WAREHOUSE,lucknow,Scheduled,"10176795",180,180,6804.0,"2026-08-11","2026-08-19","2026-08-21"
lucknow-10216715,"1735810061288",lucknow,SUPER STORE LUCKNOW L4 - WAREHOUSE,lucknow,Scheduled,"10216715",144,144,3744.0,"2026-08-11","2026-08-19","2026-08-21"
lucknow-10216722,"1735810061288",lucknow,SUPER STORE LUCKNOW L4 - WAREHOUSE,lucknow,Scheduled,"10216722",72,72,1872.0,"2026-08-11","2026-08-19","2026-08-21"
lucknow-10216726,"1735810061288",lucknow,SUPER STORE LUCKNOW L4 - WAREHOUSE,lucknow,Scheduled,"10216726",72,72,1872.0,"2026-08-11","2026-08-19","2026-08-21"
lucknow-10249574,"1735810061288",lucknow,SUPER STORE LUCKNOW L4 - WAREHOUSE,lucknow,Scheduled,"10249574",12,12,24351.6,"2026-08-11","2026-08-19","2026-08-21"
lucknow-10249578,"1735810061288",lucknow,SUPER STORE LUCKNOW L4 - WAREHOUSE,lucknow,Scheduled,"10249578",24,24,18463.2,"2026-08-11","2026-08-19","2026-08-21"
lucknow-10291036,"1735810061288",lucknow,SUPER STORE LUCKNOW L4 - WAREHOUSE,lucknow,Scheduled,"10291036",24,24,18463.2,"2026-08-11","2026-08-19","2026-08-21"
lucknow-10291038,"1735810061288",lucknow,SUPER STORE LUCKNOW L4 - WAREHOUSE,lucknow,Scheduled,"10291038",50,50,4830.0,"2026-08-11","2026-08-19","2026-08-21"
lucknow-10298083,"1735810061288",lucknow,SUPER STORE LUCKNOW L4 - WAREHOUSE,lucknow,Scheduled,"10298083",20,20,20986.0,"2026-08-11","2026-08-19","2026-08-21"
lucknow-10176793,"1735810061603",lucknow,SUPER STORE LUCKNOW L4 - WAREHOUSE,lucknow,Scheduled,"10176793",180,180,6804.0,"2026-08-12","2026-08-20","2026-08-22"
lucknow-10216715,"1735810061603",lucknow,SUPER STORE LUCKNOW L4 - WAREHOUSE,lucknow,Scheduled,"10216715",72,72,1872.0,"2026-08-12","2026-08-20","2026-08-22"
lucknow-10216722,"1735810061603",lucknow,SUPER STORE LUCKNOW L4 - WAREHOUSE,lucknow,Scheduled,"10216722",72,72,1872.0,"2026-08-12","2026-08-20","2026-08-22"
lucknow-10292367,"1735810061603",lucknow,SUPER STORE LUCKNOW L4 - WAREHOUSE,lucknow,Scheduled,"10292367",144,144,11095.2,"2026-08-12","2026-08-20","2026-08-22"
lucknow-10315546,"1735810061603",lucknow,SUPER STORE LUCKNOW L4 - WAREHOUSE,lucknow,Scheduled,"10315546",48,48,1560.0,"2026-08-12","2026-08-20","2026-08-22"
lucknow-10216715,"1735810061889",lucknow,SUPER STORE LUCKNOW L4 - WAREHOUSE,lucknow,Scheduled,"10216715",72,72,1872.0,"2026-08-13","2026-08-20","2026-08-23"
lucknow-10258761,"1735810061889",lucknow,SUPER STORE LUCKNOW L4 - WAREHOUSE,lucknow,Scheduled,"10258761",36,36,6804.0,"2026-08-13","2026-08-20","2026-08-23"
lucknow-10291036,"1735810061889",lucknow,SUPER STORE LUCKNOW L4 - WAREHOUSE,lucknow,Scheduled,"10291036",24,24,18463.2,"2026-08-13","2026-08-20","2026-08-23"
lucknow-10297369,"1735810061889",lucknow,SUPER STORE LUCKNOW L4 - WAREHOUSE,lucknow,Scheduled,"10297369",20,20,20986.0,"2026-08-13","2026-08-20","2026-08-23"
bengaluru-10176795,"1736010087559",bengaluru,BENGALURU B3 - FEEDER WAREHOUSE,bengaluru,Scheduled,"10176795",360,360,13608.0,"2026-08-12","2026-08-17","2026-08-18"
bengaluru-10176797,"1736010087559",bengaluru,BENGALURU B3 - FEEDER WAREHOUSE,bengaluru,Scheduled,"10176797",360,360,13608.0,"2026-08-12","2026-08-17","2026-08-18"
bengaluru-10199527,"1736010087559",bengaluru,BENGALURU B3 - FEEDER WAREHOUSE,bengaluru,Scheduled,"10199527",180,180,6804.0,"2026-08-12","2026-08-17","2026-08-18"
bengaluru-10216709,"1736010087559",bengaluru,BENGALURU B3 - FEEDER WAREHOUSE,bengaluru,Scheduled,"10216709",72,72,1872.0,"2026-08-12","2026-08-17","2026-08-18"
bengaluru-10216715,"1736010087559",bengaluru,BENGALURU B3 - FEEDER WAREHOUSE,bengaluru,Scheduled,"10216715",288,288,7488.0,"2026-08-12","2026-08-17","2026-08-18"
bengaluru-10216722,"1736010087559",bengaluru,BENGALURU B3 - FEEDER WAREHOUSE,bengaluru,Scheduled,"10216722",72,72,1872.0,"2026-08-12","2026-08-17","2026-08-18"
bengaluru-10216726,"1736010087559",bengaluru,BENGALURU B3 - FEEDER WAREHOUSE,bengaluru,Scheduled,"10216726",216,216,5616.0,"2026-08-12","2026-08-17","2026-08-18"
bengaluru-10258761,"1736010087559",bengaluru,BENGALURU B3 - FEEDER WAREHOUSE,bengaluru,Scheduled,"10258761",36,36,6804.0,"2026-08-12","2026-08-17","2026-08-18"
bengaluru-10260300,"1736010087559",bengaluru,BENGALURU B3 - FEEDER WAREHOUSE,bengaluru,Scheduled,"10260300",36,36,6804.0,"2026-08-12","2026-08-17","2026-08-18"
bengaluru-10298083,"1736010087559",bengaluru,BENGALURU B3 - FEEDER WAREHOUSE,bengaluru,Scheduled,"10298083",20,20,20986.0,"2026-08-12","2026-08-17","2026-08-18"
bengaluru-10315341,"1736010087559",bengaluru,BENGALURU B3 - FEEDER WAREHOUSE,bengaluru,Scheduled,"10315341",240,240,7800.0,"2026-08-12","2026-08-17","2026-08-18"
bengaluru-10315546,"1736010087559",bengaluru,BENGALURU B3 - FEEDER WAREHOUSE,bengaluru,Scheduled,"10315546",48,48,1560.0,"2026-08-12","2026-08-17","2026-08-18"
bengaluru-10324645,"1736010087559",bengaluru,BENGALURU B3 - FEEDER WAREHOUSE,bengaluru,Scheduled,"10324645",144,144,12060.0,"2026-08-12","2026-08-17","2026-08-18"
bengaluru-10176793,"1736010087973",bengaluru,BENGALURU B3 - FEEDER WAREHOUSE,bengaluru,Scheduled,"10176793",180,180,6804.0,"2026-08-13","2026-08-18","2026-08-19"
bengaluru-10176797,"1736010087973",bengaluru,BENGALURU B3 - FEEDER WAREHOUSE,bengaluru,Scheduled,"10176797",180,180,6804.0,"2026-08-13","2026-08-18","2026-08-19"
bengaluru-10216715,"1736010087973",bengaluru,BENGALURU B3 - FEEDER WAREHOUSE,bengaluru,Scheduled,"10216715",288,288,7488.0,"2026-08-13","2026-08-18","2026-08-19"
bengaluru-10216722,"1736010087973",bengaluru,BENGALURU B3 - FEEDER WAREHOUSE,bengaluru,Scheduled,"10216722",576,576,14976.0,"2026-08-13","2026-08-18","2026-08-19"
bengaluru-10216726,"1736010087973",bengaluru,BENGALURU B3 - FEEDER WAREHOUSE,bengaluru,Scheduled,"10216726",144,144,3744.0,"2026-08-13","2026-08-18","2026-08-19"
bengaluru-10258333,"1736010087973",bengaluru,BENGALURU B3 - FEEDER WAREHOUSE,bengaluru,Scheduled,"10258333",36,36,6804.0,"2026-08-13","2026-08-18","2026-08-19"
bengaluru-10291036,"1736010087973",bengaluru,BENGALURU B3 - FEEDER WAREHOUSE,bengaluru,Scheduled,"10291036",24,24,18463.2,"2026-08-13","2026-08-18","2026-08-19"
bengaluru-10292367,"1736010087973",bengaluru,BENGALURU B3 - FEEDER WAREHOUSE,bengaluru,Scheduled,"10292367",144,144,11095.2,"2026-08-13","2026-08-18","2026-08-19"
bengaluru-10297369,"1736010087973",bengaluru,BENGALURU B3 - FEEDER WAREHOUSE,bengaluru,Scheduled,"10297369",20,20,20986.0,"2026-08-13","2026-08-18","2026-08-19"
bengaluru-10315341,"1736010087973",bengaluru,BENGALURU B3 - FEEDER WAREHOUSE,bengaluru,Scheduled,"10315341",96,96,3120.0,"2026-08-13","2026-08-18","2026-08-19"
bengaluru-10315543,"1736010087973",bengaluru,BENGALURU B3 - FEEDER WAREHOUSE,bengaluru,Scheduled,"10315543",48,48,1560.0,"2026-08-13","2026-08-18","2026-08-19"
bengaluru-10315546,"1736010087973",bengaluru,BENGALURU B3 - FEEDER WAREHOUSE,bengaluru,Scheduled,"10315546",48,48,1560.0,"2026-08-13","2026-08-18","2026-08-19"
bengaluru-10315547,"1736010087973",bengaluru,BENGALURU B3 - FEEDER WAREHOUSE,bengaluru,Scheduled,"10315547",48,48,1560.0,"2026-08-13","2026-08-18","2026-08-19"
bengaluru-10324645,"1736010087973",bengaluru,BENGALURU B3 - FEEDER WAREHOUSE,bengaluru,Scheduled,"10324645",144,144,12060.0,"2026-08-13","2026-08-18","2026-08-19"
bengaluru-10325396,"1736010087973",bengaluru,BENGALURU B3 - FEEDER WAREHOUSE,bengaluru,Scheduled,"10325396",432,432,36180.0,"2026-08-13","2026-08-18","2026-08-19"
bengaluru-10176795,"1736010088344",bengaluru,BENGALURU B3 - FEEDER WAREHOUSE,bengaluru,Scheduled,"10176795",180,180,6804.0,"2026-08-14","2026-08-19","2026-08-20"
bengaluru-10176797,"1736010088344",bengaluru,BENGALURU B3 - FEEDER WAREHOUSE,bengaluru,Scheduled,"10176797",180,180,6804.0,"2026-08-14","2026-08-19","2026-08-20"
bengaluru-10216709,"1736010088344",bengaluru,BENGALURU B3 - FEEDER WAREHOUSE,bengaluru,Scheduled,"10216709",144,144,3744.0,"2026-08-14","2026-08-19","2026-08-20"
bengaluru-10216715,"1736010088344",bengaluru,BENGALURU B3 - FEEDER WAREHOUSE,bengaluru,Scheduled,"10216715",144,144,3744.0,"2026-08-14","2026-08-19","2026-08-20"
bengaluru-10216722,"1736010088344",bengaluru,BENGALURU B3 - FEEDER WAREHOUSE,bengaluru,Scheduled,"10216722",144,144,3744.0,"2026-08-14","2026-08-19","2026-08-20"
bengaluru-10216726,"1736010088344",bengaluru,BENGALURU B3 - FEEDER WAREHOUSE,bengaluru,Scheduled,"10216726",792,792,20592.0,"2026-08-14","2026-08-19","2026-08-20"
bengaluru-10249574,"1736010088344",bengaluru,BENGALURU B3 - FEEDER WAREHOUSE,bengaluru,Scheduled,"10249574",12,12,24351.6,"2026-08-14","2026-08-19","2026-08-20"
bengaluru-10258761,"1736010088344",bengaluru,BENGALURU B3 - FEEDER WAREHOUSE,bengaluru,Scheduled,"10258761",36,36,6804.0,"2026-08-14","2026-08-19","2026-08-20"
bengaluru-10260300,"1736010088344",bengaluru,BENGALURU B3 - FEEDER WAREHOUSE,bengaluru,Scheduled,"10260300",36,36,6804.0,"2026-08-14","2026-08-19","2026-08-20"
bengaluru-10265737,"1736010088344",bengaluru,BENGALURU B3 - FEEDER WAREHOUSE,bengaluru,Scheduled,"10265737",36,36,6804.0,"2026-08-14","2026-08-19","2026-08-20"
bengaluru-10265740,"1736010088344",bengaluru,BENGALURU B3 - FEEDER WAREHOUSE,bengaluru,Scheduled,"10265740",180,180,6804.0,"2026-08-14","2026-08-19","2026-08-20"
bengaluru-10291036,"1736010088344",bengaluru,BENGALURU B3 - FEEDER WAREHOUSE,bengaluru,Scheduled,"10291036",120,120,92316.0,"2026-08-14","2026-08-19","2026-08-20"
bengaluru-10292367,"1736010088344",bengaluru,BENGALURU B3 - FEEDER WAREHOUSE,bengaluru,Scheduled,"10292367",144,144,11095.2,"2026-08-14","2026-08-19","2026-08-20"
bengaluru-10315341,"1736010088344",bengaluru,BENGALURU B3 - FEEDER WAREHOUSE,bengaluru,Scheduled,"10315341",192,192,6240.0,"2026-08-14","2026-08-19","2026-08-20"
bengaluru-10315546,"1736010088344",bengaluru,BENGALURU B3 - FEEDER WAREHOUSE,bengaluru,Scheduled,"10315546",240,240,7800.0,"2026-08-14","2026-08-19","2026-08-20"
bengaluru-10176793,"1736010088491",bengaluru,BENGALURU B3 - FEEDER WAREHOUSE,bengaluru,Scheduled,"10176793",180,180,6804.0,"2026-08-15","2026-08-19","2026-08-21"
bengaluru-10176794,"1736010088491",bengaluru,BENGALURU B3 - FEEDER WAREHOUSE,bengaluru,Scheduled,"10176794",180,180,6804.0,"2026-08-15","2026-08-19","2026-08-21"
bengaluru-10176795,"1736010088491",bengaluru,BENGALURU B3 - FEEDER WAREHOUSE,bengaluru,Scheduled,"10176795",360,360,13608.0,"2026-08-15","2026-08-19","2026-08-21"
bengaluru-10176797,"1736010088491",bengaluru,BENGALURU B3 - FEEDER WAREHOUSE,bengaluru,Scheduled,"10176797",540,540,20412.0,"2026-08-15","2026-08-19","2026-08-21"
bengaluru-10199527,"1736010088491",bengaluru,BENGALURU B3 - FEEDER WAREHOUSE,bengaluru,Scheduled,"10199527",180,180,6804.0,"2026-08-15","2026-08-19","2026-08-21"
bengaluru-10216715,"1736010088491",bengaluru,BENGALURU B3 - FEEDER WAREHOUSE,bengaluru,Scheduled,"10216715",576,576,14976.0,"2026-08-15","2026-08-19","2026-08-21"
bengaluru-10216722,"1736010088491",bengaluru,BENGALURU B3 - FEEDER WAREHOUSE,bengaluru,Scheduled,"10216722",144,144,3744.0,"2026-08-15","2026-08-19","2026-08-21"
bengaluru-10216726,"1736010088491",bengaluru,BENGALURU B3 - FEEDER WAREHOUSE,bengaluru,Scheduled,"10216726",360,360,9360.0,"2026-08-15","2026-08-19","2026-08-21"
bengaluru-10249574,"1736010088491",bengaluru,BENGALURU B3 - FEEDER WAREHOUSE,bengaluru,Scheduled,"10249574",12,12,24351.6,"2026-08-15","2026-08-19","2026-08-21"
bengaluru-10252336,"1736010088491",bengaluru,BENGALURU B3 - FEEDER WAREHOUSE,bengaluru,Scheduled,"10252336",12,12,24351.6,"2026-08-15","2026-08-19","2026-08-21"
bengaluru-10258187,"1736010088491",bengaluru,BENGALURU B3 - FEEDER WAREHOUSE,bengaluru,Scheduled,"10258187",36,36,6804.0,"2026-08-15","2026-08-19","2026-08-21"
bengaluru-10258761,"1736010088491",bengaluru,BENGALURU B3 - FEEDER WAREHOUSE,bengaluru,Scheduled,"10258761",36,36,6804.0,"2026-08-15","2026-08-19","2026-08-21"
bengaluru-10260300,"1736010088491",bengaluru,BENGALURU B3 - FEEDER WAREHOUSE,bengaluru,Scheduled,"10260300",36,36,6804.0,"2026-08-15","2026-08-19","2026-08-21"
bengaluru-10265737,"1736010088491",bengaluru,BENGALURU B3 - FEEDER WAREHOUSE,bengaluru,Scheduled,"10265737",36,36,6804.0,"2026-08-15","2026-08-19","2026-08-21"
bengaluru-10265740,"1736010088491",bengaluru,BENGALURU B3 - FEEDER WAREHOUSE,bengaluru,Scheduled,"10265740",180,180,6804.0,"2026-08-15","2026-08-19","2026-08-21"
bengaluru-10291036,"1736010088491",bengaluru,BENGALURU B3 - FEEDER WAREHOUSE,bengaluru,Scheduled,"10291036",24,24,18463.2,"2026-08-15","2026-08-19","2026-08-21"
bengaluru-10292367,"1736010088491",bengaluru,BENGALURU B3 - FEEDER WAREHOUSE,bengaluru,Scheduled,"10292367",288,288,22190.4,"2026-08-15","2026-08-19","2026-08-21"
bengaluru-10315341,"1736010088491",bengaluru,BENGALURU B3 - FEEDER WAREHOUSE,bengaluru,Scheduled,"10315341",144,144,4680.0,"2026-08-15","2026-08-19","2026-08-21"
bengaluru-10315543,"1736010088491",bengaluru,BENGALURU B3 - FEEDER WAREHOUSE,bengaluru,Scheduled,"10315543",48,48,1560.0,"2026-08-15","2026-08-19","2026-08-21"
bengaluru-10315546,"1736010088491",bengaluru,BENGALURU B3 - FEEDER WAREHOUSE,bengaluru,Scheduled,"10315546",96,96,3120.0,"2026-08-15","2026-08-19","2026-08-21"
bengaluru-10315547,"1736010088491",bengaluru,BENGALURU B3 - FEEDER WAREHOUSE,bengaluru,Scheduled,"10315547",96,96,3120.0,"2026-08-15","2026-08-19","2026-08-21"
bengaluru-10324645,"1736010088491",bengaluru,BENGALURU B3 - FEEDER WAREHOUSE,bengaluru,Scheduled,"10324645",144,144,12060.0,"2026-08-15","2026-08-19","2026-08-21"
bengaluru-10325396,"1736010088491",bengaluru,BENGALURU B3 - FEEDER WAREHOUSE,bengaluru,Scheduled,"10325396",144,144,12060.0,"2026-08-15","2026-08-19","2026-08-21"
kundli-10176795,"2011710093998",kundli,KUNDLI - FEEDER WAREHOUSE,kundli,Scheduled,"10176795",180,180,6804.0,"2026-08-12","2026-08-18","2026-08-19"
kundli-10176797,"2011710093998",kundli,KUNDLI - FEEDER WAREHOUSE,kundli,Scheduled,"10176797",180,180,6804.0,"2026-08-12","2026-08-18","2026-08-19"
kundli-10199527,"2011710093998",kundli,KUNDLI - FEEDER WAREHOUSE,kundli,Scheduled,"10199527",180,180,6804.0,"2026-08-12","2026-08-18","2026-08-19"
kundli-10216709,"2011710093998",kundli,KUNDLI - FEEDER WAREHOUSE,kundli,Scheduled,"10216709",72,72,1872.0,"2026-08-12","2026-08-18","2026-08-19"
kundli-10216715,"2011710093998",kundli,KUNDLI - FEEDER WAREHOUSE,kundli,Scheduled,"10216715",360,360,9360.0,"2026-08-12","2026-08-18","2026-08-19"
kundli-10216722,"2011710093998",kundli,KUNDLI - FEEDER WAREHOUSE,kundli,Scheduled,"10216722",216,216,5616.0,"2026-08-12","2026-08-18","2026-08-19"
kundli-10216726,"2011710093998",kundli,KUNDLI - FEEDER WAREHOUSE,kundli,Scheduled,"10216726",144,144,3744.0,"2026-08-12","2026-08-18","2026-08-19"
kundli-10260300,"2011710093998",kundli,KUNDLI - FEEDER WAREHOUSE,kundli,Scheduled,"10260300",36,36,6804.0,"2026-08-12","2026-08-18","2026-08-19"
kundli-10265740,"2011710093998",kundli,KUNDLI - FEEDER WAREHOUSE,kundli,Scheduled,"10265740",180,180,6804.0,"2026-08-12","2026-08-18","2026-08-19"
kundli-10292367,"2011710093998",kundli,KUNDLI - FEEDER WAREHOUSE,kundli,Scheduled,"10292367",144,144,11095.2,"2026-08-12","2026-08-18","2026-08-19"
kundli-10315341,"2011710093998",kundli,KUNDLI - FEEDER WAREHOUSE,kundli,Scheduled,"10315341",48,48,1560.0,"2026-08-12","2026-08-18","2026-08-19"
kundli-10315546,"2011710093998",kundli,KUNDLI - FEEDER WAREHOUSE,kundli,Scheduled,"10315546",48,48,1560.0,"2026-08-12","2026-08-18","2026-08-19"
kundli-10315547,"2011710093998",kundli,KUNDLI - FEEDER WAREHOUSE,kundli,Scheduled,"10315547",288,288,9360.0,"2026-08-12","2026-08-18","2026-08-19"
kundli-10324645,"2011710093998",kundli,KUNDLI - FEEDER WAREHOUSE,kundli,Scheduled,"10324645",144,144,12060.0,"2026-08-12","2026-08-18","2026-08-19"
kundli-10325396,"2011710093998",kundli,KUNDLI - FEEDER WAREHOUSE,kundli,Scheduled,"10325396",144,144,12060.0,"2026-08-12","2026-08-18","2026-08-19"
kundli-10249574,"2011710094041",kundli,KUNDLI - FEEDER WAREHOUSE,kundli,Scheduled,"10249574",36,36,73054.8,"2026-08-12","2026-08-18","2026-08-18"
kundli-10249576,"2011710094041",kundli,KUNDLI - FEEDER WAREHOUSE,kundli,Scheduled,"10249576",12,12,23511.6,"2026-08-12","2026-08-18","2026-08-18"
kundli-10249578,"2011710094041",kundli,KUNDLI - FEEDER WAREHOUSE,kundli,Scheduled,"10249578",24,24,18463.2,"2026-08-12","2026-08-18","2026-08-18"
kundli-10252336,"2011710094041",kundli,KUNDLI - FEEDER WAREHOUSE,kundli,Scheduled,"10252336",24,24,48703.2,"2026-08-12","2026-08-18","2026-08-18"
kundli-10176795,"2011710094637",kundli,KUNDLI - FEEDER WAREHOUSE,kundli,Scheduled,"10176795",360,360,13608.0,"2026-08-13","2026-08-18","2026-08-20"
kundli-10176797,"2011710094637",kundli,KUNDLI - FEEDER WAREHOUSE,kundli,Scheduled,"10176797",180,180,6804.0,"2026-08-13","2026-08-18","2026-08-20"
kundli-10216715,"2011710094637",kundli,KUNDLI - FEEDER WAREHOUSE,kundli,Scheduled,"10216715",360,360,9360.0,"2026-08-13","2026-08-18","2026-08-20"
kundli-10216726,"2011710094637",kundli,KUNDLI - FEEDER WAREHOUSE,kundli,Scheduled,"10216726",216,216,5616.0,"2026-08-13","2026-08-18","2026-08-20"
kundli-10292367,"2011710094637",kundli,KUNDLI - FEEDER WAREHOUSE,kundli,Scheduled,"10292367",144,144,11095.2,"2026-08-13","2026-08-18","2026-08-20"
kundli-10315341,"2011710094637",kundli,KUNDLI - FEEDER WAREHOUSE,kundli,Scheduled,"10315341",96,96,3120.0,"2026-08-13","2026-08-18","2026-08-20"
kundli-10315543,"2011710094637",kundli,KUNDLI - FEEDER WAREHOUSE,kundli,Scheduled,"10315543",48,48,1560.0,"2026-08-13","2026-08-18","2026-08-20"
kundli-10315546,"2011710094637",kundli,KUNDLI - FEEDER WAREHOUSE,kundli,Scheduled,"10315546",48,48,1560.0,"2026-08-13","2026-08-18","2026-08-20"
kundli-10315547,"2011710094637",kundli,KUNDLI - FEEDER WAREHOUSE,kundli,Scheduled,"10315547",48,48,1560.0,"2026-08-13","2026-08-18","2026-08-20"
kundli-10325396,"2011710094637",kundli,KUNDLI - FEEDER WAREHOUSE,kundli,Scheduled,"10325396",144,144,12060.0,"2026-08-13","2026-08-18","2026-08-20"
kundli-10249574,"2011710094655",kundli,KUNDLI - FEEDER WAREHOUSE,kundli,Scheduled,"10249574",156,156,316570.8,"2026-08-13","2026-08-18","2026-08-19"
kundli-10249576,"2011710094655",kundli,KUNDLI - FEEDER WAREHOUSE,kundli,Scheduled,"10249576",12,12,23511.6,"2026-08-13","2026-08-18","2026-08-19"
kundli-10249577,"2011710094655",kundli,KUNDLI - FEEDER WAREHOUSE,kundli,Scheduled,"10249577",6,6,4615.8,"2026-08-13","2026-08-18","2026-08-19"
kundli-10252336,"2011710094655",kundli,KUNDLI - FEEDER WAREHOUSE,kundli,Scheduled,"10252336",12,12,24351.6,"2026-08-13","2026-08-18","2026-08-19"
kundli-10291036,"2011710094655",kundli,KUNDLI - FEEDER WAREHOUSE,kundli,Scheduled,"10291036",24,24,18463.2,"2026-08-13","2026-08-18","2026-08-19"
kundli-10297369,"2011710094655",kundli,KUNDLI - FEEDER WAREHOUSE,kundli,Scheduled,"10297369",20,20,20986.0,"2026-08-13","2026-08-18","2026-08-19"
kundli-10298083,"2011710094655",kundli,KUNDLI - FEEDER WAREHOUSE,kundli,Scheduled,"10298083",60,60,62958.0,"2026-08-13","2026-08-18","2026-08-19"
kundli-10176797,"2011710095241",kundli,KUNDLI - FEEDER WAREHOUSE,kundli,Scheduled,"10176797",180,180,6804.0,"2026-08-14","2026-08-19","2026-08-21"
kundli-10216709,"2011710095241",kundli,KUNDLI - FEEDER WAREHOUSE,kundli,Scheduled,"10216709",72,72,1872.0,"2026-08-14","2026-08-19","2026-08-21"
kundli-10216715,"2011710095241",kundli,KUNDLI - FEEDER WAREHOUSE,kundli,Scheduled,"10216715",504,504,13104.0,"2026-08-14","2026-08-19","2026-08-21"
kundli-10216722,"2011710095241",kundli,KUNDLI - FEEDER WAREHOUSE,kundli,Scheduled,"10216722",72,72,1872.0,"2026-08-14","2026-08-19","2026-08-21"
kundli-10216726,"2011710095241",kundli,KUNDLI - FEEDER WAREHOUSE,kundli,Scheduled,"10216726",216,216,5616.0,"2026-08-14","2026-08-19","2026-08-21"
kundli-10260300,"2011710095241",kundli,KUNDLI - FEEDER WAREHOUSE,kundli,Scheduled,"10260300",36,36,6804.0,"2026-08-14","2026-08-19","2026-08-21"
kundli-10265737,"2011710095241",kundli,KUNDLI - FEEDER WAREHOUSE,kundli,Scheduled,"10265737",36,36,6804.0,"2026-08-14","2026-08-19","2026-08-21"
kundli-10315341,"2011710095241",kundli,KUNDLI - FEEDER WAREHOUSE,kundli,Scheduled,"10315341",48,48,1560.0,"2026-08-14","2026-08-19","2026-08-21"
kundli-10315546,"2011710095241",kundli,KUNDLI - FEEDER WAREHOUSE,kundli,Scheduled,"10315546",48,48,1560.0,"2026-08-14","2026-08-19","2026-08-21"
kundli-10324645,"2011710095241",kundli,KUNDLI - FEEDER WAREHOUSE,kundli,Scheduled,"10324645",144,144,12060.0,"2026-08-14","2026-08-19","2026-08-21"
kundli-10249574,"2011710095298",kundli,KUNDLI - FEEDER WAREHOUSE,kundli,Scheduled,"10249574",72,72,146109.6,"2026-08-14","2026-08-19","2026-08-20"
kundli-10249576,"2011710095298",kundli,KUNDLI - FEEDER WAREHOUSE,kundli,Scheduled,"10249576",36,36,70534.8,"2026-08-14","2026-08-19","2026-08-20"
kundli-10249577,"2011710095298",kundli,KUNDLI - FEEDER WAREHOUSE,kundli,Scheduled,"10249577",12,12,9231.6,"2026-08-14","2026-08-19","2026-08-20"
kundli-10249578,"2011710095298",kundli,KUNDLI - FEEDER WAREHOUSE,kundli,Scheduled,"10249578",48,48,36926.4,"2026-08-14","2026-08-19","2026-08-20"
kundli-10252336,"2011710095298",kundli,KUNDLI - FEEDER WAREHOUSE,kundli,Scheduled,"10252336",48,48,97406.4,"2026-08-14","2026-08-19","2026-08-20"
kundli-10291036,"2011710095298",kundli,KUNDLI - FEEDER WAREHOUSE,kundli,Scheduled,"10291036",24,24,18463.2,"2026-08-14","2026-08-19","2026-08-20"
kundli-10297369,"2011710095298",kundli,KUNDLI - FEEDER WAREHOUSE,kundli,Scheduled,"10297369",20,20,20986.0,"2026-08-14","2026-08-19","2026-08-20"
kundli-10249574,"2011710095745",kundli,KUNDLI - FEEDER WAREHOUSE,kundli,Scheduled,"10249574",72,72,146109.6,"2026-08-15","2026-08-19","2026-08-21"
kundli-10249576,"2011710095745",kundli,KUNDLI - FEEDER WAREHOUSE,kundli,Scheduled,"10249576",12,12,23511.6,"2026-08-15","2026-08-19","2026-08-21"
kundli-10249577,"2011710095745",kundli,KUNDLI - FEEDER WAREHOUSE,kundli,Scheduled,"10249577",6,6,4615.8,"2026-08-15","2026-08-19","2026-08-21"
kundli-10252336,"2011710095745",kundli,KUNDLI - FEEDER WAREHOUSE,kundli,Scheduled,"10252336",72,72,146109.6,"2026-08-15","2026-08-19","2026-08-21"
kundli-10291036,"2011710095745",kundli,KUNDLI - FEEDER WAREHOUSE,kundli,Scheduled,"10291036",48,48,36926.4,"2026-08-15","2026-08-19","2026-08-21"
kundli-10291038,"2011710095745",kundli,KUNDLI - FEEDER WAREHOUSE,kundli,Scheduled,"10291038",180,180,17388.0,"2026-08-15","2026-08-19","2026-08-21"
kundli-10297369,"2011710095745",kundli,KUNDLI - FEEDER WAREHOUSE,kundli,Scheduled,"10297369",20,20,20986.0,"2026-08-15","2026-08-19","2026-08-21"
kundli-10298083,"2011710095745",kundli,KUNDLI - FEEDER WAREHOUSE,kundli,Scheduled,"10298083",40,40,41972.0,"2026-08-15","2026-08-19","2026-08-21"
kundli-10176793,"2011710095829",kundli,KUNDLI - FEEDER WAREHOUSE,kundli,Scheduled,"10176793",180,180,6804.0,"2026-08-15","2026-08-20","2026-08-22"
kundli-10176794,"2011710095829",kundli,KUNDLI - FEEDER WAREHOUSE,kundli,Scheduled,"10176794",180,180,6804.0,"2026-08-15","2026-08-20","2026-08-22"
kundli-10176795,"2011710095829",kundli,KUNDLI - FEEDER WAREHOUSE,kundli,Scheduled,"10176795",540,540,20412.0,"2026-08-15","2026-08-20","2026-08-22"
kundli-10176797,"2011710095829",kundli,KUNDLI - FEEDER WAREHOUSE,kundli,Scheduled,"10176797",360,360,13608.0,"2026-08-15","2026-08-20","2026-08-22"
kundli-10216709,"2011710095829",kundli,KUNDLI - FEEDER WAREHOUSE,kundli,Scheduled,"10216709",144,144,3744.0,"2026-08-15","2026-08-20","2026-08-22"
kundli-10216715,"2011710095829",kundli,KUNDLI - FEEDER WAREHOUSE,kundli,Scheduled,"10216715",864,864,22464.0,"2026-08-15","2026-08-20","2026-08-22"
kundli-10216722,"2011710095829",kundli,KUNDLI - FEEDER WAREHOUSE,kundli,Scheduled,"10216722",216,216,5616.0,"2026-08-15","2026-08-20","2026-08-22"
kundli-10216726,"2011710095829",kundli,KUNDLI - FEEDER WAREHOUSE,kundli,Scheduled,"10216726",432,432,11232.0,"2026-08-15","2026-08-20","2026-08-22"
kundli-10258333,"2011710095829",kundli,KUNDLI - FEEDER WAREHOUSE,kundli,Scheduled,"10258333",36,36,6804.0,"2026-08-15","2026-08-20","2026-08-22"
kundli-10258761,"2011710095829",kundli,KUNDLI - FEEDER WAREHOUSE,kundli,Scheduled,"10258761",36,36,6804.0,"2026-08-15","2026-08-20","2026-08-22"
kundli-10260300,"2011710095829",kundli,KUNDLI - FEEDER WAREHOUSE,kundli,Scheduled,"10260300",36,36,6804.0,"2026-08-15","2026-08-20","2026-08-22"
kundli-10265740,"2011710095829",kundli,KUNDLI - FEEDER WAREHOUSE,kundli,Scheduled,"10265740",180,180,6804.0,"2026-08-15","2026-08-20","2026-08-22"
kundli-10292367,"2011710095829",kundli,KUNDLI - FEEDER WAREHOUSE,kundli,Scheduled,"10292367",144,144,11095.2,"2026-08-15","2026-08-20","2026-08-22"
kundli-10315341,"2011710095829",kundli,KUNDLI - FEEDER WAREHOUSE,kundli,Scheduled,"10315341",144,144,4680.0,"2026-08-15","2026-08-20","2026-08-22"
kundli-10315543,"2011710095829",kundli,KUNDLI - FEEDER WAREHOUSE,kundli,Scheduled,"10315543",96,96,3120.0,"2026-08-15","2026-08-20","2026-08-22"
kundli-10315546,"2011710095829",kundli,KUNDLI - FEEDER WAREHOUSE,kundli,Scheduled,"10315546",144,144,4680.0,"2026-08-15","2026-08-20","2026-08-22"
kundli-10315547,"2011710095829",kundli,KUNDLI - FEEDER WAREHOUSE,kundli,Scheduled,"10315547",192,192,6240.0,"2026-08-15","2026-08-20","2026-08-22"
kundli-10325396,"2011710095829",kundli,KUNDLI - FEEDER WAREHOUSE,kundli,Scheduled,"10325396",144,144,12060.0,"2026-08-15","2026-08-20","2026-08-22"
kolkata-10176795,"2135610069660",kolkata,KOLKATA K4 - FEEDER WAREHOUSE,kolkata,Scheduled,"10176795",180,180,6804.0,"2026-08-08","2026-08-18","2026-08-20"
kolkata-10176797,"2135610069660",kolkata,KOLKATA K4 - FEEDER WAREHOUSE,kolkata,Scheduled,"10176797",180,180,6804.0,"2026-08-08","2026-08-18","2026-08-20"
kolkata-10199527,"2135610069660",kolkata,KOLKATA K4 - FEEDER WAREHOUSE,kolkata,Scheduled,"10199527",180,180,6804.0,"2026-08-08","2026-08-18","2026-08-20"
kolkata-10216709,"2135610069660",kolkata,KOLKATA K4 - FEEDER WAREHOUSE,kolkata,Scheduled,"10216709",72,72,1872.0,"2026-08-08","2026-08-18","2026-08-20"
kolkata-10216715,"2135610069660",kolkata,KOLKATA K4 - FEEDER WAREHOUSE,kolkata,Scheduled,"10216715",288,288,7488.0,"2026-08-08","2026-08-18","2026-08-20"
kolkata-10216722,"2135610069660",kolkata,KOLKATA K4 - FEEDER WAREHOUSE,kolkata,Scheduled,"10216722",144,144,3744.0,"2026-08-08","2026-08-18","2026-08-20"
kolkata-10216726,"2135610069660",kolkata,KOLKATA K4 - FEEDER WAREHOUSE,kolkata,Scheduled,"10216726",288,288,7488.0,"2026-08-08","2026-08-18","2026-08-20"
kolkata-10265740,"2135610069660",kolkata,KOLKATA K4 - FEEDER WAREHOUSE,kolkata,Scheduled,"10265740",180,180,6804.0,"2026-08-08","2026-08-18","2026-08-20"
kolkata-10292367,"2135610069660",kolkata,KOLKATA K4 - FEEDER WAREHOUSE,kolkata,Scheduled,"10292367",144,144,11095.2,"2026-08-08","2026-08-18","2026-08-20"
kolkata-10315341,"2135610069660",kolkata,KOLKATA K4 - FEEDER WAREHOUSE,kolkata,Scheduled,"10315341",96,96,3120.0,"2026-08-08","2026-08-18","2026-08-20"
kolkata-10315543,"2135610069660",kolkata,KOLKATA K4 - FEEDER WAREHOUSE,kolkata,Scheduled,"10315543",96,96,3120.0,"2026-08-08","2026-08-18","2026-08-20"
kolkata-10315546,"2135610069660",kolkata,KOLKATA K4 - FEEDER WAREHOUSE,kolkata,Scheduled,"10315546",192,192,6240.0,"2026-08-08","2026-08-18","2026-08-20"
kolkata-10315547,"2135610069660",kolkata,KOLKATA K4 - FEEDER WAREHOUSE,kolkata,Scheduled,"10315547",144,144,4680.0,"2026-08-08","2026-08-18","2026-08-20"
kolkata-10216715,"2135610070184",kolkata,KOLKATA K4 - FEEDER WAREHOUSE,kolkata,Scheduled,"10216715",72,72,1872.0,"2026-08-10","2026-08-20","2026-08-22"
kolkata-10260300,"2135610070184",kolkata,KOLKATA K4 - FEEDER WAREHOUSE,kolkata,Scheduled,"10260300",36,36,6804.0,"2026-08-10","2026-08-20","2026-08-22"
kolkata-10315546,"2135610070184",kolkata,KOLKATA K4 - FEEDER WAREHOUSE,kolkata,Scheduled,"10315546",96,96,3120.0,"2026-08-10","2026-08-20","2026-08-22"
kolkata-10176797,"2135610070403",kolkata,KOLKATA K4 - FEEDER WAREHOUSE,kolkata,Scheduled,"10176797",180,180,6804.0,"2026-08-11","2026-08-21","2026-08-23"
kolkata-10216715,"2135610070403",kolkata,KOLKATA K4 - FEEDER WAREHOUSE,kolkata,Scheduled,"10216715",144,144,3744.0,"2026-08-11","2026-08-21","2026-08-23"
kolkata-10216722,"2135610070403",kolkata,KOLKATA K4 - FEEDER WAREHOUSE,kolkata,Scheduled,"10216722",144,144,3744.0,"2026-08-11","2026-08-21","2026-08-23"
kolkata-10216726,"2135610070403",kolkata,KOLKATA K4 - FEEDER WAREHOUSE,kolkata,Scheduled,"10216726",144,144,3744.0,"2026-08-11","2026-08-21","2026-08-23"
kolkata-10298083,"2135610070403",kolkata,KOLKATA K4 - FEEDER WAREHOUSE,kolkata,Scheduled,"10298083",20,20,20986.0,"2026-08-11","2026-08-21","2026-08-23"
kolkata-10315341,"2135610070403",kolkata,KOLKATA K4 - FEEDER WAREHOUSE,kolkata,Scheduled,"10315341",48,48,1560.0,"2026-08-11","2026-08-21","2026-08-23"
kolkata-10315546,"2135610070403",kolkata,KOLKATA K4 - FEEDER WAREHOUSE,kolkata,Scheduled,"10315546",96,96,3120.0,"2026-08-11","2026-08-21","2026-08-23"
kolkata-10176793,"2135610070684",kolkata,KOLKATA K4 - FEEDER WAREHOUSE,kolkata,Scheduled,"10176793",180,180,6804.0,"2026-08-12","2026-08-22","2026-08-24"
kolkata-10176795,"2135610070684",kolkata,KOLKATA K4 - FEEDER WAREHOUSE,kolkata,Scheduled,"10176795",180,180,6804.0,"2026-08-12","2026-08-22","2026-08-24"
kolkata-10176797,"2135610070684",kolkata,KOLKATA K4 - FEEDER WAREHOUSE,kolkata,Scheduled,"10176797",180,180,6804.0,"2026-08-12","2026-08-22","2026-08-24"
kolkata-10216715,"2135610070684",kolkata,KOLKATA K4 - FEEDER WAREHOUSE,kolkata,Scheduled,"10216715",144,144,3744.0,"2026-08-12","2026-08-22","2026-08-24"
kolkata-10216726,"2135610070684",kolkata,KOLKATA K4 - FEEDER WAREHOUSE,kolkata,Scheduled,"10216726",72,72,1872.0,"2026-08-12","2026-08-22","2026-08-24"
kolkata-10292367,"2135610070684",kolkata,KOLKATA K4 - FEEDER WAREHOUSE,kolkata,Scheduled,"10292367",144,144,11095.2,"2026-08-12","2026-08-22","2026-08-24"
kolkata-10315341,"2135610070684",kolkata,KOLKATA K4 - FEEDER WAREHOUSE,kolkata,Scheduled,"10315341",48,48,1560.0,"2026-08-12","2026-08-22","2026-08-24"
kolkata-10216715,"2135610071101",kolkata,KOLKATA K4 - FEEDER WAREHOUSE,kolkata,Scheduled,"10216715",72,72,1872.0,"2026-08-13","2026-08-24","2026-08-25"
kolkata-10216722,"2135610071101",kolkata,KOLKATA K4 - FEEDER WAREHOUSE,kolkata,Scheduled,"10216722",72,72,1872.0,"2026-08-13","2026-08-24","2026-08-25"
kolkata-10265737,"2135610071101",kolkata,KOLKATA K4 - FEEDER WAREHOUSE,kolkata,Scheduled,"10265737",36,36,6804.0,"2026-08-13","2026-08-24","2026-08-25"
kolkata-10315546,"2135610071101",kolkata,KOLKATA K4 - FEEDER WAREHOUSE,kolkata,Scheduled,"10315546",48,48,1560.0,"2026-08-13","2026-08-24","2026-08-25"
dehradun-10176795,"2173110040365",dehradun,DEHRADUN - FEEDER WAREHOUSE,dehradun,Scheduled,"10176795",180,180,6804.0,"2026-08-11","2026-08-19","2026-08-21"
dehradun-10216715,"2173110040365",dehradun,DEHRADUN - FEEDER WAREHOUSE,dehradun,Scheduled,"10216715",144,144,3744.0,"2026-08-11","2026-08-19","2026-08-21"
dehradun-10315546,"2173110040365",dehradun,DEHRADUN - FEEDER WAREHOUSE,dehradun,Scheduled,"10315546",48,48,1560.0,"2026-08-11","2026-08-19","2026-08-21"
dehradun-10216709,"2173110040606",dehradun,DEHRADUN - FEEDER WAREHOUSE,dehradun,Scheduled,"10216709",72,72,1872.0,"2026-08-12","2026-08-20","2026-08-22"
dehradun-10216715,"2173110040606",dehradun,DEHRADUN - FEEDER WAREHOUSE,dehradun,Scheduled,"10216715",216,216,5616.0,"2026-08-12","2026-08-20","2026-08-22"
dehradun-10216726,"2173110040606",dehradun,DEHRADUN - FEEDER WAREHOUSE,dehradun,Scheduled,"10216726",72,72,1872.0,"2026-08-12","2026-08-20","2026-08-22"
dehradun-10249578,"2173110040606",dehradun,DEHRADUN - FEEDER WAREHOUSE,dehradun,Scheduled,"10249578",48,48,36926.4,"2026-08-12","2026-08-20","2026-08-22"
dehradun-10265737,"2173110040606",dehradun,DEHRADUN - FEEDER WAREHOUSE,dehradun,Scheduled,"10265737",36,36,6804.0,"2026-08-12","2026-08-20","2026-08-22"
dehradun-10291036,"2173110040606",dehradun,DEHRADUN - FEEDER WAREHOUSE,dehradun,Scheduled,"10291036",24,24,18463.2,"2026-08-12","2026-08-20","2026-08-22"
dehradun-10176794,"2173110040847",dehradun,DEHRADUN - FEEDER WAREHOUSE,dehradun,Scheduled,"10176794",180,180,6804.0,"2026-08-13","2026-08-20","2026-08-23"
dehradun-10176797,"2173110040847",dehradun,DEHRADUN - FEEDER WAREHOUSE,dehradun,Scheduled,"10176797",180,180,6804.0,"2026-08-13","2026-08-20","2026-08-23"
dehradun-10216715,"2173110040847",dehradun,DEHRADUN - FEEDER WAREHOUSE,dehradun,Scheduled,"10216715",144,144,3744.0,"2026-08-13","2026-08-20","2026-08-23"
dehradun-10249577,"2173110040847",dehradun,DEHRADUN - FEEDER WAREHOUSE,dehradun,Scheduled,"10249577",6,6,4615.8,"2026-08-13","2026-08-20","2026-08-23"
dehradun-10249578,"2173110040847",dehradun,DEHRADUN - FEEDER WAREHOUSE,dehradun,Scheduled,"10249578",24,24,18463.2,"2026-08-13","2026-08-20","2026-08-23"
dehradun-10258333,"2173110040847",dehradun,DEHRADUN - FEEDER WAREHOUSE,dehradun,Scheduled,"10258333",36,36,6804.0,"2026-08-13","2026-08-20","2026-08-23"
dehradun-10265740,"2173110040847",dehradun,DEHRADUN - FEEDER WAREHOUSE,dehradun,Scheduled,"10265740",180,180,6804.0,"2026-08-13","2026-08-20","2026-08-23"
dehradun-10292367,"2173110040847",dehradun,DEHRADUN - FEEDER WAREHOUSE,dehradun,Scheduled,"10292367",144,144,11095.2,"2026-08-13","2026-08-20","2026-08-23"
dehradun-10315341,"2173110040847",dehradun,DEHRADUN - FEEDER WAREHOUSE,dehradun,Scheduled,"10315341",48,48,1560.0,"2026-08-13","2026-08-20","2026-08-23"
dehradun-10315546,"2173110040847",dehradun,DEHRADUN - FEEDER WAREHOUSE,dehradun,Scheduled,"10315546",48,48,1560.0,"2026-08-13","2026-08-20","2026-08-23"
dehradun-10315547,"2173110040847",dehradun,DEHRADUN - FEEDER WAREHOUSE,dehradun,Scheduled,"10315547",48,48,1560.0,"2026-08-13","2026-08-20","2026-08-23"
mumbai-10176793,"2273910094389",mumbai,MUMBAI M10 - FEEDER WAREHOUSE,mumbai,Scheduled,"10176793",180,180,6804.0,"2026-08-03","2026-08-20","2026-08-22"
mumbai-10176797,"2273910094389",mumbai,MUMBAI M10 - FEEDER WAREHOUSE,mumbai,Scheduled,"10176797",180,180,6804.0,"2026-08-03","2026-08-20","2026-08-22"
mumbai-10216709,"2273910094389",mumbai,MUMBAI M10 - FEEDER WAREHOUSE,mumbai,Scheduled,"10216709",72,72,1872.0,"2026-08-03","2026-08-20","2026-08-22"
mumbai-10216715,"2273910094389",mumbai,MUMBAI M10 - FEEDER WAREHOUSE,mumbai,Scheduled,"10216715",72,72,1872.0,"2026-08-03","2026-08-20","2026-08-22"
mumbai-10216722,"2273910094389",mumbai,MUMBAI M10 - FEEDER WAREHOUSE,mumbai,Scheduled,"10216722",144,144,3744.0,"2026-08-03","2026-08-20","2026-08-22"
mumbai-10291036,"2273910094389",mumbai,MUMBAI M10 - FEEDER WAREHOUSE,mumbai,Scheduled,"10291036",96,96,73852.8,"2026-08-03","2026-08-20","2026-08-22"
mumbai-10315341,"2273910094389",mumbai,MUMBAI M10 - FEEDER WAREHOUSE,mumbai,Scheduled,"10315341",96,96,3120.0,"2026-08-03","2026-08-20","2026-08-22"
mumbai-10315543,"2273910094389",mumbai,MUMBAI M10 - FEEDER WAREHOUSE,mumbai,Scheduled,"10315543",144,144,4680.0,"2026-08-03","2026-08-20","2026-08-22"
mumbai-10315546,"2273910094389",mumbai,MUMBAI M10 - FEEDER WAREHOUSE,mumbai,Scheduled,"10315546",48,48,1560.0,"2026-08-03","2026-08-20","2026-08-22"
mumbai-10315547,"2273910094389",mumbai,MUMBAI M10 - FEEDER WAREHOUSE,mumbai,Scheduled,"10315547",96,96,3120.0,"2026-08-03","2026-08-20","2026-08-22"
mumbai-10324645,"2273910094389",mumbai,MUMBAI M10 - FEEDER WAREHOUSE,mumbai,Scheduled,"10324645",288,288,24120.0,"2026-08-03","2026-08-20","2026-08-22"
mumbai-10325396,"2273910094389",mumbai,MUMBAI M10 - FEEDER WAREHOUSE,mumbai,Scheduled,"10325396",144,144,12060.0,"2026-08-03","2026-08-20","2026-08-22"
mumbai-10176795,"2273910094687",mumbai,MUMBAI M10 - FEEDER WAREHOUSE,mumbai,Scheduled,"10176795",180,180,6804.0,"2026-08-04","2026-08-18","2026-08-20"
mumbai-10176797,"2273910094687",mumbai,MUMBAI M10 - FEEDER WAREHOUSE,mumbai,Scheduled,"10176797",180,180,6804.0,"2026-08-04","2026-08-18","2026-08-20"
mumbai-10216715,"2273910094687",mumbai,MUMBAI M10 - FEEDER WAREHOUSE,mumbai,Scheduled,"10216715",216,216,5616.0,"2026-08-04","2026-08-18","2026-08-20"
mumbai-10216722,"2273910094687",mumbai,MUMBAI M10 - FEEDER WAREHOUSE,mumbai,Scheduled,"10216722",72,72,1872.0,"2026-08-04","2026-08-18","2026-08-20"
mumbai-10216726,"2273910094687",mumbai,MUMBAI M10 - FEEDER WAREHOUSE,mumbai,Scheduled,"10216726",72,72,1872.0,"2026-08-04","2026-08-18","2026-08-20"
mumbai-10258761,"2273910094687",mumbai,MUMBAI M10 - FEEDER WAREHOUSE,mumbai,Scheduled,"10258761",36,36,6804.0,"2026-08-04","2026-08-18","2026-08-20"
mumbai-10260300,"2273910094687",mumbai,MUMBAI M10 - FEEDER WAREHOUSE,mumbai,Scheduled,"10260300",36,36,6804.0,"2026-08-04","2026-08-18","2026-08-20"
mumbai-10265737,"2273910094687",mumbai,MUMBAI M10 - FEEDER WAREHOUSE,mumbai,Scheduled,"10265737",36,36,6804.0,"2026-08-04","2026-08-18","2026-08-20"
mumbai-10265740,"2273910094687",mumbai,MUMBAI M10 - FEEDER WAREHOUSE,mumbai,Scheduled,"10265740",180,180,6804.0,"2026-08-04","2026-08-18","2026-08-20"
mumbai-10292367,"2273910094687",mumbai,MUMBAI M10 - FEEDER WAREHOUSE,mumbai,Scheduled,"10292367",144,144,11095.2,"2026-08-04","2026-08-18","2026-08-20"
mumbai-10315341,"2273910094687",mumbai,MUMBAI M10 - FEEDER WAREHOUSE,mumbai,Scheduled,"10315341",96,96,3120.0,"2026-08-04","2026-08-18","2026-08-20"
mumbai-10315543,"2273910094687",mumbai,MUMBAI M10 - FEEDER WAREHOUSE,mumbai,Scheduled,"10315543",48,48,1560.0,"2026-08-04","2026-08-18","2026-08-20"
mumbai-10315546,"2273910094687",mumbai,MUMBAI M10 - FEEDER WAREHOUSE,mumbai,Scheduled,"10315546",192,192,6240.0,"2026-08-04","2026-08-18","2026-08-20"
mumbai-10315547,"2273910094687",mumbai,MUMBAI M10 - FEEDER WAREHOUSE,mumbai,Scheduled,"10315547",96,96,3120.0,"2026-08-04","2026-08-18","2026-08-20"
mumbai-10176795,"2273910096790",mumbai,MUMBAI M10 - FEEDER WAREHOUSE,mumbai,Scheduled,"10176795",180,180,6804.0,"2026-08-12","2026-08-18","2026-08-18"
mumbai-10176797,"2273910096790",mumbai,MUMBAI M10 - FEEDER WAREHOUSE,mumbai,Scheduled,"10176797",180,180,6804.0,"2026-08-12","2026-08-18","2026-08-18"
mumbai-10216715,"2273910096790",mumbai,MUMBAI M10 - FEEDER WAREHOUSE,mumbai,Scheduled,"10216715",216,216,5616.0,"2026-08-12","2026-08-18","2026-08-18"
mumbai-10216722,"2273910096790",mumbai,MUMBAI M10 - FEEDER WAREHOUSE,mumbai,Scheduled,"10216722",144,144,3744.0,"2026-08-12","2026-08-18","2026-08-18"
mumbai-10216726,"2273910096790",mumbai,MUMBAI M10 - FEEDER WAREHOUSE,mumbai,Scheduled,"10216726",216,216,5616.0,"2026-08-12","2026-08-18","2026-08-18"
mumbai-10249577,"2273910096790",mumbai,MUMBAI M10 - FEEDER WAREHOUSE,mumbai,Scheduled,"10249577",12,12,9231.6,"2026-08-12","2026-08-18","2026-08-18"
mumbai-10260300,"2273910096790",mumbai,MUMBAI M10 - FEEDER WAREHOUSE,mumbai,Scheduled,"10260300",36,36,6804.0,"2026-08-12","2026-08-18","2026-08-18"
mumbai-10265737,"2273910096790",mumbai,MUMBAI M10 - FEEDER WAREHOUSE,mumbai,Scheduled,"10265737",36,36,6804.0,"2026-08-12","2026-08-18","2026-08-18"
mumbai-10315341,"2273910096790",mumbai,MUMBAI M10 - FEEDER WAREHOUSE,mumbai,Scheduled,"10315341",48,48,1560.0,"2026-08-12","2026-08-18","2026-08-18"
mumbai-10315543,"2273910096790",mumbai,MUMBAI M10 - FEEDER WAREHOUSE,mumbai,Scheduled,"10315543",96,96,3120.0,"2026-08-12","2026-08-18","2026-08-18"
mumbai-10315546,"2273910096790",mumbai,MUMBAI M10 - FEEDER WAREHOUSE,mumbai,Scheduled,"10315546",144,144,4680.0,"2026-08-12","2026-08-18","2026-08-18"
mumbai-10315547,"2273910096790",mumbai,MUMBAI M10 - FEEDER WAREHOUSE,mumbai,Scheduled,"10315547",48,48,1560.0,"2026-08-12","2026-08-18","2026-08-18"
mumbai-10325396,"2273910096790",mumbai,MUMBAI M10 - FEEDER WAREHOUSE,mumbai,Scheduled,"10325396",144,144,12060.0,"2026-08-12","2026-08-18","2026-08-18"
mumbai-10176795,"2273910097234",mumbai,MUMBAI M10 - FEEDER WAREHOUSE,mumbai,Scheduled,"10176795",180,180,6804.0,"2026-08-13","2026-08-18","2026-08-19"
mumbai-10176797,"2273910097234",mumbai,MUMBAI M10 - FEEDER WAREHOUSE,mumbai,Scheduled,"10176797",180,180,6804.0,"2026-08-13","2026-08-18","2026-08-19"
mumbai-10216709,"2273910097234",mumbai,MUMBAI M10 - FEEDER WAREHOUSE,mumbai,Scheduled,"10216709",72,72,1872.0,"2026-08-13","2026-08-18","2026-08-19"
mumbai-10216715,"2273910097234",mumbai,MUMBAI M10 - FEEDER WAREHOUSE,mumbai,Scheduled,"10216715",288,288,7488.0,"2026-08-13","2026-08-18","2026-08-19"
mumbai-10216726,"2273910097234",mumbai,MUMBAI M10 - FEEDER WAREHOUSE,mumbai,Scheduled,"10216726",144,144,3744.0,"2026-08-13","2026-08-18","2026-08-19"
mumbai-10292367,"2273910097234",mumbai,MUMBAI M10 - FEEDER WAREHOUSE,mumbai,Scheduled,"10292367",144,144,11095.2,"2026-08-13","2026-08-18","2026-08-19"
mumbai-10176793,"2273910097415",mumbai,MUMBAI M10 - FEEDER WAREHOUSE,mumbai,Scheduled,"10176793",180,180,6804.0,"2026-08-14","2026-08-19","2026-08-20"
mumbai-10216715,"2273910097415",mumbai,MUMBAI M10 - FEEDER WAREHOUSE,mumbai,Scheduled,"10216715",72,72,1872.0,"2026-08-14","2026-08-19","2026-08-20"
mumbai-10216722,"2273910097415",mumbai,MUMBAI M10 - FEEDER WAREHOUSE,mumbai,Scheduled,"10216722",72,72,1872.0,"2026-08-14","2026-08-19","2026-08-20"
mumbai-10249577,"2273910097415",mumbai,MUMBAI M10 - FEEDER WAREHOUSE,mumbai,Scheduled,"10249577",48,48,36926.4,"2026-08-14","2026-08-19","2026-08-20"
mumbai-10258761,"2273910097415",mumbai,MUMBAI M10 - FEEDER WAREHOUSE,mumbai,Scheduled,"10258761",36,36,6804.0,"2026-08-14","2026-08-19","2026-08-20"
mumbai-10315341,"2273910097415",mumbai,MUMBAI M10 - FEEDER WAREHOUSE,mumbai,Scheduled,"10315341",48,48,1560.0,"2026-08-14","2026-08-19","2026-08-20"
mumbai-10315543,"2273910097415",mumbai,MUMBAI M10 - FEEDER WAREHOUSE,mumbai,Scheduled,"10315543",48,48,1560.0,"2026-08-14","2026-08-19","2026-08-20"
mumbai-10324645,"2273910097415",mumbai,MUMBAI M10 - FEEDER WAREHOUSE,mumbai,Scheduled,"10324645",144,144,12060.0,"2026-08-14","2026-08-19","2026-08-20"
mumbai-10325396,"2273910097415",mumbai,MUMBAI M10 - FEEDER WAREHOUSE,mumbai,Scheduled,"10325396",144,144,12060.0,"2026-08-14","2026-08-19","2026-08-20"
mumbai-10176794,"2273910097633",mumbai,MUMBAI M10 - FEEDER WAREHOUSE,mumbai,Scheduled,"10176794",180,180,6804.0,"2026-08-15","2026-08-19","2026-08-21"
mumbai-10176795,"2273910097633",mumbai,MUMBAI M10 - FEEDER WAREHOUSE,mumbai,Scheduled,"10176795",180,180,6804.0,"2026-08-15","2026-08-19","2026-08-21"
mumbai-10176797,"2273910097633",mumbai,MUMBAI M10 - FEEDER WAREHOUSE,mumbai,Scheduled,"10176797",360,360,13608.0,"2026-08-15","2026-08-19","2026-08-21"
mumbai-10199527,"2273910097633",mumbai,MUMBAI M10 - FEEDER WAREHOUSE,mumbai,Scheduled,"10199527",180,180,6804.0,"2026-08-15","2026-08-19","2026-08-21"
mumbai-10216715,"2273910097633",mumbai,MUMBAI M10 - FEEDER WAREHOUSE,mumbai,Scheduled,"10216715",504,504,13104.0,"2026-08-15","2026-08-19","2026-08-21"
mumbai-10216722,"2273910097633",mumbai,MUMBAI M10 - FEEDER WAREHOUSE,mumbai,Scheduled,"10216722",144,144,3744.0,"2026-08-15","2026-08-19","2026-08-21"
mumbai-10216726,"2273910097633",mumbai,MUMBAI M10 - FEEDER WAREHOUSE,mumbai,Scheduled,"10216726",288,288,7488.0,"2026-08-15","2026-08-19","2026-08-21"
mumbai-10249577,"2273910097633",mumbai,MUMBAI M10 - FEEDER WAREHOUSE,mumbai,Scheduled,"10249577",30,30,23079.0,"2026-08-15","2026-08-19","2026-08-21"
mumbai-10249578,"2273910097633",mumbai,MUMBAI M10 - FEEDER WAREHOUSE,mumbai,Scheduled,"10249578",24,24,18463.2,"2026-08-15","2026-08-19","2026-08-21"
mumbai-10260300,"2273910097633",mumbai,MUMBAI M10 - FEEDER WAREHOUSE,mumbai,Scheduled,"10260300",72,72,13608.0,"2026-08-15","2026-08-19","2026-08-21"
mumbai-10265737,"2273910097633",mumbai,MUMBAI M10 - FEEDER WAREHOUSE,mumbai,Scheduled,"10265737",36,36,6804.0,"2026-08-15","2026-08-19","2026-08-21"
mumbai-10265740,"2273910097633",mumbai,MUMBAI M10 - FEEDER WAREHOUSE,mumbai,Scheduled,"10265740",360,360,13608.0,"2026-08-15","2026-08-19","2026-08-21"
mumbai-10292367,"2273910097633",mumbai,MUMBAI M10 - FEEDER WAREHOUSE,mumbai,Scheduled,"10292367",288,288,22190.4,"2026-08-15","2026-08-19","2026-08-21"
mumbai-10315341,"2273910097633",mumbai,MUMBAI M10 - FEEDER WAREHOUSE,mumbai,Scheduled,"10315341",96,96,3120.0,"2026-08-15","2026-08-19","2026-08-21"
mumbai-10315543,"2273910097633",mumbai,MUMBAI M10 - FEEDER WAREHOUSE,mumbai,Scheduled,"10315543",144,144,4680.0,"2026-08-15","2026-08-19","2026-08-21"
mumbai-10315546,"2273910097633",mumbai,MUMBAI M10 - FEEDER WAREHOUSE,mumbai,Scheduled,"10315546",192,192,6240.0,"2026-08-15","2026-08-19","2026-08-21"
mumbai-10315547,"2273910097633",mumbai,MUMBAI M10 - FEEDER WAREHOUSE,mumbai,Scheduled,"10315547",288,288,9360.0,"2026-08-15","2026-08-19","2026-08-21"
mumbai-10315586,"2273910097633",mumbai,MUMBAI M10 - FEEDER WAREHOUSE,mumbai,Scheduled,"10315586",36,36,6804.0,"2026-08-15","2026-08-19","2026-08-21"
mumbai-10325396,"2273910097633",mumbai,MUMBAI M10 - FEEDER WAREHOUSE,mumbai,Scheduled,"10325396",144,144,12060.0,"2026-08-15","2026-08-19","2026-08-21"
nagpur-10176797,"2549710050075",nagpur,NAGPUR N1 - FEEDER WAREHOUSE,nagpur,Scheduled,"10176797",180,180,6804.0,"2026-08-10","2026-08-19","2026-08-22"
nagpur-10216715,"2549710050075",nagpur,NAGPUR N1 - FEEDER WAREHOUSE,nagpur,Scheduled,"10216715",144,144,3744.0,"2026-08-10","2026-08-19","2026-08-22"
nagpur-10216726,"2549710050075",nagpur,NAGPUR N1 - FEEDER WAREHOUSE,nagpur,Scheduled,"10216726",144,144,3744.0,"2026-08-10","2026-08-19","2026-08-22"
nagpur-10249574,"2549710050075",nagpur,NAGPUR N1 - FEEDER WAREHOUSE,nagpur,Scheduled,"10249574",72,72,146109.6,"2026-08-10","2026-08-19","2026-08-22"
nagpur-10292367,"2549710050075",nagpur,NAGPUR N1 - FEEDER WAREHOUSE,nagpur,Scheduled,"10292367",144,144,11095.2,"2026-08-10","2026-08-19","2026-08-22"
nagpur-10315341,"2549710050075",nagpur,NAGPUR N1 - FEEDER WAREHOUSE,nagpur,Scheduled,"10315341",48,48,1560.0,"2026-08-10","2026-08-19","2026-08-22"
nagpur-10315543,"2549710050075",nagpur,NAGPUR N1 - FEEDER WAREHOUSE,nagpur,Scheduled,"10315543",48,48,1560.0,"2026-08-10","2026-08-19","2026-08-22"
nagpur-10315547,"2549710050075",nagpur,NAGPUR N1 - FEEDER WAREHOUSE,nagpur,Scheduled,"10315547",96,96,3120.0,"2026-08-10","2026-08-19","2026-08-22"
nagpur-10176793,"2549710050594",nagpur,NAGPUR N1 - FEEDER WAREHOUSE,nagpur,Scheduled,"10176793",180,180,6804.0,"2026-08-11","2026-08-20","2026-08-23"
nagpur-10216709,"2549710050594",nagpur,NAGPUR N1 - FEEDER WAREHOUSE,nagpur,Scheduled,"10216709",216,216,5616.0,"2026-08-11","2026-08-20","2026-08-23"
nagpur-10216715,"2549710050594",nagpur,NAGPUR N1 - FEEDER WAREHOUSE,nagpur,Scheduled,"10216715",216,216,5616.0,"2026-08-11","2026-08-20","2026-08-23"
nagpur-10216726,"2549710050594",nagpur,NAGPUR N1 - FEEDER WAREHOUSE,nagpur,Scheduled,"10216726",72,72,1872.0,"2026-08-11","2026-08-20","2026-08-23"
nagpur-10249574,"2549710050594",nagpur,NAGPUR N1 - FEEDER WAREHOUSE,nagpur,Scheduled,"10249574",36,36,73054.8,"2026-08-11","2026-08-20","2026-08-23"
nagpur-10252336,"2549710050594",nagpur,NAGPUR N1 - FEEDER WAREHOUSE,nagpur,Scheduled,"10252336",12,12,24351.6,"2026-08-11","2026-08-20","2026-08-23"
nagpur-10315543,"2549710050594",nagpur,NAGPUR N1 - FEEDER WAREHOUSE,nagpur,Scheduled,"10315543",48,48,1560.0,"2026-08-11","2026-08-20","2026-08-23"
nagpur-10315547,"2549710050594",nagpur,NAGPUR N1 - FEEDER WAREHOUSE,nagpur,Scheduled,"10315547",48,48,1560.0,"2026-08-11","2026-08-20","2026-08-23"
nagpur-10176795,"2549710051002",nagpur,NAGPUR N1 - FEEDER WAREHOUSE,nagpur,Scheduled,"10176795",180,180,6804.0,"2026-08-12","2026-08-21","2026-08-24"
nagpur-10176797,"2549710051002",nagpur,NAGPUR N1 - FEEDER WAREHOUSE,nagpur,Scheduled,"10176797",360,360,13608.0,"2026-08-12","2026-08-21","2026-08-24"
nagpur-10216715,"2549710051002",nagpur,NAGPUR N1 - FEEDER WAREHOUSE,nagpur,Scheduled,"10216715",360,360,9360.0,"2026-08-12","2026-08-21","2026-08-24"
nagpur-10216726,"2549710051002",nagpur,NAGPUR N1 - FEEDER WAREHOUSE,nagpur,Scheduled,"10216726",144,144,3744.0,"2026-08-12","2026-08-21","2026-08-24"
nagpur-10249574,"2549710051002",nagpur,NAGPUR N1 - FEEDER WAREHOUSE,nagpur,Scheduled,"10249574",12,12,24351.6,"2026-08-12","2026-08-21","2026-08-24"
nagpur-10249576,"2549710051002",nagpur,NAGPUR N1 - FEEDER WAREHOUSE,nagpur,Scheduled,"10249576",12,12,23511.6,"2026-08-12","2026-08-21","2026-08-24"
nagpur-10260300,"2549710051002",nagpur,NAGPUR N1 - FEEDER WAREHOUSE,nagpur,Scheduled,"10260300",36,36,6804.0,"2026-08-12","2026-08-21","2026-08-24"
nagpur-10265737,"2549710051002",nagpur,NAGPUR N1 - FEEDER WAREHOUSE,nagpur,Scheduled,"10265737",36,36,6804.0,"2026-08-12","2026-08-21","2026-08-24"
nagpur-10265740,"2549710051002",nagpur,NAGPUR N1 - FEEDER WAREHOUSE,nagpur,Scheduled,"10265740",180,180,6804.0,"2026-08-12","2026-08-21","2026-08-24"
nagpur-10292367,"2549710051002",nagpur,NAGPUR N1 - FEEDER WAREHOUSE,nagpur,Scheduled,"10292367",144,144,11095.2,"2026-08-12","2026-08-21","2026-08-24"
nagpur-10315341,"2549710051002",nagpur,NAGPUR N1 - FEEDER WAREHOUSE,nagpur,Scheduled,"10315341",48,48,1560.0,"2026-08-12","2026-08-21","2026-08-24"
nagpur-10315546,"2549710051002",nagpur,NAGPUR N1 - FEEDER WAREHOUSE,nagpur,Scheduled,"10315546",48,48,1560.0,"2026-08-12","2026-08-21","2026-08-24"
nagpur-10315547,"2549710051002",nagpur,NAGPUR N1 - FEEDER WAREHOUSE,nagpur,Scheduled,"10315547",48,48,1560.0,"2026-08-12","2026-08-21","2026-08-24"
nagpur-10176794,"2549710051216",nagpur,NAGPUR N1 - FEEDER WAREHOUSE,nagpur,Scheduled,"10176794",180,180,6804.0,"2026-08-13","2026-08-21","2026-08-25"
nagpur-10176797,"2549710051216",nagpur,NAGPUR N1 - FEEDER WAREHOUSE,nagpur,Scheduled,"10176797",180,180,6804.0,"2026-08-13","2026-08-21","2026-08-25"
nagpur-10216709,"2549710051216",nagpur,NAGPUR N1 - FEEDER WAREHOUSE,nagpur,Scheduled,"10216709",72,72,1872.0,"2026-08-13","2026-08-21","2026-08-25"
nagpur-10216715,"2549710051216",nagpur,NAGPUR N1 - FEEDER WAREHOUSE,nagpur,Scheduled,"10216715",216,216,5616.0,"2026-08-13","2026-08-21","2026-08-25"
nagpur-10216722,"2549710051216",nagpur,NAGPUR N1 - FEEDER WAREHOUSE,nagpur,Scheduled,"10216722",72,72,1872.0,"2026-08-13","2026-08-21","2026-08-25"
nagpur-10216726,"2549710051216",nagpur,NAGPUR N1 - FEEDER WAREHOUSE,nagpur,Scheduled,"10216726",144,144,3744.0,"2026-08-13","2026-08-21","2026-08-25"
nagpur-10249574,"2549710051216",nagpur,NAGPUR N1 - FEEDER WAREHOUSE,nagpur,Scheduled,"10249574",24,24,48703.2,"2026-08-13","2026-08-21","2026-08-25"
nagpur-10291036,"2549710051216",nagpur,NAGPUR N1 - FEEDER WAREHOUSE,nagpur,Scheduled,"10291036",24,24,18463.2,"2026-08-13","2026-08-21","2026-08-25"
nagpur-10315543,"2549710051216",nagpur,NAGPUR N1 - FEEDER WAREHOUSE,nagpur,Scheduled,"10315543",48,48,1560.0,"2026-08-13","2026-08-21","2026-08-25"
nagpur-10315546,"2549710051216",nagpur,NAGPUR N1 - FEEDER WAREHOUSE,nagpur,Scheduled,"10315546",48,48,1560.0,"2026-08-13","2026-08-21","2026-08-25"
nagpur-10315547,"2549710051216",nagpur,NAGPUR N1 - FEEDER WAREHOUSE,nagpur,Scheduled,"10315547",48,48,1560.0,"2026-08-13","2026-08-21","2026-08-25"
dasna-10176795,"2576310066675",dasna,DASNA D3 - FEEDER WAREHOUSE,dasna,Scheduled,"10176795",720,720,27216.0,"2026-08-12","2026-08-18","2026-08-19"
dasna-10176797,"2576310066675",dasna,DASNA D3 - FEEDER WAREHOUSE,dasna,Scheduled,"10176797",1080,1080,40824.0,"2026-08-12","2026-08-18","2026-08-19"
dasna-10199527,"2576310066675",dasna,DASNA D3 - FEEDER WAREHOUSE,dasna,Scheduled,"10199527",180,180,6804.0,"2026-08-12","2026-08-18","2026-08-19"
dasna-10216709,"2576310066675",dasna,DASNA D3 - FEEDER WAREHOUSE,dasna,Scheduled,"10216709",72,72,1872.0,"2026-08-12","2026-08-18","2026-08-19"
dasna-10216715,"2576310066675",dasna,DASNA D3 - FEEDER WAREHOUSE,dasna,Scheduled,"10216715",2304,2304,59904.0,"2026-08-12","2026-08-18","2026-08-19"
dasna-10216722,"2576310066675",dasna,DASNA D3 - FEEDER WAREHOUSE,dasna,Scheduled,"10216722",216,216,5616.0,"2026-08-12","2026-08-18","2026-08-19"
dasna-10216726,"2576310066675",dasna,DASNA D3 - FEEDER WAREHOUSE,dasna,Scheduled,"10216726",1080,1080,28080.0,"2026-08-12","2026-08-18","2026-08-19"
dasna-10249577,"2576310066675",dasna,DASNA D3 - FEEDER WAREHOUSE,dasna,Scheduled,"10249577",54,54,41542.2,"2026-08-12","2026-08-18","2026-08-19"
dasna-10249578,"2576310066675",dasna,DASNA D3 - FEEDER WAREHOUSE,dasna,Scheduled,"10249578",24,24,18463.2,"2026-08-12","2026-08-18","2026-08-19"
dasna-10260300,"2576310066675",dasna,DASNA D3 - FEEDER WAREHOUSE,dasna,Scheduled,"10260300",36,36,6804.0,"2026-08-12","2026-08-18","2026-08-19"
dasna-10265740,"2576310066675",dasna,DASNA D3 - FEEDER WAREHOUSE,dasna,Scheduled,"10265740",540,540,20412.0,"2026-08-12","2026-08-18","2026-08-19"
dasna-10292367,"2576310066675",dasna,DASNA D3 - FEEDER WAREHOUSE,dasna,Scheduled,"10292367",576,576,44380.8,"2026-08-12","2026-08-18","2026-08-19"
dasna-10297369,"2576310066675",dasna,DASNA D3 - FEEDER WAREHOUSE,dasna,Scheduled,"10297369",40,40,41972.0,"2026-08-12","2026-08-18","2026-08-19"
dasna-10298083,"2576310066675",dasna,DASNA D3 - FEEDER WAREHOUSE,dasna,Scheduled,"10298083",40,40,41972.0,"2026-08-12","2026-08-18","2026-08-19"
dasna-10315341,"2576310066675",dasna,DASNA D3 - FEEDER WAREHOUSE,dasna,Scheduled,"10315341",192,192,6240.0,"2026-08-12","2026-08-18","2026-08-19"
dasna-10315546,"2576310066675",dasna,DASNA D3 - FEEDER WAREHOUSE,dasna,Scheduled,"10315546",288,288,9360.0,"2026-08-12","2026-08-18","2026-08-19"
dasna-10315547,"2576310066675",dasna,DASNA D3 - FEEDER WAREHOUSE,dasna,Scheduled,"10315547",336,336,10920.0,"2026-08-12","2026-08-18","2026-08-19"
dasna-10324645,"2576310066675",dasna,DASNA D3 - FEEDER WAREHOUSE,dasna,Scheduled,"10324645",144,144,12060.0,"2026-08-12","2026-08-18","2026-08-19"
dasna-10176795,"2576310067109",dasna,DASNA D3 - FEEDER WAREHOUSE,dasna,Scheduled,"10176795",180,180,6804.0,"2026-08-13","2026-08-18","2026-08-20"
dasna-10176797,"2576310067109",dasna,DASNA D3 - FEEDER WAREHOUSE,dasna,Scheduled,"10176797",540,540,20412.0,"2026-08-13","2026-08-18","2026-08-20"
dasna-10216709,"2576310067109",dasna,DASNA D3 - FEEDER WAREHOUSE,dasna,Scheduled,"10216709",216,216,5616.0,"2026-08-13","2026-08-18","2026-08-20"
dasna-10216715,"2576310067109",dasna,DASNA D3 - FEEDER WAREHOUSE,dasna,Scheduled,"10216715",432,432,11232.0,"2026-08-13","2026-08-18","2026-08-20"
dasna-10216722,"2576310067109",dasna,DASNA D3 - FEEDER WAREHOUSE,dasna,Scheduled,"10216722",144,144,3744.0,"2026-08-13","2026-08-18","2026-08-20"
dasna-10216726,"2576310067109",dasna,DASNA D3 - FEEDER WAREHOUSE,dasna,Scheduled,"10216726",288,288,7488.0,"2026-08-13","2026-08-18","2026-08-20"
dasna-10258333,"2576310067109",dasna,DASNA D3 - FEEDER WAREHOUSE,dasna,Scheduled,"10258333",36,36,6804.0,"2026-08-13","2026-08-18","2026-08-20"
dasna-10260300,"2576310067109",dasna,DASNA D3 - FEEDER WAREHOUSE,dasna,Scheduled,"10260300",36,36,6804.0,"2026-08-13","2026-08-18","2026-08-20"
dasna-10265737,"2576310067109",dasna,DASNA D3 - FEEDER WAREHOUSE,dasna,Scheduled,"10265737",36,36,6804.0,"2026-08-13","2026-08-18","2026-08-20"
dasna-10291036,"2576310067109",dasna,DASNA D3 - FEEDER WAREHOUSE,dasna,Scheduled,"10291036",96,96,73852.8,"2026-08-13","2026-08-18","2026-08-20"
dasna-10315543,"2576310067109",dasna,DASNA D3 - FEEDER WAREHOUSE,dasna,Scheduled,"10315543",48,48,1560.0,"2026-08-13","2026-08-18","2026-08-20"
dasna-10315546,"2576310067109",dasna,DASNA D3 - FEEDER WAREHOUSE,dasna,Scheduled,"10315546",48,48,1560.0,"2026-08-13","2026-08-18","2026-08-20"
dasna-10324645,"2576310067109",dasna,DASNA D3 - FEEDER WAREHOUSE,dasna,Scheduled,"10324645",288,288,24120.0,"2026-08-13","2026-08-18","2026-08-20"
dasna-10176795,"2576310067486",dasna,DASNA D3 - FEEDER WAREHOUSE,dasna,Scheduled,"10176795",180,180,6804.0,"2026-08-14","2026-08-19","2026-08-21"
dasna-10216722,"2576310067486",dasna,DASNA D3 - FEEDER WAREHOUSE,dasna,Scheduled,"10216722",144,144,3744.0,"2026-08-14","2026-08-19","2026-08-21"
dasna-10249577,"2576310067486",dasna,DASNA D3 - FEEDER WAREHOUSE,dasna,Scheduled,"10249577",48,48,36926.4,"2026-08-14","2026-08-19","2026-08-21"
dasna-10258761,"2576310067486",dasna,DASNA D3 - FEEDER WAREHOUSE,dasna,Scheduled,"10258761",36,36,6804.0,"2026-08-14","2026-08-19","2026-08-21"
dasna-10291036,"2576310067486",dasna,DASNA D3 - FEEDER WAREHOUSE,dasna,Scheduled,"10291036",24,24,18463.2,"2026-08-14","2026-08-19","2026-08-21"
dasna-10292367,"2576310067486",dasna,DASNA D3 - FEEDER WAREHOUSE,dasna,Scheduled,"10292367",144,144,11095.2,"2026-08-14","2026-08-19","2026-08-21"
dasna-10297369,"2576310067486",dasna,DASNA D3 - FEEDER WAREHOUSE,dasna,Scheduled,"10297369",20,20,20986.0,"2026-08-14","2026-08-19","2026-08-21"
dasna-10315341,"2576310067486",dasna,DASNA D3 - FEEDER WAREHOUSE,dasna,Scheduled,"10315341",48,48,1560.0,"2026-08-14","2026-08-19","2026-08-21"
dasna-10315543,"2576310067486",dasna,DASNA D3 - FEEDER WAREHOUSE,dasna,Scheduled,"10315543",48,48,1560.0,"2026-08-14","2026-08-19","2026-08-21"
dasna-10315546,"2576310067486",dasna,DASNA D3 - FEEDER WAREHOUSE,dasna,Scheduled,"10315546",96,96,3120.0,"2026-08-14","2026-08-19","2026-08-21"
dasna-10315547,"2576310067486",dasna,DASNA D3 - FEEDER WAREHOUSE,dasna,Scheduled,"10315547",48,48,1560.0,"2026-08-14","2026-08-19","2026-08-21"
dasna-10315586,"2576310067486",dasna,DASNA D3 - FEEDER WAREHOUSE,dasna,Scheduled,"10315586",36,36,6804.0,"2026-08-14","2026-08-19","2026-08-21"
dasna-10325396,"2576310067486",dasna,DASNA D3 - FEEDER WAREHOUSE,dasna,Scheduled,"10325396",144,144,12060.0,"2026-08-14","2026-08-19","2026-08-21"
dasna-10176793,"2576310067807",dasna,DASNA D3 - FEEDER WAREHOUSE,dasna,Scheduled,"10176793",180,180,6804.0,"2026-08-15","2026-08-20","2026-08-22"
dasna-10176794,"2576310067807",dasna,DASNA D3 - FEEDER WAREHOUSE,dasna,Scheduled,"10176794",180,180,6804.0,"2026-08-15","2026-08-20","2026-08-22"
dasna-10176795,"2576310067807",dasna,DASNA D3 - FEEDER WAREHOUSE,dasna,Scheduled,"10176795",360,360,13608.0,"2026-08-15","2026-08-20","2026-08-22"
dasna-10176797,"2576310067807",dasna,DASNA D3 - FEEDER WAREHOUSE,dasna,Scheduled,"10176797",360,360,13608.0,"2026-08-15","2026-08-20","2026-08-22"
dasna-10199527,"2576310067807",dasna,DASNA D3 - FEEDER WAREHOUSE,dasna,Scheduled,"10199527",180,180,6804.0,"2026-08-15","2026-08-20","2026-08-22"
dasna-10216709,"2576310067807",dasna,DASNA D3 - FEEDER WAREHOUSE,dasna,Scheduled,"10216709",72,72,1872.0,"2026-08-15","2026-08-20","2026-08-22"
dasna-10216715,"2576310067807",dasna,DASNA D3 - FEEDER WAREHOUSE,dasna,Scheduled,"10216715",792,792,20592.0,"2026-08-15","2026-08-20","2026-08-22"
dasna-10216722,"2576310067807",dasna,DASNA D3 - FEEDER WAREHOUSE,dasna,Scheduled,"10216722",216,216,5616.0,"2026-08-15","2026-08-20","2026-08-22"
dasna-10249574,"2576310067807",dasna,DASNA D3 - FEEDER WAREHOUSE,dasna,Scheduled,"10249574",60,60,121758.0,"2026-08-15","2026-08-20","2026-08-22"
dasna-10249577,"2576310067807",dasna,DASNA D3 - FEEDER WAREHOUSE,dasna,Scheduled,"10249577",30,30,23079.0,"2026-08-15","2026-08-20","2026-08-22"
dasna-10249578,"2576310067807",dasna,DASNA D3 - FEEDER WAREHOUSE,dasna,Scheduled,"10249578",96,96,73852.8,"2026-08-15","2026-08-20","2026-08-22"
dasna-10258761,"2576310067807",dasna,DASNA D3 - FEEDER WAREHOUSE,dasna,Scheduled,"10258761",36,36,6804.0,"2026-08-15","2026-08-20","2026-08-22"
dasna-10260300,"2576310067807",dasna,DASNA D3 - FEEDER WAREHOUSE,dasna,Scheduled,"10260300",72,72,13608.0,"2026-08-15","2026-08-20","2026-08-22"
dasna-10265737,"2576310067807",dasna,DASNA D3 - FEEDER WAREHOUSE,dasna,Scheduled,"10265737",36,36,6804.0,"2026-08-15","2026-08-20","2026-08-22"
dasna-10265740,"2576310067807",dasna,DASNA D3 - FEEDER WAREHOUSE,dasna,Scheduled,"10265740",180,180,6804.0,"2026-08-15","2026-08-20","2026-08-22"
dasna-10291036,"2576310067807",dasna,DASNA D3 - FEEDER WAREHOUSE,dasna,Scheduled,"10291036",96,96,73852.8,"2026-08-15","2026-08-20","2026-08-22"
dasna-10292367,"2576310067807",dasna,DASNA D3 - FEEDER WAREHOUSE,dasna,Scheduled,"10292367",288,288,22190.4,"2026-08-15","2026-08-20","2026-08-22"
dasna-10297369,"2576310067807",dasna,DASNA D3 - FEEDER WAREHOUSE,dasna,Scheduled,"10297369",40,40,41972.0,"2026-08-15","2026-08-20","2026-08-22"
dasna-10298083,"2576310067807",dasna,DASNA D3 - FEEDER WAREHOUSE,dasna,Scheduled,"10298083",40,40,41972.0,"2026-08-15","2026-08-20","2026-08-22"
dasna-10315341,"2576310067807",dasna,DASNA D3 - FEEDER WAREHOUSE,dasna,Scheduled,"10315341",96,96,3120.0,"2026-08-15","2026-08-20","2026-08-22"
dasna-10315543,"2576310067807",dasna,DASNA D3 - FEEDER WAREHOUSE,dasna,Scheduled,"10315543",96,96,3120.0,"2026-08-15","2026-08-20","2026-08-22"
dasna-10315546,"2576310067807",dasna,DASNA D3 - FEEDER WAREHOUSE,dasna,Scheduled,"10315546",192,192,6240.0,"2026-08-15","2026-08-20","2026-08-22"
dasna-10315547,"2576310067807",dasna,DASNA D3 - FEEDER WAREHOUSE,dasna,Scheduled,"10315547",192,192,6240.0,"2026-08-15","2026-08-20","2026-08-22"
dasna-10324645,"2576310067807",dasna,DASNA D3 - FEEDER WAREHOUSE,dasna,Scheduled,"10324645",144,144,12060.0,"2026-08-15","2026-08-20","2026-08-22"
dasna-10325396,"2576310067807",dasna,DASNA D3 - FEEDER WAREHOUSE,dasna,Scheduled,"10325396",288,288,24120.0,"2026-08-15","2026-08-20","2026-08-22"
ahmedabad-10176797,"2738110067259",ahmedabad,AHMEDABAD A2 - FEEDER WAREHOUSE,ahmedabad,Scheduled,"10176797",180,180,6804.0,"2026-08-07","2026-08-18","2026-08-19"
ahmedabad-10216715,"2738110067259",ahmedabad,AHMEDABAD A2 - FEEDER WAREHOUSE,ahmedabad,Scheduled,"10216715",216,216,5616.0,"2026-08-07","2026-08-18","2026-08-19"
ahmedabad-10216722,"2738110067259",ahmedabad,AHMEDABAD A2 - FEEDER WAREHOUSE,ahmedabad,Scheduled,"10216722",144,144,3744.0,"2026-08-07","2026-08-18","2026-08-19"
ahmedabad-10216726,"2738110067259",ahmedabad,AHMEDABAD A2 - FEEDER WAREHOUSE,ahmedabad,Scheduled,"10216726",144,144,3744.0,"2026-08-07","2026-08-18","2026-08-19"
ahmedabad-10249574,"2738110067259",ahmedabad,AHMEDABAD A2 - FEEDER WAREHOUSE,ahmedabad,Scheduled,"10249574",24,24,48703.2,"2026-08-07","2026-08-18","2026-08-19"
ahmedabad-10249578,"2738110067259",ahmedabad,AHMEDABAD A2 - FEEDER WAREHOUSE,ahmedabad,Scheduled,"10249578",24,24,18463.2,"2026-08-07","2026-08-18","2026-08-19"
ahmedabad-10265737,"2738110067259",ahmedabad,AHMEDABAD A2 - FEEDER WAREHOUSE,ahmedabad,Scheduled,"10265737",36,36,6804.0,"2026-08-07","2026-08-18","2026-08-19"
ahmedabad-10297369,"2738110067259",ahmedabad,AHMEDABAD A2 - FEEDER WAREHOUSE,ahmedabad,Scheduled,"10297369",20,20,20986.0,"2026-08-07","2026-08-18","2026-08-19"
ahmedabad-10315341,"2738110067259",ahmedabad,AHMEDABAD A2 - FEEDER WAREHOUSE,ahmedabad,Scheduled,"10315341",240,240,7800.0,"2026-08-07","2026-08-18","2026-08-19"
ahmedabad-10315543,"2738110067259",ahmedabad,AHMEDABAD A2 - FEEDER WAREHOUSE,ahmedabad,Scheduled,"10315543",48,48,1560.0,"2026-08-07","2026-08-18","2026-08-19"
ahmedabad-10315546,"2738110067259",ahmedabad,AHMEDABAD A2 - FEEDER WAREHOUSE,ahmedabad,Scheduled,"10315546",96,96,3120.0,"2026-08-07","2026-08-18","2026-08-19"
ahmedabad-10315547,"2738110067259",ahmedabad,AHMEDABAD A2 - FEEDER WAREHOUSE,ahmedabad,Scheduled,"10315547",96,96,3120.0,"2026-08-07","2026-08-18","2026-08-19"
ahmedabad-10176793,"2738110067651",ahmedabad,AHMEDABAD A2 - FEEDER WAREHOUSE,ahmedabad,Scheduled,"10176793",180,180,6804.0,"2026-08-08","2026-08-19","2026-08-20"
ahmedabad-10176795,"2738110067651",ahmedabad,AHMEDABAD A2 - FEEDER WAREHOUSE,ahmedabad,Scheduled,"10176795",180,180,6804.0,"2026-08-08","2026-08-19","2026-08-20"
ahmedabad-10176797,"2738110067651",ahmedabad,AHMEDABAD A2 - FEEDER WAREHOUSE,ahmedabad,Scheduled,"10176797",360,360,13608.0,"2026-08-08","2026-08-19","2026-08-20"
ahmedabad-10216709,"2738110067651",ahmedabad,AHMEDABAD A2 - FEEDER WAREHOUSE,ahmedabad,Scheduled,"10216709",72,72,1872.0,"2026-08-08","2026-08-19","2026-08-20"
ahmedabad-10216715,"2738110067651",ahmedabad,AHMEDABAD A2 - FEEDER WAREHOUSE,ahmedabad,Scheduled,"10216715",936,936,24336.0,"2026-08-08","2026-08-19","2026-08-20"
ahmedabad-10216726,"2738110067651",ahmedabad,AHMEDABAD A2 - FEEDER WAREHOUSE,ahmedabad,Scheduled,"10216726",144,144,3744.0,"2026-08-08","2026-08-19","2026-08-20"
ahmedabad-10252336,"2738110067651",ahmedabad,AHMEDABAD A2 - FEEDER WAREHOUSE,ahmedabad,Scheduled,"10252336",12,12,24351.6,"2026-08-08","2026-08-19","2026-08-20"
ahmedabad-10260300,"2738110067651",ahmedabad,AHMEDABAD A2 - FEEDER WAREHOUSE,ahmedabad,Scheduled,"10260300",36,36,6804.0,"2026-08-08","2026-08-19","2026-08-20"
ahmedabad-10292367,"2738110067651",ahmedabad,AHMEDABAD A2 - FEEDER WAREHOUSE,ahmedabad,Scheduled,"10292367",144,144,11095.2,"2026-08-08","2026-08-19","2026-08-20"
ahmedabad-10315547,"2738110067651",ahmedabad,AHMEDABAD A2 - FEEDER WAREHOUSE,ahmedabad,Scheduled,"10315547",48,48,1560.0,"2026-08-08","2026-08-19","2026-08-20"
ahmedabad-10324645,"2738110067651",ahmedabad,AHMEDABAD A2 - FEEDER WAREHOUSE,ahmedabad,Scheduled,"10324645",144,144,12060.0,"2026-08-08","2026-08-19","2026-08-20"
ahmedabad-10325396,"2738110067651",ahmedabad,AHMEDABAD A2 - FEEDER WAREHOUSE,ahmedabad,Scheduled,"10325396",144,144,12060.0,"2026-08-08","2026-08-19","2026-08-20"
ahmedabad-10216722,"2738110068008",ahmedabad,AHMEDABAD A2 - FEEDER WAREHOUSE,ahmedabad,Scheduled,"10216722",72,72,1872.0,"2026-08-10","2026-08-20","2026-08-22"
ahmedabad-10216726,"2738110068008",ahmedabad,AHMEDABAD A2 - FEEDER WAREHOUSE,ahmedabad,Scheduled,"10216726",432,432,11232.0,"2026-08-10","2026-08-20","2026-08-22"
ahmedabad-10292367,"2738110068008",ahmedabad,AHMEDABAD A2 - FEEDER WAREHOUSE,ahmedabad,Scheduled,"10292367",288,288,22190.4,"2026-08-10","2026-08-20","2026-08-22"
ahmedabad-10315547,"2738110068008",ahmedabad,AHMEDABAD A2 - FEEDER WAREHOUSE,ahmedabad,Scheduled,"10315547",96,96,3120.0,"2026-08-10","2026-08-20","2026-08-22"
ahmedabad-10324645,"2738110068008",ahmedabad,AHMEDABAD A2 - FEEDER WAREHOUSE,ahmedabad,Scheduled,"10324645",144,144,12060.0,"2026-08-10","2026-08-20","2026-08-22"
ahmedabad-10176795,"2738110068530",ahmedabad,AHMEDABAD A2 - FEEDER WAREHOUSE,ahmedabad,Scheduled,"10176795",180,180,6804.0,"2026-08-11","2026-08-21","2026-08-23"
ahmedabad-10176797,"2738110068530",ahmedabad,AHMEDABAD A2 - FEEDER WAREHOUSE,ahmedabad,Scheduled,"10176797",180,180,6804.0,"2026-08-11","2026-08-21","2026-08-23"
ahmedabad-10199527,"2738110068530",ahmedabad,AHMEDABAD A2 - FEEDER WAREHOUSE,ahmedabad,Scheduled,"10199527",180,180,6804.0,"2026-08-11","2026-08-21","2026-08-23"
ahmedabad-10216709,"2738110068530",ahmedabad,AHMEDABAD A2 - FEEDER WAREHOUSE,ahmedabad,Scheduled,"10216709",72,72,1872.0,"2026-08-11","2026-08-21","2026-08-23"
ahmedabad-10216715,"2738110068530",ahmedabad,AHMEDABAD A2 - FEEDER WAREHOUSE,ahmedabad,Scheduled,"10216715",360,360,9360.0,"2026-08-11","2026-08-21","2026-08-23"
ahmedabad-10252336,"2738110068530",ahmedabad,AHMEDABAD A2 - FEEDER WAREHOUSE,ahmedabad,Scheduled,"10252336",12,12,24351.6,"2026-08-11","2026-08-21","2026-08-23"
ahmedabad-10258333,"2738110068530",ahmedabad,AHMEDABAD A2 - FEEDER WAREHOUSE,ahmedabad,Scheduled,"10258333",36,36,6804.0,"2026-08-11","2026-08-21","2026-08-23"
ahmedabad-10258761,"2738110068530",ahmedabad,AHMEDABAD A2 - FEEDER WAREHOUSE,ahmedabad,Scheduled,"10258761",36,36,6804.0,"2026-08-11","2026-08-21","2026-08-23"
ahmedabad-10260300,"2738110068530",ahmedabad,AHMEDABAD A2 - FEEDER WAREHOUSE,ahmedabad,Scheduled,"10260300",36,36,6804.0,"2026-08-11","2026-08-21","2026-08-23"
ahmedabad-10265737,"2738110068530",ahmedabad,AHMEDABAD A2 - FEEDER WAREHOUSE,ahmedabad,Scheduled,"10265737",36,36,6804.0,"2026-08-11","2026-08-21","2026-08-23"
ahmedabad-10291036,"2738110068530",ahmedabad,AHMEDABAD A2 - FEEDER WAREHOUSE,ahmedabad,Scheduled,"10291036",72,72,55389.6,"2026-08-11","2026-08-21","2026-08-23"
ahmedabad-10315341,"2738110068530",ahmedabad,AHMEDABAD A2 - FEEDER WAREHOUSE,ahmedabad,Scheduled,"10315341",48,48,1560.0,"2026-08-11","2026-08-21","2026-08-23"
ahmedabad-10315543,"2738110068530",ahmedabad,AHMEDABAD A2 - FEEDER WAREHOUSE,ahmedabad,Scheduled,"10315543",48,48,1560.0,"2026-08-11","2026-08-21","2026-08-23"
ahmedabad-10315547,"2738110068530",ahmedabad,AHMEDABAD A2 - FEEDER WAREHOUSE,ahmedabad,Scheduled,"10315547",96,96,3120.0,"2026-08-11","2026-08-21","2026-08-23"
ahmedabad-10249578,"2738110068900",ahmedabad,AHMEDABAD A2 - FEEDER WAREHOUSE,ahmedabad,Scheduled,"10249578",24,24,18463.2,"2026-08-12","2026-08-22","2026-08-24"
ahmedabad-10252336,"2738110068900",ahmedabad,AHMEDABAD A2 - FEEDER WAREHOUSE,ahmedabad,Scheduled,"10252336",12,12,24351.6,"2026-08-12","2026-08-22","2026-08-24"
ahmedabad-10315341,"2738110068900",ahmedabad,AHMEDABAD A2 - FEEDER WAREHOUSE,ahmedabad,Scheduled,"10315341",96,96,3120.0,"2026-08-12","2026-08-22","2026-08-24"
ahmedabad-10315543,"2738110068900",ahmedabad,AHMEDABAD A2 - FEEDER WAREHOUSE,ahmedabad,Scheduled,"10315543",96,96,3120.0,"2026-08-12","2026-08-22","2026-08-24"
ahmedabad-10315546,"2738110068900",ahmedabad,AHMEDABAD A2 - FEEDER WAREHOUSE,ahmedabad,Scheduled,"10315546",48,48,1560.0,"2026-08-12","2026-08-22","2026-08-24"
ahmedabad-10315547,"2738110068900",ahmedabad,AHMEDABAD A2 - FEEDER WAREHOUSE,ahmedabad,Scheduled,"10315547",144,144,4680.0,"2026-08-12","2026-08-22","2026-08-24"
ahmedabad-10325396,"2738110068900",ahmedabad,AHMEDABAD A2 - FEEDER WAREHOUSE,ahmedabad,Scheduled,"10325396",144,144,12060.0,"2026-08-12","2026-08-22","2026-08-24"
ahmedabad-10176795,"2738110069320",ahmedabad,AHMEDABAD A2 - FEEDER WAREHOUSE,ahmedabad,Scheduled,"10176795",180,180,6804.0,"2026-08-13","2026-08-24","2026-08-25"
ahmedabad-10176797,"2738110069320",ahmedabad,AHMEDABAD A2 - FEEDER WAREHOUSE,ahmedabad,Scheduled,"10176797",180,180,6804.0,"2026-08-13","2026-08-24","2026-08-25"
ahmedabad-10216709,"2738110069320",ahmedabad,AHMEDABAD A2 - FEEDER WAREHOUSE,ahmedabad,Scheduled,"10216709",144,144,3744.0,"2026-08-13","2026-08-24","2026-08-25"
ahmedabad-10216722,"2738110069320",ahmedabad,AHMEDABAD A2 - FEEDER WAREHOUSE,ahmedabad,Scheduled,"10216722",144,144,3744.0,"2026-08-13","2026-08-24","2026-08-25"
ahmedabad-10216726,"2738110069320",ahmedabad,AHMEDABAD A2 - FEEDER WAREHOUSE,ahmedabad,Scheduled,"10216726",216,216,5616.0,"2026-08-13","2026-08-24","2026-08-25"
ahmedabad-10249574,"2738110069320",ahmedabad,AHMEDABAD A2 - FEEDER WAREHOUSE,ahmedabad,Scheduled,"10249574",36,36,73054.8,"2026-08-13","2026-08-24","2026-08-25"
ahmedabad-10249576,"2738110069320",ahmedabad,AHMEDABAD A2 - FEEDER WAREHOUSE,ahmedabad,Scheduled,"10249576",12,12,23511.6,"2026-08-13","2026-08-24","2026-08-25"
ahmedabad-10252336,"2738110069320",ahmedabad,AHMEDABAD A2 - FEEDER WAREHOUSE,ahmedabad,Scheduled,"10252336",24,24,48703.2,"2026-08-13","2026-08-24","2026-08-25"
ahmedabad-10315341,"2738110069320",ahmedabad,AHMEDABAD A2 - FEEDER WAREHOUSE,ahmedabad,Scheduled,"10315341",192,192,6240.0,"2026-08-13","2026-08-24","2026-08-25"
ahmedabad-10315543,"2738110069320",ahmedabad,AHMEDABAD A2 - FEEDER WAREHOUSE,ahmedabad,Scheduled,"10315543",48,48,1560.0,"2026-08-13","2026-08-24","2026-08-25"
ahmedabad-10315546,"2738110069320",ahmedabad,AHMEDABAD A2 - FEEDER WAREHOUSE,ahmedabad,Scheduled,"10315546",240,240,7800.0,"2026-08-13","2026-08-24","2026-08-25"
ahmedabad-10315547,"2738110069320",ahmedabad,AHMEDABAD A2 - FEEDER WAREHOUSE,ahmedabad,Scheduled,"10315547",144,144,4680.0,"2026-08-13","2026-08-24","2026-08-25"
bhopal-10176794,"27828910033803",bhopal,BHOPAL B1 - FEEDER WAREHOUSE,bhopal,Scheduled,"10176794",180,180,6804.0,"2026-08-08","2026-08-18","2026-08-18"
bhopal-10176797,"27828910033803",bhopal,BHOPAL B1 - FEEDER WAREHOUSE,bhopal,Scheduled,"10176797",180,180,6804.0,"2026-08-08","2026-08-18","2026-08-18"
bhopal-10216715,"27828910033803",bhopal,BHOPAL B1 - FEEDER WAREHOUSE,bhopal,Scheduled,"10216715",288,288,7488.0,"2026-08-08","2026-08-18","2026-08-18"
bhopal-10216722,"27828910033803",bhopal,BHOPAL B1 - FEEDER WAREHOUSE,bhopal,Scheduled,"10216722",72,72,1872.0,"2026-08-08","2026-08-18","2026-08-18"
bhopal-10216726,"27828910033803",bhopal,BHOPAL B1 - FEEDER WAREHOUSE,bhopal,Scheduled,"10216726",72,72,1872.0,"2026-08-08","2026-08-18","2026-08-18"
bhopal-10258761,"27828910033803",bhopal,BHOPAL B1 - FEEDER WAREHOUSE,bhopal,Scheduled,"10258761",36,36,6804.0,"2026-08-08","2026-08-18","2026-08-18"
bhopal-10260300,"27828910033803",bhopal,BHOPAL B1 - FEEDER WAREHOUSE,bhopal,Scheduled,"10260300",36,36,6804.0,"2026-08-08","2026-08-18","2026-08-18"
bhopal-10265740,"27828910033803",bhopal,BHOPAL B1 - FEEDER WAREHOUSE,bhopal,Scheduled,"10265740",180,180,6804.0,"2026-08-08","2026-08-18","2026-08-18"
bhopal-10315341,"27828910033803",bhopal,BHOPAL B1 - FEEDER WAREHOUSE,bhopal,Scheduled,"10315341",48,48,1560.0,"2026-08-08","2026-08-18","2026-08-18"
bhopal-10315543,"27828910033803",bhopal,BHOPAL B1 - FEEDER WAREHOUSE,bhopal,Scheduled,"10315543",48,48,1560.0,"2026-08-08","2026-08-18","2026-08-18"
bhopal-10315546,"27828910033803",bhopal,BHOPAL B1 - FEEDER WAREHOUSE,bhopal,Scheduled,"10315546",48,48,1560.0,"2026-08-08","2026-08-18","2026-08-18"
bhopal-10315547,"27828910033803",bhopal,BHOPAL B1 - FEEDER WAREHOUSE,bhopal,Scheduled,"10315547",96,96,3120.0,"2026-08-08","2026-08-18","2026-08-18"
bhopal-10176795,"27828910033903",bhopal,BHOPAL B1 - FEEDER WAREHOUSE,bhopal,Scheduled,"10176795",180,180,6804.0,"2026-08-10","2026-08-18","2026-08-20"
bhopal-10176797,"27828910033903",bhopal,BHOPAL B1 - FEEDER WAREHOUSE,bhopal,Scheduled,"10176797",180,180,6804.0,"2026-08-10","2026-08-18","2026-08-20"
bhopal-10216709,"27828910033903",bhopal,BHOPAL B1 - FEEDER WAREHOUSE,bhopal,Scheduled,"10216709",144,144,3744.0,"2026-08-10","2026-08-18","2026-08-20"
bhopal-10216715,"27828910033903",bhopal,BHOPAL B1 - FEEDER WAREHOUSE,bhopal,Scheduled,"10216715",216,216,5616.0,"2026-08-10","2026-08-18","2026-08-20"
bhopal-10216726,"27828910033903",bhopal,BHOPAL B1 - FEEDER WAREHOUSE,bhopal,Scheduled,"10216726",216,216,5616.0,"2026-08-10","2026-08-18","2026-08-20"
bhopal-10291038,"27828910033903",bhopal,BHOPAL B1 - FEEDER WAREHOUSE,bhopal,Scheduled,"10291038",50,50,4830.0,"2026-08-10","2026-08-18","2026-08-20"
bhopal-10315543,"27828910033903",bhopal,BHOPAL B1 - FEEDER WAREHOUSE,bhopal,Scheduled,"10315543",48,48,1560.0,"2026-08-10","2026-08-18","2026-08-20"
bhopal-10176797,"27828910034302",bhopal,BHOPAL B1 - FEEDER WAREHOUSE,bhopal,Scheduled,"10176797",180,180,6804.0,"2026-08-11","2026-08-19","2026-08-21"
bhopal-10216715,"27828910034302",bhopal,BHOPAL B1 - FEEDER WAREHOUSE,bhopal,Scheduled,"10216715",144,144,3744.0,"2026-08-11","2026-08-19","2026-08-21"
bhopal-10216726,"27828910034302",bhopal,BHOPAL B1 - FEEDER WAREHOUSE,bhopal,Scheduled,"10216726",72,72,1872.0,"2026-08-11","2026-08-19","2026-08-21"
bhopal-10315341,"27828910034302",bhopal,BHOPAL B1 - FEEDER WAREHOUSE,bhopal,Scheduled,"10315341",48,48,1560.0,"2026-08-11","2026-08-19","2026-08-21"
bhopal-10176795,"27828910034507",bhopal,BHOPAL B1 - FEEDER WAREHOUSE,bhopal,Scheduled,"10176795",180,180,6804.0,"2026-08-12","2026-08-19","2026-08-22"
bhopal-10176797,"27828910034507",bhopal,BHOPAL B1 - FEEDER WAREHOUSE,bhopal,Scheduled,"10176797",180,180,6804.0,"2026-08-12","2026-08-19","2026-08-22"
bhopal-10216715,"27828910034507",bhopal,BHOPAL B1 - FEEDER WAREHOUSE,bhopal,Scheduled,"10216715",216,216,5616.0,"2026-08-12","2026-08-19","2026-08-22"
bhopal-10249578,"27828910034507",bhopal,BHOPAL B1 - FEEDER WAREHOUSE,bhopal,Scheduled,"10249578",24,24,18463.2,"2026-08-12","2026-08-19","2026-08-22"
bhopal-10252336,"27828910034507",bhopal,BHOPAL B1 - FEEDER WAREHOUSE,bhopal,Scheduled,"10252336",72,72,146109.6,"2026-08-12","2026-08-19","2026-08-22"
bhopal-10291036,"27828910034507",bhopal,BHOPAL B1 - FEEDER WAREHOUSE,bhopal,Scheduled,"10291036",72,72,55389.6,"2026-08-12","2026-08-19","2026-08-22"
bhopal-10315546,"27828910034507",bhopal,BHOPAL B1 - FEEDER WAREHOUSE,bhopal,Scheduled,"10315546",48,48,1560.0,"2026-08-12","2026-08-19","2026-08-22"
bhopal-10315547,"27828910034507",bhopal,BHOPAL B1 - FEEDER WAREHOUSE,bhopal,Scheduled,"10315547",48,48,1560.0,"2026-08-12","2026-08-19","2026-08-22"
bhopal-10176793,"27828910034742",bhopal,BHOPAL B1 - FEEDER WAREHOUSE,bhopal,Scheduled,"10176793",180,180,6804.0,"2026-08-13","2026-08-21","2026-08-23"
bhopal-10216709,"27828910034742",bhopal,BHOPAL B1 - FEEDER WAREHOUSE,bhopal,Scheduled,"10216709",72,72,1872.0,"2026-08-13","2026-08-21","2026-08-23"
bhopal-10216715,"27828910034742",bhopal,BHOPAL B1 - FEEDER WAREHOUSE,bhopal,Scheduled,"10216715",144,144,3744.0,"2026-08-13","2026-08-21","2026-08-23"
bhopal-10216722,"27828910034742",bhopal,BHOPAL B1 - FEEDER WAREHOUSE,bhopal,Scheduled,"10216722",72,72,1872.0,"2026-08-13","2026-08-21","2026-08-23"
bhopal-10216726,"27828910034742",bhopal,BHOPAL B1 - FEEDER WAREHOUSE,bhopal,Scheduled,"10216726",72,72,1872.0,"2026-08-13","2026-08-21","2026-08-23"
bhopal-10252336,"27828910034742",bhopal,BHOPAL B1 - FEEDER WAREHOUSE,bhopal,Scheduled,"10252336",24,24,48703.2,"2026-08-13","2026-08-21","2026-08-23"
bhopal-10315341,"27828910034742",bhopal,BHOPAL B1 - FEEDER WAREHOUSE,bhopal,Scheduled,"10315341",96,96,3120.0,"2026-08-13","2026-08-21","2026-08-23"
kolkata-10176795,"27845210026389",kolkata,KOLKATA K5 - FEEDER WAREHOUSE,kolkata,Scheduled,"10176795",180,180,6804.0,"2026-08-08","2026-08-18","2026-08-20"
kolkata-10176797,"27845210026389",kolkata,KOLKATA K5 - FEEDER WAREHOUSE,kolkata,Scheduled,"10176797",180,180,6804.0,"2026-08-08","2026-08-18","2026-08-20"
kolkata-10216715,"27845210026389",kolkata,KOLKATA K5 - FEEDER WAREHOUSE,kolkata,Scheduled,"10216715",72,72,1872.0,"2026-08-08","2026-08-18","2026-08-20"
kolkata-10216722,"27845210026389",kolkata,KOLKATA K5 - FEEDER WAREHOUSE,kolkata,Scheduled,"10216722",72,72,1872.0,"2026-08-08","2026-08-18","2026-08-20"
kolkata-10216726,"27845210026389",kolkata,KOLKATA K5 - FEEDER WAREHOUSE,kolkata,Scheduled,"10216726",72,72,1872.0,"2026-08-08","2026-08-18","2026-08-20"
kolkata-10291038,"27845210026389",kolkata,KOLKATA K5 - FEEDER WAREHOUSE,kolkata,Scheduled,"10291038",50,50,4830.0,"2026-08-08","2026-08-18","2026-08-20"
kolkata-10315341,"27845210026389",kolkata,KOLKATA K5 - FEEDER WAREHOUSE,kolkata,Scheduled,"10315341",48,48,1560.0,"2026-08-08","2026-08-18","2026-08-20"
kolkata-10315543,"27845210026389",kolkata,KOLKATA K5 - FEEDER WAREHOUSE,kolkata,Scheduled,"10315543",48,48,1560.0,"2026-08-08","2026-08-18","2026-08-20"
kolkata-10315546,"27845210026389",kolkata,KOLKATA K5 - FEEDER WAREHOUSE,kolkata,Scheduled,"10315546",144,144,4680.0,"2026-08-08","2026-08-18","2026-08-20"
kolkata-10176793,"27845210026883",kolkata,KOLKATA K5 - FEEDER WAREHOUSE,kolkata,Scheduled,"10176793",180,180,6804.0,"2026-08-11","2026-08-20","2026-08-23"
kolkata-10216715,"27845210026883",kolkata,KOLKATA K5 - FEEDER WAREHOUSE,kolkata,Scheduled,"10216715",72,72,1872.0,"2026-08-11","2026-08-20","2026-08-23"
kolkata-10216726,"27845210026883",kolkata,KOLKATA K5 - FEEDER WAREHOUSE,kolkata,Scheduled,"10216726",72,72,1872.0,"2026-08-11","2026-08-20","2026-08-23"
kolkata-10265737,"27845210026883",kolkata,KOLKATA K5 - FEEDER WAREHOUSE,kolkata,Scheduled,"10265737",36,36,6804.0,"2026-08-11","2026-08-20","2026-08-23"
kolkata-10315546,"27845210026883",kolkata,KOLKATA K5 - FEEDER WAREHOUSE,kolkata,Scheduled,"10315546",48,48,1560.0,"2026-08-11","2026-08-20","2026-08-23"
kolkata-10216722,"27845210027233",kolkata,KOLKATA K5 - FEEDER WAREHOUSE,kolkata,Scheduled,"10216722",72,72,1872.0,"2026-08-13","2026-08-22","2026-08-25"
kolkata-10216726,"27845210027233",kolkata,KOLKATA K5 - FEEDER WAREHOUSE,kolkata,Scheduled,"10216726",72,72,1872.0,"2026-08-13","2026-08-22","2026-08-25"
kolkata-10297369,"27845210027233",kolkata,KOLKATA K5 - FEEDER WAREHOUSE,kolkata,Scheduled,"10297369",20,20,20986.0,"2026-08-13","2026-08-22","2026-08-25"
kolkata-10315546,"27845210027233",kolkata,KOLKATA K5 - FEEDER WAREHOUSE,kolkata,Scheduled,"10315546",48,48,1560.0,"2026-08-13","2026-08-22","2026-08-25"
kolkata-10315547,"27845210027233",kolkata,KOLKATA K5 - FEEDER WAREHOUSE,kolkata,Scheduled,"10315547",48,48,1560.0,"2026-08-13","2026-08-22","2026-08-25"
noida-10176797,"2867410093603",noida,NOIDA N1 - FEEDER WAREHOUSE,noida,Scheduled,"10176797",180,180,6804.0,"2026-08-12","2026-08-17","2026-08-19"
noida-10199527,"2867410093603",noida,NOIDA N1 - FEEDER WAREHOUSE,noida,Scheduled,"10199527",180,180,6804.0,"2026-08-12","2026-08-17","2026-08-19"
noida-10216709,"2867410093603",noida,NOIDA N1 - FEEDER WAREHOUSE,noida,Scheduled,"10216709",72,72,1872.0,"2026-08-12","2026-08-17","2026-08-19"
noida-10216715,"2867410093603",noida,NOIDA N1 - FEEDER WAREHOUSE,noida,Scheduled,"10216715",432,432,11232.0,"2026-08-12","2026-08-17","2026-08-19"
noida-10216722,"2867410093603",noida,NOIDA N1 - FEEDER WAREHOUSE,noida,Scheduled,"10216722",360,360,9360.0,"2026-08-12","2026-08-17","2026-08-19"
noida-10216726,"2867410093603",noida,NOIDA N1 - FEEDER WAREHOUSE,noida,Scheduled,"10216726",144,144,3744.0,"2026-08-12","2026-08-17","2026-08-19"
noida-10249574,"2867410093603",noida,NOIDA N1 - FEEDER WAREHOUSE,noida,Scheduled,"10249574",84,84,170461.2,"2026-08-12","2026-08-17","2026-08-19"
noida-10249577,"2867410093603",noida,NOIDA N1 - FEEDER WAREHOUSE,noida,Scheduled,"10249577",6,6,4615.8,"2026-08-12","2026-08-17","2026-08-19"
noida-10249578,"2867410093603",noida,NOIDA N1 - FEEDER WAREHOUSE,noida,Scheduled,"10249578",48,48,36926.4,"2026-08-12","2026-08-17","2026-08-19"
noida-10291036,"2867410093603",noida,NOIDA N1 - FEEDER WAREHOUSE,noida,Scheduled,"10291036",48,48,36926.4,"2026-08-12","2026-08-17","2026-08-19"
noida-10297369,"2867410093603",noida,NOIDA N1 - FEEDER WAREHOUSE,noida,Scheduled,"10297369",40,40,41972.0,"2026-08-12","2026-08-17","2026-08-19"
noida-10298083,"2867410093603",noida,NOIDA N1 - FEEDER WAREHOUSE,noida,Scheduled,"10298083",20,20,20986.0,"2026-08-12","2026-08-17","2026-08-19"
noida-10315341,"2867410093603",noida,NOIDA N1 - FEEDER WAREHOUSE,noida,Scheduled,"10315341",48,48,1560.0,"2026-08-12","2026-08-17","2026-08-19"
noida-10315546,"2867410093603",noida,NOIDA N1 - FEEDER WAREHOUSE,noida,Scheduled,"10315546",144,144,4680.0,"2026-08-12","2026-08-17","2026-08-19"
noida-10315547,"2867410093603",noida,NOIDA N1 - FEEDER WAREHOUSE,noida,Scheduled,"10315547",144,144,4680.0,"2026-08-12","2026-08-17","2026-08-19"
noida-10324645,"2867410093603",noida,NOIDA N1 - FEEDER WAREHOUSE,noida,Scheduled,"10324645",144,144,12060.0,"2026-08-12","2026-08-17","2026-08-19"
noida-10176794,"2867410093996",noida,NOIDA N1 - FEEDER WAREHOUSE,noida,Scheduled,"10176794",180,180,6804.0,"2026-08-13","2026-08-18","2026-08-20"
noida-10176795,"2867410093996",noida,NOIDA N1 - FEEDER WAREHOUSE,noida,Scheduled,"10176795",180,180,6804.0,"2026-08-13","2026-08-18","2026-08-20"
noida-10216715,"2867410093996",noida,NOIDA N1 - FEEDER WAREHOUSE,noida,Scheduled,"10216715",648,648,16848.0,"2026-08-13","2026-08-18","2026-08-20"
noida-10216726,"2867410093996",noida,NOIDA N1 - FEEDER WAREHOUSE,noida,Scheduled,"10216726",72,72,1872.0,"2026-08-13","2026-08-18","2026-08-20"
noida-10292367,"2867410093996",noida,NOIDA N1 - FEEDER WAREHOUSE,noida,Scheduled,"10292367",144,144,11095.2,"2026-08-13","2026-08-18","2026-08-20"
noida-10298083,"2867410093996",noida,NOIDA N1 - FEEDER WAREHOUSE,noida,Scheduled,"10298083",20,20,20986.0,"2026-08-13","2026-08-18","2026-08-20"
noida-10315543,"2867410093996",noida,NOIDA N1 - FEEDER WAREHOUSE,noida,Scheduled,"10315543",48,48,1560.0,"2026-08-13","2026-08-18","2026-08-20"
noida-10315546,"2867410093996",noida,NOIDA N1 - FEEDER WAREHOUSE,noida,Scheduled,"10315546",48,48,1560.0,"2026-08-13","2026-08-18","2026-08-20"
noida-10176797,"2867410094569",noida,NOIDA N1 - FEEDER WAREHOUSE,noida,Scheduled,"10176797",360,360,13608.0,"2026-08-14","2026-08-19","2026-08-21"
noida-10216715,"2867410094569",noida,NOIDA N1 - FEEDER WAREHOUSE,noida,Scheduled,"10216715",360,360,9360.0,"2026-08-14","2026-08-19","2026-08-21"
noida-10216722,"2867410094569",noida,NOIDA N1 - FEEDER WAREHOUSE,noida,Scheduled,"10216722",72,72,1872.0,"2026-08-14","2026-08-19","2026-08-21"
noida-10216726,"2867410094569",noida,NOIDA N1 - FEEDER WAREHOUSE,noida,Scheduled,"10216726",72,72,1872.0,"2026-08-14","2026-08-19","2026-08-21"
noida-10249574,"2867410094569",noida,NOIDA N1 - FEEDER WAREHOUSE,noida,Scheduled,"10249574",60,60,121758.0,"2026-08-14","2026-08-19","2026-08-21"
noida-10249577,"2867410094569",noida,NOIDA N1 - FEEDER WAREHOUSE,noida,Scheduled,"10249577",60,60,46158.0,"2026-08-14","2026-08-19","2026-08-21"
noida-10249578,"2867410094569",noida,NOIDA N1 - FEEDER WAREHOUSE,noida,Scheduled,"10249578",24,24,18463.2,"2026-08-14","2026-08-19","2026-08-21"
noida-10252336,"2867410094569",noida,NOIDA N1 - FEEDER WAREHOUSE,noida,Scheduled,"10252336",96,96,194812.8,"2026-08-14","2026-08-19","2026-08-21"
noida-10258761,"2867410094569",noida,NOIDA N1 - FEEDER WAREHOUSE,noida,Scheduled,"10258761",36,36,6804.0,"2026-08-14","2026-08-19","2026-08-21"
noida-10265740,"2867410094569",noida,NOIDA N1 - FEEDER WAREHOUSE,noida,Scheduled,"10265740",180,180,6804.0,"2026-08-14","2026-08-19","2026-08-21"
noida-10291036,"2867410094569",noida,NOIDA N1 - FEEDER WAREHOUSE,noida,Scheduled,"10291036",24,24,18463.2,"2026-08-14","2026-08-19","2026-08-21"
noida-10297369,"2867410094569",noida,NOIDA N1 - FEEDER WAREHOUSE,noida,Scheduled,"10297369",20,20,20986.0,"2026-08-14","2026-08-19","2026-08-21"
noida-10298083,"2867410094569",noida,NOIDA N1 - FEEDER WAREHOUSE,noida,Scheduled,"10298083",40,40,41972.0,"2026-08-14","2026-08-19","2026-08-21"
noida-10315341,"2867410094569",noida,NOIDA N1 - FEEDER WAREHOUSE,noida,Scheduled,"10315341",48,48,1560.0,"2026-08-14","2026-08-19","2026-08-21"
noida-10315543,"2867410094569",noida,NOIDA N1 - FEEDER WAREHOUSE,noida,Scheduled,"10315543",48,48,1560.0,"2026-08-14","2026-08-19","2026-08-21"
noida-10315546,"2867410094569",noida,NOIDA N1 - FEEDER WAREHOUSE,noida,Scheduled,"10315546",96,96,3120.0,"2026-08-14","2026-08-19","2026-08-21"
noida-10315547,"2867410094569",noida,NOIDA N1 - FEEDER WAREHOUSE,noida,Scheduled,"10315547",144,144,4680.0,"2026-08-14","2026-08-19","2026-08-21"
noida-10324645,"2867410094569",noida,NOIDA N1 - FEEDER WAREHOUSE,noida,Scheduled,"10324645",144,144,12060.0,"2026-08-14","2026-08-19","2026-08-21"
noida-10325396,"2867410094569",noida,NOIDA N1 - FEEDER WAREHOUSE,noida,Scheduled,"10325396",144,144,12060.0,"2026-08-14","2026-08-19","2026-08-21"
noida-10176795,"2867410094941",noida,NOIDA N1 - FEEDER WAREHOUSE,noida,Scheduled,"10176795",360,360,13608.0,"2026-08-15","2026-08-20","2026-08-22"
noida-10176797,"2867410094941",noida,NOIDA N1 - FEEDER WAREHOUSE,noida,Scheduled,"10176797",360,360,13608.0,"2026-08-15","2026-08-20","2026-08-22"
noida-10216709,"2867410094941",noida,NOIDA N1 - FEEDER WAREHOUSE,noida,Scheduled,"10216709",72,72,1872.0,"2026-08-15","2026-08-20","2026-08-22"
noida-10216715,"2867410094941",noida,NOIDA N1 - FEEDER WAREHOUSE,noida,Scheduled,"10216715",576,576,14976.0,"2026-08-15","2026-08-20","2026-08-22"
noida-10216722,"2867410094941",noida,NOIDA N1 - FEEDER WAREHOUSE,noida,Scheduled,"10216722",72,72,1872.0,"2026-08-15","2026-08-20","2026-08-22"
noida-10216726,"2867410094941",noida,NOIDA N1 - FEEDER WAREHOUSE,noida,Scheduled,"10216726",288,288,7488.0,"2026-08-15","2026-08-20","2026-08-22"
noida-10249576,"2867410094941",noida,NOIDA N1 - FEEDER WAREHOUSE,noida,Scheduled,"10249576",12,12,23511.6,"2026-08-15","2026-08-20","2026-08-22"
noida-10249577,"2867410094941",noida,NOIDA N1 - FEEDER WAREHOUSE,noida,Scheduled,"10249577",18,18,13847.4,"2026-08-15","2026-08-20","2026-08-22"
noida-10249578,"2867410094941",noida,NOIDA N1 - FEEDER WAREHOUSE,noida,Scheduled,"10249578",24,24,18463.2,"2026-08-15","2026-08-20","2026-08-22"
noida-10258333,"2867410094941",noida,NOIDA N1 - FEEDER WAREHOUSE,noida,Scheduled,"10258333",36,36,6804.0,"2026-08-15","2026-08-20","2026-08-22"
noida-10260300,"2867410094941",noida,NOIDA N1 - FEEDER WAREHOUSE,noida,Scheduled,"10260300",72,72,13608.0,"2026-08-15","2026-08-20","2026-08-22"
noida-10265737,"2867410094941",noida,NOIDA N1 - FEEDER WAREHOUSE,noida,Scheduled,"10265737",36,36,6804.0,"2026-08-15","2026-08-20","2026-08-22"
noida-10292367,"2867410094941",noida,NOIDA N1 - FEEDER WAREHOUSE,noida,Scheduled,"10292367",288,288,22190.4,"2026-08-15","2026-08-20","2026-08-22"
noida-10297369,"2867410094941",noida,NOIDA N1 - FEEDER WAREHOUSE,noida,Scheduled,"10297369",20,20,20986.0,"2026-08-15","2026-08-20","2026-08-22"
noida-10315341,"2867410094941",noida,NOIDA N1 - FEEDER WAREHOUSE,noida,Scheduled,"10315341",96,96,3120.0,"2026-08-15","2026-08-20","2026-08-22"
noida-10315543,"2867410094941",noida,NOIDA N1 - FEEDER WAREHOUSE,noida,Scheduled,"10315543",48,48,1560.0,"2026-08-15","2026-08-20","2026-08-22"
noida-10315546,"2867410094941",noida,NOIDA N1 - FEEDER WAREHOUSE,noida,Scheduled,"10315546",96,96,3120.0,"2026-08-15","2026-08-20","2026-08-22"
noida-10315547,"2867410094941",noida,NOIDA N1 - FEEDER WAREHOUSE,noida,Scheduled,"10315547",48,48,1560.0,"2026-08-15","2026-08-20","2026-08-22"
surat-10315341,"2873410039254",surat,SURAT S1 - FEEDER WAREHOUSE,surat,Scheduled,"10315341",48,48,1560.0,"2026-08-10","2026-08-18","2026-08-22"
surat-10315543,"2873410039254",surat,SURAT S1 - FEEDER WAREHOUSE,surat,Scheduled,"10315543",48,48,1560.0,"2026-08-10","2026-08-18","2026-08-22"
surat-10315547,"2873410039254",surat,SURAT S1 - FEEDER WAREHOUSE,surat,Scheduled,"10315547",48,48,1560.0,"2026-08-10","2026-08-18","2026-08-22"
surat-10315586,"2873410039254",surat,SURAT S1 - FEEDER WAREHOUSE,surat,Scheduled,"10315586",36,36,6804.0,"2026-08-10","2026-08-18","2026-08-22"
surat-10176795,"2873410039504",surat,SURAT S1 - FEEDER WAREHOUSE,surat,Scheduled,"10176795",180,180,6804.0,"2026-08-12","2026-08-18","2026-09-08"
surat-10176797,"2873410039504",surat,SURAT S1 - FEEDER WAREHOUSE,surat,Scheduled,"10176797",180,180,6804.0,"2026-08-12","2026-08-18","2026-09-08"
surat-10216715,"2873410039504",surat,SURAT S1 - FEEDER WAREHOUSE,surat,Scheduled,"10216715",72,72,1872.0,"2026-08-12","2026-08-18","2026-09-08"
surat-10216726,"2873410039504",surat,SURAT S1 - FEEDER WAREHOUSE,surat,Scheduled,"10216726",360,360,9360.0,"2026-08-12","2026-08-18","2026-09-08"
surat-10249577,"2873410039504",surat,SURAT S1 - FEEDER WAREHOUSE,surat,Scheduled,"10249577",48,48,36926.4,"2026-08-12","2026-08-18","2026-09-08"
surat-10249578,"2873410039504",surat,SURAT S1 - FEEDER WAREHOUSE,surat,Scheduled,"10249578",24,24,18463.2,"2026-08-12","2026-08-18","2026-09-08"
surat-10258761,"2873410039504",surat,SURAT S1 - FEEDER WAREHOUSE,surat,Scheduled,"10258761",36,36,6804.0,"2026-08-12","2026-08-18","2026-09-08"
surat-10260300,"2873410039504",surat,SURAT S1 - FEEDER WAREHOUSE,surat,Scheduled,"10260300",36,36,6804.0,"2026-08-12","2026-08-18","2026-09-08"
surat-10265740,"2873410039504",surat,SURAT S1 - FEEDER WAREHOUSE,surat,Scheduled,"10265740",180,180,6804.0,"2026-08-12","2026-08-18","2026-09-08"
surat-10292367,"2873410039504",surat,SURAT S1 - FEEDER WAREHOUSE,surat,Scheduled,"10292367",144,144,11095.2,"2026-08-12","2026-08-18","2026-09-08"
surat-10315341,"2873410039504",surat,SURAT S1 - FEEDER WAREHOUSE,surat,Scheduled,"10315341",96,96,3120.0,"2026-08-12","2026-08-18","2026-09-08"
surat-10315543,"2873410039504",surat,SURAT S1 - FEEDER WAREHOUSE,surat,Scheduled,"10315543",48,48,1560.0,"2026-08-12","2026-08-18","2026-09-08"
surat-10315546,"2873410039504",surat,SURAT S1 - FEEDER WAREHOUSE,surat,Scheduled,"10315546",144,144,4680.0,"2026-08-12","2026-08-18","2026-09-08"
surat-10315547,"2873410039504",surat,SURAT S1 - FEEDER WAREHOUSE,surat,Scheduled,"10315547",192,192,6240.0,"2026-08-12","2026-08-18","2026-09-08"
surat-10176794,"2873410039790",surat,SURAT S1 - FEEDER WAREHOUSE,surat,Scheduled,"10176794",180,180,6804.0,"2026-08-13","2026-08-20","2026-08-25"
surat-10216722,"2873410039790",surat,SURAT S1 - FEEDER WAREHOUSE,surat,Scheduled,"10216722",144,144,3744.0,"2026-08-13","2026-08-20","2026-08-25"
coimbatore-10176795,"2883810039882",coimbatore,COIMBATORE C1 - FEEDER WAREHOUSE,coimbatore,Scheduled,"10176795",180,180,6804.0,"2026-08-11","2026-08-18","2026-08-20"
coimbatore-10216722,"2883810039882",coimbatore,COIMBATORE C1 - FEEDER WAREHOUSE,coimbatore,Scheduled,"10216722",72,72,1872.0,"2026-08-11","2026-08-18","2026-08-20"
coimbatore-10216726,"2883810039882",coimbatore,COIMBATORE C1 - FEEDER WAREHOUSE,coimbatore,Scheduled,"10216726",144,144,3744.0,"2026-08-11","2026-08-18","2026-08-20"
coimbatore-10176797,"2883810040184",coimbatore,COIMBATORE C1 - FEEDER WAREHOUSE,coimbatore,Scheduled,"10176797",180,180,6804.0,"2026-08-12","2026-08-18","2026-09-05"
coimbatore-10216726,"2883810040184",coimbatore,COIMBATORE C1 - FEEDER WAREHOUSE,coimbatore,Scheduled,"10216726",72,72,1872.0,"2026-08-12","2026-08-18","2026-09-05"
coimbatore-10249576,"2883810040184",coimbatore,COIMBATORE C1 - FEEDER WAREHOUSE,coimbatore,Scheduled,"10249576",24,24,47023.2,"2026-08-12","2026-08-18","2026-09-05"
coimbatore-10252336,"2883810040184",coimbatore,COIMBATORE C1 - FEEDER WAREHOUSE,coimbatore,Scheduled,"10252336",24,24,48703.2,"2026-08-12","2026-08-18","2026-09-05"
coimbatore-10260300,"2883810040184",coimbatore,COIMBATORE C1 - FEEDER WAREHOUSE,coimbatore,Scheduled,"10260300",36,36,6804.0,"2026-08-12","2026-08-18","2026-09-05"
coimbatore-10265737,"2883810040184",coimbatore,COIMBATORE C1 - FEEDER WAREHOUSE,coimbatore,Scheduled,"10265737",36,36,6804.0,"2026-08-12","2026-08-18","2026-09-05"
coimbatore-10315341,"2883810040184",coimbatore,COIMBATORE C1 - FEEDER WAREHOUSE,coimbatore,Scheduled,"10315341",48,48,1560.0,"2026-08-12","2026-08-18","2026-09-05"
coimbatore-10315543,"2883810040184",coimbatore,COIMBATORE C1 - FEEDER WAREHOUSE,coimbatore,Scheduled,"10315543",48,48,1560.0,"2026-08-12","2026-08-18","2026-09-05"
coimbatore-10216722,"2883810040462",coimbatore,COIMBATORE C1 - FEEDER WAREHOUSE,coimbatore,Scheduled,"10216722",72,72,1872.0,"2026-08-13","2026-08-19","2026-08-22"
coimbatore-10252336,"2883810040462",coimbatore,COIMBATORE C1 - FEEDER WAREHOUSE,coimbatore,Scheduled,"10252336",12,12,24351.6,"2026-08-13","2026-08-19","2026-08-22"
coimbatore-10292367,"2883810040462",coimbatore,COIMBATORE C1 - FEEDER WAREHOUSE,coimbatore,Scheduled,"10292367",144,144,11095.2,"2026-08-13","2026-08-19","2026-08-22"
coimbatore-10315341,"2883810040462",coimbatore,COIMBATORE C1 - FEEDER WAREHOUSE,coimbatore,Scheduled,"10315341",48,48,1560.0,"2026-08-13","2026-08-19","2026-08-22"
coimbatore-10176797,"2883810040701",coimbatore,COIMBATORE C1 - FEEDER WAREHOUSE,coimbatore,Scheduled,"10176797",180,180,6804.0,"2026-08-14","2026-08-21","2026-08-23"
coimbatore-10216715,"2883810040701",coimbatore,COIMBATORE C1 - FEEDER WAREHOUSE,coimbatore,Scheduled,"10216715",72,72,1872.0,"2026-08-14","2026-08-21","2026-08-23"
coimbatore-10216726,"2883810040701",coimbatore,COIMBATORE C1 - FEEDER WAREHOUSE,coimbatore,Scheduled,"10216726",72,72,1872.0,"2026-08-14","2026-08-21","2026-08-23"
coimbatore-10249574,"2883810040701",coimbatore,COIMBATORE C1 - FEEDER WAREHOUSE,coimbatore,Scheduled,"10249574",12,12,24351.6,"2026-08-14","2026-08-21","2026-08-23"
coimbatore-10265740,"2883810040701",coimbatore,COIMBATORE C1 - FEEDER WAREHOUSE,coimbatore,Scheduled,"10265740",180,180,6804.0,"2026-08-14","2026-08-21","2026-08-23"
coimbatore-10315341,"2883810040701",coimbatore,COIMBATORE C1 - FEEDER WAREHOUSE,coimbatore,Scheduled,"10315341",48,48,1560.0,"2026-08-14","2026-08-21","2026-08-23"
visakhapatnam-10176797,"2888510043182",visakhapatnam,VISAKHAPATNAM V1 - FEEDER WAREHOUSE,visakhapatnam,Scheduled,"10176797",180,180,6804.0,"2026-08-11","2026-08-18","2026-08-21"
visakhapatnam-10216709,"2888510043182",visakhapatnam,VISAKHAPATNAM V1 - FEEDER WAREHOUSE,visakhapatnam,Scheduled,"10216709",72,72,1872.0,"2026-08-11","2026-08-18","2026-08-21"
visakhapatnam-10216715,"2888510043182",visakhapatnam,VISAKHAPATNAM V1 - FEEDER WAREHOUSE,visakhapatnam,Scheduled,"10216715",72,72,1872.0,"2026-08-11","2026-08-18","2026-08-21"
visakhapatnam-10216722,"2888510043182",visakhapatnam,VISAKHAPATNAM V1 - FEEDER WAREHOUSE,visakhapatnam,Scheduled,"10216722",72,72,1872.0,"2026-08-11","2026-08-18","2026-08-21"
visakhapatnam-10216726,"2888510043182",visakhapatnam,VISAKHAPATNAM V1 - FEEDER WAREHOUSE,visakhapatnam,Scheduled,"10216726",72,72,1872.0,"2026-08-11","2026-08-18","2026-08-21"
visakhapatnam-10265740,"2888510043182",visakhapatnam,VISAKHAPATNAM V1 - FEEDER WAREHOUSE,visakhapatnam,Scheduled,"10265740",180,180,6804.0,"2026-08-11","2026-08-18","2026-08-21"
visakhapatnam-10216715,"2888510043351",visakhapatnam,VISAKHAPATNAM V1 - FEEDER WAREHOUSE,visakhapatnam,Scheduled,"10216715",72,72,1872.0,"2026-08-12","2026-08-18","2026-08-22"
visakhapatnam-10292367,"2888510043351",visakhapatnam,VISAKHAPATNAM V1 - FEEDER WAREHOUSE,visakhapatnam,Scheduled,"10292367",144,144,11095.2,"2026-08-12","2026-08-18","2026-08-22"
visakhapatnam-10315543,"2888510043351",visakhapatnam,VISAKHAPATNAM V1 - FEEDER WAREHOUSE,visakhapatnam,Scheduled,"10315543",48,48,1560.0,"2026-08-12","2026-08-18","2026-08-22"
visakhapatnam-10315547,"2888510043351",visakhapatnam,VISAKHAPATNAM V1 - FEEDER WAREHOUSE,visakhapatnam,Scheduled,"10315547",48,48,1560.0,"2026-08-12","2026-08-18","2026-08-22"
visakhapatnam-10199527,"2888510043576",visakhapatnam,VISAKHAPATNAM V1 - FEEDER WAREHOUSE,visakhapatnam,Scheduled,"10199527",180,180,6804.0,"2026-08-13","2026-08-19","2026-08-23"
visakhapatnam-10216715,"2888510043576",visakhapatnam,VISAKHAPATNAM V1 - FEEDER WAREHOUSE,visakhapatnam,Scheduled,"10216715",72,72,1872.0,"2026-08-13","2026-08-19","2026-08-23"
visakhapatnam-10216722,"2888510043576",visakhapatnam,VISAKHAPATNAM V1 - FEEDER WAREHOUSE,visakhapatnam,Scheduled,"10216722",144,144,3744.0,"2026-08-13","2026-08-19","2026-08-23"
visakhapatnam-10176794,"2888510043803",visakhapatnam,VISAKHAPATNAM V1 - FEEDER WAREHOUSE,visakhapatnam,Scheduled,"10176794",180,180,6804.0,"2026-08-14","2026-08-22","2026-08-24"
visakhapatnam-10176795,"2888510043803",visakhapatnam,VISAKHAPATNAM V1 - FEEDER WAREHOUSE,visakhapatnam,Scheduled,"10176795",180,180,6804.0,"2026-08-14","2026-08-22","2026-08-24"
visakhapatnam-10216715,"2888510043803",visakhapatnam,VISAKHAPATNAM V1 - FEEDER WAREHOUSE,visakhapatnam,Scheduled,"10216715",72,72,1872.0,"2026-08-14","2026-08-22","2026-08-24"
visakhapatnam-10216726,"2888510043803",visakhapatnam,VISAKHAPATNAM V1 - FEEDER WAREHOUSE,visakhapatnam,Scheduled,"10216726",72,72,1872.0,"2026-08-14","2026-08-22","2026-08-24"
visakhapatnam-10249574,"2888510043803",visakhapatnam,VISAKHAPATNAM V1 - FEEDER WAREHOUSE,visakhapatnam,Scheduled,"10249574",12,12,24351.6,"2026-08-14","2026-08-22","2026-08-24"
visakhapatnam-10258761,"2888510043803",visakhapatnam,VISAKHAPATNAM V1 - FEEDER WAREHOUSE,visakhapatnam,Scheduled,"10258761",36,36,6804.0,"2026-08-14","2026-08-22","2026-08-24"
visakhapatnam-10291036,"2888510043803",visakhapatnam,VISAKHAPATNAM V1 - FEEDER WAREHOUSE,visakhapatnam,Scheduled,"10291036",24,24,18463.2,"2026-08-14","2026-08-22","2026-08-24"
visakhapatnam-10315341,"2888510043803",visakhapatnam,VISAKHAPATNAM V1 - FEEDER WAREHOUSE,visakhapatnam,Scheduled,"10315341",48,48,1560.0,"2026-08-14","2026-08-22","2026-08-24"
ranchi-10176797,"2896610024842",ranchi,RANCHI R1 - FEEDER WAREHOUSE,ranchi,Scheduled,"10176797",180,180,6804.0,"2026-08-10","2026-08-18","2026-08-20"
ranchi-10199527,"2896610024842",ranchi,RANCHI R1 - FEEDER WAREHOUSE,ranchi,Scheduled,"10199527",180,180,6804.0,"2026-08-10","2026-08-18","2026-08-20"
ranchi-10216715,"2896610024842",ranchi,RANCHI R1 - FEEDER WAREHOUSE,ranchi,Scheduled,"10216715",144,144,3744.0,"2026-08-10","2026-08-18","2026-08-20"
ranchi-10216726,"2896610024842",ranchi,RANCHI R1 - FEEDER WAREHOUSE,ranchi,Scheduled,"10216726",72,72,1872.0,"2026-08-10","2026-08-18","2026-08-20"
ranchi-10315547,"2896610024842",ranchi,RANCHI R1 - FEEDER WAREHOUSE,ranchi,Scheduled,"10315547",48,48,1560.0,"2026-08-10","2026-08-18","2026-08-20"
ranchi-10176795,"2896610025019",ranchi,RANCHI R1 - FEEDER WAREHOUSE,ranchi,Scheduled,"10176795",180,180,6804.0,"2026-08-12","2026-08-19","2026-09-06"
ranchi-10216722,"2896610025019",ranchi,RANCHI R1 - FEEDER WAREHOUSE,ranchi,Scheduled,"10216722",144,144,3744.0,"2026-08-12","2026-08-19","2026-09-06"
ranchi-10315546,"2896610025019",ranchi,RANCHI R1 - FEEDER WAREHOUSE,ranchi,Scheduled,"10315546",48,48,1560.0,"2026-08-12","2026-08-19","2026-09-06"
ranchi-10216715,"2896610025121",ranchi,RANCHI R1 - FEEDER WAREHOUSE,ranchi,Scheduled,"10216715",144,144,3744.0,"2026-08-13","2026-08-20","2026-08-23"
ranchi-10216726,"2896610025121",ranchi,RANCHI R1 - FEEDER WAREHOUSE,ranchi,Scheduled,"10216726",72,72,1872.0,"2026-08-13","2026-08-20","2026-08-23"
ranchi-10260300,"2896610025121",ranchi,RANCHI R1 - FEEDER WAREHOUSE,ranchi,Scheduled,"10260300",36,36,6804.0,"2026-08-13","2026-08-20","2026-08-23"
ranchi-10315546,"2896610025121",ranchi,RANCHI R1 - FEEDER WAREHOUSE,ranchi,Scheduled,"10315546",48,48,1560.0,"2026-08-13","2026-08-20","2026-08-23"
ranchi-10324645,"2896610025121",ranchi,RANCHI R1 - FEEDER WAREHOUSE,ranchi,Scheduled,"10324645",144,144,12060.0,"2026-08-13","2026-08-20","2026-08-23"
ranchi-10325396,"2896610025121",ranchi,RANCHI R1 - FEEDER WAREHOUSE,ranchi,Scheduled,"10325396",144,144,12060.0,"2026-08-13","2026-08-20","2026-08-23"
lucknow-10176793,"2940310043143",lucknow,LUCKNOW L5 - FEEDER WAREHOUSE,lucknow,Scheduled,"10176793",180,180,6804.0,"2026-08-10","2026-08-18","2026-08-19"
lucknow-10176794,"2940310043143",lucknow,LUCKNOW L5 - FEEDER WAREHOUSE,lucknow,Scheduled,"10176794",180,180,6804.0,"2026-08-10","2026-08-18","2026-08-19"
lucknow-10176797,"2940310043143",lucknow,LUCKNOW L5 - FEEDER WAREHOUSE,lucknow,Scheduled,"10176797",180,180,6804.0,"2026-08-10","2026-08-18","2026-08-19"
lucknow-10216709,"2940310043143",lucknow,LUCKNOW L5 - FEEDER WAREHOUSE,lucknow,Scheduled,"10216709",72,72,1872.0,"2026-08-10","2026-08-18","2026-08-19"
lucknow-10216722,"2940310043143",lucknow,LUCKNOW L5 - FEEDER WAREHOUSE,lucknow,Scheduled,"10216722",72,72,1872.0,"2026-08-10","2026-08-18","2026-08-19"
lucknow-10216726,"2940310043143",lucknow,LUCKNOW L5 - FEEDER WAREHOUSE,lucknow,Scheduled,"10216726",360,360,9360.0,"2026-08-10","2026-08-18","2026-08-19"
lucknow-10291038,"2940310043143",lucknow,LUCKNOW L5 - FEEDER WAREHOUSE,lucknow,Scheduled,"10291038",100,100,9660.0,"2026-08-10","2026-08-18","2026-08-19"
lucknow-10298083,"2940310043143",lucknow,LUCKNOW L5 - FEEDER WAREHOUSE,lucknow,Scheduled,"10298083",40,40,41972.0,"2026-08-10","2026-08-18","2026-08-19"
lucknow-10315543,"2940310043143",lucknow,LUCKNOW L5 - FEEDER WAREHOUSE,lucknow,Scheduled,"10315543",48,48,1560.0,"2026-08-10","2026-08-18","2026-08-19"
lucknow-10324645,"2940310043143",lucknow,LUCKNOW L5 - FEEDER WAREHOUSE,lucknow,Scheduled,"10324645",144,144,12060.0,"2026-08-10","2026-08-18","2026-08-19"
lucknow-10176795,"2940310043312",lucknow,LUCKNOW L5 - FEEDER WAREHOUSE,lucknow,Scheduled,"10176795",180,180,6804.0,"2026-08-11","2026-08-19","2026-08-20"
lucknow-10176797,"2940310043312",lucknow,LUCKNOW L5 - FEEDER WAREHOUSE,lucknow,Scheduled,"10176797",180,180,6804.0,"2026-08-11","2026-08-19","2026-08-20"
lucknow-10216715,"2940310043312",lucknow,LUCKNOW L5 - FEEDER WAREHOUSE,lucknow,Scheduled,"10216715",216,216,5616.0,"2026-08-11","2026-08-19","2026-08-20"
lucknow-10216722,"2940310043312",lucknow,LUCKNOW L5 - FEEDER WAREHOUSE,lucknow,Scheduled,"10216722",144,144,3744.0,"2026-08-11","2026-08-19","2026-08-20"
lucknow-10252336,"2940310043312",lucknow,LUCKNOW L5 - FEEDER WAREHOUSE,lucknow,Scheduled,"10252336",84,84,170461.2,"2026-08-11","2026-08-19","2026-08-20"
lucknow-10291036,"2940310043312",lucknow,LUCKNOW L5 - FEEDER WAREHOUSE,lucknow,Scheduled,"10291036",48,48,36926.4,"2026-08-11","2026-08-19","2026-08-20"
lucknow-10292367,"2940310043312",lucknow,LUCKNOW L5 - FEEDER WAREHOUSE,lucknow,Scheduled,"10292367",144,144,11095.2,"2026-08-11","2026-08-19","2026-08-20"
lucknow-10315341,"2940310043312",lucknow,LUCKNOW L5 - FEEDER WAREHOUSE,lucknow,Scheduled,"10315341",48,48,1560.0,"2026-08-11","2026-08-19","2026-08-20"
lucknow-10315546,"2940310043312",lucknow,LUCKNOW L5 - FEEDER WAREHOUSE,lucknow,Scheduled,"10315546",48,48,1560.0,"2026-08-11","2026-08-19","2026-08-20"
lucknow-10315547,"2940310043312",lucknow,LUCKNOW L5 - FEEDER WAREHOUSE,lucknow,Scheduled,"10315547",48,48,1560.0,"2026-08-11","2026-08-19","2026-08-20"
lucknow-10325396,"2940310043312",lucknow,LUCKNOW L5 - FEEDER WAREHOUSE,lucknow,Scheduled,"10325396",144,144,12060.0,"2026-08-11","2026-08-19","2026-08-20"
lucknow-10216709,"2940310043566",lucknow,LUCKNOW L5 - FEEDER WAREHOUSE,lucknow,Scheduled,"10216709",72,72,1872.0,"2026-08-12","2026-08-20","2026-08-21"
lucknow-10216715,"2940310043566",lucknow,LUCKNOW L5 - FEEDER WAREHOUSE,lucknow,Scheduled,"10216715",144,144,3744.0,"2026-08-12","2026-08-20","2026-08-21"
lucknow-10216722,"2940310043566",lucknow,LUCKNOW L5 - FEEDER WAREHOUSE,lucknow,Scheduled,"10216722",72,72,1872.0,"2026-08-12","2026-08-20","2026-08-21"
lucknow-10216726,"2940310043566",lucknow,LUCKNOW L5 - FEEDER WAREHOUSE,lucknow,Scheduled,"10216726",72,72,1872.0,"2026-08-12","2026-08-20","2026-08-21"
lucknow-10260300,"2940310043566",lucknow,LUCKNOW L5 - FEEDER WAREHOUSE,lucknow,Scheduled,"10260300",36,36,6804.0,"2026-08-12","2026-08-20","2026-08-21"
lucknow-10176795,"2940310044047",lucknow,LUCKNOW L5 - FEEDER WAREHOUSE,lucknow,Scheduled,"10176795",180,180,6804.0,"2026-08-13","2026-08-20","2026-08-22"
lucknow-10176797,"2940310044047",lucknow,LUCKNOW L5 - FEEDER WAREHOUSE,lucknow,Scheduled,"10176797",180,180,6804.0,"2026-08-13","2026-08-20","2026-08-22"
lucknow-10216709,"2940310044047",lucknow,LUCKNOW L5 - FEEDER WAREHOUSE,lucknow,Scheduled,"10216709",72,72,1872.0,"2026-08-13","2026-08-20","2026-08-22"
lucknow-10216715,"2940310044047",lucknow,LUCKNOW L5 - FEEDER WAREHOUSE,lucknow,Scheduled,"10216715",216,216,5616.0,"2026-08-13","2026-08-20","2026-08-22"
lucknow-10216722,"2940310044047",lucknow,LUCKNOW L5 - FEEDER WAREHOUSE,lucknow,Scheduled,"10216722",144,144,3744.0,"2026-08-13","2026-08-20","2026-08-22"
lucknow-10216726,"2940310044047",lucknow,LUCKNOW L5 - FEEDER WAREHOUSE,lucknow,Scheduled,"10216726",72,72,1872.0,"2026-08-13","2026-08-20","2026-08-22"
lucknow-10249578,"2940310044047",lucknow,LUCKNOW L5 - FEEDER WAREHOUSE,lucknow,Scheduled,"10249578",24,24,18463.2,"2026-08-13","2026-08-20","2026-08-22"
lucknow-10252336,"2940310044047",lucknow,LUCKNOW L5 - FEEDER WAREHOUSE,lucknow,Scheduled,"10252336",12,12,24351.6,"2026-08-13","2026-08-20","2026-08-22"
lucknow-10258187,"2940310044047",lucknow,LUCKNOW L5 - FEEDER WAREHOUSE,lucknow,Scheduled,"10258187",36,36,6804.0,"2026-08-13","2026-08-20","2026-08-22"
lucknow-10258761,"2940310044047",lucknow,LUCKNOW L5 - FEEDER WAREHOUSE,lucknow,Scheduled,"10258761",36,36,6804.0,"2026-08-13","2026-08-20","2026-08-22"
lucknow-10265740,"2940310044047",lucknow,LUCKNOW L5 - FEEDER WAREHOUSE,lucknow,Scheduled,"10265740",180,180,6804.0,"2026-08-13","2026-08-20","2026-08-22"
lucknow-10291036,"2940310044047",lucknow,LUCKNOW L5 - FEEDER WAREHOUSE,lucknow,Scheduled,"10291036",24,24,18463.2,"2026-08-13","2026-08-20","2026-08-22"
lucknow-10315543,"2940310044047",lucknow,LUCKNOW L5 - FEEDER WAREHOUSE,lucknow,Scheduled,"10315543",48,48,1560.0,"2026-08-13","2026-08-20","2026-08-22"
lucknow-10324645,"2940310044047",lucknow,LUCKNOW L5 - FEEDER WAREHOUSE,lucknow,Scheduled,"10324645",144,144,12060.0,"2026-08-13","2026-08-20","2026-08-22"
lucknow-10325396,"2940310044047",lucknow,LUCKNOW L5 - FEEDER WAREHOUSE,lucknow,Scheduled,"10325396",144,144,12060.0,"2026-08-13","2026-08-20","2026-08-22"
ludhiana-10216715,"3226810044352",ludhiana,LUDHIANA L2 - FEEDER WAREHOUSE,ludhiana,Scheduled,"10216715",216,216,5616.0,"2026-08-12","2026-08-20","2026-08-21"
ludhiana-10249577,"3226810044352",ludhiana,LUDHIANA L2 - FEEDER WAREHOUSE,ludhiana,Scheduled,"10249577",6,6,4615.8,"2026-08-12","2026-08-20","2026-08-21"
ludhiana-10258187,"3226810044352",ludhiana,LUDHIANA L2 - FEEDER WAREHOUSE,ludhiana,Scheduled,"10258187",36,36,6804.0,"2026-08-12","2026-08-20","2026-08-21"
ludhiana-10258333,"3226810044352",ludhiana,LUDHIANA L2 - FEEDER WAREHOUSE,ludhiana,Scheduled,"10258333",36,36,6804.0,"2026-08-12","2026-08-20","2026-08-21"
ludhiana-10265737,"3226810044352",ludhiana,LUDHIANA L2 - FEEDER WAREHOUSE,ludhiana,Scheduled,"10265737",36,36,6804.0,"2026-08-12","2026-08-20","2026-08-21"
ludhiana-10315543,"3226810044352",ludhiana,LUDHIANA L2 - FEEDER WAREHOUSE,ludhiana,Scheduled,"10315543",48,48,1560.0,"2026-08-12","2026-08-20","2026-08-21"
ludhiana-10176795,"3226810044769",ludhiana,LUDHIANA L2 - FEEDER WAREHOUSE,ludhiana,Scheduled,"10176795",180,180,6804.0,"2026-08-13","2026-08-20","2026-08-22"
ludhiana-10176797,"3226810044769",ludhiana,LUDHIANA L2 - FEEDER WAREHOUSE,ludhiana,Scheduled,"10176797",180,180,6804.0,"2026-08-13","2026-08-20","2026-08-22"
ludhiana-10216709,"3226810044769",ludhiana,LUDHIANA L2 - FEEDER WAREHOUSE,ludhiana,Scheduled,"10216709",72,72,1872.0,"2026-08-13","2026-08-20","2026-08-22"
ludhiana-10216715,"3226810044769",ludhiana,LUDHIANA L2 - FEEDER WAREHOUSE,ludhiana,Scheduled,"10216715",360,360,9360.0,"2026-08-13","2026-08-20","2026-08-22"
ludhiana-10216722,"3226810044769",ludhiana,LUDHIANA L2 - FEEDER WAREHOUSE,ludhiana,Scheduled,"10216722",72,72,1872.0,"2026-08-13","2026-08-20","2026-08-22"
ludhiana-10216726,"3226810044769",ludhiana,LUDHIANA L2 - FEEDER WAREHOUSE,ludhiana,Scheduled,"10216726",72,72,1872.0,"2026-08-13","2026-08-20","2026-08-22"
ludhiana-10249577,"3226810044769",ludhiana,LUDHIANA L2 - FEEDER WAREHOUSE,ludhiana,Scheduled,"10249577",6,6,4615.8,"2026-08-13","2026-08-20","2026-08-22"
ludhiana-10252336,"3226810044769",ludhiana,LUDHIANA L2 - FEEDER WAREHOUSE,ludhiana,Scheduled,"10252336",12,12,24351.6,"2026-08-13","2026-08-20","2026-08-22"
ludhiana-10258761,"3226810044769",ludhiana,LUDHIANA L2 - FEEDER WAREHOUSE,ludhiana,Scheduled,"10258761",36,36,6804.0,"2026-08-13","2026-08-20","2026-08-22"
ludhiana-10260300,"3226810044769",ludhiana,LUDHIANA L2 - FEEDER WAREHOUSE,ludhiana,Scheduled,"10260300",36,36,6804.0,"2026-08-13","2026-08-20","2026-08-22"
ludhiana-10291036,"3226810044769",ludhiana,LUDHIANA L2 - FEEDER WAREHOUSE,ludhiana,Scheduled,"10291036",24,24,18463.2,"2026-08-13","2026-08-20","2026-08-22"
ludhiana-10292367,"3226810044769",ludhiana,LUDHIANA L2 - FEEDER WAREHOUSE,ludhiana,Scheduled,"10292367",144,144,11095.2,"2026-08-13","2026-08-20","2026-08-22"
ludhiana-10315341,"3226810044769",ludhiana,LUDHIANA L2 - FEEDER WAREHOUSE,ludhiana,Scheduled,"10315341",48,48,1560.0,"2026-08-13","2026-08-20","2026-08-22"
ludhiana-10315546,"3226810044769",ludhiana,LUDHIANA L2 - FEEDER WAREHOUSE,ludhiana,Scheduled,"10315546",96,96,3120.0,"2026-08-13","2026-08-20","2026-08-22"
ludhiana-10315547,"3226810044769",ludhiana,LUDHIANA L2 - FEEDER WAREHOUSE,ludhiana,Scheduled,"10315547",144,144,4680.0,"2026-08-13","2026-08-20","2026-08-22"
ludhiana-10325396,"3226810044769",ludhiana,LUDHIANA L2 - FEEDER WAREHOUSE,ludhiana,Scheduled,"10325396",144,144,12060.0,"2026-08-13","2026-08-20","2026-08-22"
patna-10176797,"3292010040430",patna,PATNA P1 - FEEDER WAREHOUSE,patna,Scheduled,"10176797",180,180,6804.0,"2026-08-10","2026-08-18","2026-08-20"
patna-10199527,"3292010040430",patna,PATNA P1 - FEEDER WAREHOUSE,patna,Scheduled,"10199527",180,180,6804.0,"2026-08-10","2026-08-18","2026-08-20"
patna-10216715,"3292010040430",patna,PATNA P1 - FEEDER WAREHOUSE,patna,Scheduled,"10216715",144,144,3744.0,"2026-08-10","2026-08-18","2026-08-20"
patna-10216726,"3292010040430",patna,PATNA P1 - FEEDER WAREHOUSE,patna,Scheduled,"10216726",72,72,1872.0,"2026-08-10","2026-08-18","2026-08-20"
patna-10216715,"3292010040740",patna,PATNA P1 - FEEDER WAREHOUSE,patna,Scheduled,"10216715",72,72,1872.0,"2026-08-11","2026-08-19","2026-08-21"
patna-10216722,"3292010040740",patna,PATNA P1 - FEEDER WAREHOUSE,patna,Scheduled,"10216722",72,72,1872.0,"2026-08-11","2026-08-19","2026-08-21"
patna-10216726,"3292010040740",patna,PATNA P1 - FEEDER WAREHOUSE,patna,Scheduled,"10216726",72,72,1872.0,"2026-08-11","2026-08-19","2026-08-21"
patna-10258761,"3292010040740",patna,PATNA P1 - FEEDER WAREHOUSE,patna,Scheduled,"10258761",36,36,6804.0,"2026-08-11","2026-08-19","2026-08-21"
patna-10260300,"3292010040740",patna,PATNA P1 - FEEDER WAREHOUSE,patna,Scheduled,"10260300",36,36,6804.0,"2026-08-11","2026-08-19","2026-08-21"
patna-10298083,"3292010040740",patna,PATNA P1 - FEEDER WAREHOUSE,patna,Scheduled,"10298083",20,20,20986.0,"2026-08-11","2026-08-19","2026-08-21"
patna-10176795,"3292010041159",patna,PATNA P1 - FEEDER WAREHOUSE,patna,Scheduled,"10176795",180,180,6804.0,"2026-08-13","2026-08-20","2026-08-23"
patna-10216715,"3292010041159",patna,PATNA P1 - FEEDER WAREHOUSE,patna,Scheduled,"10216715",504,504,13104.0,"2026-08-13","2026-08-20","2026-08-23"
patna-10216722,"3292010041159",patna,PATNA P1 - FEEDER WAREHOUSE,patna,Scheduled,"10216722",72,72,1872.0,"2026-08-13","2026-08-20","2026-08-23"
patna-10216726,"3292010041159",patna,PATNA P1 - FEEDER WAREHOUSE,patna,Scheduled,"10216726",72,72,1872.0,"2026-08-13","2026-08-20","2026-08-23"
patna-10315546,"3292010041159",patna,PATNA P1 - FEEDER WAREHOUSE,patna,Scheduled,"10315546",144,144,4680.0,"2026-08-13","2026-08-20","2026-08-23"
goa-10176797,"41315210039472",goa,GOA G2 - FEEDER WAREHOUSE,goa,Scheduled,"10176797",180,180,6804.0,"2026-08-10","2026-08-18","2026-08-19"
goa-10216709,"41315210039472",goa,GOA G2 - FEEDER WAREHOUSE,goa,Scheduled,"10216709",72,72,1872.0,"2026-08-10","2026-08-18","2026-08-19"
goa-10216715,"41315210039472",goa,GOA G2 - FEEDER WAREHOUSE,goa,Scheduled,"10216715",72,72,1872.0,"2026-08-10","2026-08-18","2026-08-19"
goa-10216726,"41315210039472",goa,GOA G2 - FEEDER WAREHOUSE,goa,Scheduled,"10216726",72,72,1872.0,"2026-08-10","2026-08-18","2026-08-19"
goa-10291036,"41315210039472",goa,GOA G2 - FEEDER WAREHOUSE,goa,Scheduled,"10291036",24,24,18463.2,"2026-08-10","2026-08-18","2026-08-19"
goa-10315341,"41315210039472",goa,GOA G2 - FEEDER WAREHOUSE,goa,Scheduled,"10315341",48,48,1560.0,"2026-08-10","2026-08-18","2026-08-19"
goa-10252336,"41315210039674",goa,GOA G2 - FEEDER WAREHOUSE,goa,Scheduled,"10252336",12,12,24351.6,"2026-08-10","2026-08-18","2026-08-19"
goa-10176795,"41315210039886",goa,GOA G2 - FEEDER WAREHOUSE,goa,Scheduled,"10176795",180,180,6804.0,"2026-08-11","2026-08-18","2026-08-20"
goa-10216715,"41315210039886",goa,GOA G2 - FEEDER WAREHOUSE,goa,Scheduled,"10216715",72,72,1872.0,"2026-08-11","2026-08-18","2026-08-20"
goa-10216722,"41315210039886",goa,GOA G2 - FEEDER WAREHOUSE,goa,Scheduled,"10216722",72,72,1872.0,"2026-08-11","2026-08-18","2026-08-20"
goa-10216726,"41315210039886",goa,GOA G2 - FEEDER WAREHOUSE,goa,Scheduled,"10216726",72,72,1872.0,"2026-08-11","2026-08-18","2026-08-20"
goa-10216715,"41315210040107",goa,GOA G2 - FEEDER WAREHOUSE,goa,Scheduled,"10216715",72,72,1872.0,"2026-08-12","2026-08-18","2026-09-05"
goa-10216722,"41315210040107",goa,GOA G2 - FEEDER WAREHOUSE,goa,Scheduled,"10216722",72,72,1872.0,"2026-08-12","2026-08-18","2026-09-05"
goa-10216726,"41315210040107",goa,GOA G2 - FEEDER WAREHOUSE,goa,Scheduled,"10216726",72,72,1872.0,"2026-08-12","2026-08-18","2026-09-05"
goa-10265737,"41315210040107",goa,GOA G2 - FEEDER WAREHOUSE,goa,Scheduled,"10265737",36,36,6804.0,"2026-08-12","2026-08-18","2026-09-05"
goa-10265740,"41315210040107",goa,GOA G2 - FEEDER WAREHOUSE,goa,Scheduled,"10265740",180,180,6804.0,"2026-08-12","2026-08-18","2026-09-05"
goa-10291036,"41315210040107",goa,GOA G2 - FEEDER WAREHOUSE,goa,Scheduled,"10291036",24,24,18463.2,"2026-08-12","2026-08-18","2026-09-05"
goa-10292367,"41315210040107",goa,GOA G2 - FEEDER WAREHOUSE,goa,Scheduled,"10292367",144,144,11095.2,"2026-08-12","2026-08-18","2026-09-05"
goa-10315341,"41315210040107",goa,GOA G2 - FEEDER WAREHOUSE,goa,Scheduled,"10315341",96,96,3120.0,"2026-08-12","2026-08-18","2026-09-05"
goa-10176794,"41315210040395",goa,GOA G2 - FEEDER WAREHOUSE,goa,Scheduled,"10176794",180,180,6804.0,"2026-08-13","2026-08-20","2026-08-22"
goa-10176797,"41315210040395",goa,GOA G2 - FEEDER WAREHOUSE,goa,Scheduled,"10176797",180,180,6804.0,"2026-08-13","2026-08-20","2026-08-22"
goa-10216715,"41315210040395",goa,GOA G2 - FEEDER WAREHOUSE,goa,Scheduled,"10216715",72,72,1872.0,"2026-08-13","2026-08-20","2026-08-22"
goa-10216726,"41315210040395",goa,GOA G2 - FEEDER WAREHOUSE,goa,Scheduled,"10216726",72,72,1872.0,"2026-08-13","2026-08-20","2026-08-22"
goa-10249576,"41315210040426",goa,GOA G2 - FEEDER WAREHOUSE,goa,Scheduled,"10249576",12,12,24351.6,"2026-08-13","2026-08-20","2026-08-22"
goa-10252336,"41315210040426",goa,GOA G2 - FEEDER WAREHOUSE,goa,Scheduled,"10252336",12,12,24351.6,"2026-08-13","2026-08-20","2026-08-22"
rajpura-10176795,"43886010066389",rajpura,RAJPURA R2 - FEEDER WAREHOUSE,rajpura,Scheduled,"10176795",360,360,13608.0,"2026-08-05","2026-08-18","2026-08-20"
rajpura-10176797,"43886010066389",rajpura,RAJPURA R2 - FEEDER WAREHOUSE,rajpura,Scheduled,"10176797",360,360,13608.0,"2026-08-05","2026-08-18","2026-08-20"
rajpura-10216715,"43886010066389",rajpura,RAJPURA R2 - FEEDER WAREHOUSE,rajpura,Scheduled,"10216715",720,720,18720.0,"2026-08-05","2026-08-18","2026-08-20"
rajpura-10216722,"43886010066389",rajpura,RAJPURA R2 - FEEDER WAREHOUSE,rajpura,Scheduled,"10216722",360,360,9360.0,"2026-08-05","2026-08-18","2026-08-20"
rajpura-10216726,"43886010066389",rajpura,RAJPURA R2 - FEEDER WAREHOUSE,rajpura,Scheduled,"10216726",432,432,11232.0,"2026-08-05","2026-08-18","2026-08-20"
rajpura-10292367,"43886010066389",rajpura,RAJPURA R2 - FEEDER WAREHOUSE,rajpura,Scheduled,"10292367",288,288,22190.4,"2026-08-05","2026-08-18","2026-08-20"
rajpura-10315341,"43886010066389",rajpura,RAJPURA R2 - FEEDER WAREHOUSE,rajpura,Scheduled,"10315341",48,48,1560.0,"2026-08-05","2026-08-18","2026-08-20"
rajpura-10315546,"43886010066389",rajpura,RAJPURA R2 - FEEDER WAREHOUSE,rajpura,Scheduled,"10315546",144,144,4680.0,"2026-08-05","2026-08-18","2026-08-20"
rajpura-10315547,"43886010066389",rajpura,RAJPURA R2 - FEEDER WAREHOUSE,rajpura,Scheduled,"10315547",144,144,4680.0,"2026-08-05","2026-08-18","2026-08-20"
rajpura-10325396,"43886010066389",rajpura,RAJPURA R2 - FEEDER WAREHOUSE,rajpura,Scheduled,"10325396",288,288,24120.0,"2026-08-05","2026-08-18","2026-08-20"
rajpura-10249574,"43886010068367",rajpura,RAJPURA R2 - FEEDER WAREHOUSE,rajpura,Scheduled,"10249574",36,36,73054.8,"2026-08-10","2026-08-19","2026-09-10"
rajpura-10249577,"43886010068367",rajpura,RAJPURA R2 - FEEDER WAREHOUSE,rajpura,Scheduled,"10249577",18,18,13847.4,"2026-08-10","2026-08-19","2026-09-10"
rajpura-10265737,"43886010068367",rajpura,RAJPURA R2 - FEEDER WAREHOUSE,rajpura,Scheduled,"10265737",36,36,6804.0,"2026-08-10","2026-08-19","2026-09-10"
rajpura-10265740,"43886010068367",rajpura,RAJPURA R2 - FEEDER WAREHOUSE,rajpura,Scheduled,"10265740",180,180,6804.0,"2026-08-10","2026-08-19","2026-09-10"
rajpura-10176795,"43886010068445",rajpura,RAJPURA R2 - FEEDER WAREHOUSE,rajpura,Scheduled,"10176795",180,180,6804.0,"2026-08-10","2026-08-18","2026-08-19"
rajpura-10216715,"43886010068445",rajpura,RAJPURA R2 - FEEDER WAREHOUSE,rajpura,Scheduled,"10216715",360,360,9360.0,"2026-08-10","2026-08-18","2026-08-19"
rajpura-10216726,"43886010068445",rajpura,RAJPURA R2 - FEEDER WAREHOUSE,rajpura,Scheduled,"10216726",216,216,5616.0,"2026-08-10","2026-08-18","2026-08-19"
rajpura-10260300,"43886010068445",rajpura,RAJPURA R2 - FEEDER WAREHOUSE,rajpura,Scheduled,"10260300",36,36,6804.0,"2026-08-10","2026-08-18","2026-08-19"
rajpura-10315547,"43886010068445",rajpura,RAJPURA R2 - FEEDER WAREHOUSE,rajpura,Scheduled,"10315547",96,96,3120.0,"2026-08-10","2026-08-18","2026-08-19"
rajpura-10324645,"43886010068445",rajpura,RAJPURA R2 - FEEDER WAREHOUSE,rajpura,Scheduled,"10324645",288,288,24120.0,"2026-08-10","2026-08-18","2026-08-19"
rajpura-10325396,"43886010068445",rajpura,RAJPURA R2 - FEEDER WAREHOUSE,rajpura,Scheduled,"10325396",288,288,24120.0,"2026-08-10","2026-08-18","2026-08-19"
rajpura-10176795,"43886010069012",rajpura,RAJPURA R2 - FEEDER WAREHOUSE,rajpura,Scheduled,"10176795",180,180,6804.0,"2026-08-11","2026-08-19","2026-08-20"
rajpura-10176797,"43886010069012",rajpura,RAJPURA R2 - FEEDER WAREHOUSE,rajpura,Scheduled,"10176797",180,180,6804.0,"2026-08-11","2026-08-19","2026-08-20"
rajpura-10216715,"43886010069012",rajpura,RAJPURA R2 - FEEDER WAREHOUSE,rajpura,Scheduled,"10216715",432,432,11232.0,"2026-08-11","2026-08-19","2026-08-20"
rajpura-10216726,"43886010069012",rajpura,RAJPURA R2 - FEEDER WAREHOUSE,rajpura,Scheduled,"10216726",216,216,5616.0,"2026-08-11","2026-08-19","2026-08-20"
rajpura-10315546,"43886010069012",rajpura,RAJPURA R2 - FEEDER WAREHOUSE,rajpura,Scheduled,"10315546",96,96,3120.0,"2026-08-11","2026-08-19","2026-08-20"
rajpura-10315547,"43886010069012",rajpura,RAJPURA R2 - FEEDER WAREHOUSE,rajpura,Scheduled,"10315547",48,48,1560.0,"2026-08-11","2026-08-19","2026-08-20"
rajpura-10324645,"43886010069012",rajpura,RAJPURA R2 - FEEDER WAREHOUSE,rajpura,Scheduled,"10324645",144,144,12060.0,"2026-08-11","2026-08-19","2026-08-20"
rajpura-10325396,"43886010069012",rajpura,RAJPURA R2 - FEEDER WAREHOUSE,rajpura,Scheduled,"10325396",144,144,12060.0,"2026-08-11","2026-08-19","2026-08-20"
rajpura-10249574,"43886010069091",rajpura,RAJPURA R2 - FEEDER WAREHOUSE,rajpura,Scheduled,"10249574",12,12,24351.6,"2026-08-11","2026-08-23","2026-08-30"
rajpura-10249576,"43886010069091",rajpura,RAJPURA R2 - FEEDER WAREHOUSE,rajpura,Scheduled,"10249576",36,36,70534.8,"2026-08-11","2026-08-23","2026-08-30"
rajpura-10249577,"43886010069091",rajpura,RAJPURA R2 - FEEDER WAREHOUSE,rajpura,Scheduled,"10249577",24,24,18463.2,"2026-08-11","2026-08-23","2026-08-30"
rajpura-10252336,"43886010069091",rajpura,RAJPURA R2 - FEEDER WAREHOUSE,rajpura,Scheduled,"10252336",12,12,24351.6,"2026-08-11","2026-08-23","2026-08-30"
rajpura-10291036,"43886010069091",rajpura,RAJPURA R2 - FEEDER WAREHOUSE,rajpura,Scheduled,"10291036",48,48,36926.4,"2026-08-11","2026-08-23","2026-08-30"
rajpura-10176793,"43886010069381",rajpura,RAJPURA R2 - FEEDER WAREHOUSE,rajpura,Scheduled,"10176793",180,180,6804.0,"2026-08-12","2026-08-20","2026-08-21"
rajpura-10176795,"43886010069381",rajpura,RAJPURA R2 - FEEDER WAREHOUSE,rajpura,Scheduled,"10176795",180,180,6804.0,"2026-08-12","2026-08-20","2026-08-21"
rajpura-10176797,"43886010069381",rajpura,RAJPURA R2 - FEEDER WAREHOUSE,rajpura,Scheduled,"10176797",180,180,6804.0,"2026-08-12","2026-08-20","2026-08-21"
rajpura-10216715,"43886010069381",rajpura,RAJPURA R2 - FEEDER WAREHOUSE,rajpura,Scheduled,"10216715",216,216,5616.0,"2026-08-12","2026-08-20","2026-08-21"
rajpura-10216722,"43886010069381",rajpura,RAJPURA R2 - FEEDER WAREHOUSE,rajpura,Scheduled,"10216722",144,144,3744.0,"2026-08-12","2026-08-20","2026-08-21"
rajpura-10260300,"43886010069381",rajpura,RAJPURA R2 - FEEDER WAREHOUSE,rajpura,Scheduled,"10260300",36,36,6804.0,"2026-08-12","2026-08-20","2026-08-21"
rajpura-10265737,"43886010069381",rajpura,RAJPURA R2 - FEEDER WAREHOUSE,rajpura,Scheduled,"10265737",72,72,13608.0,"2026-08-12","2026-08-20","2026-08-21"
rajpura-10265740,"43886010069381",rajpura,RAJPURA R2 - FEEDER WAREHOUSE,rajpura,Scheduled,"10265740",180,180,6804.0,"2026-08-12","2026-08-20","2026-08-21"
rajpura-10292367,"43886010069381",rajpura,RAJPURA R2 - FEEDER WAREHOUSE,rajpura,Scheduled,"10292367",144,144,11095.2,"2026-08-12","2026-08-20","2026-08-21"
rajpura-10315546,"43886010069381",rajpura,RAJPURA R2 - FEEDER WAREHOUSE,rajpura,Scheduled,"10315546",48,48,1560.0,"2026-08-12","2026-08-20","2026-08-21"
rajpura-10315547,"43886010069381",rajpura,RAJPURA R2 - FEEDER WAREHOUSE,rajpura,Scheduled,"10315547",48,48,1560.0,"2026-08-12","2026-08-20","2026-08-21"
rajpura-10249577,"43886010069390",rajpura,RAJPURA R2 - FEEDER WAREHOUSE,rajpura,Scheduled,"10249577",18,18,13847.4,"2026-08-12","2026-08-23","2026-08-30"
rajpura-10252336,"43886010069390",rajpura,RAJPURA R2 - FEEDER WAREHOUSE,rajpura,Scheduled,"10252336",12,12,24351.6,"2026-08-12","2026-08-23","2026-08-30"
rajpura-10249574,"43886010069920",rajpura,RAJPURA R2 - FEEDER WAREHOUSE,rajpura,Scheduled,"10249574",12,12,24351.6,"2026-08-13","2026-08-20","2026-09-04"
rajpura-10249577,"43886010069920",rajpura,RAJPURA R2 - FEEDER WAREHOUSE,rajpura,Scheduled,"10249577",12,12,9231.6,"2026-08-13","2026-08-20","2026-09-04"
rajpura-10249578,"43886010069920",rajpura,RAJPURA R2 - FEEDER WAREHOUSE,rajpura,Scheduled,"10249578",24,24,18463.2,"2026-08-13","2026-08-20","2026-09-04"
rajpura-10252336,"43886010069920",rajpura,RAJPURA R2 - FEEDER WAREHOUSE,rajpura,Scheduled,"10252336",12,12,24351.6,"2026-08-13","2026-08-20","2026-09-04"
rajpura-10176795,"43886010069972",rajpura,RAJPURA R2 - FEEDER WAREHOUSE,rajpura,Scheduled,"10176795",540,540,20412.0,"2026-08-13","2026-08-20","2026-08-22"
rajpura-10176797,"43886010069972",rajpura,RAJPURA R2 - FEEDER WAREHOUSE,rajpura,Scheduled,"10176797",540,540,20412.0,"2026-08-13","2026-08-20","2026-08-22"
rajpura-10216709,"43886010069972",rajpura,RAJPURA R2 - FEEDER WAREHOUSE,rajpura,Scheduled,"10216709",576,576,14976.0,"2026-08-13","2026-08-20","2026-08-22"
rajpura-10216715,"43886010069972",rajpura,RAJPURA R2 - FEEDER WAREHOUSE,rajpura,Scheduled,"10216715",720,720,18720.0,"2026-08-13","2026-08-20","2026-08-22"
rajpura-10216722,"43886010069972",rajpura,RAJPURA R2 - FEEDER WAREHOUSE,rajpura,Scheduled,"10216722",288,288,7488.0,"2026-08-13","2026-08-20","2026-08-22"
rajpura-10216726,"43886010069972",rajpura,RAJPURA R2 - FEEDER WAREHOUSE,rajpura,Scheduled,"10216726",576,576,14976.0,"2026-08-13","2026-08-20","2026-08-22"
rajpura-10258187,"43886010069972",rajpura,RAJPURA R2 - FEEDER WAREHOUSE,rajpura,Scheduled,"10258187",72,72,13608.0,"2026-08-13","2026-08-20","2026-08-22"
rajpura-10265740,"43886010069972",rajpura,RAJPURA R2 - FEEDER WAREHOUSE,rajpura,Scheduled,"10265740",180,180,6804.0,"2026-08-13","2026-08-20","2026-08-22"
rajpura-10315341,"43886010069972",rajpura,RAJPURA R2 - FEEDER WAREHOUSE,rajpura,Scheduled,"10315341",48,48,1560.0,"2026-08-13","2026-08-20","2026-08-22"
rajpura-10315543,"43886010069972",rajpura,RAJPURA R2 - FEEDER WAREHOUSE,rajpura,Scheduled,"10315543",48,48,1560.0,"2026-08-13","2026-08-20","2026-08-22"
rajpura-10315546,"43886010069972",rajpura,RAJPURA R2 - FEEDER WAREHOUSE,rajpura,Scheduled,"10315546",192,192,6240.0,"2026-08-13","2026-08-20","2026-08-22"
rajpura-10315547,"43886010069972",rajpura,RAJPURA R2 - FEEDER WAREHOUSE,rajpura,Scheduled,"10315547",96,96,3120.0,"2026-08-13","2026-08-20","2026-08-22"
rajpura-10324645,"43886010069972",rajpura,RAJPURA R2 - FEEDER WAREHOUSE,rajpura,Scheduled,"10324645",144,144,12060.0,"2026-08-13","2026-08-20","2026-08-22"
pune-10176795,"43886110063916",pune,PUNE P3 - FEEDER WAREHOUSE,pune,Scheduled,"10176795",180,180,6804.0,"2026-08-04","2026-08-18","2026-08-21"
pune-10176797,"43886110063916",pune,PUNE P3 - FEEDER WAREHOUSE,pune,Scheduled,"10176797",180,180,6804.0,"2026-08-04","2026-08-18","2026-08-21"
pune-10216715,"43886110063916",pune,PUNE P3 - FEEDER WAREHOUSE,pune,Scheduled,"10216715",216,216,5616.0,"2026-08-04","2026-08-18","2026-08-21"
pune-10216722,"43886110063916",pune,PUNE P3 - FEEDER WAREHOUSE,pune,Scheduled,"10216722",72,72,1872.0,"2026-08-04","2026-08-18","2026-08-21"
pune-10216726,"43886110063916",pune,PUNE P3 - FEEDER WAREHOUSE,pune,Scheduled,"10216726",144,144,3744.0,"2026-08-04","2026-08-18","2026-08-21"
pune-10249574,"43886110063916",pune,PUNE P3 - FEEDER WAREHOUSE,pune,Scheduled,"10249574",84,84,170461.2,"2026-08-04","2026-08-18","2026-08-21"
pune-10249576,"43886110063916",pune,PUNE P3 - FEEDER WAREHOUSE,pune,Scheduled,"10249576",12,12,23511.6,"2026-08-04","2026-08-18","2026-08-21"
pune-10249577,"43886110063916",pune,PUNE P3 - FEEDER WAREHOUSE,pune,Scheduled,"10249577",24,24,18463.2,"2026-08-04","2026-08-18","2026-08-21"
pune-10249578,"43886110063916",pune,PUNE P3 - FEEDER WAREHOUSE,pune,Scheduled,"10249578",48,48,36926.4,"2026-08-04","2026-08-18","2026-08-21"
pune-10252336,"43886110063916",pune,PUNE P3 - FEEDER WAREHOUSE,pune,Scheduled,"10252336",60,60,121758.0,"2026-08-04","2026-08-18","2026-08-21"
pune-10291036,"43886110063916",pune,PUNE P3 - FEEDER WAREHOUSE,pune,Scheduled,"10291036",48,48,36926.4,"2026-08-04","2026-08-18","2026-08-21"
pune-10315341,"43886110063916",pune,PUNE P3 - FEEDER WAREHOUSE,pune,Scheduled,"10315341",96,96,3120.0,"2026-08-04","2026-08-18","2026-08-21"
pune-10315543,"43886110063916",pune,PUNE P3 - FEEDER WAREHOUSE,pune,Scheduled,"10315543",48,48,1560.0,"2026-08-04","2026-08-18","2026-08-21"
pune-10315546,"43886110063916",pune,PUNE P3 - FEEDER WAREHOUSE,pune,Scheduled,"10315546",192,192,6240.0,"2026-08-04","2026-08-18","2026-08-21"
pune-10315547,"43886110063916",pune,PUNE P3 - FEEDER WAREHOUSE,pune,Scheduled,"10315547",48,48,1560.0,"2026-08-04","2026-08-18","2026-08-21"
pune-10176795,"43886110066159",pune,PUNE P3 - FEEDER WAREHOUSE,pune,Scheduled,"10176795",180,180,6804.0,"2026-08-08","2026-08-21","2026-08-25"
pune-10176797,"43886110066159",pune,PUNE P3 - FEEDER WAREHOUSE,pune,Scheduled,"10176797",180,180,6804.0,"2026-08-08","2026-08-21","2026-08-25"
pune-10216715,"43886110066159",pune,PUNE P3 - FEEDER WAREHOUSE,pune,Scheduled,"10216715",288,288,7488.0,"2026-08-08","2026-08-21","2026-08-25"
pune-10216722,"43886110066159",pune,PUNE P3 - FEEDER WAREHOUSE,pune,Scheduled,"10216722",144,144,3744.0,"2026-08-08","2026-08-21","2026-08-25"
pune-10216726,"43886110066159",pune,PUNE P3 - FEEDER WAREHOUSE,pune,Scheduled,"10216726",216,216,5616.0,"2026-08-08","2026-08-21","2026-08-25"
pune-10249574,"43886110066159",pune,PUNE P3 - FEEDER WAREHOUSE,pune,Scheduled,"10249574",132,132,267867.6,"2026-08-08","2026-08-21","2026-08-25"
pune-10249577,"43886110066159",pune,PUNE P3 - FEEDER WAREHOUSE,pune,Scheduled,"10249577",6,6,4615.8,"2026-08-08","2026-08-21","2026-08-25"
pune-10252336,"43886110066159",pune,PUNE P3 - FEEDER WAREHOUSE,pune,Scheduled,"10252336",12,12,24351.6,"2026-08-08","2026-08-21","2026-08-25"
pune-10258333,"43886110066159",pune,PUNE P3 - FEEDER WAREHOUSE,pune,Scheduled,"10258333",36,36,6804.0,"2026-08-08","2026-08-21","2026-08-25"
pune-10258761,"43886110066159",pune,PUNE P3 - FEEDER WAREHOUSE,pune,Scheduled,"10258761",36,36,6804.0,"2026-08-08","2026-08-21","2026-08-25"
pune-10260300,"43886110066159",pune,PUNE P3 - FEEDER WAREHOUSE,pune,Scheduled,"10260300",36,36,6804.0,"2026-08-08","2026-08-21","2026-08-25"
pune-10265737,"43886110066159",pune,PUNE P3 - FEEDER WAREHOUSE,pune,Scheduled,"10265737",36,36,6804.0,"2026-08-08","2026-08-21","2026-08-25"
pune-10292367,"43886110066159",pune,PUNE P3 - FEEDER WAREHOUSE,pune,Scheduled,"10292367",144,144,11095.2,"2026-08-08","2026-08-21","2026-08-25"
pune-10315341,"43886110066159",pune,PUNE P3 - FEEDER WAREHOUSE,pune,Scheduled,"10315341",48,48,1560.0,"2026-08-08","2026-08-21","2026-08-25"
pune-10315546,"43886110066159",pune,PUNE P3 - FEEDER WAREHOUSE,pune,Scheduled,"10315546",144,144,4680.0,"2026-08-08","2026-08-21","2026-08-25"
pune-10315547,"43886110066159",pune,PUNE P3 - FEEDER WAREHOUSE,pune,Scheduled,"10315547",48,48,1560.0,"2026-08-08","2026-08-21","2026-08-25"
pune-10176795,"43886110066628",pune,PUNE P3 - FEEDER WAREHOUSE,pune,Scheduled,"10176795",180,180,6804.0,"2026-08-10","2026-08-21","2026-09-04"
pune-10176797,"43886110066628",pune,PUNE P3 - FEEDER WAREHOUSE,pune,Scheduled,"10176797",180,180,6804.0,"2026-08-10","2026-08-21","2026-09-04"
pune-10199527,"43886110066628",pune,PUNE P3 - FEEDER WAREHOUSE,pune,Scheduled,"10199527",180,180,6804.0,"2026-08-10","2026-08-21","2026-09-04"
pune-10216709,"43886110066628",pune,PUNE P3 - FEEDER WAREHOUSE,pune,Scheduled,"10216709",144,144,3744.0,"2026-08-10","2026-08-21","2026-09-04"
pune-10216715,"43886110066628",pune,PUNE P3 - FEEDER WAREHOUSE,pune,Scheduled,"10216715",360,360,9360.0,"2026-08-10","2026-08-21","2026-09-04"
pune-10216726,"43886110066628",pune,PUNE P3 - FEEDER WAREHOUSE,pune,Scheduled,"10216726",144,144,3744.0,"2026-08-10","2026-08-21","2026-09-04"
pune-10249574,"43886110066628",pune,PUNE P3 - FEEDER WAREHOUSE,pune,Scheduled,"10249574",12,12,24351.6,"2026-08-10","2026-08-21","2026-09-04"
pune-10252336,"43886110066628",pune,PUNE P3 - FEEDER WAREHOUSE,pune,Scheduled,"10252336",48,48,97406.4,"2026-08-10","2026-08-21","2026-09-04"
pune-10265740,"43886110066628",pune,PUNE P3 - FEEDER WAREHOUSE,pune,Scheduled,"10265740",180,180,6804.0,"2026-08-10","2026-08-21","2026-09-04"
pune-10315543,"43886110066628",pune,PUNE P3 - FEEDER WAREHOUSE,pune,Scheduled,"10315543",48,48,1560.0,"2026-08-10","2026-08-21","2026-09-04"
pune-10315546,"43886110066628",pune,PUNE P3 - FEEDER WAREHOUSE,pune,Scheduled,"10315546",48,48,1560.0,"2026-08-10","2026-08-21","2026-09-04"
pune-10315586,"43886110066628",pune,PUNE P3 - FEEDER WAREHOUSE,pune,Scheduled,"10315586",36,36,6804.0,"2026-08-10","2026-08-21","2026-09-04"
pune-10176794,"43886110067295",pune,PUNE P3 - FEEDER WAREHOUSE,pune,Scheduled,"10176794",180,180,6804.0,"2026-08-11","2026-08-20","2026-08-28"
pune-10176797,"43886110067295",pune,PUNE P3 - FEEDER WAREHOUSE,pune,Scheduled,"10176797",360,360,13608.0,"2026-08-11","2026-08-20","2026-08-28"
pune-10216709,"43886110067295",pune,PUNE P3 - FEEDER WAREHOUSE,pune,Scheduled,"10216709",72,72,1872.0,"2026-08-11","2026-08-20","2026-08-28"
pune-10216715,"43886110067295",pune,PUNE P3 - FEEDER WAREHOUSE,pune,Scheduled,"10216715",576,576,14976.0,"2026-08-11","2026-08-20","2026-08-28"
pune-10216722,"43886110067295",pune,PUNE P3 - FEEDER WAREHOUSE,pune,Scheduled,"10216722",144,144,3744.0,"2026-08-11","2026-08-20","2026-08-28"
pune-10216726,"43886110067295",pune,PUNE P3 - FEEDER WAREHOUSE,pune,Scheduled,"10216726",288,288,7488.0,"2026-08-11","2026-08-20","2026-08-28"
pune-10260300,"43886110067295",pune,PUNE P3 - FEEDER WAREHOUSE,pune,Scheduled,"10260300",36,36,6804.0,"2026-08-11","2026-08-20","2026-08-28"
pune-10265737,"43886110067295",pune,PUNE P3 - FEEDER WAREHOUSE,pune,Scheduled,"10265737",36,36,6804.0,"2026-08-11","2026-08-20","2026-08-28"
pune-10292367,"43886110067295",pune,PUNE P3 - FEEDER WAREHOUSE,pune,Scheduled,"10292367",144,144,11095.2,"2026-08-11","2026-08-20","2026-08-28"
pune-10315341,"43886110067295",pune,PUNE P3 - FEEDER WAREHOUSE,pune,Scheduled,"10315341",48,48,1560.0,"2026-08-11","2026-08-20","2026-08-28"
pune-10324645,"43886110067295",pune,PUNE P3 - FEEDER WAREHOUSE,pune,Scheduled,"10324645",144,144,12060.0,"2026-08-11","2026-08-20","2026-08-28"
pune-10325396,"43886110067295",pune,PUNE P3 - FEEDER WAREHOUSE,pune,Scheduled,"10325396",144,144,12060.0,"2026-08-11","2026-08-20","2026-08-28"
pune-10176797,"43886110067829",pune,PUNE P3 - FEEDER WAREHOUSE,pune,Scheduled,"10176797",180,180,6804.0,"2026-08-12","2026-08-22","2026-08-28"
pune-10216715,"43886110067829",pune,PUNE P3 - FEEDER WAREHOUSE,pune,Scheduled,"10216715",72,72,1872.0,"2026-08-12","2026-08-22","2026-08-28"
pune-10216726,"43886110067829",pune,PUNE P3 - FEEDER WAREHOUSE,pune,Scheduled,"10216726",72,72,1872.0,"2026-08-12","2026-08-22","2026-08-28"
pune-10249578,"43886110067829",pune,PUNE P3 - FEEDER WAREHOUSE,pune,Scheduled,"10249578",72,72,55389.6,"2026-08-12","2026-08-22","2026-08-28"
pune-10252336,"43886110067829",pune,PUNE P3 - FEEDER WAREHOUSE,pune,Scheduled,"10252336",72,72,146109.6,"2026-08-12","2026-08-22","2026-08-28"
pune-10291036,"43886110067829",pune,PUNE P3 - FEEDER WAREHOUSE,pune,Scheduled,"10291036",72,72,55389.6,"2026-08-12","2026-08-22","2026-08-28"
pune-10315341,"43886110067829",pune,PUNE P3 - FEEDER WAREHOUSE,pune,Scheduled,"10315341",96,96,3120.0,"2026-08-12","2026-08-22","2026-08-28"
pune-10176795,"43886110068251",pune,PUNE P3 - FEEDER WAREHOUSE,pune,Scheduled,"10176795",180,180,6804.0,"2026-08-13","2026-08-23","2026-08-23"
pune-10176797,"43886110068251",pune,PUNE P3 - FEEDER WAREHOUSE,pune,Scheduled,"10176797",180,180,6804.0,"2026-08-13","2026-08-23","2026-08-23"
pune-10199527,"43886110068251",pune,PUNE P3 - FEEDER WAREHOUSE,pune,Scheduled,"10199527",180,180,6804.0,"2026-08-13","2026-08-23","2026-08-23"
pune-10216715,"43886110068251",pune,PUNE P3 - FEEDER WAREHOUSE,pune,Scheduled,"10216715",288,288,7488.0,"2026-08-13","2026-08-23","2026-08-23"
pune-10216722,"43886110068251",pune,PUNE P3 - FEEDER WAREHOUSE,pune,Scheduled,"10216722",72,72,1872.0,"2026-08-13","2026-08-23","2026-08-23"
pune-10216726,"43886110068251",pune,PUNE P3 - FEEDER WAREHOUSE,pune,Scheduled,"10216726",216,216,5616.0,"2026-08-13","2026-08-23","2026-08-23"
pune-10265740,"43886110068251",pune,PUNE P3 - FEEDER WAREHOUSE,pune,Scheduled,"10265740",180,180,6804.0,"2026-08-13","2026-08-23","2026-08-23"
pune-10315341,"43886110068251",pune,PUNE P3 - FEEDER WAREHOUSE,pune,Scheduled,"10315341",48,48,1560.0,"2026-08-13","2026-08-23","2026-08-23"
pune-10315546,"43886110068251",pune,PUNE P3 - FEEDER WAREHOUSE,pune,Scheduled,"10315546",48,48,1560.0,"2026-08-13","2026-08-23","2026-08-23"
pune-10315547,"43886110068251",pune,PUNE P3 - FEEDER WAREHOUSE,pune,Scheduled,"10315547",48,48,1560.0,"2026-08-13","2026-08-23","2026-08-23"
kolkata-10176795,"48287510054379",kolkata,KOLKATA K6 - FEEDER WAREHOUSE,kolkata,Scheduled,"10176795",180,180,6804.0,"2026-08-08","2026-08-18","2026-08-20"
kolkata-10176797,"48287510054379",kolkata,KOLKATA K6 - FEEDER WAREHOUSE,kolkata,Scheduled,"10176797",180,180,6804.0,"2026-08-08","2026-08-18","2026-08-20"
kolkata-10199527,"48287510054379",kolkata,KOLKATA K6 - FEEDER WAREHOUSE,kolkata,Scheduled,"10199527",180,180,6804.0,"2026-08-08","2026-08-18","2026-08-20"
kolkata-10216715,"48287510054379",kolkata,KOLKATA K6 - FEEDER WAREHOUSE,kolkata,Scheduled,"10216715",144,144,3744.0,"2026-08-08","2026-08-18","2026-08-20"
kolkata-10216722,"48287510054379",kolkata,KOLKATA K6 - FEEDER WAREHOUSE,kolkata,Scheduled,"10216722",72,72,1872.0,"2026-08-08","2026-08-18","2026-08-20"
kolkata-10216726,"48287510054379",kolkata,KOLKATA K6 - FEEDER WAREHOUSE,kolkata,Scheduled,"10216726",72,72,1872.0,"2026-08-08","2026-08-18","2026-08-20"
kolkata-10249574,"48287510054379",kolkata,KOLKATA K6 - FEEDER WAREHOUSE,kolkata,Scheduled,"10249574",72,72,146109.6,"2026-08-08","2026-08-18","2026-08-20"
kolkata-10252336,"48287510054379",kolkata,KOLKATA K6 - FEEDER WAREHOUSE,kolkata,Scheduled,"10252336",12,12,24351.6,"2026-08-08","2026-08-18","2026-08-20"
kolkata-10315546,"48287510054379",kolkata,KOLKATA K6 - FEEDER WAREHOUSE,kolkata,Scheduled,"10315546",48,48,1560.0,"2026-08-08","2026-08-18","2026-08-20"
kolkata-10315547,"48287510054379",kolkata,KOLKATA K6 - FEEDER WAREHOUSE,kolkata,Scheduled,"10315547",48,48,1560.0,"2026-08-08","2026-08-18","2026-08-20"
kolkata-10216715,"48287510055363",kolkata,KOLKATA K6 - FEEDER WAREHOUSE,kolkata,Scheduled,"10216715",144,144,3744.0,"2026-08-11","2026-08-21","2026-08-23"
kolkata-10216722,"48287510055363",kolkata,KOLKATA K6 - FEEDER WAREHOUSE,kolkata,Scheduled,"10216722",72,72,1872.0,"2026-08-11","2026-08-21","2026-08-23"
kolkata-10216726,"48287510055363",kolkata,KOLKATA K6 - FEEDER WAREHOUSE,kolkata,Scheduled,"10216726",72,72,1872.0,"2026-08-11","2026-08-21","2026-08-23"
kolkata-10249574,"48287510055363",kolkata,KOLKATA K6 - FEEDER WAREHOUSE,kolkata,Scheduled,"10249574",48,48,97406.4,"2026-08-11","2026-08-21","2026-08-23"
kolkata-10291036,"48287510055363",kolkata,KOLKATA K6 - FEEDER WAREHOUSE,kolkata,Scheduled,"10291036",24,24,18463.2,"2026-08-11","2026-08-21","2026-08-23"
kolkata-10315543,"48287510055363",kolkata,KOLKATA K6 - FEEDER WAREHOUSE,kolkata,Scheduled,"10315543",96,96,3120.0,"2026-08-11","2026-08-21","2026-08-23"
kolkata-10315546,"48287510055363",kolkata,KOLKATA K6 - FEEDER WAREHOUSE,kolkata,Scheduled,"10315546",48,48,1560.0,"2026-08-11","2026-08-21","2026-08-23"
kolkata-10216715,"48287510055768",kolkata,KOLKATA K6 - FEEDER WAREHOUSE,kolkata,Scheduled,"10216715",72,72,1872.0,"2026-08-12","2026-08-22","2026-08-24"
kolkata-10249574,"48287510055768",kolkata,KOLKATA K6 - FEEDER WAREHOUSE,kolkata,Scheduled,"10249574",12,12,24351.6,"2026-08-12","2026-08-22","2026-08-24"
kolkata-10315546,"48287510055768",kolkata,KOLKATA K6 - FEEDER WAREHOUSE,kolkata,Scheduled,"10315546",48,48,1560.0,"2026-08-12","2026-08-22","2026-08-24"
kolkata-10176797,"48287510056293",kolkata,KOLKATA K6 - FEEDER WAREHOUSE,kolkata,Scheduled,"10176797",180,180,6804.0,"2026-08-13","2026-08-24","2026-08-25"
kolkata-10216709,"48287510056293",kolkata,KOLKATA K6 - FEEDER WAREHOUSE,kolkata,Scheduled,"10216709",72,72,1872.0,"2026-08-13","2026-08-24","2026-08-25"
kolkata-10216726,"48287510056293",kolkata,KOLKATA K6 - FEEDER WAREHOUSE,kolkata,Scheduled,"10216726",72,72,1872.0,"2026-08-13","2026-08-24","2026-08-25"
faridabad-10249574,"49060410069839",faridabad,FARIDABAD - FEEDER WAREHOUSE,faridabad,Scheduled,"10249574",360,360,730548.0,"2026-08-06","2026-08-19","2026-08-19"
faridabad-10249576,"49060410069839",faridabad,FARIDABAD - FEEDER WAREHOUSE,faridabad,Scheduled,"10249576",12,12,23511.6,"2026-08-06","2026-08-19","2026-08-19"
faridabad-10252336,"49060410069839",faridabad,FARIDABAD - FEEDER WAREHOUSE,faridabad,Scheduled,"10252336",84,84,170461.2,"2026-08-06","2026-08-19","2026-08-19"
faridabad-10249574,"49060410072674",faridabad,FARIDABAD - FEEDER WAREHOUSE,faridabad,Scheduled,"10249574",144,144,292219.2,"2026-08-11","2026-08-24","2026-08-24"
faridabad-10252336,"49060410072674",faridabad,FARIDABAD - FEEDER WAREHOUSE,faridabad,Scheduled,"10252336",24,24,48703.2,"2026-08-11","2026-08-24","2026-08-24"
faridabad-10249574,"49060410073252",faridabad,FARIDABAD - FEEDER WAREHOUSE,faridabad,Scheduled,"10249574",108,108,219164.4,"2026-08-12","2026-08-24","2026-08-25"
faridabad-10249574,"49060410074029",faridabad,FARIDABAD - FEEDER WAREHOUSE,faridabad,Scheduled,"10249574",72,72,146109.6,"2026-08-13","2026-08-18","2026-08-19"
faridabad-10249574,"49060410074475",faridabad,FARIDABAD - FEEDER WAREHOUSE,faridabad,Scheduled,"10249574",228,228,462680.4,"2026-08-14","2026-08-25","2026-08-27"
faridabad-10252336,"49060410074475",faridabad,FARIDABAD - FEEDER WAREHOUSE,faridabad,Scheduled,"10252336",144,144,292219.2,"2026-08-14","2026-08-25","2026-08-27"
faridabad-10249576,"49060410074896",faridabad,FARIDABAD - FEEDER WAREHOUSE,faridabad,Scheduled,"10249576",36,36,70534.8,"2026-08-15","2026-08-24","2026-08-28"
jaipur-10199527,"49603310013567",jaipur,JAIPUR J4 - FEEDER WAREHOUSE,jaipur,Scheduled,"10199527",180,180,6804.0,"2026-08-11","2026-08-19","2026-08-26"
jaipur-10216722,"49603310013567",jaipur,JAIPUR J4 - FEEDER WAREHOUSE,jaipur,Scheduled,"10216722",360,360,9360.0,"2026-08-11","2026-08-19","2026-08-26"
jaipur-10258761,"49603310013567",jaipur,JAIPUR J4 - FEEDER WAREHOUSE,jaipur,Scheduled,"10258761",72,72,13608.0,"2026-08-11","2026-08-19","2026-08-26"
jaipur-10291036,"49603310013567",jaipur,JAIPUR J4 - FEEDER WAREHOUSE,jaipur,Scheduled,"10291036",24,24,18463.2,"2026-08-11","2026-08-19","2026-08-26"
jaipur-10315341,"49603310013567",jaipur,JAIPUR J4 - FEEDER WAREHOUSE,jaipur,Scheduled,"10315341",96,96,3120.0,"2026-08-11","2026-08-19","2026-08-26"
jaipur-10216709,"49603310013756",jaipur,JAIPUR J4 - FEEDER WAREHOUSE,jaipur,Scheduled,"10216709",216,216,5616.0,"2026-08-12","2026-08-20","2026-08-30"
jaipur-10252336,"49603310013756",jaipur,JAIPUR J4 - FEEDER WAREHOUSE,jaipur,Scheduled,"10252336",24,24,48703.2,"2026-08-12","2026-08-20","2026-08-30"
jaipur-10265737,"49603310013756",jaipur,JAIPUR J4 - FEEDER WAREHOUSE,jaipur,Scheduled,"10265737",36,36,6804.0,"2026-08-12","2026-08-20","2026-08-30"
jaipur-10315547,"49603310013756",jaipur,JAIPUR J4 - FEEDER WAREHOUSE,jaipur,Scheduled,"10315547",96,96,3120.0,"2026-08-12","2026-08-20","2026-08-30"
jaipur-10216715,"49603310013988",jaipur,JAIPUR J4 - FEEDER WAREHOUSE,jaipur,Scheduled,"10216715",72,72,1872.0,"2026-08-13","2026-08-20","2026-09-14"
jaipur-10249574,"49603310013988",jaipur,JAIPUR J4 - FEEDER WAREHOUSE,jaipur,Scheduled,"10249574",48,48,97406.4,"2026-08-13","2026-08-20","2026-09-14"
jaipur-10315546,"49603310013988",jaipur,JAIPUR J4 - FEEDER WAREHOUSE,jaipur,Scheduled,"10315546",48,48,1560.0,"2026-08-13","2026-08-20","2026-09-14"
bengaluru-10176793,"49990010071488",bengaluru,BENGALURU B5 - FEEDER WAREHOUSE,bengaluru,Scheduled,"10176793",180,180,6804.0,"2026-08-03","2026-08-20","2026-08-22"
bengaluru-10176795,"49990010071488",bengaluru,BENGALURU B5 - FEEDER WAREHOUSE,bengaluru,Scheduled,"10176795",180,180,6804.0,"2026-08-03","2026-08-20","2026-08-22"
bengaluru-10176797,"49990010071488",bengaluru,BENGALURU B5 - FEEDER WAREHOUSE,bengaluru,Scheduled,"10176797",540,540,20412.0,"2026-08-03","2026-08-20","2026-08-22"
bengaluru-10216709,"49990010071488",bengaluru,BENGALURU B5 - FEEDER WAREHOUSE,bengaluru,Scheduled,"10216709",216,216,5616.0,"2026-08-03","2026-08-20","2026-08-22"
bengaluru-10216722,"49990010071488",bengaluru,BENGALURU B5 - FEEDER WAREHOUSE,bengaluru,Scheduled,"10216722",504,504,13104.0,"2026-08-03","2026-08-20","2026-08-22"
bengaluru-10249574,"49990010071488",bengaluru,BENGALURU B5 - FEEDER WAREHOUSE,bengaluru,Scheduled,"10249574",360,360,730548.0,"2026-08-03","2026-08-20","2026-08-22"
bengaluru-10249576,"49990010071488",bengaluru,BENGALURU B5 - FEEDER WAREHOUSE,bengaluru,Scheduled,"10249576",120,120,235116.0,"2026-08-03","2026-08-20","2026-08-22"
bengaluru-10249577,"49990010071488",bengaluru,BENGALURU B5 - FEEDER WAREHOUSE,bengaluru,Scheduled,"10249577",72,72,55389.6,"2026-08-03","2026-08-20","2026-08-22"
bengaluru-10249578,"49990010071488",bengaluru,BENGALURU B5 - FEEDER WAREHOUSE,bengaluru,Scheduled,"10249578",24,24,18463.2,"2026-08-03","2026-08-20","2026-08-22"
bengaluru-10252336,"49990010071488",bengaluru,BENGALURU B5 - FEEDER WAREHOUSE,bengaluru,Scheduled,"10252336",228,228,462680.4,"2026-08-03","2026-08-20","2026-08-22"
bengaluru-10260300,"49990010071488",bengaluru,BENGALURU B5 - FEEDER WAREHOUSE,bengaluru,Scheduled,"10260300",36,36,6804.0,"2026-08-03","2026-08-20","2026-08-22"
bengaluru-10265737,"49990010071488",bengaluru,BENGALURU B5 - FEEDER WAREHOUSE,bengaluru,Scheduled,"10265737",36,36,6804.0,"2026-08-03","2026-08-20","2026-08-22"
bengaluru-10291036,"49990010071488",bengaluru,BENGALURU B5 - FEEDER WAREHOUSE,bengaluru,Scheduled,"10291036",168,168,129242.4,"2026-08-03","2026-08-20","2026-08-22"
bengaluru-10291038,"49990010071488",bengaluru,BENGALURU B5 - FEEDER WAREHOUSE,bengaluru,Scheduled,"10291038",50,50,4830.0,"2026-08-03","2026-08-20","2026-08-22"
bengaluru-10315341,"49990010071488",bengaluru,BENGALURU B5 - FEEDER WAREHOUSE,bengaluru,Scheduled,"10315341",96,96,3120.0,"2026-08-03","2026-08-20","2026-08-22"
bengaluru-10315546,"49990010071488",bengaluru,BENGALURU B5 - FEEDER WAREHOUSE,bengaluru,Scheduled,"10315546",48,48,1560.0,"2026-08-03","2026-08-20","2026-08-22"
bengaluru-10325396,"49990010071488",bengaluru,BENGALURU B5 - FEEDER WAREHOUSE,bengaluru,Scheduled,"10325396",288,288,24120.0,"2026-08-03","2026-08-20","2026-08-22"
bengaluru-10176794,"49990010073868",bengaluru,BENGALURU B5 - FEEDER WAREHOUSE,bengaluru,Scheduled,"10176794",180,180,6804.0,"2026-08-05","2026-08-19","2026-08-25"
bengaluru-10176797,"49990010073868",bengaluru,BENGALURU B5 - FEEDER WAREHOUSE,bengaluru,Scheduled,"10176797",360,360,13608.0,"2026-08-05","2026-08-19","2026-08-25"
bengaluru-10216722,"49990010073868",bengaluru,BENGALURU B5 - FEEDER WAREHOUSE,bengaluru,Scheduled,"10216722",648,648,16848.0,"2026-08-05","2026-08-19","2026-08-25"
bengaluru-10249574,"49990010073868",bengaluru,BENGALURU B5 - FEEDER WAREHOUSE,bengaluru,Scheduled,"10249574",180,180,365274.0,"2026-08-05","2026-08-19","2026-08-25"
bengaluru-10249576,"49990010073868",bengaluru,BENGALURU B5 - FEEDER WAREHOUSE,bengaluru,Scheduled,"10249576",12,12,23511.6,"2026-08-05","2026-08-19","2026-08-25"
bengaluru-10252336,"49990010073868",bengaluru,BENGALURU B5 - FEEDER WAREHOUSE,bengaluru,Scheduled,"10252336",48,48,97406.4,"2026-08-05","2026-08-19","2026-08-25"
bengaluru-10265740,"49990010073868",bengaluru,BENGALURU B5 - FEEDER WAREHOUSE,bengaluru,Scheduled,"10265740",180,180,6804.0,"2026-08-05","2026-08-19","2026-08-25"
bengaluru-10315341,"49990010073868",bengaluru,BENGALURU B5 - FEEDER WAREHOUSE,bengaluru,Scheduled,"10315341",48,48,1560.0,"2026-08-05","2026-08-19","2026-08-25"
bengaluru-10315543,"49990010073868",bengaluru,BENGALURU B5 - FEEDER WAREHOUSE,bengaluru,Scheduled,"10315543",48,48,1560.0,"2026-08-05","2026-08-19","2026-08-25"
bengaluru-10315546,"49990010073868",bengaluru,BENGALURU B5 - FEEDER WAREHOUSE,bengaluru,Scheduled,"10315546",48,48,1560.0,"2026-08-05","2026-08-19","2026-08-25"
bengaluru-10315547,"49990010073868",bengaluru,BENGALURU B5 - FEEDER WAREHOUSE,bengaluru,Scheduled,"10315547",48,48,1560.0,"2026-08-05","2026-08-19","2026-08-25"
bengaluru-10176793,"49990010078666",bengaluru,BENGALURU B5 - FEEDER WAREHOUSE,bengaluru,Scheduled,"10176793",180,180,6804.0,"2026-08-11","2026-08-17","2026-08-18"
bengaluru-10176795,"49990010078666",bengaluru,BENGALURU B5 - FEEDER WAREHOUSE,bengaluru,Scheduled,"10176795",540,540,20412.0,"2026-08-11","2026-08-17","2026-08-18"
bengaluru-10176797,"49990010078666",bengaluru,BENGALURU B5 - FEEDER WAREHOUSE,bengaluru,Scheduled,"10176797",540,540,20412.0,"2026-08-11","2026-08-17","2026-08-18"
bengaluru-10216709,"49990010078666",bengaluru,BENGALURU B5 - FEEDER WAREHOUSE,bengaluru,Scheduled,"10216709",72,72,1872.0,"2026-08-11","2026-08-17","2026-08-18"
bengaluru-10216715,"49990010078666",bengaluru,BENGALURU B5 - FEEDER WAREHOUSE,bengaluru,Scheduled,"10216715",936,936,24336.0,"2026-08-11","2026-08-17","2026-08-18"
bengaluru-10216722,"49990010078666",bengaluru,BENGALURU B5 - FEEDER WAREHOUSE,bengaluru,Scheduled,"10216722",72,72,1872.0,"2026-08-11","2026-08-17","2026-08-18"
bengaluru-10216726,"49990010078666",bengaluru,BENGALURU B5 - FEEDER WAREHOUSE,bengaluru,Scheduled,"10216726",576,576,14976.0,"2026-08-11","2026-08-17","2026-08-18"
bengaluru-10249574,"49990010078666",bengaluru,BENGALURU B5 - FEEDER WAREHOUSE,bengaluru,Scheduled,"10249574",48,48,97406.4,"2026-08-11","2026-08-17","2026-08-18"
bengaluru-10249577,"49990010078666",bengaluru,BENGALURU B5 - FEEDER WAREHOUSE,bengaluru,Scheduled,"10249577",18,18,13847.4,"2026-08-11","2026-08-17","2026-08-18"
bengaluru-10258187,"49990010078666",bengaluru,BENGALURU B5 - FEEDER WAREHOUSE,bengaluru,Scheduled,"10258187",36,36,6804.0,"2026-08-11","2026-08-17","2026-08-18"
bengaluru-10260300,"49990010078666",bengaluru,BENGALURU B5 - FEEDER WAREHOUSE,bengaluru,Scheduled,"10260300",36,36,6804.0,"2026-08-11","2026-08-17","2026-08-18"
bengaluru-10265737,"49990010078666",bengaluru,BENGALURU B5 - FEEDER WAREHOUSE,bengaluru,Scheduled,"10265737",36,36,6804.0,"2026-08-11","2026-08-17","2026-08-18"
bengaluru-10292367,"49990010078666",bengaluru,BENGALURU B5 - FEEDER WAREHOUSE,bengaluru,Scheduled,"10292367",144,144,11095.2,"2026-08-11","2026-08-17","2026-08-18"
bengaluru-10315341,"49990010078666",bengaluru,BENGALURU B5 - FEEDER WAREHOUSE,bengaluru,Scheduled,"10315341",96,96,3120.0,"2026-08-11","2026-08-17","2026-08-18"
bengaluru-10315543,"49990010078666",bengaluru,BENGALURU B5 - FEEDER WAREHOUSE,bengaluru,Scheduled,"10315543",48,48,1560.0,"2026-08-11","2026-08-17","2026-08-18"
bengaluru-10315546,"49990010078666",bengaluru,BENGALURU B5 - FEEDER WAREHOUSE,bengaluru,Scheduled,"10315546",96,96,3120.0,"2026-08-11","2026-08-17","2026-08-18"
bengaluru-10315547,"49990010078666",bengaluru,BENGALURU B5 - FEEDER WAREHOUSE,bengaluru,Scheduled,"10315547",48,48,1560.0,"2026-08-11","2026-08-17","2026-08-18"
bengaluru-10315586,"49990010078666",bengaluru,BENGALURU B5 - FEEDER WAREHOUSE,bengaluru,Scheduled,"10315586",36,36,6804.0,"2026-08-11","2026-08-17","2026-08-18"
bengaluru-10176794,"49990010081045",bengaluru,BENGALURU B5 - FEEDER WAREHOUSE,bengaluru,Scheduled,"10176794",180,180,6804.0,"2026-08-14","2026-08-19","2026-08-20"
bengaluru-10176795,"49990010081045",bengaluru,BENGALURU B5 - FEEDER WAREHOUSE,bengaluru,Scheduled,"10176795",360,360,13608.0,"2026-08-14","2026-08-19","2026-08-20"
bengaluru-10176797,"49990010081045",bengaluru,BENGALURU B5 - FEEDER WAREHOUSE,bengaluru,Scheduled,"10176797",360,360,13608.0,"2026-08-14","2026-08-19","2026-08-20"
bengaluru-10199527,"49990010081045",bengaluru,BENGALURU B5 - FEEDER WAREHOUSE,bengaluru,Scheduled,"10199527",180,180,6804.0,"2026-08-14","2026-08-19","2026-08-20"
bengaluru-10216722,"49990010081045",bengaluru,BENGALURU B5 - FEEDER WAREHOUSE,bengaluru,Scheduled,"10216722",72,72,1872.0,"2026-08-14","2026-08-19","2026-08-20"
bengaluru-10216726,"49990010081045",bengaluru,BENGALURU B5 - FEEDER WAREHOUSE,bengaluru,Scheduled,"10216726",72,72,1872.0,"2026-08-14","2026-08-19","2026-08-20"
bengaluru-10249574,"49990010081045",bengaluru,BENGALURU B5 - FEEDER WAREHOUSE,bengaluru,Scheduled,"10249574",36,36,73054.8,"2026-08-14","2026-08-19","2026-08-20"
bengaluru-10249576,"49990010081045",bengaluru,BENGALURU B5 - FEEDER WAREHOUSE,bengaluru,Scheduled,"10249576",36,36,70534.8,"2026-08-14","2026-08-19","2026-08-20"
bengaluru-10249577,"49990010081045",bengaluru,BENGALURU B5 - FEEDER WAREHOUSE,bengaluru,Scheduled,"10249577",36,36,27694.8,"2026-08-14","2026-08-19","2026-08-20"
bengaluru-10258333,"49990010081045",bengaluru,BENGALURU B5 - FEEDER WAREHOUSE,bengaluru,Scheduled,"10258333",36,36,6804.0,"2026-08-14","2026-08-19","2026-08-20"
bengaluru-10265740,"49990010081045",bengaluru,BENGALURU B5 - FEEDER WAREHOUSE,bengaluru,Scheduled,"10265740",180,180,6804.0,"2026-08-14","2026-08-19","2026-08-20"
bengaluru-10315341,"49990010081045",bengaluru,BENGALURU B5 - FEEDER WAREHOUSE,bengaluru,Scheduled,"10315341",240,240,7800.0,"2026-08-14","2026-08-19","2026-08-20"
bengaluru-10315543,"49990010081045",bengaluru,BENGALURU B5 - FEEDER WAREHOUSE,bengaluru,Scheduled,"10315543",48,48,1560.0,"2026-08-14","2026-08-19","2026-08-20"
bengaluru-10315547,"49990010081045",bengaluru,BENGALURU B5 - FEEDER WAREHOUSE,bengaluru,Scheduled,"10315547",48,48,1560.0,"2026-08-14","2026-08-19","2026-08-20"
bengaluru-10325396,"49990010081045",bengaluru,BENGALURU B5 - FEEDER WAREHOUSE,bengaluru,Scheduled,"10325396",288,288,24120.0,"2026-08-14","2026-08-19","2026-08-20"
bengaluru-10176793,"49990010081779",bengaluru,BENGALURU B5 - FEEDER WAREHOUSE,bengaluru,Scheduled,"10176793",360,360,13608.0,"2026-08-15","2026-08-19","2026-08-21"
bengaluru-10176794,"49990010081779",bengaluru,BENGALURU B5 - FEEDER WAREHOUSE,bengaluru,Scheduled,"10176794",180,180,6804.0,"2026-08-15","2026-08-19","2026-08-21"
bengaluru-10176795,"49990010081779",bengaluru,BENGALURU B5 - FEEDER WAREHOUSE,bengaluru,Scheduled,"10176795",720,720,27216.0,"2026-08-15","2026-08-19","2026-08-21"
bengaluru-10176797,"49990010081779",bengaluru,BENGALURU B5 - FEEDER WAREHOUSE,bengaluru,Scheduled,"10176797",1080,1080,40824.0,"2026-08-15","2026-08-19","2026-08-21"
bengaluru-10199527,"49990010081779",bengaluru,BENGALURU B5 - FEEDER WAREHOUSE,bengaluru,Scheduled,"10199527",180,180,6804.0,"2026-08-15","2026-08-19","2026-08-21"
bengaluru-10216709,"49990010081779",bengaluru,BENGALURU B5 - FEEDER WAREHOUSE,bengaluru,Scheduled,"10216709",72,72,1872.0,"2026-08-15","2026-08-19","2026-08-21"
bengaluru-10216715,"49990010081779",bengaluru,BENGALURU B5 - FEEDER WAREHOUSE,bengaluru,Scheduled,"10216715",216,216,5616.0,"2026-08-15","2026-08-19","2026-08-21"
bengaluru-10216722,"49990010081779",bengaluru,BENGALURU B5 - FEEDER WAREHOUSE,bengaluru,Scheduled,"10216722",288,288,7488.0,"2026-08-15","2026-08-19","2026-08-21"
bengaluru-10216726,"49990010081779",bengaluru,BENGALURU B5 - FEEDER WAREHOUSE,bengaluru,Scheduled,"10216726",504,504,13104.0,"2026-08-15","2026-08-19","2026-08-21"
bengaluru-10249574,"49990010081779",bengaluru,BENGALURU B5 - FEEDER WAREHOUSE,bengaluru,Scheduled,"10249574",144,144,292219.2,"2026-08-15","2026-08-19","2026-08-21"
bengaluru-10249576,"49990010081779",bengaluru,BENGALURU B5 - FEEDER WAREHOUSE,bengaluru,Scheduled,"10249576",12,12,23511.6,"2026-08-15","2026-08-19","2026-08-21"
bengaluru-10249577,"49990010081779",bengaluru,BENGALURU B5 - FEEDER WAREHOUSE,bengaluru,Scheduled,"10249577",24,24,18463.2,"2026-08-15","2026-08-19","2026-08-21"
bengaluru-10249578,"49990010081779",bengaluru,BENGALURU B5 - FEEDER WAREHOUSE,bengaluru,Scheduled,"10249578",24,24,18463.2,"2026-08-15","2026-08-19","2026-08-21"
bengaluru-10258761,"49990010081779",bengaluru,BENGALURU B5 - FEEDER WAREHOUSE,bengaluru,Scheduled,"10258761",72,72,13608.0,"2026-08-15","2026-08-19","2026-08-21"
bengaluru-10260300,"49990010081779",bengaluru,BENGALURU B5 - FEEDER WAREHOUSE,bengaluru,Scheduled,"10260300",36,36,6804.0,"2026-08-15","2026-08-19","2026-08-21"
bengaluru-10265737,"49990010081779",bengaluru,BENGALURU B5 - FEEDER WAREHOUSE,bengaluru,Scheduled,"10265737",72,72,13608.0,"2026-08-15","2026-08-19","2026-08-21"
bengaluru-10265740,"49990010081779",bengaluru,BENGALURU B5 - FEEDER WAREHOUSE,bengaluru,Scheduled,"10265740",180,180,6804.0,"2026-08-15","2026-08-19","2026-08-21"
bengaluru-10292367,"49990010081779",bengaluru,BENGALURU B5 - FEEDER WAREHOUSE,bengaluru,Scheduled,"10292367",288,288,22190.4,"2026-08-15","2026-08-19","2026-08-21"
bengaluru-10315341,"49990010081779",bengaluru,BENGALURU B5 - FEEDER WAREHOUSE,bengaluru,Scheduled,"10315341",144,144,4680.0,"2026-08-15","2026-08-19","2026-08-21"
bengaluru-10315543,"49990010081779",bengaluru,BENGALURU B5 - FEEDER WAREHOUSE,bengaluru,Scheduled,"10315543",144,144,4680.0,"2026-08-15","2026-08-19","2026-08-21"
bengaluru-10315546,"49990010081779",bengaluru,BENGALURU B5 - FEEDER WAREHOUSE,bengaluru,Scheduled,"10315546",288,288,9360.0,"2026-08-15","2026-08-19","2026-08-21"
bengaluru-10315547,"49990010081779",bengaluru,BENGALURU B5 - FEEDER WAREHOUSE,bengaluru,Scheduled,"10315547",96,96,3120.0,"2026-08-15","2026-08-19","2026-08-21"
bengaluru-10325396,"49990010081779",bengaluru,BENGALURU B5 - FEEDER WAREHOUSE,bengaluru,Scheduled,"10325396",144,144,12060.0,"2026-08-15","2026-08-19","2026-08-21"
mumbai-10176793,"50033210033504",mumbai,MUMBAI M12 - FEEDER WAREHOUSE,mumbai,Scheduled,"10176793",180,180,6804.0,"2026-08-03","2026-08-20","2026-08-22"
mumbai-10176794,"50033210033504",mumbai,MUMBAI M12 - FEEDER WAREHOUSE,mumbai,Scheduled,"10176794",180,180,6804.0,"2026-08-03","2026-08-20","2026-08-22"
mumbai-10176795,"50033210033504",mumbai,MUMBAI M12 - FEEDER WAREHOUSE,mumbai,Scheduled,"10176795",540,540,20412.0,"2026-08-03","2026-08-20","2026-08-22"
mumbai-10176797,"50033210033504",mumbai,MUMBAI M12 - FEEDER WAREHOUSE,mumbai,Scheduled,"10176797",360,360,13608.0,"2026-08-03","2026-08-20","2026-08-22"
mumbai-10199527,"50033210033504",mumbai,MUMBAI M12 - FEEDER WAREHOUSE,mumbai,Scheduled,"10199527",180,180,6804.0,"2026-08-03","2026-08-20","2026-08-22"
mumbai-10216709,"50033210033504",mumbai,MUMBAI M12 - FEEDER WAREHOUSE,mumbai,Scheduled,"10216709",72,72,1872.0,"2026-08-03","2026-08-20","2026-08-22"
mumbai-10216715,"50033210033504",mumbai,MUMBAI M12 - FEEDER WAREHOUSE,mumbai,Scheduled,"10216715",288,288,7488.0,"2026-08-03","2026-08-20","2026-08-22"
mumbai-10216722,"50033210033504",mumbai,MUMBAI M12 - FEEDER WAREHOUSE,mumbai,Scheduled,"10216722",216,216,5616.0,"2026-08-03","2026-08-20","2026-08-22"
mumbai-10216726,"50033210033504",mumbai,MUMBAI M12 - FEEDER WAREHOUSE,mumbai,Scheduled,"10216726",216,216,5616.0,"2026-08-03","2026-08-20","2026-08-22"
mumbai-10249574,"50033210033504",mumbai,MUMBAI M12 - FEEDER WAREHOUSE,mumbai,Scheduled,"10249574",132,132,267867.6,"2026-08-03","2026-08-20","2026-08-22"
mumbai-10249576,"50033210033504",mumbai,MUMBAI M12 - FEEDER WAREHOUSE,mumbai,Scheduled,"10249576",60,60,117558.0,"2026-08-03","2026-08-20","2026-08-22"
mumbai-10252336,"50033210033504",mumbai,MUMBAI M12 - FEEDER WAREHOUSE,mumbai,Scheduled,"10252336",36,36,73054.8,"2026-08-03","2026-08-20","2026-08-22"
mumbai-10260300,"50033210033504",mumbai,MUMBAI M12 - FEEDER WAREHOUSE,mumbai,Scheduled,"10260300",36,36,6804.0,"2026-08-03","2026-08-20","2026-08-22"
mumbai-10265791,"50033210033504",mumbai,MUMBAI M12 - FEEDER WAREHOUSE,mumbai,Scheduled,"10265791",180,180,6804.0,"2026-08-03","2026-08-20","2026-08-22"
mumbai-10291036,"50033210033504",mumbai,MUMBAI M12 - FEEDER WAREHOUSE,mumbai,Scheduled,"10291036",24,24,18463.2,"2026-08-03","2026-08-20","2026-08-22"
mumbai-10292367,"50033210033504",mumbai,MUMBAI M12 - FEEDER WAREHOUSE,mumbai,Scheduled,"10292367",144,144,11095.2,"2026-08-03","2026-08-20","2026-08-22"
mumbai-10315341,"50033210033504",mumbai,MUMBAI M12 - FEEDER WAREHOUSE,mumbai,Scheduled,"10315341",96,96,3120.0,"2026-08-03","2026-08-20","2026-08-22"
mumbai-10315546,"50033210033504",mumbai,MUMBAI M12 - FEEDER WAREHOUSE,mumbai,Scheduled,"10315546",192,192,6240.0,"2026-08-03","2026-08-20","2026-08-22"
mumbai-10315547,"50033210033504",mumbai,MUMBAI M12 - FEEDER WAREHOUSE,mumbai,Scheduled,"10315547",96,96,3120.0,"2026-08-03","2026-08-20","2026-08-22"
mumbai-10176795,"50033210034102",mumbai,MUMBAI M12 - FEEDER WAREHOUSE,mumbai,Scheduled,"10176795",180,180,6804.0,"2026-08-04","2026-08-18","2026-08-20"
mumbai-10176797,"50033210034102",mumbai,MUMBAI M12 - FEEDER WAREHOUSE,mumbai,Scheduled,"10176797",360,360,13608.0,"2026-08-04","2026-08-18","2026-08-20"
mumbai-10216715,"50033210034102",mumbai,MUMBAI M12 - FEEDER WAREHOUSE,mumbai,Scheduled,"10216715",288,288,7488.0,"2026-08-04","2026-08-18","2026-08-20"
mumbai-10216722,"50033210034102",mumbai,MUMBAI M12 - FEEDER WAREHOUSE,mumbai,Scheduled,"10216722",144,144,3744.0,"2026-08-04","2026-08-18","2026-08-20"
mumbai-10216726,"50033210034102",mumbai,MUMBAI M12 - FEEDER WAREHOUSE,mumbai,Scheduled,"10216726",144,144,3744.0,"2026-08-04","2026-08-18","2026-08-20"
mumbai-10249574,"50033210034102",mumbai,MUMBAI M12 - FEEDER WAREHOUSE,mumbai,Scheduled,"10249574",48,48,97406.4,"2026-08-04","2026-08-18","2026-08-20"
mumbai-10249577,"50033210034102",mumbai,MUMBAI M12 - FEEDER WAREHOUSE,mumbai,Scheduled,"10249577",96,96,73852.8,"2026-08-04","2026-08-18","2026-08-20"
mumbai-10252336,"50033210034102",mumbai,MUMBAI M12 - FEEDER WAREHOUSE,mumbai,Scheduled,"10252336",24,24,48703.2,"2026-08-04","2026-08-18","2026-08-20"
mumbai-10258333,"50033210034102",mumbai,MUMBAI M12 - FEEDER WAREHOUSE,mumbai,Scheduled,"10258333",36,36,6804.0,"2026-08-04","2026-08-18","2026-08-20"
mumbai-10258761,"50033210034102",mumbai,MUMBAI M12 - FEEDER WAREHOUSE,mumbai,Scheduled,"10258761",36,36,6804.0,"2026-08-04","2026-08-18","2026-08-20"
mumbai-10292367,"50033210034102",mumbai,MUMBAI M12 - FEEDER WAREHOUSE,mumbai,Scheduled,"10292367",144,144,11095.2,"2026-08-04","2026-08-18","2026-08-20"
mumbai-10297369,"50033210034102",mumbai,MUMBAI M12 - FEEDER WAREHOUSE,mumbai,Scheduled,"10297369",20,20,20986.0,"2026-08-04","2026-08-18","2026-08-20"
mumbai-10315341,"50033210034102",mumbai,MUMBAI M12 - FEEDER WAREHOUSE,mumbai,Scheduled,"10315341",96,96,3120.0,"2026-08-04","2026-08-18","2026-08-20"
mumbai-10315543,"50033210034102",mumbai,MUMBAI M12 - FEEDER WAREHOUSE,mumbai,Scheduled,"10315543",96,96,3120.0,"2026-08-04","2026-08-18","2026-08-20"
mumbai-10315546,"50033210034102",mumbai,MUMBAI M12 - FEEDER WAREHOUSE,mumbai,Scheduled,"10315546",240,240,7800.0,"2026-08-04","2026-08-18","2026-08-20"
mumbai-10315547,"50033210034102",mumbai,MUMBAI M12 - FEEDER WAREHOUSE,mumbai,Scheduled,"10315547",96,96,3120.0,"2026-08-04","2026-08-18","2026-08-20"
mumbai-10325396,"50033210034102",mumbai,MUMBAI M12 - FEEDER WAREHOUSE,mumbai,Scheduled,"10325396",144,144,12060.0,"2026-08-04","2026-08-18","2026-08-20"
mumbai-10176794,"50033210036493",mumbai,MUMBAI M12 - FEEDER WAREHOUSE,mumbai,Scheduled,"10176794",180,180,6804.0,"2026-08-08","2026-08-19","2026-08-20"
mumbai-10176797,"50033210036493",mumbai,MUMBAI M12 - FEEDER WAREHOUSE,mumbai,Scheduled,"10176797",180,180,6804.0,"2026-08-08","2026-08-19","2026-08-20"
mumbai-10216709,"50033210036493",mumbai,MUMBAI M12 - FEEDER WAREHOUSE,mumbai,Scheduled,"10216709",144,144,3744.0,"2026-08-08","2026-08-19","2026-08-20"
mumbai-10216715,"50033210036493",mumbai,MUMBAI M12 - FEEDER WAREHOUSE,mumbai,Scheduled,"10216715",648,648,16848.0,"2026-08-08","2026-08-19","2026-08-20"
mumbai-10216722,"50033210036493",mumbai,MUMBAI M12 - FEEDER WAREHOUSE,mumbai,Scheduled,"10216722",144,144,3744.0,"2026-08-08","2026-08-19","2026-08-20"
mumbai-10216726,"50033210036493",mumbai,MUMBAI M12 - FEEDER WAREHOUSE,mumbai,Scheduled,"10216726",504,504,13104.0,"2026-08-08","2026-08-19","2026-08-20"
mumbai-10249574,"50033210036493",mumbai,MUMBAI M12 - FEEDER WAREHOUSE,mumbai,Scheduled,"10249574",240,240,487032.0,"2026-08-08","2026-08-19","2026-08-20"
mumbai-10249576,"50033210036493",mumbai,MUMBAI M12 - FEEDER WAREHOUSE,mumbai,Scheduled,"10249576",12,12,23511.6,"2026-08-08","2026-08-19","2026-08-20"
mumbai-10249577,"50033210036493",mumbai,MUMBAI M12 - FEEDER WAREHOUSE,mumbai,Scheduled,"10249577",6,6,4615.8,"2026-08-08","2026-08-19","2026-08-20"
mumbai-10249578,"50033210036493",mumbai,MUMBAI M12 - FEEDER WAREHOUSE,mumbai,Scheduled,"10249578",24,24,18463.2,"2026-08-08","2026-08-19","2026-08-20"
mumbai-10252336,"50033210036493",mumbai,MUMBAI M12 - FEEDER WAREHOUSE,mumbai,Scheduled,"10252336",72,72,146109.6,"2026-08-08","2026-08-19","2026-08-20"
mumbai-10265737,"50033210036493",mumbai,MUMBAI M12 - FEEDER WAREHOUSE,mumbai,Scheduled,"10265737",36,36,6804.0,"2026-08-08","2026-08-19","2026-08-20"
mumbai-10265740,"50033210036493",mumbai,MUMBAI M12 - FEEDER WAREHOUSE,mumbai,Scheduled,"10265740",180,180,6804.0,"2026-08-08","2026-08-19","2026-08-20"
mumbai-10291036,"50033210036493",mumbai,MUMBAI M12 - FEEDER WAREHOUSE,mumbai,Scheduled,"10291036",24,24,18463.2,"2026-08-08","2026-08-19","2026-08-20"
mumbai-10292367,"50033210036493",mumbai,MUMBAI M12 - FEEDER WAREHOUSE,mumbai,Scheduled,"10292367",144,144,11095.2,"2026-08-08","2026-08-19","2026-08-20"
mumbai-10297369,"50033210036493",mumbai,MUMBAI M12 - FEEDER WAREHOUSE,mumbai,Scheduled,"10297369",20,20,20986.0,"2026-08-08","2026-08-19","2026-08-20"
mumbai-10298083,"50033210036493",mumbai,MUMBAI M12 - FEEDER WAREHOUSE,mumbai,Scheduled,"10298083",20,20,20986.0,"2026-08-08","2026-08-19","2026-08-20"
mumbai-10315341,"50033210036493",mumbai,MUMBAI M12 - FEEDER WAREHOUSE,mumbai,Scheduled,"10315341",96,96,3120.0,"2026-08-08","2026-08-19","2026-08-20"
mumbai-10315543,"50033210036493",mumbai,MUMBAI M12 - FEEDER WAREHOUSE,mumbai,Scheduled,"10315543",96,96,3120.0,"2026-08-08","2026-08-19","2026-08-20"
mumbai-10315546,"50033210036493",mumbai,MUMBAI M12 - FEEDER WAREHOUSE,mumbai,Scheduled,"10315546",48,48,1560.0,"2026-08-08","2026-08-19","2026-08-20"
mumbai-10315547,"50033210036493",mumbai,MUMBAI M12 - FEEDER WAREHOUSE,mumbai,Scheduled,"10315547",96,96,3120.0,"2026-08-08","2026-08-19","2026-08-20"
mumbai-10176795,"50033210038659",mumbai,MUMBAI M12 - FEEDER WAREHOUSE,mumbai,Scheduled,"10176795",180,180,6804.0,"2026-08-12","2026-08-18","2026-08-18"
mumbai-10216722,"50033210038659",mumbai,MUMBAI M12 - FEEDER WAREHOUSE,mumbai,Scheduled,"10216722",72,72,1872.0,"2026-08-12","2026-08-18","2026-08-18"
mumbai-10249574,"50033210038659",mumbai,MUMBAI M12 - FEEDER WAREHOUSE,mumbai,Scheduled,"10249574",300,300,608790.0,"2026-08-12","2026-08-18","2026-08-18"
mumbai-10249576,"50033210038659",mumbai,MUMBAI M12 - FEEDER WAREHOUSE,mumbai,Scheduled,"10249576",24,24,47023.2,"2026-08-12","2026-08-18","2026-08-18"
mumbai-10291036,"50033210038659",mumbai,MUMBAI M12 - FEEDER WAREHOUSE,mumbai,Scheduled,"10291036",24,24,18463.2,"2026-08-12","2026-08-18","2026-08-18"
mumbai-10297369,"50033210038659",mumbai,MUMBAI M12 - FEEDER WAREHOUSE,mumbai,Scheduled,"10297369",20,20,20986.0,"2026-08-12","2026-08-18","2026-08-18"
mumbai-10298083,"50033210038659",mumbai,MUMBAI M12 - FEEDER WAREHOUSE,mumbai,Scheduled,"10298083",20,20,20986.0,"2026-08-12","2026-08-18","2026-08-18"
mumbai-10315341,"50033210038659",mumbai,MUMBAI M12 - FEEDER WAREHOUSE,mumbai,Scheduled,"10315341",240,240,7800.0,"2026-08-12","2026-08-18","2026-08-18"
mumbai-10315546,"50033210038659",mumbai,MUMBAI M12 - FEEDER WAREHOUSE,mumbai,Scheduled,"10315546",48,48,1560.0,"2026-08-12","2026-08-18","2026-08-18"
mumbai-10324645,"50033210038659",mumbai,MUMBAI M12 - FEEDER WAREHOUSE,mumbai,Scheduled,"10324645",144,144,12060.0,"2026-08-12","2026-08-18","2026-08-18"
mumbai-10325396,"50033210038659",mumbai,MUMBAI M12 - FEEDER WAREHOUSE,mumbai,Scheduled,"10325396",288,288,24120.0,"2026-08-12","2026-08-18","2026-08-18"
mumbai-10216715,"50033210039099",mumbai,MUMBAI M12 - FEEDER WAREHOUSE,mumbai,Scheduled,"10216715",288,288,7488.0,"2026-08-13","2026-08-21","2026-08-28"
mumbai-10216722,"50033210039099",mumbai,MUMBAI M12 - FEEDER WAREHOUSE,mumbai,Scheduled,"10216722",72,72,1872.0,"2026-08-13","2026-08-21","2026-08-28"
mumbai-10216726,"50033210039099",mumbai,MUMBAI M12 - FEEDER WAREHOUSE,mumbai,Scheduled,"10216726",144,144,3744.0,"2026-08-13","2026-08-21","2026-08-28"
mumbai-10249577,"50033210039099",mumbai,MUMBAI M12 - FEEDER WAREHOUSE,mumbai,Scheduled,"10249577",6,6,4615.8,"2026-08-13","2026-08-21","2026-08-28"
mumbai-10249578,"50033210039099",mumbai,MUMBAI M12 - FEEDER WAREHOUSE,mumbai,Scheduled,"10249578",24,24,18463.2,"2026-08-13","2026-08-21","2026-08-28"
mumbai-10258187,"50033210039099",mumbai,MUMBAI M12 - FEEDER WAREHOUSE,mumbai,Scheduled,"10258187",36,36,6804.0,"2026-08-13","2026-08-21","2026-08-28"
mumbai-10297369,"50033210039099",mumbai,MUMBAI M12 - FEEDER WAREHOUSE,mumbai,Scheduled,"10297369",20,20,20986.0,"2026-08-13","2026-08-21","2026-08-28"
mumbai-10315341,"50033210039099",mumbai,MUMBAI M12 - FEEDER WAREHOUSE,mumbai,Scheduled,"10315341",96,96,3120.0,"2026-08-13","2026-08-21","2026-08-28"
mumbai-10176795,"50033210039849",mumbai,MUMBAI M12 - FEEDER WAREHOUSE,mumbai,Scheduled,"10176795",180,180,6804.0,"2026-08-14","2026-08-19","2026-08-20"
mumbai-10176797,"50033210039849",mumbai,MUMBAI M12 - FEEDER WAREHOUSE,mumbai,Scheduled,"10176797",180,180,6804.0,"2026-08-14","2026-08-19","2026-08-20"
mumbai-10216715,"50033210039849",mumbai,MUMBAI M12 - FEEDER WAREHOUSE,mumbai,Scheduled,"10216715",216,216,5616.0,"2026-08-14","2026-08-19","2026-08-20"
mumbai-10216726,"50033210039849",mumbai,MUMBAI M12 - FEEDER WAREHOUSE,mumbai,Scheduled,"10216726",72,72,1872.0,"2026-08-14","2026-08-19","2026-08-20"
mumbai-10249577,"50033210039849",mumbai,MUMBAI M12 - FEEDER WAREHOUSE,mumbai,Scheduled,"10249577",66,66,50773.8,"2026-08-14","2026-08-19","2026-08-20"
mumbai-10260300,"50033210039849",mumbai,MUMBAI M12 - FEEDER WAREHOUSE,mumbai,Scheduled,"10260300",36,36,6804.0,"2026-08-14","2026-08-19","2026-08-20"
mumbai-10265737,"50033210039849",mumbai,MUMBAI M12 - FEEDER WAREHOUSE,mumbai,Scheduled,"10265737",36,36,6804.0,"2026-08-14","2026-08-19","2026-08-20"
mumbai-10292367,"50033210039849",mumbai,MUMBAI M12 - FEEDER WAREHOUSE,mumbai,Scheduled,"10292367",144,144,11095.2,"2026-08-14","2026-08-19","2026-08-20"
mumbai-10298083,"50033210039849",mumbai,MUMBAI M12 - FEEDER WAREHOUSE,mumbai,Scheduled,"10298083",20,20,20986.0,"2026-08-14","2026-08-19","2026-08-20"
mumbai-10315543,"50033210039849",mumbai,MUMBAI M12 - FEEDER WAREHOUSE,mumbai,Scheduled,"10315543",48,48,1560.0,"2026-08-14","2026-08-19","2026-08-20"
mumbai-10315546,"50033210039849",mumbai,MUMBAI M12 - FEEDER WAREHOUSE,mumbai,Scheduled,"10315546",96,96,3120.0,"2026-08-14","2026-08-19","2026-08-20"
mumbai-10315547,"50033210039849",mumbai,MUMBAI M12 - FEEDER WAREHOUSE,mumbai,Scheduled,"10315547",48,48,1560.0,"2026-08-14","2026-08-19","2026-08-20"
mumbai-10324645,"50033210039849",mumbai,MUMBAI M12 - FEEDER WAREHOUSE,mumbai,Scheduled,"10324645",144,144,12060.0,"2026-08-14","2026-08-19","2026-08-20"
mumbai-10176795,"50033210040195",mumbai,MUMBAI M12 - FEEDER WAREHOUSE,mumbai,Scheduled,"10176795",360,360,13608.0,"2026-08-15","2026-08-20","2026-08-21"
mumbai-10176797,"50033210040195",mumbai,MUMBAI M12 - FEEDER WAREHOUSE,mumbai,Scheduled,"10176797",540,540,20412.0,"2026-08-15","2026-08-20","2026-08-21"
mumbai-10199527,"50033210040195",mumbai,MUMBAI M12 - FEEDER WAREHOUSE,mumbai,Scheduled,"10199527",180,180,6804.0,"2026-08-15","2026-08-20","2026-08-21"
mumbai-10216709,"50033210040195",mumbai,MUMBAI M12 - FEEDER WAREHOUSE,mumbai,Scheduled,"10216709",72,72,1872.0,"2026-08-15","2026-08-20","2026-08-21"
mumbai-10216715,"50033210040195",mumbai,MUMBAI M12 - FEEDER WAREHOUSE,mumbai,Scheduled,"10216715",432,432,11232.0,"2026-08-15","2026-08-20","2026-08-21"
mumbai-10216722,"50033210040195",mumbai,MUMBAI M12 - FEEDER WAREHOUSE,mumbai,Scheduled,"10216722",216,216,5616.0,"2026-08-15","2026-08-20","2026-08-21"
mumbai-10216726,"50033210040195",mumbai,MUMBAI M12 - FEEDER WAREHOUSE,mumbai,Scheduled,"10216726",360,360,9360.0,"2026-08-15","2026-08-20","2026-08-21"
mumbai-10249577,"50033210040195",mumbai,MUMBAI M12 - FEEDER WAREHOUSE,mumbai,Scheduled,"10249577",24,24,18463.2,"2026-08-15","2026-08-20","2026-08-21"
mumbai-10252336,"50033210040195",mumbai,MUMBAI M12 - FEEDER WAREHOUSE,mumbai,Scheduled,"10252336",36,36,73054.8,"2026-08-15","2026-08-20","2026-08-21"
mumbai-10258333,"50033210040195",mumbai,MUMBAI M12 - FEEDER WAREHOUSE,mumbai,Scheduled,"10258333",36,36,6804.0,"2026-08-15","2026-08-20","2026-08-21"
mumbai-10258761,"50033210040195",mumbai,MUMBAI M12 - FEEDER WAREHOUSE,mumbai,Scheduled,"10258761",72,72,13608.0,"2026-08-15","2026-08-20","2026-08-21"
mumbai-10260300,"50033210040195",mumbai,MUMBAI M12 - FEEDER WAREHOUSE,mumbai,Scheduled,"10260300",36,36,6804.0,"2026-08-15","2026-08-20","2026-08-21"
mumbai-10265740,"50033210040195",mumbai,MUMBAI M12 - FEEDER WAREHOUSE,mumbai,Scheduled,"10265740",180,180,6804.0,"2026-08-15","2026-08-20","2026-08-21"
mumbai-10291036,"50033210040195",mumbai,MUMBAI M12 - FEEDER WAREHOUSE,mumbai,Scheduled,"10291036",24,24,18463.2,"2026-08-15","2026-08-20","2026-08-21"
mumbai-10292367,"50033210040195",mumbai,MUMBAI M12 - FEEDER WAREHOUSE,mumbai,Scheduled,"10292367",144,144,11095.2,"2026-08-15","2026-08-20","2026-08-21"
mumbai-10297369,"50033210040195",mumbai,MUMBAI M12 - FEEDER WAREHOUSE,mumbai,Scheduled,"10297369",40,40,41972.0,"2026-08-15","2026-08-20","2026-08-21"
mumbai-10315341,"50033210040195",mumbai,MUMBAI M12 - FEEDER WAREHOUSE,mumbai,Scheduled,"10315341",144,144,4680.0,"2026-08-15","2026-08-20","2026-08-21"
mumbai-10315543,"50033210040195",mumbai,MUMBAI M12 - FEEDER WAREHOUSE,mumbai,Scheduled,"10315543",48,48,1560.0,"2026-08-15","2026-08-20","2026-08-21"
mumbai-10315546,"50033210040195",mumbai,MUMBAI M12 - FEEDER WAREHOUSE,mumbai,Scheduled,"10315546",192,192,6240.0,"2026-08-15","2026-08-20","2026-08-21"
mumbai-10315547,"50033210040195",mumbai,MUMBAI M12 - FEEDER WAREHOUSE,mumbai,Scheduled,"10315547",96,96,3120.0,"2026-08-15","2026-08-20","2026-08-21"
mumbai-10324645,"50033210040195",mumbai,MUMBAI M12 - FEEDER WAREHOUSE,mumbai,Scheduled,"10324645",144,144,12060.0,"2026-08-15","2026-08-20","2026-08-21"
mumbai-10325396,"50033210040195",mumbai,MUMBAI M12 - FEEDER WAREHOUSE,mumbai,Scheduled,"10325396",144,144,12060.0,"2026-08-15","2026-08-20","2026-08-21"
patna-10176794,"50283910015103",patna,PATNA P2 - FEEDER WAREHOUSE,patna,Scheduled,"10176794",180,180,6804.0,"2026-08-07","2026-08-18","2026-08-24"
patna-10176797,"50283910015103",patna,PATNA P2 - FEEDER WAREHOUSE,patna,Scheduled,"10176797",180,180,6804.0,"2026-08-07","2026-08-18","2026-08-24"
patna-10199527,"50283910015103",patna,PATNA P2 - FEEDER WAREHOUSE,patna,Scheduled,"10199527",180,180,6804.0,"2026-08-07","2026-08-18","2026-08-24"
patna-10216715,"50283910015103",patna,PATNA P2 - FEEDER WAREHOUSE,patna,Scheduled,"10216715",144,144,3744.0,"2026-08-07","2026-08-18","2026-08-24"
patna-10216722,"50283910015103",patna,PATNA P2 - FEEDER WAREHOUSE,patna,Scheduled,"10216722",72,72,1872.0,"2026-08-07","2026-08-18","2026-08-24"
patna-10258761,"50283910015103",patna,PATNA P2 - FEEDER WAREHOUSE,patna,Scheduled,"10258761",36,36,6804.0,"2026-08-07","2026-08-18","2026-08-24"
patna-10260300,"50283910015103",patna,PATNA P2 - FEEDER WAREHOUSE,patna,Scheduled,"10260300",36,36,6804.0,"2026-08-07","2026-08-18","2026-08-24"
patna-10291038,"50283910015103",patna,PATNA P2 - FEEDER WAREHOUSE,patna,Scheduled,"10291038",50,50,4830.0,"2026-08-07","2026-08-18","2026-08-24"
patna-10176797,"50283910015238",patna,PATNA P2 - FEEDER WAREHOUSE,patna,Scheduled,"10176797",180,180,6804.0,"2026-08-08","2026-08-18","2026-08-25"
patna-10216715,"50283910015238",patna,PATNA P2 - FEEDER WAREHOUSE,patna,Scheduled,"10216715",216,216,5616.0,"2026-08-08","2026-08-18","2026-08-25"
patna-10216726,"50283910015238",patna,PATNA P2 - FEEDER WAREHOUSE,patna,Scheduled,"10216726",72,72,1872.0,"2026-08-08","2026-08-18","2026-08-25"
patna-10258761,"50283910015238",patna,PATNA P2 - FEEDER WAREHOUSE,patna,Scheduled,"10258761",36,36,6804.0,"2026-08-08","2026-08-18","2026-08-25"
patna-10260300,"50283910015238",patna,PATNA P2 - FEEDER WAREHOUSE,patna,Scheduled,"10260300",36,36,6804.0,"2026-08-08","2026-08-18","2026-08-25"
patna-10265740,"50283910015238",patna,PATNA P2 - FEEDER WAREHOUSE,patna,Scheduled,"10265740",180,180,6804.0,"2026-08-08","2026-08-18","2026-08-25"
patna-10292367,"50283910015238",patna,PATNA P2 - FEEDER WAREHOUSE,patna,Scheduled,"10292367",144,144,11095.2,"2026-08-08","2026-08-18","2026-08-25"
patna-10315546,"50283910015238",patna,PATNA P2 - FEEDER WAREHOUSE,patna,Scheduled,"10315546",48,48,1560.0,"2026-08-08","2026-08-18","2026-08-25"
patna-10216715,"50283910015435",patna,PATNA P2 - FEEDER WAREHOUSE,patna,Scheduled,"10216715",72,72,1872.0,"2026-08-10","2026-08-20","2026-08-20"
patna-10216722,"50283910015435",patna,PATNA P2 - FEEDER WAREHOUSE,patna,Scheduled,"10216722",72,72,1872.0,"2026-08-10","2026-08-20","2026-08-20"
patna-10216726,"50283910015435",patna,PATNA P2 - FEEDER WAREHOUSE,patna,Scheduled,"10216726",144,144,3744.0,"2026-08-10","2026-08-20","2026-08-20"
patna-10315543,"50283910015435",patna,PATNA P2 - FEEDER WAREHOUSE,patna,Scheduled,"10315543",48,48,1560.0,"2026-08-10","2026-08-20","2026-08-20"
patna-10315547,"50283910015435",patna,PATNA P2 - FEEDER WAREHOUSE,patna,Scheduled,"10315547",48,48,1560.0,"2026-08-10","2026-08-20","2026-08-20"
patna-10176793,"50283910015973",patna,PATNA P2 - FEEDER WAREHOUSE,patna,Scheduled,"10176793",180,180,6804.0,"2026-08-12","2026-08-22","2026-08-22"
patna-10176797,"50283910015973",patna,PATNA P2 - FEEDER WAREHOUSE,patna,Scheduled,"10176797",180,180,6804.0,"2026-08-12","2026-08-22","2026-08-22"
patna-10216709,"50283910015973",patna,PATNA P2 - FEEDER WAREHOUSE,patna,Scheduled,"10216709",72,72,1872.0,"2026-08-12","2026-08-22","2026-08-22"
patna-10216715,"50283910015973",patna,PATNA P2 - FEEDER WAREHOUSE,patna,Scheduled,"10216715",72,72,1872.0,"2026-08-12","2026-08-22","2026-08-22"
patna-10216722,"50283910015973",patna,PATNA P2 - FEEDER WAREHOUSE,patna,Scheduled,"10216722",72,72,1872.0,"2026-08-12","2026-08-22","2026-08-22"
patna-10315341,"50283910015973",patna,PATNA P2 - FEEDER WAREHOUSE,patna,Scheduled,"10315341",48,48,1560.0,"2026-08-12","2026-08-22","2026-08-22"
patna-10315546,"50283910015973",patna,PATNA P2 - FEEDER WAREHOUSE,patna,Scheduled,"10315546",48,48,1560.0,"2026-08-12","2026-08-22","2026-08-22"
patna-10249578,"50283910016171",patna,PATNA P2 - FEEDER WAREHOUSE,patna,Scheduled,"10249578",24,24,18463.2,"2026-08-13","2026-08-22","2026-08-23"
patna-10265737,"50283910016171",patna,PATNA P2 - FEEDER WAREHOUSE,patna,Scheduled,"10265737",36,36,6804.0,"2026-08-13","2026-08-22","2026-08-23"
indore-10176797,"50993810014973",indore,INDORE I2 - FEEDER WAREHOUSE,indore,Scheduled,"10176797",180,180,6804.0,"2026-08-11","2026-08-18","2026-08-21"
indore-10216715,"50993810014973",indore,INDORE I2 - FEEDER WAREHOUSE,indore,Scheduled,"10216715",72,72,1872.0,"2026-08-11","2026-08-18","2026-08-21"
indore-10216726,"50993810014973",indore,INDORE I2 - FEEDER WAREHOUSE,indore,Scheduled,"10216726",72,72,1872.0,"2026-08-11","2026-08-18","2026-08-21"
indore-10249577,"50993810014973",indore,INDORE I2 - FEEDER WAREHOUSE,indore,Scheduled,"10249577",6,6,4615.8,"2026-08-11","2026-08-18","2026-08-21"
indore-10249578,"50993810015083",indore,INDORE I2 - FEEDER WAREHOUSE,indore,Scheduled,"10249578",24,24,18463.2,"2026-08-12","2026-08-18","2026-09-06"
indore-10252336,"50993810015083",indore,INDORE I2 - FEEDER WAREHOUSE,indore,Scheduled,"10252336",48,48,97406.4,"2026-08-12","2026-08-18","2026-09-06"
indore-10291036,"50993810015083",indore,INDORE I2 - FEEDER WAREHOUSE,indore,Scheduled,"10291036",24,24,18463.2,"2026-08-12","2026-08-18","2026-09-06"
indore-10315341,"50993810015083",indore,INDORE I2 - FEEDER WAREHOUSE,indore,Scheduled,"10315341",96,96,3120.0,"2026-08-12","2026-08-18","2026-09-06"
indore-10315546,"50993810015083",indore,INDORE I2 - FEEDER WAREHOUSE,indore,Scheduled,"10315546",48,48,1560.0,"2026-08-12","2026-08-18","2026-09-06"
indore-10176793,"50993810015362",indore,INDORE I2 - FEEDER WAREHOUSE,indore,Scheduled,"10176793",180,180,6804.0,"2026-08-13","2026-08-20","2026-08-23"
indore-10176795,"50993810015362",indore,INDORE I2 - FEEDER WAREHOUSE,indore,Scheduled,"10176795",180,180,6804.0,"2026-08-13","2026-08-20","2026-08-23"
indore-10216715,"50993810015362",indore,INDORE I2 - FEEDER WAREHOUSE,indore,Scheduled,"10216715",144,144,3744.0,"2026-08-13","2026-08-20","2026-08-23"
indore-10216722,"50993810015362",indore,INDORE I2 - FEEDER WAREHOUSE,indore,Scheduled,"10216722",72,72,1872.0,"2026-08-13","2026-08-20","2026-08-23"
indore-10216726,"50993810015362",indore,INDORE I2 - FEEDER WAREHOUSE,indore,Scheduled,"10216726",72,72,1872.0,"2026-08-13","2026-08-20","2026-08-23"
indore-10258761,"50993810015362",indore,INDORE I2 - FEEDER WAREHOUSE,indore,Scheduled,"10258761",36,36,6804.0,"2026-08-13","2026-08-20","2026-08-23"
indore-10260300,"50993810015362",indore,INDORE I2 - FEEDER WAREHOUSE,indore,Scheduled,"10260300",36,36,6804.0,"2026-08-13","2026-08-20","2026-08-23"
indore-10315341,"50993810015362",indore,INDORE I2 - FEEDER WAREHOUSE,indore,Scheduled,"10315341",48,48,1560.0,"2026-08-13","2026-08-20","2026-08-23"
indore-10315543,"50993810015362",indore,INDORE I2 - FEEDER WAREHOUSE,indore,Scheduled,"10315543",48,48,1560.0,"2026-08-13","2026-08-20","2026-08-23"
indore-10315547,"50993810015362",indore,INDORE I2 - FEEDER WAREHOUSE,indore,Scheduled,"10315547",48,48,1560.0,"2026-08-13","2026-08-20","2026-08-23"
ranchi-10216715,"51024410014605",ranchi,RANCHI R2 - FEEDER WAREHOUSE,ranchi,Scheduled,"10216715",216,216,5616.0,"2026-08-10","2026-08-18","2026-08-20"
ranchi-10216722,"51024410014605",ranchi,RANCHI R2 - FEEDER WAREHOUSE,ranchi,Scheduled,"10216722",144,144,3744.0,"2026-08-10","2026-08-18","2026-08-20"
ranchi-10315546,"51024410014605",ranchi,RANCHI R2 - FEEDER WAREHOUSE,ranchi,Scheduled,"10315546",48,48,1560.0,"2026-08-10","2026-08-18","2026-08-20"
ranchi-10176797,"51024410014953",ranchi,RANCHI R2 - FEEDER WAREHOUSE,ranchi,Scheduled,"10176797",180,180,6804.0,"2026-08-11","2026-08-19","2026-08-21"
ranchi-10216715,"51024410014953",ranchi,RANCHI R2 - FEEDER WAREHOUSE,ranchi,Scheduled,"10216715",144,144,3744.0,"2026-08-11","2026-08-19","2026-08-21"
ranchi-10216722,"51024410014953",ranchi,RANCHI R2 - FEEDER WAREHOUSE,ranchi,Scheduled,"10216722",72,72,1872.0,"2026-08-11","2026-08-19","2026-08-21"
ranchi-10216726,"51024410014953",ranchi,RANCHI R2 - FEEDER WAREHOUSE,ranchi,Scheduled,"10216726",72,72,1872.0,"2026-08-11","2026-08-19","2026-08-21"
ranchi-10249574,"51024410014953",ranchi,RANCHI R2 - FEEDER WAREHOUSE,ranchi,Scheduled,"10249574",12,12,24351.6,"2026-08-11","2026-08-19","2026-08-21"
ranchi-10252336,"51024410014953",ranchi,RANCHI R2 - FEEDER WAREHOUSE,ranchi,Scheduled,"10252336",12,12,24351.6,"2026-08-11","2026-08-19","2026-08-21"
ranchi-10199527,"51024410015429",ranchi,RANCHI R2 - FEEDER WAREHOUSE,ranchi,Scheduled,"10199527",180,180,6804.0,"2026-08-13","2026-08-20","2026-08-23"
ranchi-10216715,"51024410015429",ranchi,RANCHI R2 - FEEDER WAREHOUSE,ranchi,Scheduled,"10216715",144,144,3744.0,"2026-08-13","2026-08-20","2026-08-23"
ranchi-10216722,"51024410015429",ranchi,RANCHI R2 - FEEDER WAREHOUSE,ranchi,Scheduled,"10216722",144,144,3744.0,"2026-08-13","2026-08-20","2026-08-23"
ranchi-10216726,"51024410015429",ranchi,RANCHI R2 - FEEDER WAREHOUSE,ranchi,Scheduled,"10216726",144,144,3744.0,"2026-08-13","2026-08-20","2026-08-23"
ranchi-10265737,"51024410015429",ranchi,RANCHI R2 - FEEDER WAREHOUSE,ranchi,Scheduled,"10265737",36,36,6804.0,"2026-08-13","2026-08-20","2026-08-23"
ranchi-10315341,"51024410015429",ranchi,RANCHI R2 - FEEDER WAREHOUSE,ranchi,Scheduled,"10315341",48,48,1560.0,"2026-08-13","2026-08-20","2026-08-23"
ranchi-10315543,"51024410015429",ranchi,RANCHI R2 - FEEDER WAREHOUSE,ranchi,Scheduled,"10315543",48,48,1560.0,"2026-08-13","2026-08-20","2026-08-23"
ranchi-10315546,"51024410015429",ranchi,RANCHI R2 - FEEDER WAREHOUSE,ranchi,Scheduled,"10315546",144,144,4680.0,"2026-08-13","2026-08-20","2026-08-23"
ranchi-10315547,"51024410015429",ranchi,RANCHI R2 - FEEDER WAREHOUSE,ranchi,Scheduled,"10315547",48,48,1560.0,"2026-08-13","2026-08-20","2026-08-23"
surat-10176795,"51076110004079",surat,SURAT S2 - FEEDER WAREHOUSE,surat,Scheduled,"10176795",180,180,6804.0,"2026-08-10","2026-08-18","2026-08-22"
surat-10176797,"51076110004079",surat,SURAT S2 - FEEDER WAREHOUSE,surat,Scheduled,"10176797",180,180,6804.0,"2026-08-10","2026-08-18","2026-08-22"
surat-10216709,"51076110004079",surat,SURAT S2 - FEEDER WAREHOUSE,surat,Scheduled,"10216709",144,144,3744.0,"2026-08-10","2026-08-18","2026-08-22"
surat-10216715,"51076110004079",surat,SURAT S2 - FEEDER WAREHOUSE,surat,Scheduled,"10216715",504,504,13104.0,"2026-08-10","2026-08-18","2026-08-22"
surat-10216722,"51076110004079",surat,SURAT S2 - FEEDER WAREHOUSE,surat,Scheduled,"10216722",72,72,1872.0,"2026-08-10","2026-08-18","2026-08-22"
surat-10216726,"51076110004079",surat,SURAT S2 - FEEDER WAREHOUSE,surat,Scheduled,"10216726",72,72,1872.0,"2026-08-10","2026-08-18","2026-08-22"
surat-10249576,"51076110004079",surat,SURAT S2 - FEEDER WAREHOUSE,surat,Scheduled,"10249576",12,12,23511.6,"2026-08-10","2026-08-18","2026-08-22"
surat-10249577,"51076110004079",surat,SURAT S2 - FEEDER WAREHOUSE,surat,Scheduled,"10249577",36,36,27694.8,"2026-08-10","2026-08-18","2026-08-22"
surat-10252336,"51076110004079",surat,SURAT S2 - FEEDER WAREHOUSE,surat,Scheduled,"10252336",24,24,48703.2,"2026-08-10","2026-08-18","2026-08-22"
surat-10258761,"51076110004079",surat,SURAT S2 - FEEDER WAREHOUSE,surat,Scheduled,"10258761",36,36,6804.0,"2026-08-10","2026-08-18","2026-08-22"
surat-10265737,"51076110004079",surat,SURAT S2 - FEEDER WAREHOUSE,surat,Scheduled,"10265737",36,36,6804.0,"2026-08-10","2026-08-18","2026-08-22"
surat-10315341,"51076110004079",surat,SURAT S2 - FEEDER WAREHOUSE,surat,Scheduled,"10315341",192,192,6240.0,"2026-08-10","2026-08-18","2026-08-22"
surat-10315543,"51076110004079",surat,SURAT S2 - FEEDER WAREHOUSE,surat,Scheduled,"10315543",144,144,4680.0,"2026-08-10","2026-08-18","2026-08-22"
surat-10315546,"51076110004079",surat,SURAT S2 - FEEDER WAREHOUSE,surat,Scheduled,"10315546",144,144,4680.0,"2026-08-10","2026-08-18","2026-08-22"
surat-10315547,"51076110004079",surat,SURAT S2 - FEEDER WAREHOUSE,surat,Scheduled,"10315547",192,192,6240.0,"2026-08-10","2026-08-18","2026-08-22"
surat-10324645,"51076110004079",surat,SURAT S2 - FEEDER WAREHOUSE,surat,Scheduled,"10324645",144,144,11577.6,"2026-08-10","2026-08-18","2026-08-22"
surat-10216715,"51076110004408",surat,SURAT S2 - FEEDER WAREHOUSE,surat,Scheduled,"10216715",144,144,3744.0,"2026-08-11","2026-08-18","2026-08-23"
surat-10216722,"51076110004408",surat,SURAT S2 - FEEDER WAREHOUSE,surat,Scheduled,"10216722",72,72,1872.0,"2026-08-11","2026-08-18","2026-08-23"
surat-10249577,"51076110004408",surat,SURAT S2 - FEEDER WAREHOUSE,surat,Scheduled,"10249577",12,12,9231.6,"2026-08-11","2026-08-18","2026-08-23"
surat-10249578,"51076110004408",surat,SURAT S2 - FEEDER WAREHOUSE,surat,Scheduled,"10249578",24,24,18463.2,"2026-08-11","2026-08-18","2026-08-23"
surat-10292367,"51076110004408",surat,SURAT S2 - FEEDER WAREHOUSE,surat,Scheduled,"10292367",144,144,11095.2,"2026-08-11","2026-08-18","2026-08-23"
surat-10315546,"51076110004408",surat,SURAT S2 - FEEDER WAREHOUSE,surat,Scheduled,"10315546",96,96,3120.0,"2026-08-11","2026-08-18","2026-08-23"
surat-10176794,"51076110004621",surat,SURAT S2 - FEEDER WAREHOUSE,surat,Scheduled,"10176794",180,180,6804.0,"2026-08-12","2026-08-20","2026-08-24"
surat-10216722,"51076110004621",surat,SURAT S2 - FEEDER WAREHOUSE,surat,Scheduled,"10216722",72,72,1872.0,"2026-08-12","2026-08-20","2026-08-24"
surat-10216726,"51076110004621",surat,SURAT S2 - FEEDER WAREHOUSE,surat,Scheduled,"10216726",72,72,1872.0,"2026-08-12","2026-08-20","2026-08-24"
surat-10249576,"51076110004621",surat,SURAT S2 - FEEDER WAREHOUSE,surat,Scheduled,"10249576",12,12,23511.6,"2026-08-12","2026-08-20","2026-08-24"
surat-10249577,"51076110004621",surat,SURAT S2 - FEEDER WAREHOUSE,surat,Scheduled,"10249577",30,30,23079.0,"2026-08-12","2026-08-20","2026-08-24"
surat-10252336,"51076110004621",surat,SURAT S2 - FEEDER WAREHOUSE,surat,Scheduled,"10252336",12,12,24351.6,"2026-08-12","2026-08-20","2026-08-24"
surat-10291036,"51076110004621",surat,SURAT S2 - FEEDER WAREHOUSE,surat,Scheduled,"10291036",48,48,36926.4,"2026-08-12","2026-08-20","2026-08-24"
surat-10315341,"51076110004621",surat,SURAT S2 - FEEDER WAREHOUSE,surat,Scheduled,"10315341",96,96,3120.0,"2026-08-12","2026-08-20","2026-08-24"
surat-10176797,"51076110004846",surat,SURAT S2 - FEEDER WAREHOUSE,surat,Scheduled,"10176797",180,180,6804.0,"2026-08-13","2026-08-21","2026-08-25"
surat-10216715,"51076110004846",surat,SURAT S2 - FEEDER WAREHOUSE,surat,Scheduled,"10216715",288,288,7488.0,"2026-08-13","2026-08-21","2026-08-25"
surat-10216722,"51076110004846",surat,SURAT S2 - FEEDER WAREHOUSE,surat,Scheduled,"10216722",72,72,1872.0,"2026-08-13","2026-08-21","2026-08-25"
surat-10216726,"51076110004846",surat,SURAT S2 - FEEDER WAREHOUSE,surat,Scheduled,"10216726",72,72,1872.0,"2026-08-13","2026-08-21","2026-08-25"
surat-10249577,"51076110004846",surat,SURAT S2 - FEEDER WAREHOUSE,surat,Scheduled,"10249577",12,12,9231.6,"2026-08-13","2026-08-21","2026-08-25"
surat-10265740,"51076110004846",surat,SURAT S2 - FEEDER WAREHOUSE,surat,Scheduled,"10265740",180,180,6804.0,"2026-08-13","2026-08-21","2026-08-25"
surat-10291036,"51076110004846",surat,SURAT S2 - FEEDER WAREHOUSE,surat,Scheduled,"10291036",24,24,18463.2,"2026-08-13","2026-08-21","2026-08-25"
surat-10315341,"51076110004846",surat,SURAT S2 - FEEDER WAREHOUSE,surat,Scheduled,"10315341",48,48,1560.0,"2026-08-13","2026-08-21","2026-08-25"
surat-10324645,"51076110004846",surat,SURAT S2 - FEEDER WAREHOUSE,surat,Scheduled,"10324645",144,144,12060.0,"2026-08-13","2026-08-21","2026-08-25"
varanasi-10176793,"51116810014516",varanasi,VARANASI V2 - FEEDER WAREHOUSE,varanasi,Scheduled,"10176793",180,180,6804.0,"2026-08-10","2026-08-19","2026-08-21"
varanasi-10216715,"51116810014516",varanasi,VARANASI V2 - FEEDER WAREHOUSE,varanasi,Scheduled,"10216715",216,216,7020.0,"2026-08-10","2026-08-19","2026-08-21"
varanasi-10216722,"51116810014516",varanasi,VARANASI V2 - FEEDER WAREHOUSE,varanasi,Scheduled,"10216722",72,72,2340.0,"2026-08-10","2026-08-19","2026-08-21"
varanasi-10216726,"51116810014516",varanasi,VARANASI V2 - FEEDER WAREHOUSE,varanasi,Scheduled,"10216726",216,216,7020.0,"2026-08-10","2026-08-19","2026-08-21"
varanasi-10252336,"51116810014516",varanasi,VARANASI V2 - FEEDER WAREHOUSE,varanasi,Scheduled,"10252336",24,24,48703.2,"2026-08-10","2026-08-19","2026-08-21"
varanasi-10260300,"51116810014516",varanasi,VARANASI V2 - FEEDER WAREHOUSE,varanasi,Scheduled,"10260300",36,36,6804.0,"2026-08-10","2026-08-19","2026-08-21"
varanasi-10265737,"51116810014516",varanasi,VARANASI V2 - FEEDER WAREHOUSE,varanasi,Scheduled,"10265737",36,36,6804.0,"2026-08-10","2026-08-19","2026-08-21"
varanasi-10291036,"51116810014516",varanasi,VARANASI V2 - FEEDER WAREHOUSE,varanasi,Scheduled,"10291036",48,48,36926.4,"2026-08-10","2026-08-19","2026-08-21"
varanasi-10216715,"51116810014857",varanasi,VARANASI V2 - FEEDER WAREHOUSE,varanasi,Scheduled,"10216715",144,144,4680.0,"2026-08-11","2026-08-19","2026-08-22"
varanasi-10216722,"51116810014857",varanasi,VARANASI V2 - FEEDER WAREHOUSE,varanasi,Scheduled,"10216722",72,72,2340.0,"2026-08-11","2026-08-19","2026-08-22"
varanasi-10216726,"51116810014857",varanasi,VARANASI V2 - FEEDER WAREHOUSE,varanasi,Scheduled,"10216726",72,72,2340.0,"2026-08-11","2026-08-19","2026-08-22"
varanasi-10292367,"51116810014857",varanasi,VARANASI V2 - FEEDER WAREHOUSE,varanasi,Scheduled,"10292367",144,144,11095.2,"2026-08-11","2026-08-19","2026-08-22"
varanasi-10176795,"51116810015115",varanasi,VARANASI V2 - FEEDER WAREHOUSE,varanasi,Scheduled,"10176795",180,180,6804.0,"2026-08-12","2026-08-21","2026-08-23"
varanasi-10216709,"51116810015115",varanasi,VARANASI V2 - FEEDER WAREHOUSE,varanasi,Scheduled,"10216709",144,144,4680.0,"2026-08-12","2026-08-21","2026-08-23"
varanasi-10216715,"51116810015115",varanasi,VARANASI V2 - FEEDER WAREHOUSE,varanasi,Scheduled,"10216715",216,216,7020.0,"2026-08-12","2026-08-21","2026-08-23"
varanasi-10252336,"51116810015115",varanasi,VARANASI V2 - FEEDER WAREHOUSE,varanasi,Scheduled,"10252336",12,12,24351.6,"2026-08-12","2026-08-21","2026-08-23"
varanasi-10315546,"51116810015115",varanasi,VARANASI V2 - FEEDER WAREHOUSE,varanasi,Scheduled,"10315546",48,48,1560.0,"2026-08-12","2026-08-21","2026-08-23"
varanasi-10315547,"51116810015115",varanasi,VARANASI V2 - FEEDER WAREHOUSE,varanasi,Scheduled,"10315547",48,48,1560.0,"2026-08-12","2026-08-21","2026-08-23"
varanasi-10176794,"51116810015404",varanasi,VARANASI V2 - FEEDER WAREHOUSE,varanasi,Scheduled,"10176794",180,180,6804.0,"2026-08-13","2026-08-21","2026-08-24"
varanasi-10176797,"51116810015404",varanasi,VARANASI V2 - FEEDER WAREHOUSE,varanasi,Scheduled,"10176797",180,180,6804.0,"2026-08-13","2026-08-21","2026-08-24"
varanasi-10199527,"51116810015404",varanasi,VARANASI V2 - FEEDER WAREHOUSE,varanasi,Scheduled,"10199527",180,180,6804.0,"2026-08-13","2026-08-21","2026-08-24"
varanasi-10216715,"51116810015404",varanasi,VARANASI V2 - FEEDER WAREHOUSE,varanasi,Scheduled,"10216715",144,144,4680.0,"2026-08-13","2026-08-21","2026-08-24"
varanasi-10216726,"51116810015404",varanasi,VARANASI V2 - FEEDER WAREHOUSE,varanasi,Scheduled,"10216726",144,144,4680.0,"2026-08-13","2026-08-21","2026-08-24"
varanasi-10252336,"51116810015404",varanasi,VARANASI V2 - FEEDER WAREHOUSE,varanasi,Scheduled,"10252336",24,24,48703.2,"2026-08-13","2026-08-21","2026-08-24"
varanasi-10265737,"51116810015404",varanasi,VARANASI V2 - FEEDER WAREHOUSE,varanasi,Scheduled,"10265737",36,36,6804.0,"2026-08-13","2026-08-21","2026-08-24"
varanasi-10315543,"51116810015404",varanasi,VARANASI V2 - FEEDER WAREHOUSE,varanasi,Scheduled,"10315543",48,48,1560.0,"2026-08-13","2026-08-21","2026-08-24"
vijayawada-10176795,"51388610011914",vijayawada,VIJAYAWADA - FEEDER WAREHOUSE,vijayawada,Scheduled,"10176795",180,180,6804.0,"2026-08-07","2026-08-18","2026-08-25"
vijayawada-10216715,"51388610011914",vijayawada,VIJAYAWADA - FEEDER WAREHOUSE,vijayawada,Scheduled,"10216715",144,144,3744.0,"2026-08-07","2026-08-18","2026-08-25"
vijayawada-10216722,"51388610011914",vijayawada,VIJAYAWADA - FEEDER WAREHOUSE,vijayawada,Scheduled,"10216722",72,72,1872.0,"2026-08-07","2026-08-18","2026-08-25"
vijayawada-10216726,"51388610011914",vijayawada,VIJAYAWADA - FEEDER WAREHOUSE,vijayawada,Scheduled,"10216726",72,72,1872.0,"2026-08-07","2026-08-18","2026-08-25"
vijayawada-10249574,"51388610011914",vijayawada,VIJAYAWADA - FEEDER WAREHOUSE,vijayawada,Scheduled,"10249574",12,12,24351.6,"2026-08-07","2026-08-18","2026-08-25"
vijayawada-10249576,"51388610011914",vijayawada,VIJAYAWADA - FEEDER WAREHOUSE,vijayawada,Scheduled,"10249576",12,12,23511.6,"2026-08-07","2026-08-18","2026-08-25"
vijayawada-10258761,"51388610011914",vijayawada,VIJAYAWADA - FEEDER WAREHOUSE,vijayawada,Scheduled,"10258761",36,36,6804.0,"2026-08-07","2026-08-18","2026-08-25"
vijayawada-10291038,"51388610011914",vijayawada,VIJAYAWADA - FEEDER WAREHOUSE,vijayawada,Scheduled,"10291038",50,50,4830.0,"2026-08-07","2026-08-18","2026-08-25"
vijayawada-10292367,"51388610011914",vijayawada,VIJAYAWADA - FEEDER WAREHOUSE,vijayawada,Scheduled,"10292367",144,144,11095.2,"2026-08-07","2026-08-18","2026-08-25"
vijayawada-10315547,"51388610011914",vijayawada,VIJAYAWADA - FEEDER WAREHOUSE,vijayawada,Scheduled,"10315547",48,48,1560.0,"2026-08-07","2026-08-18","2026-08-25"
vijayawada-10216722,"51388610012005",vijayawada,VIJAYAWADA - FEEDER WAREHOUSE,vijayawada,Scheduled,"10216722",72,72,1872.0,"2026-08-08","2026-08-21","2026-08-25"
vijayawada-10216726,"51388610012005",vijayawada,VIJAYAWADA - FEEDER WAREHOUSE,vijayawada,Scheduled,"10216726",72,72,1872.0,"2026-08-08","2026-08-21","2026-08-25"
vijayawada-10258187,"51388610012005",vijayawada,VIJAYAWADA - FEEDER WAREHOUSE,vijayawada,Scheduled,"10258187",36,36,6804.0,"2026-08-08","2026-08-21","2026-08-25"
vijayawada-10315341,"51388610012005",vijayawada,VIJAYAWADA - FEEDER WAREHOUSE,vijayawada,Scheduled,"10315341",48,48,1560.0,"2026-08-08","2026-08-21","2026-08-25"
vijayawada-10315543,"51388610012005",vijayawada,VIJAYAWADA - FEEDER WAREHOUSE,vijayawada,Scheduled,"10315543",48,48,1560.0,"2026-08-08","2026-08-21","2026-08-25"
vijayawada-10315546,"51388610012005",vijayawada,VIJAYAWADA - FEEDER WAREHOUSE,vijayawada,Scheduled,"10315546",48,48,1560.0,"2026-08-08","2026-08-21","2026-08-25"
vijayawada-10176797,"51388610012124",vijayawada,VIJAYAWADA - FEEDER WAREHOUSE,vijayawada,Scheduled,"10176797",180,180,6804.0,"2026-08-10","2026-08-20","2026-08-25"
vijayawada-10199527,"51388610012124",vijayawada,VIJAYAWADA - FEEDER WAREHOUSE,vijayawada,Scheduled,"10199527",180,180,6804.0,"2026-08-10","2026-08-20","2026-08-25"
vijayawada-10216715,"51388610012124",vijayawada,VIJAYAWADA - FEEDER WAREHOUSE,vijayawada,Scheduled,"10216715",72,72,1872.0,"2026-08-10","2026-08-20","2026-08-25"
vijayawada-10176795,"51388610012598",vijayawada,VIJAYAWADA - FEEDER WAREHOUSE,vijayawada,Scheduled,"10176795",180,180,6804.0,"2026-08-11","2026-08-21","2026-08-21"
vijayawada-10216715,"51388610012598",vijayawada,VIJAYAWADA - FEEDER WAREHOUSE,vijayawada,Scheduled,"10216715",72,72,1872.0,"2026-08-11","2026-08-21","2026-08-21"
vijayawada-10216726,"51388610012598",vijayawada,VIJAYAWADA - FEEDER WAREHOUSE,vijayawada,Scheduled,"10216726",72,72,1872.0,"2026-08-11","2026-08-21","2026-08-21"
vijayawada-10260300,"51388610012598",vijayawada,VIJAYAWADA - FEEDER WAREHOUSE,vijayawada,Scheduled,"10260300",36,36,6804.0,"2026-08-11","2026-08-21","2026-08-21"
vijayawada-10292367,"51388610012598",vijayawada,VIJAYAWADA - FEEDER WAREHOUSE,vijayawada,Scheduled,"10292367",144,144,11095.2,"2026-08-11","2026-08-21","2026-08-21"
vijayawada-10176794,"51388610012846",vijayawada,VIJAYAWADA - FEEDER WAREHOUSE,vijayawada,Scheduled,"10176794",180,180,6804.0,"2026-08-12","2026-08-21","2026-09-06"
vijayawada-10216715,"51388610012846",vijayawada,VIJAYAWADA - FEEDER WAREHOUSE,vijayawada,Scheduled,"10216715",72,72,1872.0,"2026-08-12","2026-08-21","2026-09-06"
vijayawada-10252336,"51388610012846",vijayawada,VIJAYAWADA - FEEDER WAREHOUSE,vijayawada,Scheduled,"10252336",12,12,24351.6,"2026-08-12","2026-08-21","2026-09-06"
vijayawada-10265737,"51388610012846",vijayawada,VIJAYAWADA - FEEDER WAREHOUSE,vijayawada,Scheduled,"10265737",36,36,6804.0,"2026-08-12","2026-08-21","2026-09-06"
vijayawada-10265740,"51388610012846",vijayawada,VIJAYAWADA - FEEDER WAREHOUSE,vijayawada,Scheduled,"10265740",180,180,6804.0,"2026-08-12","2026-08-21","2026-09-06"
vijayawada-10176797,"51388610013167",vijayawada,VIJAYAWADA - FEEDER WAREHOUSE,vijayawada,Scheduled,"10176797",180,180,6804.0,"2026-08-14","2026-08-24","2026-08-24"
vijayawada-10216709,"51388610013167",vijayawada,VIJAYAWADA - FEEDER WAREHOUSE,vijayawada,Scheduled,"10216709",72,72,1872.0,"2026-08-14","2026-08-24","2026-08-24"
vijayawada-10216715,"51388610013167",vijayawada,VIJAYAWADA - FEEDER WAREHOUSE,vijayawada,Scheduled,"10216715",72,72,1872.0,"2026-08-14","2026-08-24","2026-08-24"
vijayawada-10216726,"51388610013167",vijayawada,VIJAYAWADA - FEEDER WAREHOUSE,vijayawada,Scheduled,"10216726",72,72,1872.0,"2026-08-14","2026-08-24","2026-08-24"
vijayawada-10315546,"51388610013167",vijayawada,VIJAYAWADA - FEEDER WAREHOUSE,vijayawada,Scheduled,"10315546",48,48,1560.0,"2026-08-14","2026-08-24","2026-08-24"
vijayawada-10315547,"51388610013167",vijayawada,VIJAYAWADA - FEEDER WAREHOUSE,vijayawada,Scheduled,"10315547",48,48,1560.0,"2026-08-14","2026-08-24","2026-08-24"
guwahati-10199527,"51894410003549",guwahati,GUWAHATI G2 - FEEDER WAREHOUSE,guwahati,Scheduled,"10199527",180,180,6804.0,"2026-08-08","2026-08-18","2026-08-18"
guwahati-10216726,"51894410003549",guwahati,GUWAHATI G2 - FEEDER WAREHOUSE,guwahati,Scheduled,"10216726",144,144,3744.0,"2026-08-08","2026-08-18","2026-08-18"
guwahati-10249574,"51894410003549",guwahati,GUWAHATI G2 - FEEDER WAREHOUSE,guwahati,Scheduled,"10249574",12,12,24351.6,"2026-08-08","2026-08-18","2026-08-18"
guwahati-10249576,"51894410003549",guwahati,GUWAHATI G2 - FEEDER WAREHOUSE,guwahati,Scheduled,"10249576",12,12,23511.6,"2026-08-08","2026-08-18","2026-08-18"
guwahati-10258761,"51894410003549",guwahati,GUWAHATI G2 - FEEDER WAREHOUSE,guwahati,Scheduled,"10258761",36,36,6804.0,"2026-08-08","2026-08-18","2026-08-18"
guwahati-10260300,"51894410003549",guwahati,GUWAHATI G2 - FEEDER WAREHOUSE,guwahati,Scheduled,"10260300",36,36,6804.0,"2026-08-08","2026-08-18","2026-08-18"
guwahati-10265737,"51894410003549",guwahati,GUWAHATI G2 - FEEDER WAREHOUSE,guwahati,Scheduled,"10265737",36,36,6804.0,"2026-08-08","2026-08-18","2026-08-18"
guwahati-10265740,"51894410003549",guwahati,GUWAHATI G2 - FEEDER WAREHOUSE,guwahati,Scheduled,"10265740",180,180,6804.0,"2026-08-08","2026-08-18","2026-08-18"
guwahati-10315546,"51894410003549",guwahati,GUWAHATI G2 - FEEDER WAREHOUSE,guwahati,Scheduled,"10315546",48,48,1560.0,"2026-08-08","2026-08-18","2026-08-18"
guwahati-10176795,"51894410003847",guwahati,GUWAHATI G2 - FEEDER WAREHOUSE,guwahati,Scheduled,"10176795",180,180,6804.0,"2026-08-10","2026-08-18","2026-08-20"
guwahati-10216709,"51894410003847",guwahati,GUWAHATI G2 - FEEDER WAREHOUSE,guwahati,Scheduled,"10216709",72,72,1872.0,"2026-08-10","2026-08-18","2026-08-20"
guwahati-10216715,"51894410003847",guwahati,GUWAHATI G2 - FEEDER WAREHOUSE,guwahati,Scheduled,"10216715",72,72,1872.0,"2026-08-10","2026-08-18","2026-08-20"
guwahati-10216726,"51894410003847",guwahati,GUWAHATI G2 - FEEDER WAREHOUSE,guwahati,Scheduled,"10216726",144,144,3744.0,"2026-08-10","2026-08-18","2026-08-20"
guwahati-10292367,"51894410003847",guwahati,GUWAHATI G2 - FEEDER WAREHOUSE,guwahati,Scheduled,"10292367",144,144,11095.2,"2026-08-10","2026-08-18","2026-08-20"
guwahati-10216715,"51894410004218",guwahati,GUWAHATI G2 - FEEDER WAREHOUSE,guwahati,Scheduled,"10216715",72,72,1872.0,"2026-08-12","2026-08-20","2026-08-22"
guwahati-10216726,"51894410004218",guwahati,GUWAHATI G2 - FEEDER WAREHOUSE,guwahati,Scheduled,"10216726",72,72,1872.0,"2026-08-12","2026-08-20","2026-08-22"
guwahati-10297369,"51894410004218",guwahati,GUWAHATI G2 - FEEDER WAREHOUSE,guwahati,Scheduled,"10297369",20,20,20986.0,"2026-08-12","2026-08-20","2026-08-22"
guwahati-10298083,"51894410004218",guwahati,GUWAHATI G2 - FEEDER WAREHOUSE,guwahati,Scheduled,"10298083",20,20,20986.0,"2026-08-12","2026-08-20","2026-08-22"
guwahati-10315546,"51894410004218",guwahati,GUWAHATI G2 - FEEDER WAREHOUSE,guwahati,Scheduled,"10315546",48,48,1560.0,"2026-08-12","2026-08-20","2026-08-22"
hyderabad-10176794,"52029210000299",hyderabad,HYDERABAD H4 - FEEDER WAREHOUSE,hyderabad,Scheduled,"10176794",180,180,6804.0,"2026-08-11","2026-08-21","2026-08-23"
hyderabad-10199527,"52029210000299",hyderabad,HYDERABAD H4 - FEEDER WAREHOUSE,hyderabad,Scheduled,"10199527",180,180,6804.0,"2026-08-11","2026-08-21","2026-08-23"
hyderabad-10298083,"52029210000299",hyderabad,HYDERABAD H4 - FEEDER WAREHOUSE,hyderabad,Scheduled,"10298083",20,20,20986.0,"2026-08-11","2026-08-21","2026-08-23"
hyderabad-10325396,"52029210000299",hyderabad,HYDERABAD H4 - FEEDER WAREHOUSE,hyderabad,Scheduled,"10325396",144,144,12060.0,"2026-08-11","2026-08-21","2026-08-23"
nagpur-10176795,"52221610000014",raipur,RAIPUR - FEEDER WAREHOUSE,nagpur,Scheduled,"10176795",180,180,6804.0,"2026-08-11","2026-08-24","2026-08-28"
nagpur-10176797,"52221610000014",raipur,RAIPUR - FEEDER WAREHOUSE,nagpur,Scheduled,"10176797",180,180,6804.0,"2026-08-11","2026-08-24","2026-08-28"
nagpur-10216709,"52221610000014",raipur,RAIPUR - FEEDER WAREHOUSE,nagpur,Scheduled,"10216709",72,72,1872.0,"2026-08-11","2026-08-24","2026-08-28"
nagpur-10216715,"52221610000014",raipur,RAIPUR - FEEDER WAREHOUSE,nagpur,Scheduled,"10216715",144,144,3744.0,"2026-08-11","2026-08-24","2026-08-28"
nagpur-10216722,"52221610000014",raipur,RAIPUR - FEEDER WAREHOUSE,nagpur,Scheduled,"10216722",72,72,1872.0,"2026-08-11","2026-08-24","2026-08-28"
nagpur-10216726,"52221610000014",raipur,RAIPUR - FEEDER WAREHOUSE,nagpur,Scheduled,"10216726",72,72,1872.0,"2026-08-11","2026-08-24","2026-08-28"
nagpur-10249574,"52221610000014",raipur,RAIPUR - FEEDER WAREHOUSE,nagpur,Scheduled,"10249574",12,12,24351.6,"2026-08-11","2026-08-24","2026-08-28"
nagpur-10249577,"52221610000014",raipur,RAIPUR - FEEDER WAREHOUSE,nagpur,Scheduled,"10249577",6,6,4615.8,"2026-08-11","2026-08-24","2026-08-28"
nagpur-10252336,"52221610000014",raipur,RAIPUR - FEEDER WAREHOUSE,nagpur,Scheduled,"10252336",12,12,24351.6,"2026-08-11","2026-08-24","2026-08-28"
nagpur-10258761,"52221610000014",raipur,RAIPUR - FEEDER WAREHOUSE,nagpur,Scheduled,"10258761",36,36,6804.0,"2026-08-11","2026-08-24","2026-08-28"
nagpur-10265740,"52221610000014",raipur,RAIPUR - FEEDER WAREHOUSE,nagpur,Scheduled,"10265740",180,180,6804.0,"2026-08-11","2026-08-24","2026-08-28"
nagpur-10292367,"52221610000014",raipur,RAIPUR - FEEDER WAREHOUSE,nagpur,Scheduled,"10292367",144,144,11095.2,"2026-08-11","2026-08-24","2026-08-28"
nagpur-10315341,"52221610000014",raipur,RAIPUR - FEEDER WAREHOUSE,nagpur,Scheduled,"10315341",48,48,1560.0,"2026-08-11","2026-08-24","2026-08-28"
nagpur-10315546,"52221610000014",raipur,RAIPUR - FEEDER WAREHOUSE,nagpur,Scheduled,"10315546",48,48,1560.0,"2026-08-11","2026-08-24","2026-08-28"
nagpur-10315547,"52221610000014",raipur,RAIPUR - FEEDER WAREHOUSE,nagpur,Scheduled,"10315547",48,48,1560.0,"2026-08-11","2026-08-24","2026-08-28"
nagpur-10176793,"52221610000026",raipur,RAIPUR - FEEDER WAREHOUSE,nagpur,Scheduled,"10176793",180,180,6804.0,"2026-08-13","2026-08-24","2026-08-28"
nagpur-10265737,"52221610000026",raipur,RAIPUR - FEEDER WAREHOUSE,nagpur,Scheduled,"10265737",72,72,13608.0,"2026-08-13","2026-08-24","2026-08-28"
farukhnagar-10176795,"5383910068267",farukhnagar,FARUKHNAGAR F2 - FEEDER WAREHOUSE,farukhnagar,Scheduled,"10176795",360,360,13608.0,"2026-08-12","2026-08-19","2026-08-19"
farukhnagar-10176797,"5383910068267",farukhnagar,FARUKHNAGAR F2 - FEEDER WAREHOUSE,farukhnagar,Scheduled,"10176797",360,360,13608.0,"2026-08-12","2026-08-19","2026-08-19"
farukhnagar-10216709,"5383910068267",farukhnagar,FARUKHNAGAR F2 - FEEDER WAREHOUSE,farukhnagar,Scheduled,"10216709",144,144,3744.0,"2026-08-12","2026-08-19","2026-08-19"
farukhnagar-10216715,"5383910068267",farukhnagar,FARUKHNAGAR F2 - FEEDER WAREHOUSE,farukhnagar,Scheduled,"10216715",1224,1224,31824.0,"2026-08-12","2026-08-19","2026-08-19"
farukhnagar-10216722,"5383910068267",farukhnagar,FARUKHNAGAR F2 - FEEDER WAREHOUSE,farukhnagar,Scheduled,"10216722",144,144,3744.0,"2026-08-12","2026-08-19","2026-08-19"
farukhnagar-10216726,"5383910068267",farukhnagar,FARUKHNAGAR F2 - FEEDER WAREHOUSE,farukhnagar,Scheduled,"10216726",504,504,13104.0,"2026-08-12","2026-08-19","2026-08-19"
farukhnagar-10258761,"5383910068267",farukhnagar,FARUKHNAGAR F2 - FEEDER WAREHOUSE,farukhnagar,Scheduled,"10258761",36,36,6804.0,"2026-08-12","2026-08-19","2026-08-19"
farukhnagar-10260300,"5383910068267",farukhnagar,FARUKHNAGAR F2 - FEEDER WAREHOUSE,farukhnagar,Scheduled,"10260300",36,36,6804.0,"2026-08-12","2026-08-19","2026-08-19"
farukhnagar-10265737,"5383910068267",farukhnagar,FARUKHNAGAR F2 - FEEDER WAREHOUSE,farukhnagar,Scheduled,"10265737",144,144,27216.0,"2026-08-12","2026-08-19","2026-08-19"
farukhnagar-10292367,"5383910068267",farukhnagar,FARUKHNAGAR F2 - FEEDER WAREHOUSE,farukhnagar,Scheduled,"10292367",288,288,22190.4,"2026-08-12","2026-08-19","2026-08-19"
farukhnagar-10315341,"5383910068267",farukhnagar,FARUKHNAGAR F2 - FEEDER WAREHOUSE,farukhnagar,Scheduled,"10315341",96,96,3120.0,"2026-08-12","2026-08-19","2026-08-19"
farukhnagar-10315543,"5383910068267",farukhnagar,FARUKHNAGAR F2 - FEEDER WAREHOUSE,farukhnagar,Scheduled,"10315543",48,48,1560.0,"2026-08-12","2026-08-19","2026-08-19"
farukhnagar-10315546,"5383910068267",farukhnagar,FARUKHNAGAR F2 - FEEDER WAREHOUSE,farukhnagar,Scheduled,"10315546",96,96,3120.0,"2026-08-12","2026-08-19","2026-08-19"
farukhnagar-10315547,"5383910068267",farukhnagar,FARUKHNAGAR F2 - FEEDER WAREHOUSE,farukhnagar,Scheduled,"10315547",96,96,3120.0,"2026-08-12","2026-08-19","2026-08-19"
farukhnagar-10249577,"5383910068512",farukhnagar,FARUKHNAGAR F2 - FEEDER WAREHOUSE,farukhnagar,Scheduled,"10249577",12,12,9231.6,"2026-08-12","2026-08-18","2026-08-18"
farukhnagar-10249578,"5383910068512",farukhnagar,FARUKHNAGAR F2 - FEEDER WAREHOUSE,farukhnagar,Scheduled,"10249578",48,48,36926.4,"2026-08-12","2026-08-18","2026-08-18"
farukhnagar-10291036,"5383910068512",farukhnagar,FARUKHNAGAR F2 - FEEDER WAREHOUSE,farukhnagar,Scheduled,"10291036",48,48,36926.4,"2026-08-12","2026-08-18","2026-08-18"
farukhnagar-10176794,"5383910068788",farukhnagar,FARUKHNAGAR F2 - FEEDER WAREHOUSE,farukhnagar,Scheduled,"10176794",180,180,6804.0,"2026-08-13","2026-08-19","2026-08-20"
farukhnagar-10176795,"5383910068788",farukhnagar,FARUKHNAGAR F2 - FEEDER WAREHOUSE,farukhnagar,Scheduled,"10176795",180,180,6804.0,"2026-08-13","2026-08-19","2026-08-20"
farukhnagar-10176797,"5383910068788",farukhnagar,FARUKHNAGAR F2 - FEEDER WAREHOUSE,farukhnagar,Scheduled,"10176797",360,360,13608.0,"2026-08-13","2026-08-19","2026-08-20"
farukhnagar-10199527,"5383910068788",farukhnagar,FARUKHNAGAR F2 - FEEDER WAREHOUSE,farukhnagar,Scheduled,"10199527",180,180,6804.0,"2026-08-13","2026-08-19","2026-08-20"
farukhnagar-10216715,"5383910068788",farukhnagar,FARUKHNAGAR F2 - FEEDER WAREHOUSE,farukhnagar,Scheduled,"10216715",648,648,16848.0,"2026-08-13","2026-08-19","2026-08-20"
farukhnagar-10216722,"5383910068788",farukhnagar,FARUKHNAGAR F2 - FEEDER WAREHOUSE,farukhnagar,Scheduled,"10216722",72,72,1872.0,"2026-08-13","2026-08-19","2026-08-20"
farukhnagar-10216726,"5383910068788",farukhnagar,FARUKHNAGAR F2 - FEEDER WAREHOUSE,farukhnagar,Scheduled,"10216726",144,144,3744.0,"2026-08-13","2026-08-19","2026-08-20"
farukhnagar-10258187,"5383910068788",farukhnagar,FARUKHNAGAR F2 - FEEDER WAREHOUSE,farukhnagar,Scheduled,"10258187",36,36,6804.0,"2026-08-13","2026-08-19","2026-08-20"
farukhnagar-10258333,"5383910068788",farukhnagar,FARUKHNAGAR F2 - FEEDER WAREHOUSE,farukhnagar,Scheduled,"10258333",36,36,6804.0,"2026-08-13","2026-08-19","2026-08-20"
farukhnagar-10260300,"5383910068788",farukhnagar,FARUKHNAGAR F2 - FEEDER WAREHOUSE,farukhnagar,Scheduled,"10260300",36,36,6804.0,"2026-08-13","2026-08-19","2026-08-20"
farukhnagar-10265737,"5383910068788",farukhnagar,FARUKHNAGAR F2 - FEEDER WAREHOUSE,farukhnagar,Scheduled,"10265737",36,36,6804.0,"2026-08-13","2026-08-19","2026-08-20"
farukhnagar-10265740,"5383910068788",farukhnagar,FARUKHNAGAR F2 - FEEDER WAREHOUSE,farukhnagar,Scheduled,"10265740",180,180,6804.0,"2026-08-13","2026-08-19","2026-08-20"
farukhnagar-10292367,"5383910068788",farukhnagar,FARUKHNAGAR F2 - FEEDER WAREHOUSE,farukhnagar,Scheduled,"10292367",144,144,11095.2,"2026-08-13","2026-08-19","2026-08-20"
farukhnagar-10315341,"5383910068788",farukhnagar,FARUKHNAGAR F2 - FEEDER WAREHOUSE,farukhnagar,Scheduled,"10315341",96,96,3120.0,"2026-08-13","2026-08-19","2026-08-20"
farukhnagar-10315543,"5383910068788",farukhnagar,FARUKHNAGAR F2 - FEEDER WAREHOUSE,farukhnagar,Scheduled,"10315543",48,48,1560.0,"2026-08-13","2026-08-19","2026-08-20"
farukhnagar-10315546,"5383910068788",farukhnagar,FARUKHNAGAR F2 - FEEDER WAREHOUSE,farukhnagar,Scheduled,"10315546",96,96,3120.0,"2026-08-13","2026-08-19","2026-08-20"
farukhnagar-10315547,"5383910068788",farukhnagar,FARUKHNAGAR F2 - FEEDER WAREHOUSE,farukhnagar,Scheduled,"10315547",96,96,3120.0,"2026-08-13","2026-08-19","2026-08-20"
farukhnagar-10176795,"5383910069131",farukhnagar,FARUKHNAGAR F2 - FEEDER WAREHOUSE,farukhnagar,Scheduled,"10176795",360,360,13608.0,"2026-08-14","2026-08-18","2026-08-21"
farukhnagar-10176797,"5383910069131",farukhnagar,FARUKHNAGAR F2 - FEEDER WAREHOUSE,farukhnagar,Scheduled,"10176797",360,360,13608.0,"2026-08-14","2026-08-18","2026-08-21"
farukhnagar-10216709,"5383910069131",farukhnagar,FARUKHNAGAR F2 - FEEDER WAREHOUSE,farukhnagar,Scheduled,"10216709",72,72,1872.0,"2026-08-14","2026-08-18","2026-08-21"
farukhnagar-10216715,"5383910069131",farukhnagar,FARUKHNAGAR F2 - FEEDER WAREHOUSE,farukhnagar,Scheduled,"10216715",288,288,7488.0,"2026-08-14","2026-08-18","2026-08-21"
farukhnagar-10216722,"5383910069131",farukhnagar,FARUKHNAGAR F2 - FEEDER WAREHOUSE,farukhnagar,Scheduled,"10216722",144,144,3744.0,"2026-08-14","2026-08-18","2026-08-21"
farukhnagar-10216726,"5383910069131",farukhnagar,FARUKHNAGAR F2 - FEEDER WAREHOUSE,farukhnagar,Scheduled,"10216726",360,360,9360.0,"2026-08-14","2026-08-18","2026-08-21"
farukhnagar-10258761,"5383910069131",farukhnagar,FARUKHNAGAR F2 - FEEDER WAREHOUSE,farukhnagar,Scheduled,"10258761",36,36,6804.0,"2026-08-14","2026-08-18","2026-08-21"
farukhnagar-10292367,"5383910069131",farukhnagar,FARUKHNAGAR F2 - FEEDER WAREHOUSE,farukhnagar,Scheduled,"10292367",144,144,11095.2,"2026-08-14","2026-08-18","2026-08-21"
farukhnagar-10315341,"5383910069131",farukhnagar,FARUKHNAGAR F2 - FEEDER WAREHOUSE,farukhnagar,Scheduled,"10315341",48,48,1560.0,"2026-08-14","2026-08-18","2026-08-21"
farukhnagar-10315543,"5383910069131",farukhnagar,FARUKHNAGAR F2 - FEEDER WAREHOUSE,farukhnagar,Scheduled,"10315543",96,96,3120.0,"2026-08-14","2026-08-18","2026-08-21"
farukhnagar-10315546,"5383910069131",farukhnagar,FARUKHNAGAR F2 - FEEDER WAREHOUSE,farukhnagar,Scheduled,"10315546",672,672,21840.0,"2026-08-14","2026-08-18","2026-08-21"
farukhnagar-10315547,"5383910069131",farukhnagar,FARUKHNAGAR F2 - FEEDER WAREHOUSE,farukhnagar,Scheduled,"10315547",480,480,15600.0,"2026-08-14","2026-08-18","2026-08-21"
farukhnagar-10324645,"5383910069131",farukhnagar,FARUKHNAGAR F2 - FEEDER WAREHOUSE,farukhnagar,Scheduled,"10324645",288,288,24120.0,"2026-08-14","2026-08-18","2026-08-21"
farukhnagar-10325396,"5383910069131",farukhnagar,FARUKHNAGAR F2 - FEEDER WAREHOUSE,farukhnagar,Scheduled,"10325396",288,288,24120.0,"2026-08-14","2026-08-18","2026-08-21"
farukhnagar-10249577,"5383910069408",farukhnagar,FARUKHNAGAR F2 - FEEDER WAREHOUSE,farukhnagar,Scheduled,"10249577",6,6,4615.8,"2026-08-14","2026-08-18","2026-08-20"
farukhnagar-10249578,"5383910069408",farukhnagar,FARUKHNAGAR F2 - FEEDER WAREHOUSE,farukhnagar,Scheduled,"10249578",24,24,18463.2,"2026-08-14","2026-08-18","2026-08-20"
farukhnagar-10291036,"5383910069408",farukhnagar,FARUKHNAGAR F2 - FEEDER WAREHOUSE,farukhnagar,Scheduled,"10291036",96,96,73852.8,"2026-08-14","2026-08-18","2026-08-20"
farukhnagar-10291038,"5383910069408",farukhnagar,FARUKHNAGAR F2 - FEEDER WAREHOUSE,farukhnagar,Scheduled,"10291038",180,180,17388.0,"2026-08-14","2026-08-18","2026-08-20"
farukhnagar-10297369,"5383910069408",farukhnagar,FARUKHNAGAR F2 - FEEDER WAREHOUSE,farukhnagar,Scheduled,"10297369",40,40,41972.0,"2026-08-14","2026-08-18","2026-08-20"
farukhnagar-10249577,"5383910069571",farukhnagar,FARUKHNAGAR F2 - FEEDER WAREHOUSE,farukhnagar,Scheduled,"10249577",66,66,50773.8,"2026-08-15","2026-08-19","2026-08-21"
farukhnagar-10249578,"5383910069571",farukhnagar,FARUKHNAGAR F2 - FEEDER WAREHOUSE,farukhnagar,Scheduled,"10249578",24,24,18463.2,"2026-08-15","2026-08-19","2026-08-21"
farukhnagar-10291036,"5383910069571",farukhnagar,FARUKHNAGAR F2 - FEEDER WAREHOUSE,farukhnagar,Scheduled,"10291036",24,24,18463.2,"2026-08-15","2026-08-19","2026-08-21"
farukhnagar-10297369,"5383910069571",farukhnagar,FARUKHNAGAR F2 - FEEDER WAREHOUSE,farukhnagar,Scheduled,"10297369",40,40,41972.0,"2026-08-15","2026-08-19","2026-08-21"
farukhnagar-10298083,"5383910069571",farukhnagar,FARUKHNAGAR F2 - FEEDER WAREHOUSE,farukhnagar,Scheduled,"10298083",80,80,83944.0,"2026-08-15","2026-08-19","2026-08-21"
farukhnagar-10176793,"5383910069593",farukhnagar,FARUKHNAGAR F2 - FEEDER WAREHOUSE,farukhnagar,Scheduled,"10176793",180,180,6804.0,"2026-08-15","2026-08-20","2026-08-22"
farukhnagar-10176794,"5383910069593",farukhnagar,FARUKHNAGAR F2 - FEEDER WAREHOUSE,farukhnagar,Scheduled,"10176794",180,180,6804.0,"2026-08-15","2026-08-20","2026-08-22"
farukhnagar-10176795,"5383910069593",farukhnagar,FARUKHNAGAR F2 - FEEDER WAREHOUSE,farukhnagar,Scheduled,"10176795",720,720,27216.0,"2026-08-15","2026-08-20","2026-08-22"
farukhnagar-10176797,"5383910069593",farukhnagar,FARUKHNAGAR F2 - FEEDER WAREHOUSE,farukhnagar,Scheduled,"10176797",720,720,27216.0,"2026-08-15","2026-08-20","2026-08-22"
farukhnagar-10199527,"5383910069593",farukhnagar,FARUKHNAGAR F2 - FEEDER WAREHOUSE,farukhnagar,Scheduled,"10199527",180,180,6804.0,"2026-08-15","2026-08-20","2026-08-22"
farukhnagar-10216709,"5383910069593",farukhnagar,FARUKHNAGAR F2 - FEEDER WAREHOUSE,farukhnagar,Scheduled,"10216709",144,144,3744.0,"2026-08-15","2026-08-20","2026-08-22"
farukhnagar-10216715,"5383910069593",farukhnagar,FARUKHNAGAR F2 - FEEDER WAREHOUSE,farukhnagar,Scheduled,"10216715",1368,1368,35568.0,"2026-08-15","2026-08-20","2026-08-22"
farukhnagar-10216722,"5383910069593",farukhnagar,FARUKHNAGAR F2 - FEEDER WAREHOUSE,farukhnagar,Scheduled,"10216722",144,144,3744.0,"2026-08-15","2026-08-20","2026-08-22"
farukhnagar-10216726,"5383910069593",farukhnagar,FARUKHNAGAR F2 - FEEDER WAREHOUSE,farukhnagar,Scheduled,"10216726",864,864,22464.0,"2026-08-15","2026-08-20","2026-08-22"
farukhnagar-10258333,"5383910069593",farukhnagar,FARUKHNAGAR F2 - FEEDER WAREHOUSE,farukhnagar,Scheduled,"10258333",36,36,6804.0,"2026-08-15","2026-08-20","2026-08-22"
farukhnagar-10258761,"5383910069593",farukhnagar,FARUKHNAGAR F2 - FEEDER WAREHOUSE,farukhnagar,Scheduled,"10258761",36,36,6804.0,"2026-08-15","2026-08-20","2026-08-22"
farukhnagar-10260300,"5383910069593",farukhnagar,FARUKHNAGAR F2 - FEEDER WAREHOUSE,farukhnagar,Scheduled,"10260300",108,108,20412.0,"2026-08-15","2026-08-20","2026-08-22"
farukhnagar-10265737,"5383910069593",farukhnagar,FARUKHNAGAR F2 - FEEDER WAREHOUSE,farukhnagar,Scheduled,"10265737",108,108,20412.0,"2026-08-15","2026-08-20","2026-08-22"
farukhnagar-10265740,"5383910069593",farukhnagar,FARUKHNAGAR F2 - FEEDER WAREHOUSE,farukhnagar,Scheduled,"10265740",180,180,6804.0,"2026-08-15","2026-08-20","2026-08-22"
farukhnagar-10292367,"5383910069593",farukhnagar,FARUKHNAGAR F2 - FEEDER WAREHOUSE,farukhnagar,Scheduled,"10292367",288,288,22190.4,"2026-08-15","2026-08-20","2026-08-22"
farukhnagar-10315341,"5383910069593",farukhnagar,FARUKHNAGAR F2 - FEEDER WAREHOUSE,farukhnagar,Scheduled,"10315341",192,192,6240.0,"2026-08-15","2026-08-20","2026-08-22"
farukhnagar-10315543,"5383910069593",farukhnagar,FARUKHNAGAR F2 - FEEDER WAREHOUSE,farukhnagar,Scheduled,"10315543",48,48,1560.0,"2026-08-15","2026-08-20","2026-08-22"
farukhnagar-10315546,"5383910069593",farukhnagar,FARUKHNAGAR F2 - FEEDER WAREHOUSE,farukhnagar,Scheduled,"10315546",336,336,10920.0,"2026-08-15","2026-08-20","2026-08-22"
farukhnagar-10315547,"5383910069593",farukhnagar,FARUKHNAGAR F2 - FEEDER WAREHOUSE,farukhnagar,Scheduled,"10315547",288,288,9360.0,"2026-08-15","2026-08-20","2026-08-22"
farukhnagar-10315586,"5383910069593",farukhnagar,FARUKHNAGAR F2 - FEEDER WAREHOUSE,farukhnagar,Scheduled,"10315586",36,36,6804.0,"2026-08-15","2026-08-20","2026-08-22"
farukhnagar-10324645,"5383910069593",farukhnagar,FARUKHNAGAR F2 - FEEDER WAREHOUSE,farukhnagar,Scheduled,"10324645",288,288,24120.0,"2026-08-15","2026-08-20","2026-08-22"
farukhnagar-10325396,"5383910069593",farukhnagar,FARUKHNAGAR F2 - FEEDER WAREHOUSE,farukhnagar,Scheduled,"10325396",288,288,24120.0,"2026-08-15","2026-08-20","2026-08-22"
bhubaneswar-10176793,"5407610027371",bhubaneswar,BHUBANESWAR B1 - FEEDER WAREHOUSE,bhubaneswar,Scheduled,"10176793",180,180,6804.0,"2026-08-12","2026-08-19","2026-08-23"
bhubaneswar-10176794,"5407610027371",bhubaneswar,BHUBANESWAR B1 - FEEDER WAREHOUSE,bhubaneswar,Scheduled,"10176794",180,180,6804.0,"2026-08-12","2026-08-19","2026-08-23"
bhubaneswar-10176795,"5407610027371",bhubaneswar,BHUBANESWAR B1 - FEEDER WAREHOUSE,bhubaneswar,Scheduled,"10176795",180,180,6804.0,"2026-08-12","2026-08-19","2026-08-23"
bhubaneswar-10216715,"5407610027371",bhubaneswar,BHUBANESWAR B1 - FEEDER WAREHOUSE,bhubaneswar,Scheduled,"10216715",360,360,9360.0,"2026-08-12","2026-08-19","2026-08-23"
bhubaneswar-10216722,"5407610027371",bhubaneswar,BHUBANESWAR B1 - FEEDER WAREHOUSE,bhubaneswar,Scheduled,"10216722",216,216,5616.0,"2026-08-12","2026-08-19","2026-08-23"
bhubaneswar-10216726,"5407610027371",bhubaneswar,BHUBANESWAR B1 - FEEDER WAREHOUSE,bhubaneswar,Scheduled,"10216726",144,144,3744.0,"2026-08-12","2026-08-19","2026-08-23"
bhubaneswar-10249578,"5407610027371",bhubaneswar,BHUBANESWAR B1 - FEEDER WAREHOUSE,bhubaneswar,Scheduled,"10249578",24,24,18463.2,"2026-08-12","2026-08-19","2026-08-23"
bhubaneswar-10258761,"5407610027371",bhubaneswar,BHUBANESWAR B1 - FEEDER WAREHOUSE,bhubaneswar,Scheduled,"10258761",36,36,6804.0,"2026-08-12","2026-08-19","2026-08-23"
bhubaneswar-10265737,"5407610027371",bhubaneswar,BHUBANESWAR B1 - FEEDER WAREHOUSE,bhubaneswar,Scheduled,"10265737",36,36,6804.0,"2026-08-12","2026-08-19","2026-08-23"
bhubaneswar-10315341,"5407610027371",bhubaneswar,BHUBANESWAR B1 - FEEDER WAREHOUSE,bhubaneswar,Scheduled,"10315341",48,48,1560.0,"2026-08-12","2026-08-19","2026-08-23"
bhubaneswar-10315543,"5407610027371",bhubaneswar,BHUBANESWAR B1 - FEEDER WAREHOUSE,bhubaneswar,Scheduled,"10315543",96,96,3120.0,"2026-08-12","2026-08-19","2026-08-23"
bhubaneswar-10315546,"5407610027371",bhubaneswar,BHUBANESWAR B1 - FEEDER WAREHOUSE,bhubaneswar,Scheduled,"10315546",48,48,1560.0,"2026-08-12","2026-08-19","2026-08-23"
bhubaneswar-10315586,"5407610027371",bhubaneswar,BHUBANESWAR B1 - FEEDER WAREHOUSE,bhubaneswar,Scheduled,"10315586",36,36,6804.0,"2026-08-12","2026-08-19","2026-08-23"
mumbai-10176793,"5625710053542",mumbai,MUMBAI M11 - FEEDER WAREHOUSE,mumbai,Scheduled,"10176793",180,180,6804.0,"2026-08-03","2026-08-20","2026-08-22"
mumbai-10176794,"5625710053542",mumbai,MUMBAI M11 - FEEDER WAREHOUSE,mumbai,Scheduled,"10176794",180,180,6804.0,"2026-08-03","2026-08-20","2026-08-22"
mumbai-10176795,"5625710053542",mumbai,MUMBAI M11 - FEEDER WAREHOUSE,mumbai,Scheduled,"10176795",180,180,6804.0,"2026-08-03","2026-08-20","2026-08-22"
mumbai-10176797,"5625710053542",mumbai,MUMBAI M11 - FEEDER WAREHOUSE,mumbai,Scheduled,"10176797",180,180,6804.0,"2026-08-03","2026-08-20","2026-08-22"
mumbai-10216709,"5625710053542",mumbai,MUMBAI M11 - FEEDER WAREHOUSE,mumbai,Scheduled,"10216709",72,72,1872.0,"2026-08-03","2026-08-20","2026-08-22"
mumbai-10216715,"5625710053542",mumbai,MUMBAI M11 - FEEDER WAREHOUSE,mumbai,Scheduled,"10216715",72,72,1872.0,"2026-08-03","2026-08-20","2026-08-22"
mumbai-10216726,"5625710053542",mumbai,MUMBAI M11 - FEEDER WAREHOUSE,mumbai,Scheduled,"10216726",72,72,1872.0,"2026-08-03","2026-08-20","2026-08-22"
mumbai-10258761,"5625710053542",mumbai,MUMBAI M11 - FEEDER WAREHOUSE,mumbai,Scheduled,"10258761",36,36,6804.0,"2026-08-03","2026-08-20","2026-08-22"
mumbai-10260300,"5625710053542",mumbai,MUMBAI M11 - FEEDER WAREHOUSE,mumbai,Scheduled,"10260300",36,36,6804.0,"2026-08-03","2026-08-20","2026-08-22"
mumbai-10265740,"5625710053542",mumbai,MUMBAI M11 - FEEDER WAREHOUSE,mumbai,Scheduled,"10265740",180,180,6804.0,"2026-08-03","2026-08-20","2026-08-22"
mumbai-10291036,"5625710053542",mumbai,MUMBAI M11 - FEEDER WAREHOUSE,mumbai,Scheduled,"10291036",72,72,55389.6,"2026-08-03","2026-08-20","2026-08-22"
mumbai-10315341,"5625710053542",mumbai,MUMBAI M11 - FEEDER WAREHOUSE,mumbai,Scheduled,"10315341",48,48,1560.0,"2026-08-03","2026-08-20","2026-08-22"
mumbai-10315546,"5625710053542",mumbai,MUMBAI M11 - FEEDER WAREHOUSE,mumbai,Scheduled,"10315546",96,96,3120.0,"2026-08-03","2026-08-20","2026-08-22"
mumbai-10324645,"5625710053542",mumbai,MUMBAI M11 - FEEDER WAREHOUSE,mumbai,Scheduled,"10324645",144,144,12060.0,"2026-08-03","2026-08-20","2026-08-22"
mumbai-10325396,"5625710053542",mumbai,MUMBAI M11 - FEEDER WAREHOUSE,mumbai,Scheduled,"10325396",144,144,12060.0,"2026-08-03","2026-08-20","2026-08-22"
mumbai-10176794,"5625710056407",mumbai,MUMBAI M11 - FEEDER WAREHOUSE,mumbai,Scheduled,"10176794",180,180,6804.0,"2026-08-13","2026-08-18","2026-08-19"
mumbai-10176797,"5625710056407",mumbai,MUMBAI M11 - FEEDER WAREHOUSE,mumbai,Scheduled,"10176797",180,180,6804.0,"2026-08-13","2026-08-18","2026-08-19"
mumbai-10216715,"5625710056407",mumbai,MUMBAI M11 - FEEDER WAREHOUSE,mumbai,Scheduled,"10216715",288,288,7488.0,"2026-08-13","2026-08-18","2026-08-19"
mumbai-10216722,"5625710056407",mumbai,MUMBAI M11 - FEEDER WAREHOUSE,mumbai,Scheduled,"10216722",72,72,1872.0,"2026-08-13","2026-08-18","2026-08-19"
mumbai-10216726,"5625710056407",mumbai,MUMBAI M11 - FEEDER WAREHOUSE,mumbai,Scheduled,"10216726",144,144,3744.0,"2026-08-13","2026-08-18","2026-08-19"
mumbai-10258761,"5625710056407",mumbai,MUMBAI M11 - FEEDER WAREHOUSE,mumbai,Scheduled,"10258761",36,36,6804.0,"2026-08-13","2026-08-18","2026-08-19"
mumbai-10265740,"5625710056407",mumbai,MUMBAI M11 - FEEDER WAREHOUSE,mumbai,Scheduled,"10265740",180,180,6804.0,"2026-08-13","2026-08-18","2026-08-19"
mumbai-10292367,"5625710056407",mumbai,MUMBAI M11 - FEEDER WAREHOUSE,mumbai,Scheduled,"10292367",144,144,11095.2,"2026-08-13","2026-08-18","2026-08-19"
mumbai-10315341,"5625710056407",mumbai,MUMBAI M11 - FEEDER WAREHOUSE,mumbai,Scheduled,"10315341",96,96,3120.0,"2026-08-13","2026-08-18","2026-08-19"
mumbai-10315543,"5625710056407",mumbai,MUMBAI M11 - FEEDER WAREHOUSE,mumbai,Scheduled,"10315543",48,48,1560.0,"2026-08-13","2026-08-18","2026-08-19"
mumbai-10315546,"5625710056407",mumbai,MUMBAI M11 - FEEDER WAREHOUSE,mumbai,Scheduled,"10315546",96,96,3120.0,"2026-08-13","2026-08-18","2026-08-19"
mumbai-10315547,"5625710056407",mumbai,MUMBAI M11 - FEEDER WAREHOUSE,mumbai,Scheduled,"10315547",48,48,1560.0,"2026-08-13","2026-08-18","2026-08-19"
mumbai-10176795,"5625710056845",mumbai,MUMBAI M11 - FEEDER WAREHOUSE,mumbai,Scheduled,"10176795",360,360,13608.0,"2026-08-14","2026-08-18","2026-08-20"
mumbai-10176797,"5625710056845",mumbai,MUMBAI M11 - FEEDER WAREHOUSE,mumbai,Scheduled,"10176797",180,180,6804.0,"2026-08-14","2026-08-18","2026-08-20"
mumbai-10216709,"5625710056845",mumbai,MUMBAI M11 - FEEDER WAREHOUSE,mumbai,Scheduled,"10216709",72,72,1872.0,"2026-08-14","2026-08-18","2026-08-20"
mumbai-10216715,"5625710056845",mumbai,MUMBAI M11 - FEEDER WAREHOUSE,mumbai,Scheduled,"10216715",288,288,7488.0,"2026-08-14","2026-08-18","2026-08-20"
mumbai-10216722,"5625710056845",mumbai,MUMBAI M11 - FEEDER WAREHOUSE,mumbai,Scheduled,"10216722",72,72,1872.0,"2026-08-14","2026-08-18","2026-08-20"
mumbai-10216726,"5625710056845",mumbai,MUMBAI M11 - FEEDER WAREHOUSE,mumbai,Scheduled,"10216726",216,216,5616.0,"2026-08-14","2026-08-18","2026-08-20"
mumbai-10249577,"5625710056845",mumbai,MUMBAI M11 - FEEDER WAREHOUSE,mumbai,Scheduled,"10249577",18,18,13847.4,"2026-08-14","2026-08-18","2026-08-20"
mumbai-10265737,"5625710056845",mumbai,MUMBAI M11 - FEEDER WAREHOUSE,mumbai,Scheduled,"10265737",36,36,6804.0,"2026-08-14","2026-08-18","2026-08-20"
mumbai-10292367,"5625710056845",mumbai,MUMBAI M11 - FEEDER WAREHOUSE,mumbai,Scheduled,"10292367",144,144,11095.2,"2026-08-14","2026-08-18","2026-08-20"
mumbai-10315341,"5625710056845",mumbai,MUMBAI M11 - FEEDER WAREHOUSE,mumbai,Scheduled,"10315341",144,144,4680.0,"2026-08-14","2026-08-18","2026-08-20"
mumbai-10315543,"5625710056845",mumbai,MUMBAI M11 - FEEDER WAREHOUSE,mumbai,Scheduled,"10315543",48,48,1560.0,"2026-08-14","2026-08-18","2026-08-20"
mumbai-10315546,"5625710056845",mumbai,MUMBAI M11 - FEEDER WAREHOUSE,mumbai,Scheduled,"10315546",48,48,1560.0,"2026-08-14","2026-08-18","2026-08-20"
mumbai-10315547,"5625710056845",mumbai,MUMBAI M11 - FEEDER WAREHOUSE,mumbai,Scheduled,"10315547",48,48,1560.0,"2026-08-14","2026-08-18","2026-08-20"
mumbai-10324645,"5625710056845",mumbai,MUMBAI M11 - FEEDER WAREHOUSE,mumbai,Scheduled,"10324645",144,144,12060.0,"2026-08-14","2026-08-18","2026-08-20"
mumbai-10325396,"5625710056845",mumbai,MUMBAI M11 - FEEDER WAREHOUSE,mumbai,Scheduled,"10325396",144,144,12060.0,"2026-08-14","2026-08-18","2026-08-20"
mumbai-10176793,"5625710057139",mumbai,MUMBAI M11 - FEEDER WAREHOUSE,mumbai,Scheduled,"10176793",180,180,6804.0,"2026-08-15","2026-08-19","2026-08-21"
mumbai-10176795,"5625710057139",mumbai,MUMBAI M11 - FEEDER WAREHOUSE,mumbai,Scheduled,"10176795",180,180,6804.0,"2026-08-15","2026-08-19","2026-08-21"
mumbai-10176797,"5625710057139",mumbai,MUMBAI M11 - FEEDER WAREHOUSE,mumbai,Scheduled,"10176797",180,180,6804.0,"2026-08-15","2026-08-19","2026-08-21"
mumbai-10199527,"5625710057139",mumbai,MUMBAI M11 - FEEDER WAREHOUSE,mumbai,Scheduled,"10199527",180,180,6804.0,"2026-08-15","2026-08-19","2026-08-21"
mumbai-10216715,"5625710057139",mumbai,MUMBAI M11 - FEEDER WAREHOUSE,mumbai,Scheduled,"10216715",576,576,14976.0,"2026-08-15","2026-08-19","2026-08-21"
mumbai-10216722,"5625710057139",mumbai,MUMBAI M11 - FEEDER WAREHOUSE,mumbai,Scheduled,"10216722",144,144,3744.0,"2026-08-15","2026-08-19","2026-08-21"
mumbai-10216726,"5625710057139",mumbai,MUMBAI M11 - FEEDER WAREHOUSE,mumbai,Scheduled,"10216726",360,360,9360.0,"2026-08-15","2026-08-19","2026-08-21"
mumbai-10249577,"5625710057139",mumbai,MUMBAI M11 - FEEDER WAREHOUSE,mumbai,Scheduled,"10249577",120,120,92316.0,"2026-08-15","2026-08-19","2026-08-21"
mumbai-10249578,"5625710057139",mumbai,MUMBAI M11 - FEEDER WAREHOUSE,mumbai,Scheduled,"10249578",24,24,18463.2,"2026-08-15","2026-08-19","2026-08-21"
mumbai-10258761,"5625710057139",mumbai,MUMBAI M11 - FEEDER WAREHOUSE,mumbai,Scheduled,"10258761",36,36,6804.0,"2026-08-15","2026-08-19","2026-08-21"
mumbai-10260300,"5625710057139",mumbai,MUMBAI M11 - FEEDER WAREHOUSE,mumbai,Scheduled,"10260300",72,72,13608.0,"2026-08-15","2026-08-19","2026-08-21"
mumbai-10265737,"5625710057139",mumbai,MUMBAI M11 - FEEDER WAREHOUSE,mumbai,Scheduled,"10265737",36,36,6804.0,"2026-08-15","2026-08-19","2026-08-21"
mumbai-10265740,"5625710057139",mumbai,MUMBAI M11 - FEEDER WAREHOUSE,mumbai,Scheduled,"10265740",180,180,6804.0,"2026-08-15","2026-08-19","2026-08-21"
mumbai-10291036,"5625710057139",mumbai,MUMBAI M11 - FEEDER WAREHOUSE,mumbai,Scheduled,"10291036",24,24,18463.2,"2026-08-15","2026-08-19","2026-08-21"
mumbai-10292367,"5625710057139",mumbai,MUMBAI M11 - FEEDER WAREHOUSE,mumbai,Scheduled,"10292367",288,288,22190.4,"2026-08-15","2026-08-19","2026-08-21"
mumbai-10315341,"5625710057139",mumbai,MUMBAI M11 - FEEDER WAREHOUSE,mumbai,Scheduled,"10315341",144,144,4680.0,"2026-08-15","2026-08-19","2026-08-21"
mumbai-10315543,"5625710057139",mumbai,MUMBAI M11 - FEEDER WAREHOUSE,mumbai,Scheduled,"10315543",96,96,3120.0,"2026-08-15","2026-08-19","2026-08-21"
mumbai-10315546,"5625710057139",mumbai,MUMBAI M11 - FEEDER WAREHOUSE,mumbai,Scheduled,"10315546",240,240,7800.0,"2026-08-15","2026-08-19","2026-08-21"
mumbai-10315547,"5625710057139",mumbai,MUMBAI M11 - FEEDER WAREHOUSE,mumbai,Scheduled,"10315547",144,144,4680.0,"2026-08-15","2026-08-19","2026-08-21"
jaipur-10265737,"6478710070890",jaipur,JAIPUR J3 - FEEDER WAREHOUSE,jaipur,Scheduled,"10265737",36,36,6804.0,"2026-08-10","2026-08-18","2026-08-22"
jaipur-10265740,"6478710070890",jaipur,JAIPUR J3 - FEEDER WAREHOUSE,jaipur,Scheduled,"10265740",360,360,13608.0,"2026-08-10","2026-08-18","2026-08-22"
jaipur-10176793,"6478710071282",jaipur,JAIPUR J3 - FEEDER WAREHOUSE,jaipur,Scheduled,"10176793",180,180,6804.0,"2026-08-11","2026-08-19","2026-09-10"
jaipur-10176795,"6478710071282",jaipur,JAIPUR J3 - FEEDER WAREHOUSE,jaipur,Scheduled,"10176795",180,180,6804.0,"2026-08-11","2026-08-19","2026-09-10"
jaipur-10176797,"6478710071282",jaipur,JAIPUR J3 - FEEDER WAREHOUSE,jaipur,Scheduled,"10176797",360,360,13608.0,"2026-08-11","2026-08-19","2026-09-10"
jaipur-10216715,"6478710071282",jaipur,JAIPUR J3 - FEEDER WAREHOUSE,jaipur,Scheduled,"10216715",360,360,9360.0,"2026-08-11","2026-08-19","2026-09-10"
jaipur-10249574,"6478710071282",jaipur,JAIPUR J3 - FEEDER WAREHOUSE,jaipur,Scheduled,"10249574",24,24,48703.2,"2026-08-11","2026-08-19","2026-09-10"
jaipur-10249577,"6478710071282",jaipur,JAIPUR J3 - FEEDER WAREHOUSE,jaipur,Scheduled,"10249577",18,18,13847.4,"2026-08-11","2026-08-19","2026-09-10"
jaipur-10258761,"6478710071282",jaipur,JAIPUR J3 - FEEDER WAREHOUSE,jaipur,Scheduled,"10258761",36,36,6804.0,"2026-08-11","2026-08-19","2026-09-10"
jaipur-10297369,"6478710071282",jaipur,JAIPUR J3 - FEEDER WAREHOUSE,jaipur,Scheduled,"10297369",20,20,20986.0,"2026-08-11","2026-08-19","2026-09-10"
jaipur-10315341,"6478710071282",jaipur,JAIPUR J3 - FEEDER WAREHOUSE,jaipur,Scheduled,"10315341",48,48,1560.0,"2026-08-11","2026-08-19","2026-09-10"
jaipur-10315543,"6478710071282",jaipur,JAIPUR J3 - FEEDER WAREHOUSE,jaipur,Scheduled,"10315543",48,48,1560.0,"2026-08-11","2026-08-19","2026-09-10"
jaipur-10315546,"6478710071282",jaipur,JAIPUR J3 - FEEDER WAREHOUSE,jaipur,Scheduled,"10315546",48,48,1560.0,"2026-08-11","2026-08-19","2026-09-10"
jaipur-10315547,"6478710071282",jaipur,JAIPUR J3 - FEEDER WAREHOUSE,jaipur,Scheduled,"10315547",48,48,1560.0,"2026-08-11","2026-08-19","2026-09-10"
jaipur-10216722,"6478710071599",jaipur,JAIPUR J3 - FEEDER WAREHOUSE,jaipur,Scheduled,"10216722",288,288,7488.0,"2026-08-12","2026-08-20","2026-08-30"
jaipur-10249577,"6478710071599",jaipur,JAIPUR J3 - FEEDER WAREHOUSE,jaipur,Scheduled,"10249577",6,6,4615.8,"2026-08-12","2026-08-20","2026-08-30"
jaipur-10249578,"6478710071599",jaipur,JAIPUR J3 - FEEDER WAREHOUSE,jaipur,Scheduled,"10249578",48,48,36926.4,"2026-08-12","2026-08-20","2026-08-30"
jaipur-10252336,"6478710071599",jaipur,JAIPUR J3 - FEEDER WAREHOUSE,jaipur,Scheduled,"10252336",84,84,170461.2,"2026-08-12","2026-08-20","2026-08-30"
jaipur-10291036,"6478710071599",jaipur,JAIPUR J3 - FEEDER WAREHOUSE,jaipur,Scheduled,"10291036",72,72,55389.6,"2026-08-12","2026-08-20","2026-08-30"
jaipur-10298083,"6478710071599",jaipur,JAIPUR J3 - FEEDER WAREHOUSE,jaipur,Scheduled,"10298083",20,20,20986.0,"2026-08-12","2026-08-20","2026-08-30"
jaipur-10324645,"6478710071599",jaipur,JAIPUR J3 - FEEDER WAREHOUSE,jaipur,Scheduled,"10324645",288,288,24120.0,"2026-08-12","2026-08-20","2026-08-30"
jaipur-10325396,"6478710071599",jaipur,JAIPUR J3 - FEEDER WAREHOUSE,jaipur,Scheduled,"10325396",144,144,12060.0,"2026-08-12","2026-08-20","2026-08-30"
jaipur-10176795,"6478710071825",jaipur,JAIPUR J3 - FEEDER WAREHOUSE,jaipur,Scheduled,"10176795",180,180,6804.0,"2026-08-13","2026-08-20","2026-08-30"
jaipur-10176797,"6478710071825",jaipur,JAIPUR J3 - FEEDER WAREHOUSE,jaipur,Scheduled,"10176797",360,360,13608.0,"2026-08-13","2026-08-20","2026-08-30"
jaipur-10216722,"6478710071825",jaipur,JAIPUR J3 - FEEDER WAREHOUSE,jaipur,Scheduled,"10216722",144,144,3744.0,"2026-08-13","2026-08-20","2026-08-30"
jaipur-10249574,"6478710071825",jaipur,JAIPUR J3 - FEEDER WAREHOUSE,jaipur,Scheduled,"10249574",156,156,316570.8,"2026-08-13","2026-08-20","2026-08-30"
jaipur-10249576,"6478710071825",jaipur,JAIPUR J3 - FEEDER WAREHOUSE,jaipur,Scheduled,"10249576",12,12,23511.6,"2026-08-13","2026-08-20","2026-08-30"
jaipur-10249577,"6478710071825",jaipur,JAIPUR J3 - FEEDER WAREHOUSE,jaipur,Scheduled,"10249577",6,6,4615.8,"2026-08-13","2026-08-20","2026-08-30"
jaipur-10249578,"6478710071825",jaipur,JAIPUR J3 - FEEDER WAREHOUSE,jaipur,Scheduled,"10249578",24,24,18463.2,"2026-08-13","2026-08-20","2026-08-30"
jaipur-10252336,"6478710071825",jaipur,JAIPUR J3 - FEEDER WAREHOUSE,jaipur,Scheduled,"10252336",12,12,24351.6,"2026-08-13","2026-08-20","2026-08-30"
jaipur-10258333,"6478710071825",jaipur,JAIPUR J3 - FEEDER WAREHOUSE,jaipur,Scheduled,"10258333",36,36,6804.0,"2026-08-13","2026-08-20","2026-08-30"
jaipur-10260300,"6478710071825",jaipur,JAIPUR J3 - FEEDER WAREHOUSE,jaipur,Scheduled,"10260300",36,36,6804.0,"2026-08-13","2026-08-20","2026-08-30"
jaipur-10292367,"6478710071825",jaipur,JAIPUR J3 - FEEDER WAREHOUSE,jaipur,Scheduled,"10292367",144,144,11095.2,"2026-08-13","2026-08-20","2026-08-30"
jaipur-10315543,"6478710071825",jaipur,JAIPUR J3 - FEEDER WAREHOUSE,jaipur,Scheduled,"10315543",48,48,1560.0,"2026-08-13","2026-08-20","2026-08-30"
jaipur-10315547,"6478710071825",jaipur,JAIPUR J3 - FEEDER WAREHOUSE,jaipur,Scheduled,"10315547",144,144,4680.0,"2026-08-13","2026-08-20","2026-08-30"
jaipur-10324645,"6478710071825",jaipur,JAIPUR J3 - FEEDER WAREHOUSE,jaipur,Scheduled,"10324645",144,144,12060.0,"2026-08-13","2026-08-20","2026-08-30"
jaipur-10325396,"6478710071825",jaipur,JAIPUR J3 - FEEDER WAREHOUSE,jaipur,Scheduled,"10325396",144,144,12060.0,"2026-08-13","2026-08-20","2026-08-30"
hyderabad-10176795,"6769710093850",hyderabad,HYDERABAD H3 - FEEDER WAREHOUSE,hyderabad,Scheduled,"10176795",180,180,6804.0,"2026-08-11","2026-08-21","2026-08-23"
hyderabad-10176797,"6769710093850",hyderabad,HYDERABAD H3 - FEEDER WAREHOUSE,hyderabad,Scheduled,"10176797",540,540,20412.0,"2026-08-11","2026-08-21","2026-08-23"
hyderabad-10216709,"6769710093850",hyderabad,HYDERABAD H3 - FEEDER WAREHOUSE,hyderabad,Scheduled,"10216709",72,72,1872.0,"2026-08-11","2026-08-21","2026-08-23"
hyderabad-10216715,"6769710093850",hyderabad,HYDERABAD H3 - FEEDER WAREHOUSE,hyderabad,Scheduled,"10216715",576,576,14976.0,"2026-08-11","2026-08-21","2026-08-23"
hyderabad-10216722,"6769710093850",hyderabad,HYDERABAD H3 - FEEDER WAREHOUSE,hyderabad,Scheduled,"10216722",72,72,1872.0,"2026-08-11","2026-08-21","2026-08-23"
hyderabad-10216726,"6769710093850",hyderabad,HYDERABAD H3 - FEEDER WAREHOUSE,hyderabad,Scheduled,"10216726",288,288,7488.0,"2026-08-11","2026-08-21","2026-08-23"
hyderabad-10249574,"6769710093850",hyderabad,HYDERABAD H3 - FEEDER WAREHOUSE,hyderabad,Scheduled,"10249574",84,84,170461.2,"2026-08-11","2026-08-21","2026-08-23"
hyderabad-10249576,"6769710093850",hyderabad,HYDERABAD H3 - FEEDER WAREHOUSE,hyderabad,Scheduled,"10249576",24,24,47023.2,"2026-08-11","2026-08-21","2026-08-23"
hyderabad-10252336,"6769710093850",hyderabad,HYDERABAD H3 - FEEDER WAREHOUSE,hyderabad,Scheduled,"10252336",12,12,24351.6,"2026-08-11","2026-08-21","2026-08-23"
hyderabad-10258333,"6769710093850",hyderabad,HYDERABAD H3 - FEEDER WAREHOUSE,hyderabad,Scheduled,"10258333",36,36,6804.0,"2026-08-11","2026-08-21","2026-08-23"
hyderabad-10258761,"6769710093850",hyderabad,HYDERABAD H3 - FEEDER WAREHOUSE,hyderabad,Scheduled,"10258761",36,36,6804.0,"2026-08-11","2026-08-21","2026-08-23"
hyderabad-10265737,"6769710093850",hyderabad,HYDERABAD H3 - FEEDER WAREHOUSE,hyderabad,Scheduled,"10265737",36,36,6804.0,"2026-08-11","2026-08-21","2026-08-23"
hyderabad-10265740,"6769710093850",hyderabad,HYDERABAD H3 - FEEDER WAREHOUSE,hyderabad,Scheduled,"10265740",180,180,6804.0,"2026-08-11","2026-08-21","2026-08-23"
hyderabad-10291038,"6769710093850",hyderabad,HYDERABAD H3 - FEEDER WAREHOUSE,hyderabad,Scheduled,"10291038",50,50,4830.0,"2026-08-11","2026-08-21","2026-08-23"
hyderabad-10292367,"6769710093850",hyderabad,HYDERABAD H3 - FEEDER WAREHOUSE,hyderabad,Scheduled,"10292367",144,144,11095.2,"2026-08-11","2026-08-21","2026-08-23"
hyderabad-10298083,"6769710093850",hyderabad,HYDERABAD H3 - FEEDER WAREHOUSE,hyderabad,Scheduled,"10298083",40,40,41972.0,"2026-08-11","2026-08-21","2026-08-23"
hyderabad-10315341,"6769710093850",hyderabad,HYDERABAD H3 - FEEDER WAREHOUSE,hyderabad,Scheduled,"10315341",96,96,3120.0,"2026-08-11","2026-08-21","2026-08-23"
hyderabad-10315543,"6769710093850",hyderabad,HYDERABAD H3 - FEEDER WAREHOUSE,hyderabad,Scheduled,"10315543",48,48,1560.0,"2026-08-11","2026-08-21","2026-08-23"
hyderabad-10315546,"6769710093850",hyderabad,HYDERABAD H3 - FEEDER WAREHOUSE,hyderabad,Scheduled,"10315546",144,144,4680.0,"2026-08-11","2026-08-21","2026-08-23"
hyderabad-10315547,"6769710093850",hyderabad,HYDERABAD H3 - FEEDER WAREHOUSE,hyderabad,Scheduled,"10315547",48,48,1560.0,"2026-08-11","2026-08-21","2026-08-23"
hyderabad-10176793,"6769710094450",hyderabad,HYDERABAD H3 - FEEDER WAREHOUSE,hyderabad,Scheduled,"10176793",180,180,6804.0,"2026-08-12","2026-08-22","2026-08-24"
hyderabad-10176794,"6769710094450",hyderabad,HYDERABAD H3 - FEEDER WAREHOUSE,hyderabad,Scheduled,"10176794",180,180,6804.0,"2026-08-12","2026-08-22","2026-08-24"
hyderabad-10176795,"6769710094450",hyderabad,HYDERABAD H3 - FEEDER WAREHOUSE,hyderabad,Scheduled,"10176795",360,360,13608.0,"2026-08-12","2026-08-22","2026-08-24"
hyderabad-10176797,"6769710094450",hyderabad,HYDERABAD H3 - FEEDER WAREHOUSE,hyderabad,Scheduled,"10176797",540,540,20412.0,"2026-08-12","2026-08-22","2026-08-24"
hyderabad-10216709,"6769710094450",hyderabad,HYDERABAD H3 - FEEDER WAREHOUSE,hyderabad,Scheduled,"10216709",72,72,1872.0,"2026-08-12","2026-08-22","2026-08-24"
hyderabad-10216715,"6769710094450",hyderabad,HYDERABAD H3 - FEEDER WAREHOUSE,hyderabad,Scheduled,"10216715",648,648,16848.0,"2026-08-12","2026-08-22","2026-08-24"
hyderabad-10216722,"6769710094450",hyderabad,HYDERABAD H3 - FEEDER WAREHOUSE,hyderabad,Scheduled,"10216722",72,72,1872.0,"2026-08-12","2026-08-22","2026-08-24"
hyderabad-10216726,"6769710094450",hyderabad,HYDERABAD H3 - FEEDER WAREHOUSE,hyderabad,Scheduled,"10216726",144,144,3744.0,"2026-08-12","2026-08-22","2026-08-24"
hyderabad-10249574,"6769710094450",hyderabad,HYDERABAD H3 - FEEDER WAREHOUSE,hyderabad,Scheduled,"10249574",48,48,97406.4,"2026-08-12","2026-08-22","2026-08-24"
hyderabad-10249576,"6769710094450",hyderabad,HYDERABAD H3 - FEEDER WAREHOUSE,hyderabad,Scheduled,"10249576",60,60,117558.0,"2026-08-12","2026-08-22","2026-08-24"
hyderabad-10252336,"6769710094450",hyderabad,HYDERABAD H3 - FEEDER WAREHOUSE,hyderabad,Scheduled,"10252336",24,24,48703.2,"2026-08-12","2026-08-22","2026-08-24"
hyderabad-10260300,"6769710094450",hyderabad,HYDERABAD H3 - FEEDER WAREHOUSE,hyderabad,Scheduled,"10260300",36,36,6804.0,"2026-08-12","2026-08-22","2026-08-24"
hyderabad-10292367,"6769710094450",hyderabad,HYDERABAD H3 - FEEDER WAREHOUSE,hyderabad,Scheduled,"10292367",144,144,11095.2,"2026-08-12","2026-08-22","2026-08-24"
hyderabad-10298083,"6769710094450",hyderabad,HYDERABAD H3 - FEEDER WAREHOUSE,hyderabad,Scheduled,"10298083",20,20,20986.0,"2026-08-12","2026-08-22","2026-08-24"
hyderabad-10315341,"6769710094450",hyderabad,HYDERABAD H3 - FEEDER WAREHOUSE,hyderabad,Scheduled,"10315341",48,48,1560.0,"2026-08-12","2026-08-22","2026-08-24"
hyderabad-10315546,"6769710094450",hyderabad,HYDERABAD H3 - FEEDER WAREHOUSE,hyderabad,Scheduled,"10315546",48,48,1560.0,"2026-08-12","2026-08-22","2026-08-24"
hyderabad-10315547,"6769710094450",hyderabad,HYDERABAD H3 - FEEDER WAREHOUSE,hyderabad,Scheduled,"10315547",48,48,1560.0,"2026-08-12","2026-08-22","2026-08-24"
hyderabad-10325396,"6769710094450",hyderabad,HYDERABAD H3 - FEEDER WAREHOUSE,hyderabad,Scheduled,"10325396",144,144,12060.0,"2026-08-12","2026-08-22","2026-08-24"
hyderabad-10176795,"6769710095165",hyderabad,HYDERABAD H3 - FEEDER WAREHOUSE,hyderabad,Scheduled,"10176795",180,180,6804.0,"2026-08-13","2026-08-23","2026-08-25"
hyderabad-10216715,"6769710095165",hyderabad,HYDERABAD H3 - FEEDER WAREHOUSE,hyderabad,Scheduled,"10216715",216,216,5616.0,"2026-08-13","2026-08-23","2026-08-25"
hyderabad-10216722,"6769710095165",hyderabad,HYDERABAD H3 - FEEDER WAREHOUSE,hyderabad,Scheduled,"10216722",72,72,1872.0,"2026-08-13","2026-08-23","2026-08-25"
hyderabad-10216726,"6769710095165",hyderabad,HYDERABAD H3 - FEEDER WAREHOUSE,hyderabad,Scheduled,"10216726",216,216,5616.0,"2026-08-13","2026-08-23","2026-08-25"
hyderabad-10249574,"6769710095165",hyderabad,HYDERABAD H3 - FEEDER WAREHOUSE,hyderabad,Scheduled,"10249574",24,24,48703.2,"2026-08-13","2026-08-23","2026-08-25"
hyderabad-10260300,"6769710095165",hyderabad,HYDERABAD H3 - FEEDER WAREHOUSE,hyderabad,Scheduled,"10260300",36,36,6804.0,"2026-08-13","2026-08-23","2026-08-25"
hyderabad-10265740,"6769710095165",hyderabad,HYDERABAD H3 - FEEDER WAREHOUSE,hyderabad,Scheduled,"10265740",180,180,6804.0,"2026-08-13","2026-08-23","2026-08-25"
hyderabad-10292367,"6769710095165",hyderabad,HYDERABAD H3 - FEEDER WAREHOUSE,hyderabad,Scheduled,"10292367",144,144,11095.2,"2026-08-13","2026-08-23","2026-08-25"
hyderabad-10315543,"6769710095165",hyderabad,HYDERABAD H3 - FEEDER WAREHOUSE,hyderabad,Scheduled,"10315543",48,48,1560.0,"2026-08-13","2026-08-23","2026-08-25"
hyderabad-10315546,"6769710095165",hyderabad,HYDERABAD H3 - FEEDER WAREHOUSE,hyderabad,Scheduled,"10315546",96,96,3120.0,"2026-08-13","2026-08-23","2026-08-25"
hyderabad-10315547,"6769710095165",hyderabad,HYDERABAD H3 - FEEDER WAREHOUSE,hyderabad,Scheduled,"10315547",48,48,1560.0,"2026-08-13","2026-08-23","2026-08-25"
hyderabad-10176795,"6769710095686",hyderabad,HYDERABAD H3 - FEEDER WAREHOUSE,hyderabad,Scheduled,"10176795",180,180,6804.0,"2026-08-14","2026-08-24","2026-08-26"
hyderabad-10176797,"6769710095686",hyderabad,HYDERABAD H3 - FEEDER WAREHOUSE,hyderabad,Scheduled,"10176797",720,720,27216.0,"2026-08-14","2026-08-24","2026-08-26"
hyderabad-10216709,"6769710095686",hyderabad,HYDERABAD H3 - FEEDER WAREHOUSE,hyderabad,Scheduled,"10216709",72,72,1872.0,"2026-08-14","2026-08-24","2026-08-26"
hyderabad-10216715,"6769710095686",hyderabad,HYDERABAD H3 - FEEDER WAREHOUSE,hyderabad,Scheduled,"10216715",288,288,7488.0,"2026-08-14","2026-08-24","2026-08-26"
hyderabad-10216722,"6769710095686",hyderabad,HYDERABAD H3 - FEEDER WAREHOUSE,hyderabad,Scheduled,"10216722",72,72,1872.0,"2026-08-14","2026-08-24","2026-08-26"
hyderabad-10216726,"6769710095686",hyderabad,HYDERABAD H3 - FEEDER WAREHOUSE,hyderabad,Scheduled,"10216726",216,216,5616.0,"2026-08-14","2026-08-24","2026-08-26"
hyderabad-10249574,"6769710095686",hyderabad,HYDERABAD H3 - FEEDER WAREHOUSE,hyderabad,Scheduled,"10249574",72,72,146109.6,"2026-08-14","2026-08-24","2026-08-26"
hyderabad-10249576,"6769710095686",hyderabad,HYDERABAD H3 - FEEDER WAREHOUSE,hyderabad,Scheduled,"10249576",12,12,23511.6,"2026-08-14","2026-08-24","2026-08-26"
hyderabad-10252336,"6769710095686",hyderabad,HYDERABAD H3 - FEEDER WAREHOUSE,hyderabad,Scheduled,"10252336",84,84,170461.2,"2026-08-14","2026-08-24","2026-08-26"
hyderabad-10258333,"6769710095686",hyderabad,HYDERABAD H3 - FEEDER WAREHOUSE,hyderabad,Scheduled,"10258333",36,36,6804.0,"2026-08-14","2026-08-24","2026-08-26"
hyderabad-10258761,"6769710095686",hyderabad,HYDERABAD H3 - FEEDER WAREHOUSE,hyderabad,Scheduled,"10258761",36,36,6804.0,"2026-08-14","2026-08-24","2026-08-26"
hyderabad-10265737,"6769710095686",hyderabad,HYDERABAD H3 - FEEDER WAREHOUSE,hyderabad,Scheduled,"10265737",36,36,6804.0,"2026-08-14","2026-08-24","2026-08-26"
hyderabad-10265740,"6769710095686",hyderabad,HYDERABAD H3 - FEEDER WAREHOUSE,hyderabad,Scheduled,"10265740",180,180,6804.0,"2026-08-14","2026-08-24","2026-08-26"
hyderabad-10291036,"6769710095686",hyderabad,HYDERABAD H3 - FEEDER WAREHOUSE,hyderabad,Scheduled,"10291036",72,72,55389.6,"2026-08-14","2026-08-24","2026-08-26"
hyderabad-10292367,"6769710095686",hyderabad,HYDERABAD H3 - FEEDER WAREHOUSE,hyderabad,Scheduled,"10292367",144,144,11095.2,"2026-08-14","2026-08-24","2026-08-26"
hyderabad-10297369,"6769710095686",hyderabad,HYDERABAD H3 - FEEDER WAREHOUSE,hyderabad,Scheduled,"10297369",60,60,62958.0,"2026-08-14","2026-08-24","2026-08-26"
hyderabad-10298083,"6769710095686",hyderabad,HYDERABAD H3 - FEEDER WAREHOUSE,hyderabad,Scheduled,"10298083",120,120,125916.0,"2026-08-14","2026-08-24","2026-08-26"
hyderabad-10315341,"6769710095686",hyderabad,HYDERABAD H3 - FEEDER WAREHOUSE,hyderabad,Scheduled,"10315341",96,96,3120.0,"2026-08-14","2026-08-24","2026-08-26"
hyderabad-10315546,"6769710095686",hyderabad,HYDERABAD H3 - FEEDER WAREHOUSE,hyderabad,Scheduled,"10315546",96,96,3120.0,"2026-08-14","2026-08-24","2026-08-26"
hyderabad-10315547,"6769710095686",hyderabad,HYDERABAD H3 - FEEDER WAREHOUSE,hyderabad,Scheduled,"10315547",48,48,1560.0,"2026-08-14","2026-08-24","2026-08-26"
guwahati-10176793,"7165810032200",guwahati,GUWAHATI G1 - FEEDER WAREHOUSE,guwahati,Scheduled,"10176793",180,180,6804.0,"2026-08-08","2026-08-18","2026-08-18"
guwahati-10176795,"7165810032200",guwahati,GUWAHATI G1 - FEEDER WAREHOUSE,guwahati,Scheduled,"10176795",180,180,6804.0,"2026-08-08","2026-08-18","2026-08-18"
guwahati-10176797,"7165810032200",guwahati,GUWAHATI G1 - FEEDER WAREHOUSE,guwahati,Scheduled,"10176797",180,180,6804.0,"2026-08-08","2026-08-18","2026-08-18"
guwahati-10216726,"7165810032200",guwahati,GUWAHATI G1 - FEEDER WAREHOUSE,guwahati,Scheduled,"10216726",144,144,3744.0,"2026-08-08","2026-08-18","2026-08-18"
guwahati-10249576,"7165810032200",guwahati,GUWAHATI G1 - FEEDER WAREHOUSE,guwahati,Scheduled,"10249576",12,12,23511.6,"2026-08-08","2026-08-18","2026-08-18"
guwahati-10315546,"7165810032200",guwahati,GUWAHATI G1 - FEEDER WAREHOUSE,guwahati,Scheduled,"10315546",48,48,1560.0,"2026-08-08","2026-08-18","2026-08-18"
guwahati-10315547,"7165810032200",guwahati,GUWAHATI G1 - FEEDER WAREHOUSE,guwahati,Scheduled,"10315547",48,48,1560.0,"2026-08-08","2026-08-18","2026-08-18"
guwahati-10216726,"7165810032923",guwahati,GUWAHATI G1 - FEEDER WAREHOUSE,guwahati,Scheduled,"10216726",288,288,7488.0,"2026-08-12","2026-08-20","2026-08-22"
guwahati-10265737,"7165810032923",guwahati,GUWAHATI G1 - FEEDER WAREHOUSE,guwahati,Scheduled,"10265737",36,36,6804.0,"2026-08-12","2026-08-20","2026-08-22"
guwahati-10315341,"7165810032923",guwahati,GUWAHATI G1 - FEEDER WAREHOUSE,guwahati,Scheduled,"10315341",48,48,1560.0,"2026-08-12","2026-08-20","2026-08-22"
guwahati-10315546,"7165810032923",guwahati,GUWAHATI G1 - FEEDER WAREHOUSE,guwahati,Scheduled,"10315546",96,96,3120.0,"2026-08-12","2026-08-20","2026-08-22"
guwahati-10315547,"7165810032923",guwahati,GUWAHATI G1 - FEEDER WAREHOUSE,guwahati,Scheduled,"10315547",48,48,1560.0,"2026-08-12","2026-08-20","2026-08-22"
chennai-10216715,"8525210065108",chennai,CHENNAI C5 - FEEDER WAREHOUSE,chennai,Scheduled,"10216715",72,72,1872.0,"2026-08-11","2026-08-18","2026-08-19"
chennai-10265740,"8525210065108",chennai,CHENNAI C5 - FEEDER WAREHOUSE,chennai,Scheduled,"10265740",180,180,6804.0,"2026-08-11","2026-08-18","2026-08-19"
chennai-10292367,"8525210065108",chennai,CHENNAI C5 - FEEDER WAREHOUSE,chennai,Scheduled,"10292367",144,144,11095.2,"2026-08-11","2026-08-18","2026-08-19"
chennai-10315341,"8525210065108",chennai,CHENNAI C5 - FEEDER WAREHOUSE,chennai,Scheduled,"10315341",48,48,1560.0,"2026-08-11","2026-08-18","2026-08-19"
chennai-10315546,"8525210065108",chennai,CHENNAI C5 - FEEDER WAREHOUSE,chennai,Scheduled,"10315546",48,48,1560.0,"2026-08-11","2026-08-18","2026-08-19"
chennai-10325396,"8525210065108",chennai,CHENNAI C5 - FEEDER WAREHOUSE,chennai,Scheduled,"10325396",144,144,12060.0,"2026-08-11","2026-08-18","2026-08-19"
chennai-10176795,"8525210065192",chennai,CHENNAI C5 - FEEDER WAREHOUSE,chennai,Scheduled,"10176795",180,180,6804.0,"2026-08-12","2026-08-18","2026-08-20"
chennai-10216709,"8525210065192",chennai,CHENNAI C5 - FEEDER WAREHOUSE,chennai,Scheduled,"10216709",72,72,1872.0,"2026-08-12","2026-08-18","2026-08-20"
chennai-10216715,"8525210065192",chennai,CHENNAI C5 - FEEDER WAREHOUSE,chennai,Scheduled,"10216715",144,144,3744.0,"2026-08-12","2026-08-18","2026-08-20"
chennai-10216722,"8525210065192",chennai,CHENNAI C5 - FEEDER WAREHOUSE,chennai,Scheduled,"10216722",72,72,1872.0,"2026-08-12","2026-08-18","2026-08-20"
chennai-10216726,"8525210065192",chennai,CHENNAI C5 - FEEDER WAREHOUSE,chennai,Scheduled,"10216726",72,72,1872.0,"2026-08-12","2026-08-18","2026-08-20"
chennai-10265737,"8525210065192",chennai,CHENNAI C5 - FEEDER WAREHOUSE,chennai,Scheduled,"10265737",36,36,6804.0,"2026-08-12","2026-08-18","2026-08-20"
chennai-10291036,"8525210065192",chennai,CHENNAI C5 - FEEDER WAREHOUSE,chennai,Scheduled,"10291036",120,120,92316.0,"2026-08-12","2026-08-18","2026-08-20"
chennai-10176797,"8525210065574",chennai,CHENNAI C5 - FEEDER WAREHOUSE,chennai,Scheduled,"10176797",180,180,6804.0,"2026-08-13","2026-08-19","2026-08-21"
chennai-10216715,"8525210065574",chennai,CHENNAI C5 - FEEDER WAREHOUSE,chennai,Scheduled,"10216715",72,72,1872.0,"2026-08-13","2026-08-19","2026-08-21"
chennai-10216722,"8525210065574",chennai,CHENNAI C5 - FEEDER WAREHOUSE,chennai,Scheduled,"10216722",288,288,7488.0,"2026-08-13","2026-08-19","2026-08-21"
chennai-10216726,"8525210065574",chennai,CHENNAI C5 - FEEDER WAREHOUSE,chennai,Scheduled,"10216726",72,72,1872.0,"2026-08-13","2026-08-19","2026-08-21"
chennai-10249577,"8525210065574",chennai,CHENNAI C5 - FEEDER WAREHOUSE,chennai,Scheduled,"10249577",12,12,9231.6,"2026-08-13","2026-08-19","2026-08-21"
chennai-10260300,"8525210065574",chennai,CHENNAI C5 - FEEDER WAREHOUSE,chennai,Scheduled,"10260300",36,36,6804.0,"2026-08-13","2026-08-19","2026-08-21"
chennai-10297369,"8525210065574",chennai,CHENNAI C5 - FEEDER WAREHOUSE,chennai,Scheduled,"10297369",20,20,20986.0,"2026-08-13","2026-08-19","2026-08-21"
chennai-10315341,"8525210065574",chennai,CHENNAI C5 - FEEDER WAREHOUSE,chennai,Scheduled,"10315341",48,48,1560.0,"2026-08-13","2026-08-19","2026-08-21"
chennai-10315546,"8525210065574",chennai,CHENNAI C5 - FEEDER WAREHOUSE,chennai,Scheduled,"10315546",48,48,1560.0,"2026-08-13","2026-08-19","2026-08-21"
chennai-10315547,"8525210065574",chennai,CHENNAI C5 - FEEDER WAREHOUSE,chennai,Scheduled,"10315547",48,48,1560.0,"2026-08-13","2026-08-19","2026-08-21"
chennai-10324645,"8525210065574",chennai,CHENNAI C5 - FEEDER WAREHOUSE,chennai,Scheduled,"10324645",144,144,12060.0,"2026-08-13","2026-08-19","2026-08-21"
chennai-10176795,"8525210065889",chennai,CHENNAI C5 - FEEDER WAREHOUSE,chennai,Scheduled,"10176795",180,180,6804.0,"2026-08-14","2026-08-21","2026-08-22"
chennai-10176797,"8525210065889",chennai,CHENNAI C5 - FEEDER WAREHOUSE,chennai,Scheduled,"10176797",180,180,6804.0,"2026-08-14","2026-08-21","2026-08-22"
chennai-10216715,"8525210065889",chennai,CHENNAI C5 - FEEDER WAREHOUSE,chennai,Scheduled,"10216715",216,216,5616.0,"2026-08-14","2026-08-21","2026-08-22"
chennai-10216722,"8525210065889",chennai,CHENNAI C5 - FEEDER WAREHOUSE,chennai,Scheduled,"10216722",72,72,1872.0,"2026-08-14","2026-08-21","2026-08-22"
chennai-10216726,"8525210065889",chennai,CHENNAI C5 - FEEDER WAREHOUSE,chennai,Scheduled,"10216726",72,72,1872.0,"2026-08-14","2026-08-21","2026-08-22"
chennai-10249577,"8525210065889",chennai,CHENNAI C5 - FEEDER WAREHOUSE,chennai,Scheduled,"10249577",6,6,4615.8,"2026-08-14","2026-08-21","2026-08-22"
chennai-10292367,"8525210065889",chennai,CHENNAI C5 - FEEDER WAREHOUSE,chennai,Scheduled,"10292367",144,144,11095.2,"2026-08-14","2026-08-21","2026-08-22"
chennai-10297369,"8525210065889",chennai,CHENNAI C5 - FEEDER WAREHOUSE,chennai,Scheduled,"10297369",40,40,41972.0,"2026-08-14","2026-08-21","2026-08-22"
chennai-10315341,"8525210065889",chennai,CHENNAI C5 - FEEDER WAREHOUSE,chennai,Scheduled,"10315341",192,192,6240.0,"2026-08-14","2026-08-21","2026-08-22"
chennai-10315543,"8525210065889",chennai,CHENNAI C5 - FEEDER WAREHOUSE,chennai,Scheduled,"10315543",48,48,1560.0,"2026-08-14","2026-08-21","2026-08-22"
chennai-10315546,"8525210065889",chennai,CHENNAI C5 - FEEDER WAREHOUSE,chennai,Scheduled,"10315546",96,96,3120.0,"2026-08-14","2026-08-21","2026-08-22"
kolkata-10216709,"2135610067276",kolkata,KOLKATA K4 - FEEDER WAREHOUSE,kolkata,Scheduled,"10216709",72,72,1872.0,"2026-07-31","2026-08-18","2026-08-18"
kolkata-10216715,"2135610067276",kolkata,KOLKATA K4 - FEEDER WAREHOUSE,kolkata,Scheduled,"10216715",144,144,3744.0,"2026-07-31","2026-08-18","2026-08-18"
kolkata-10216722,"2135610067276",kolkata,KOLKATA K4 - FEEDER WAREHOUSE,kolkata,Scheduled,"10216722",72,72,1872.0,"2026-07-31","2026-08-18","2026-08-18"
kolkata-10216726,"2135610067276",kolkata,KOLKATA K4 - FEEDER WAREHOUSE,kolkata,Scheduled,"10216726",72,72,1872.0,"2026-07-31","2026-08-18","2026-08-18"
kolkata-10258761,"2135610067276",kolkata,KOLKATA K4 - FEEDER WAREHOUSE,kolkata,Scheduled,"10258761",36,36,6804.0,"2026-07-31","2026-08-18","2026-08-18"
kolkata-10265737,"2135610067276",kolkata,KOLKATA K4 - FEEDER WAREHOUSE,kolkata,Scheduled,"10265737",36,36,6804.0,"2026-07-31","2026-08-18","2026-08-18"
kolkata-10315546,"2135610067276",kolkata,KOLKATA K4 - FEEDER WAREHOUSE,kolkata,Scheduled,"10315546",48,48,1560.0,"2026-07-31","2026-08-18","2026-08-18"
kolkata-10315547,"2135610067276",kolkata,KOLKATA K4 - FEEDER WAREHOUSE,kolkata,Scheduled,"10315547",48,48,1560.0,"2026-07-31","2026-08-18","2026-08-18"
ahmedabad-10176795,"2738110063421",ahmedabad,AHMEDABAD A2 - FEEDER WAREHOUSE,ahmedabad,Scheduled,"10176795",180,180,6804.0,"2026-07-27","2026-08-18","2026-08-22"
ahmedabad-10176797,"2738110063421",ahmedabad,AHMEDABAD A2 - FEEDER WAREHOUSE,ahmedabad,Scheduled,"10176797",180,180,6804.0,"2026-07-27","2026-08-18","2026-08-22"
ahmedabad-10216715,"2738110063421",ahmedabad,AHMEDABAD A2 - FEEDER WAREHOUSE,ahmedabad,Scheduled,"10216715",576,576,14976.0,"2026-07-27","2026-08-18","2026-08-22"
ahmedabad-10216722,"2738110063421",ahmedabad,AHMEDABAD A2 - FEEDER WAREHOUSE,ahmedabad,Scheduled,"10216722",144,144,3744.0,"2026-07-27","2026-08-18","2026-08-22"
ahmedabad-10216726,"2738110063421",ahmedabad,AHMEDABAD A2 - FEEDER WAREHOUSE,ahmedabad,Scheduled,"10216726",216,216,5616.0,"2026-07-27","2026-08-18","2026-08-22"
ahmedabad-10249574,"2738110063421",ahmedabad,AHMEDABAD A2 - FEEDER WAREHOUSE,ahmedabad,Scheduled,"10249574",48,48,97406.4,"2026-07-27","2026-08-18","2026-08-22"
ahmedabad-10249577,"2738110063421",ahmedabad,AHMEDABAD A2 - FEEDER WAREHOUSE,ahmedabad,Scheduled,"10249577",24,24,18463.2,"2026-07-27","2026-08-18","2026-08-22"
ahmedabad-10292367,"2738110063421",ahmedabad,AHMEDABAD A2 - FEEDER WAREHOUSE,ahmedabad,Scheduled,"10292367",144,144,11095.2,"2026-07-27","2026-08-18","2026-08-22"
ahmedabad-10297369,"2738110063421",ahmedabad,AHMEDABAD A2 - FEEDER WAREHOUSE,ahmedabad,Scheduled,"10297369",20,20,20986.0,"2026-07-27","2026-08-18","2026-08-22"
ahmedabad-10315341,"2738110063421",ahmedabad,AHMEDABAD A2 - FEEDER WAREHOUSE,ahmedabad,Scheduled,"10315341",144,144,4680.0,"2026-07-27","2026-08-18","2026-08-22"
ahmedabad-10315546,"2738110063421",ahmedabad,AHMEDABAD A2 - FEEDER WAREHOUSE,ahmedabad,Scheduled,"10315546",144,144,4680.0,"2026-07-27","2026-08-18","2026-08-22"
ahmedabad-10315547,"2738110063421",ahmedabad,AHMEDABAD A2 - FEEDER WAREHOUSE,ahmedabad,Scheduled,"10315547",48,48,1560.0,"2026-07-27","2026-08-18","2026-08-22"
rajpura-10176793,"43886010062987",rajpura,RAJPURA R2 - FEEDER WAREHOUSE,rajpura,Scheduled,"10176793",180,180,6804.0,"2026-07-29","2026-08-20","2026-08-22"
rajpura-10176795,"43886010062987",rajpura,RAJPURA R2 - FEEDER WAREHOUSE,rajpura,Scheduled,"10176795",180,180,6804.0,"2026-07-29","2026-08-20","2026-08-22"
rajpura-10176797,"43886010062987",rajpura,RAJPURA R2 - FEEDER WAREHOUSE,rajpura,Scheduled,"10176797",180,180,6804.0,"2026-07-29","2026-08-20","2026-08-22"
rajpura-10216709,"43886010062987",rajpura,RAJPURA R2 - FEEDER WAREHOUSE,rajpura,Scheduled,"10216709",288,288,7488.0,"2026-07-29","2026-08-20","2026-08-22"
rajpura-10216715,"43886010062987",rajpura,RAJPURA R2 - FEEDER WAREHOUSE,rajpura,Scheduled,"10216715",648,648,16848.0,"2026-07-29","2026-08-20","2026-08-22"
rajpura-10216722,"43886010062987",rajpura,RAJPURA R2 - FEEDER WAREHOUSE,rajpura,Scheduled,"10216722",144,144,3744.0,"2026-07-29","2026-08-20","2026-08-22"
rajpura-10216726,"43886010062987",rajpura,RAJPURA R2 - FEEDER WAREHOUSE,rajpura,Scheduled,"10216726",360,360,9360.0,"2026-07-29","2026-08-20","2026-08-22"
rajpura-10260300,"43886010062987",rajpura,RAJPURA R2 - FEEDER WAREHOUSE,rajpura,Scheduled,"10260300",36,36,6804.0,"2026-07-29","2026-08-20","2026-08-22"
rajpura-10292367,"43886010062987",rajpura,RAJPURA R2 - FEEDER WAREHOUSE,rajpura,Scheduled,"10292367",144,144,11095.2,"2026-07-29","2026-08-20","2026-08-22"
rajpura-10315341,"43886010062987",rajpura,RAJPURA R2 - FEEDER WAREHOUSE,rajpura,Scheduled,"10315341",48,48,1560.0,"2026-07-29","2026-08-20","2026-08-22"
rajpura-10315546,"43886010062987",rajpura,RAJPURA R2 - FEEDER WAREHOUSE,rajpura,Scheduled,"10315546",48,48,1560.0,"2026-07-29","2026-08-20","2026-08-22"
